time_utc,ashp_kwh,temperature_2m,wind_speed_10m,shortwave_radiation
2024-03-28T14:00:00Z,0.0,8.5,25.6,66.0
2024-03-28T15:00:00Z,1.04,7.6,27.7,53.0
2024-03-28T16:00:00Z,0.10899999999999999,8.2,24.5,92.0
2024-03-28T17:00:00Z,0.008000000000000007,7.6,23.3,86.0
2024-03-28T18:00:00Z,0.008000000000000007,6.8,16.3,12.0
2024-03-28T19:00:00Z,0.008000000000000007,5.5,9.4,0.0
2024-03-28T20:00:00Z,0.008999999999999897,5.4,11.1,0.0
2024-03-28T21:00:00Z,0.806,6.2,17.2,0.0
2024-03-28T22:00:00Z,0.3610000000000002,5.9,19.4,0.0
2024-03-28T23:00:00Z,0.4269999999999996,6.3,23.2,0.0
2024-03-29T00:00:00Z,0.56,6.5,23.5,0.0
2024-03-29T01:00:00Z,0.4620000000000002,6.2,19.6,0.0
2024-03-29T02:00:00Z,0.5390000000000001,5.2,19.5,0.0
2024-03-29T03:00:00Z,0.46799999999999997,5.3,15.8,0.0
2024-03-29T04:00:00Z,0.5430000000000001,4.8,14.8,0.0
2024-03-29T05:00:00Z,0.18100000000000005,4.8,17.4,0.0
2024-03-29T06:00:00Z,0.8639999999999999,5.1,20.4,48.0
2024-03-29T07:00:00Z,0.3330000000000002,6.6,18.7,181.0
2024-03-29T08:00:00Z,0.5119999999999996,8.1,19.3,271.0
2024-03-29T09:00:00Z,0.06200000000000028,9.9,23.1,446.0
2024-03-29T10:00:00Z,0.01699999999999946,10.8,22.6,470.0
2024-03-29T11:00:00Z,0.016000000000000014,10.7,26.1,440.0
2024-03-29T12:00:00Z,0.016000000000000014,9.5,21.3,161.0
2024-03-29T13:00:00Z,0.016000000000000014,9.5,17.2,251.0
2024-03-29T14:00:00Z,0.016000000000000014,8.4,13.5,91.0
2024-03-29T15:00:00Z,0.27200000000000024,7.8,12.3,60.0
2024-03-29T16:00:00Z,0.5199999999999996,7.5,7.9,47.0
2024-03-29T17:00:00Z,0.011000000000001009,7.7,4.7,58.0
2024-03-29T18:00:00Z,0.007999999999999119,4.9,9.6,13.0
2024-03-29T19:00:00Z,0.009000000000000341,5.0,8.1,0.0
2024-03-29T20:00:00Z,0.007999999999999119,3.5,8.9,0.0
2024-03-29T21:00:00Z,1.2040000000000006,3.0,8.7,0.0
2024-03-29T22:00:00Z,0.8800000000000008,2.3,8.8,0.0
2024-03-29T23:00:00Z,0.875,3.8,6.9,0.0
2024-03-30T00:00:00Z,0.875,2.8,8.8,0.0
2024-03-30T01:00:00Z,0.75,5.1,5.9,0.0
2024-03-30T02:00:00Z,0.9059999999999988,4.8,7.0,0.0
2024-03-30T03:00:00Z,0.713000000000001,4.4,8.7,0.0
2024-03-30T04:00:00Z,0.2579999999999991,4.8,11.9,0.0
2024-03-30T05:00:00Z,1.011000000000001,5.2,12.9,0.0
2024-03-30T06:00:00Z,0.6739999999999995,5.7,15.8,52.0
2024-03-30T07:00:00Z,0.18299999999999983,6.7,17.4,115.0
2024-03-30T08:00:00Z,0.2480000000000011,6.6,17.2,76.0
2024-03-30T09:00:00Z,0.2970000000000006,7.1,21.1,115.0
2024-03-30T10:00:00Z,0.0779999999999994,7.4,23.2,196.0
2024-03-30T11:00:00Z,0.01699999999999946,7.4,22.2,170.0
2024-03-30T12:00:00Z,0.05699999999999861,9.2,23.5,469.0
2024-03-30T13:00:00Z,0.01600000000000179,10.9,24.0,554.0
2024-03-30T14:00:00Z,0.01699999999999946,10.9,23.8,425.0
2024-03-30T15:00:00Z,0.01699999999999946,10.1,23.1,302.0
2024-03-30T16:00:00Z,0.01600000000000179,9.4,24.0,222.0
2024-03-30T17:00:00Z,0.008999999999996788,8.8,23.6,100.0
2024-03-30T18:00:00Z,0.008000000000002672,8.1,21.4,15.0
2024-03-30T19:00:00Z,0.007999999999999119,7.8,22.7,0.0
2024-03-30T20:00:00Z,0.009000000000000341,7.6,15.0,0.0
2024-03-30T21:00:00Z,0.6080000000000005,6.8,12.3,0.0
2024-03-30T22:00:00Z,0.509999999999998,6.6,12.4,0.0
2024-03-30T23:00:00Z,0.12199999999999989,6.8,13.0,0.0
2024-03-31T00:00:00Z,0.6120000000000019,6.7,11.3,0.0
2024-03-31T01:00:00Z,0.5019999999999989,6.9,8.3,0.0
2024-03-31T02:00:00Z,0.11599999999999966,6.5,6.9,0.0
2024-03-31T03:00:00Z,0.28200000000000003,5.6,5.2,0.0
2024-03-31T04:00:00Z,0.6240000000000023,4.2,7.6,0.0
2024-03-31T05:00:00Z,0.2619999999999969,4.2,5.9,1.0
2024-03-31T06:00:00Z,0.6380000000000017,5.5,5.4,56.0
2024-03-31T07:00:00Z,0.4819999999999993,8.1,9.5,184.0
2024-03-31T08:00:00Z,0.11700000000000088,10.1,9.6,270.0
2024-03-31T09:00:00Z,0.01699999999999946,12.1,12.1,434.0
2024-03-31T10:00:00Z,0.01699999999999946,13.1,12.6,457.0
2024-03-31T11:00:00Z,0.01699999999999946,13.0,14.0,397.0
2024-03-31T12:00:00Z,0.01699999999999946,13.0,15.9,471.0
2024-03-31T13:00:00Z,0.017000000000003013,11.1,18.5,428.0
2024-03-31T14:00:00Z,0.06599999999999895,9.4,18.0,313.0
2024-03-31T15:00:00Z,0.01699999999999946,8.3,15.5,192.0
2024-03-31T16:00:00Z,0.009000000000000341,7.6,15.8,148.0
2024-03-31T17:00:00Z,0.007999999999999119,7.1,14.6,59.0
2024-03-31T18:00:00Z,0.007999999999999119,6.0,18.2,12.0
2024-03-31T19:00:00Z,0.009000000000000341,5.5,15.3,0.0
2024-03-31T20:00:00Z,0.7330000000000005,5.1,9.7,0.0
2024-03-31T21:00:00Z,0.5370000000000026,5.2,7.9,0.0
2024-03-31T22:00:00Z,0.16499999999999915,5.3,8.4,0.0
2024-03-31T23:00:00Z,0.7479999999999976,4.8,5.2,0.0
2024-04-01T00:00:00Z,0.41000000000000014,4.8,5.6,0.0
2024-04-01T01:00:00Z,0.01600000000000179,4.7,7.4,0.0
2024-04-01T02:00:00Z,0.01699999999999946,4.4,10.1,0.0
2024-04-01T03:00:00Z,0.7680000000000007,4.3,8.3,0.0
2024-04-01T04:00:00Z,0.5479999999999983,4.1,6.1,0.0
2024-04-01T05:00:00Z,0.018000000000000682,4.2,8.4,1.0
2024-04-01T06:00:00Z,0.018000000000000682,4.3,8.4,36.0
2024-04-01T07:00:00Z,0.46999999999999886,5.2,10.3,108.0
2024-04-01T08:00:00Z,0.6219999999999999,6.3,10.1,198.0
2024-04-01T09:00:00Z,0.24099999999999966,7.7,9.5,334.0
2024-04-01T10:00:00Z,0.10800000000000054,9.2,13.2,352.0
2024-04-01T11:00:00Z,0.0779999999999994,9.6,13.0,297.0
2024-04-01T12:00:00Z,0.5210000000000008,10.8,15.2,312.0
2024-04-01T13:00:00Z,0.1769999999999996,10.8,16.7,202.0
2024-04-01T14:00:00Z,1.2810000000000024,8.9,12.0,89.0
2024-04-01T15:00:00Z,1.6869999999999976,8.4,6.8,76.0
2024-04-01T16:00:00Z,0.008000000000002672,8.6,10.6,52.0
2024-04-01T17:00:00Z,0.007999999999999119,9.4,16.1,23.0
2024-04-01T18:00:00Z,0.009000000000000341,8.7,18.9,3.0
2024-04-01T19:00:00Z,0.007999999999999119,7.7,20.2,0.0
2024-04-01T20:00:00Z,0.6539999999999964,7.6,18.6,0.0
2024-04-01T21:00:00Z,0.21400000000000574,7.6,18.8,0.0
2024-04-01T22:00:00Z,0.3299999999999983,7.1,18.4,0.0
2024-04-01T23:00:00Z,0.33200000000000074,6.6,15.8,0.0
2024-04-02T00:00:00Z,0.13799999999999812,6.1,13.0,0.0
2024-04-02T01:00:00Z,0.3580000000000041,4.6,14.5,0.0
2024-04-02T02:00:00Z,0.6069999999999993,4.6,9.7,0.0
2024-04-02T03:00:00Z,0.1939999999999955,4.6,2.3,0.0
2024-04-02T04:00:00Z,0.5609999999999999,4.8,5.9,0.0
2024-04-02T05:00:00Z,0.5530000000000044,4.9,7.9,0.0
2024-04-02T06:00:00Z,0.05099999999999483,5.2,10.8,5.0
2024-04-02T07:00:00Z,0.382000000000005,5.4,12.2,29.0
2024-04-02T08:00:00Z,0.5989999999999966,5.1,17.6,46.0
2024-04-02T09:00:00Z,0.20199999999999818,4.7,20.5,68.0
2024-04-02T10:00:00Z,0.5990000000000038,4.7,22.6,94.0
2024-04-02T11:00:00Z,0.4969999999999999,4.8,21.3,86.0
2024-04-02T12:00:00Z,0.43599999999999994,4.8,20.6,75.0
2024-04-02T13:00:00Z,0.5480000000000018,4.4,17.3,118.0
2024-04-02T14:00:00Z,0.05399999999999494,4.5,18.8,108.0
2024-04-02T15:00:00Z,0.6060000000000016,4.2,17.0,61.0
2024-04-02T16:00:00Z,0.012000000000000455,3.9,17.6,46.0
2024-04-02T17:00:00Z,0.008000000000002672,3.5,16.9,34.0
2024-04-02T18:00:00Z,0.007999999999995566,3.3,15.6,4.0
2024-04-02T19:00:00Z,0.009000000000000341,3.0,15.6,0.0
2024-04-02T20:00:00Z,1.1039999999999992,2.8,15.8,0.0
2024-04-02T21:00:00Z,0.6580000000000013,2.6,14.6,0.0
2024-04-02T22:00:00Z,0.7610000000000028,2.5,13.8,0.0
2024-04-02T23:00:00Z,0.9110000000000014,2.1,13.6,0.0
2024-04-03T00:00:00Z,0.8609999999999971,1.8,12.8,0.0
2024-04-03T01:00:00Z,0.9440000000000026,1.4,15.4,0.0
2024-04-03T02:00:00Z,0.8569999999999993,1.1,15.0,0.0
2024-04-03T03:00:00Z,1.1980000000000004,0.8,13.7,0.0
2024-04-03T04:00:00Z,0.9249999999999972,0.6,11.3,0.0
2024-04-03T05:00:00Z,1.1899999999999977,0.6,11.9,2.0
2024-04-03T06:00:00Z,1.2580000000000027,0.7,13.4,44.0
2024-04-03T07:00:00Z,1.1970000000000027,1.4,11.4,149.0
2024-04-03T08:00:00Z,1.0579999999999998,2.3,7.6,271.0
2024-04-03T09:00:00Z,0.7419999999999973,3.1,5.8,335.0
2024-04-03T10:00:00Z,1.0009999999999977,4.0,3.7,403.0
2024-04-03T11:00:00Z,0.6280000000000001,4.8,3.6,493.0
2024-04-03T12:00:00Z,0.5459999999999994,5.0,5.9,437.0
2024-04-03T13:00:00Z,0.3410000000000011,3.8,8.7,361.0
2024-04-03T14:00:00Z,0.4660000000000011,3.5,12.1,327.0
2024-04-03T15:00:00Z,0.7180000000000035,3.0,12.6,225.0
2024-04-03T16:00:00Z,0.012000000000000455,2.8,13.0,147.0
2024-04-03T17:00:00Z,0.007999999999995566,2.3,14.8,59.0
2024-04-03T18:00:00Z,0.008000000000002672,2.2,17.7,13.0
2024-04-03T19:00:00Z,0.007999999999995566,2.2,19.9,0.0
2024-04-03T20:00:00Z,1.4070000000000036,2.5,22.7,0.0
2024-04-03T21:00:00Z,1.078000000000003,2.8,26.7,0.0
2024-04-03T22:00:00Z,0.8919999999999959,2.8,29.0,0.0
2024-04-03T23:00:00Z,0.6390000000000029,2.8,29.8,0.0
2024-04-04T00:00:00Z,1.0259999999999962,2.8,30.3,0.0
2024-04-04T01:00:00Z,0.7510000000000048,2.7,30.6,0.0
2024-04-04T02:00:00Z,0.6799999999999997,2.5,31.2,0.0
2024-04-04T03:00:00Z,0.9489999999999981,2.4,30.8,0.0
2024-04-04T04:00:00Z,0.6389999999999958,2.2,30.9,0.0
2024-04-04T05:00:00Z,0.5409999999999968,2.3,30.8,0.0
2024-04-04T06:00:00Z,0.5390000000000015,2.7,29.6,12.0
2024-04-04T07:00:00Z,0.5400000000000063,3.5,29.6,40.0
2024-04-04T08:00:00Z,0.5360000000000014,4.2,29.7,70.0
2024-04-04T09:00:00Z,0.5429999999999922,4.9,28.4,122.0
2024-04-04T10:00:00Z,0.5370000000000061,5.5,27.5,175.0
2024-04-04T11:00:00Z,0.5349999999999966,5.8,23.4,164.0
2024-04-04T12:00:00Z,0.4860000000000042,6.4,22.6,198.0
2024-04-04T13:00:00Z,0.632000000000005,6.3,21.5,130.0
2024-04-04T14:00:00Z,0.46699999999999875,6.8,21.3,108.0
2024-04-04T15:00:00Z,0.5949999999999989,6.4,21.4,52.0
2024-04-04T16:00:00Z,0.012000000000000455,6.2,21.0,30.0
2024-04-04T17:00:00Z,0.007999999999995566,6.2,20.1,13.0
2024-04-04T18:00:00Z,0.007999999999995566,6.0,13.5,9.0
2024-04-04T19:00:00Z,0.008000000000009777,6.0,4.6,0.0
2024-04-04T20:00:00Z,0.8969999999999914,7.1,12.2,0.0
2024-04-04T21:00:00Z,0.3860000000000099,7.4,16.4,0.0
2024-04-04T22:00:00Z,0.4269999999999925,8.3,22.9,0.0
2024-04-04T23:00:00Z,0.5889999999999986,7.4,25.1,0.0
2024-04-05T00:00:00Z,0.16599999999999682,5.9,22.2,0.0
2024-04-05T01:00:00Z,0.8150000000000119,6.2,16.7,0.0
2024-04-05T02:00:00Z,0.3649999999999949,6.6,17.7,0.0
2024-04-05T03:00:00Z,0.6799999999999926,6.4,20.1,0.0
2024-04-05T04:00:00Z,0.3710000000000093,6.3,21.7,0.0
2024-04-05T05:00:00Z,0.6769999999999925,6.1,20.5,2.0
2024-04-05T06:00:00Z,0.409000000000006,6.2,20.3,43.0
2024-04-05T07:00:00Z,0.7099999999999937,6.8,19.0,145.0
2024-04-05T08:00:00Z,0.38700000000000045,7.5,14.7,187.0
2024-04-05T09:00:00Z,0.25,9.4,18.7,327.0
2024-04-05T10:00:00Z,0.402000000000001,10.4,19.0,312.0
2024-04-05T11:00:00Z,0.018000000000000682,10.4,19.4,184.0
2024-04-05T12:00:00Z,0.05700000000000216,10.6,16.3,147.0
2024-04-05T13:00:00Z,0.016000000000005343,12.2,15.5,305.0
2024-04-05T14:00:00Z,0.016999999999995907,12.2,16.9,212.0
2024-04-05T15:00:00Z,0.015000000000000568,12.8,22.5,113.0
2024-04-05T16:00:00Z,0.007999999999995566,11.7,20.5,35.0
2024-04-05T17:00:00Z,0.007999999999995566,11.8,30.4,9.0
2024-04-05T18:00:00Z,0.008000000000009777,11.4,30.5,5.0
2024-04-05T19:00:00Z,0.009000000000000341,11.1,30.6,0.0
2024-04-05T20:00:00Z,0.07699999999999818,10.6,28.9,0.0
2024-04-05T21:00:00Z,0.018000000000000682,9.9,30.4,0.0
2024-04-05T22:00:00Z,0.018000000000000682,9.9,30.3,0.0
2024-04-05T23:00:00Z,0.018000000000000682,9.5,27.8,0.0
2024-04-06T00:00:00Z,0.015999999999991132,8.8,23.9,0.0
2024-04-06T01:00:00Z,0.1950000000000074,9.4,23.9,0.0
2024-04-06T02:00:00Z,0.5799999999999983,8.9,22.1,0.0
2024-04-06T03:00:00Z,0.30400000000000205,8.9,20.3,0.0
2024-04-06T04:00:00Z,0.26500000000000057,8.5,17.5,0.0
2024-04-06T05:00:00Z,0.5669999999999931,8.4,14.5,5.0
2024-04-06T06:00:00Z,0.257000000000005,9.1,15.5,68.0
2024-04-06T07:00:00Z,0.016999999999995907,10.2,15.0,165.0
2024-04-06T08:00:00Z,0.018000000000000682,11.9,14.8,335.0
2024-04-06T09:00:00Z,0.016999999999995907,13.4,15.2,470.0
2024-04-06T10:00:00Z,0.017000000000010118,15.0,16.3,551.0
2024-04-06T11:00:00Z,0.018000000000000682,15.3,14.7,546.0
2024-04-06T12:00:00Z,0.018000000000000682,15.8,10.1,582.0
2024-04-06T13:00:00Z,0.012999999999991019,17.0,14.0,536.0
2024-04-06T14:00:00Z,0.009000000000000341,16.0,15.6,289.0
2024-04-06T15:00:00Z,0.008000000000009777,16.1,13.3,401.0
2024-04-06T16:00:00Z,0.009000000000000341,15.2,14.3,208.0
2024-04-06T17:00:00Z,0.007999999999995566,13.4,17.9,139.0
2024-04-06T18:00:00Z,0.007999999999995566,11.4,19.3,30.0
2024-04-06T19:00:00Z,0.009000000000000341,10.2,22.6,0.0
2024-04-06T20:00:00Z,0.6200000000000045,10.1,22.6,0.0
2024-04-06T21:00:00Z,0.4539999999999935,10.6,22.4,0.0
2024-04-06T22:00:00Z,0.2610000000000099,11.2,21.9,0.0
2024-04-06T23:00:00Z,0.5619999999999976,12.1,19.5,0.0
2024-04-07T00:00:00Z,0.1910000000000025,13.6,18.1,0.0
2024-04-07T01:00:00Z,0.015999999999991132,14.6,15.7,0.0
2024-04-07T02:00:00Z,0.018000000000000682,13.7,12.7,0.0
2024-04-07T03:00:00Z,0.07800000000000296,12.9,12.6,0.0
2024-04-07T04:00:00Z,0.41499999999999204,12.2,9.1,0.0
2024-04-07T05:00:00Z,0.6310000000000002,11.9,9.2,6.0
2024-04-07T06:00:00Z,0.0940000000000083,12.9,13.0,41.0
2024-04-07T07:00:00Z,0.37699999999999534,13.9,14.5,122.0
2024-04-07T08:00:00Z,0.11599999999999966,13.2,22.4,123.0
2024-04-07T09:00:00Z,0.17799999999999727,12.1,20.6,69.0
2024-04-07T10:00:00Z,0.1840000000000117,13.0,23.0,162.0
2024-04-07T11:00:00Z,0.10699999999999932,14.7,28.8,421.0
2024-04-07T12:00:00Z,0.016999999999995907,15.8,31.6,574.0
2024-04-07T13:00:00Z,0.016999999999995907,16.4,30.4,538.0
2024-04-07T14:00:00Z,0.008000000000009777,16.4,28.6,503.0
2024-04-07T15:00:00Z,0.009000000000000341,16.1,22.9,418.0
2024-04-07T16:00:00Z,0.007999999999995566,15.5,17.6,285.0
2024-04-07T17:00:00Z,0.007999999999995566,14.4,11.2,153.0
2024-04-07T18:00:00Z,0.007999999999995566,12.2,7.1,32.0
2024-04-07T19:00:00Z,0.008000000000009777,11.2,9.7,0.0
2024-04-07T20:00:00Z,0.07399999999999807,10.8,11.9,0.0
2024-04-07T21:00:00Z,0.018000000000000682,10.1,11.2,0.0
2024-04-07T22:00:00Z,0.016999999999995907,9.9,12.0,0.0
2024-04-07T23:00:00Z,0.016999999999995907,9.9,13.1,0.0
2024-04-08T00:00:00Z,0.017000000000010118,9.6,13.0,0.0
2024-04-08T01:00:00Z,0.016999999999995907,8.7,15.2,0.0
2024-04-08T02:00:00Z,0.016999999999995907,9.4,15.5,0.0
2024-04-08T03:00:00Z,0.017000000000010118,11.5,21.0,0.0
2024-04-08T04:00:00Z,0.018000000000000682,11.5,18.0,0.0
2024-04-08T05:00:00Z,0.016999999999995907,10.9,16.9,5.0
2024-04-08T06:00:00Z,0.016999999999995907,11.2,18.3,42.0
2024-04-08T07:00:00Z,0.018000000000000682,12.4,15.8,173.0
2024-04-08T08:00:00Z,0.016999999999995907,13.5,15.1,319.0
2024-04-08T09:00:00Z,0.018000000000000682,14.7,12.2,452.0
2024-04-08T10:00:00Z,0.014000000000010004,15.9,10.5,575.0
2024-04-08T11:00:00Z,0.009000000000000341,16.6,9.2,641.0
2024-04-08T12:00:00Z,0.009000000000000341,16.8,6.0,627.0
2024-04-08T13:00:00Z,0.009000000000000341,15.6,7.9,499.0
2024-04-08T14:00:00Z,0.009000000000000341,14.6,18.1,398.0
2024-04-08T15:00:00Z,0.00899999999998613,13.4,16.6,332.0
2024-04-08T16:00:00Z,0.008000000000009777,12.4,11.3,188.0
2024-04-08T17:00:00Z,0.007999999999995566,11.0,9.1,111.0
2024-04-08T18:00:00Z,0.007999999999995566,8.8,6.6,33.0
2024-04-08T19:00:00Z,0.008000000000009777,9.4,7.6,0.0
2024-04-08T20:00:00Z,0.5969999999999942,9.4,5.6,0.0
2024-04-08T21:00:00Z,0.19299999999999784,9.2,1.1,0.0
2024-04-08T22:00:00Z,0.5690000000000026,8.2,6.5,0.0
2024-04-08T23:00:00Z,0.2980000000000018,7.2,8.0,0.0
2024-04-09T00:00:00Z,0.2510000000000048,6.8,7.6,0.0
2024-04-09T01:00:00Z,0.5439999999999969,6.9,7.8,0.0
2024-04-09T02:00:00Z,0.1290000000000049,6.8,8.3,0.0
2024-04-09T03:00:00Z,0.6119999999999948,6.4,10.9,0.0
2024-04-09T04:00:00Z,0.19400000000000261,6.0,11.6,0.0
2024-04-09T05:00:00Z,0.6139999999999901,6.3,14.7,7.0
2024-04-09T06:00:00Z,0.11599999999999966,7.2,17.9,59.0
2024-04-09T07:00:00Z,0.24800000000000466,7.3,19.1,150.0
2024-04-09T08:00:00Z,0.25199999999999534,7.8,21.0,258.0
2024-04-09T09:00:00Z,0.12400000000000944,9.0,16.6,395.0
2024-04-09T10:00:00Z,0.05499999999999261,10.6,15.3,538.0
2024-04-09T11:00:00Z,0.016000000000005343,11.7,14.6,512.0
2024-04-09T12:00:00Z,0.016999999999995907,10.7,11.8,374.0
2024-04-09T13:00:00Z,0.016999999999995907,13.4,13.9,507.0
2024-04-09T14:00:00Z,0.017000000000010118,13.4,9.2,449.0
2024-04-09T15:00:00Z,0.015999999999991132,12.8,6.9,83.0
2024-04-09T16:00:00Z,0.008000000000009777,15.0,18.0,136.0
2024-04-09T17:00:00Z,0.007999999999995566,13.0,24.1,27.0
2024-04-09T18:00:00Z,0.009000000000000341,11.3,14.5,8.0
2024-04-09T19:00:00Z,0.007999999999995566,10.8,9.5,0.0
2024-04-09T20:00:00Z,0.08200000000000784,10.6,13.6,0.0
2024-04-09T21:00:00Z,0.018000000000000682,10.4,16.5,0.0
2024-04-09T22:00:00Z,0.016999999999995907,10.2,18.0,0.0
2024-04-09T23:00:00Z,0.018000000000000682,9.5,19.3,0.0
2024-04-10T00:00:00Z,0.018000000000000682,9.4,24.1,0.0
2024-04-10T01:00:00Z,0.016999999999995907,8.9,24.8,0.0
2024-04-10T02:00:00Z,0.018000000000000682,8.6,26.6,0.0
2024-04-10T03:00:00Z,0.5250000000000057,8.9,28.5,0.0
2024-04-10T04:00:00Z,0.5630000000000024,8.2,28.5,0.0
2024-04-10T05:00:00Z,0.5120000000000005,8.2,29.5,9.0
2024-04-10T06:00:00Z,1.407999999999987,8.7,30.6,55.0
2024-04-10T07:00:00Z,1.5750000000000028,8.9,28.5,71.0
2024-04-10T08:00:00Z,0.018000000000000682,9.6,34.9,211.0
2024-04-10T09:00:00Z,0.11400000000000432,9.6,34.6,170.0
2024-04-10T10:00:00Z,0.14300000000000068,10.1,36.3,225.0
2024-04-10T11:00:00Z,0.4989999999999952,11.9,37.0,578.0
2024-04-10T12:00:00Z,0.15500000000000114,12.2,34.2,575.0
2024-04-10T13:00:00Z,0.018000000000000682,11.2,34.2,374.0
2024-04-10T14:00:00Z,0.3439999999999941,11.3,31.3,349.0
2024-04-10T15:00:00Z,0.3230000000000075,11.2,29.9,289.0
2024-04-10T16:00:00Z,0.007999999999995566,10.7,28.8,253.0
2024-04-10T17:00:00Z,0.008000000000009777,10.1,21.6,146.0
2024-04-10T18:00:00Z,0.009000000000000341,8.6,16.4,45.0
2024-04-10T19:00:00Z,0.007999999999995566,7.7,15.1,0.0
2024-04-10T20:00:00Z,1.0,7.2,15.6,0.0
2024-04-10T21:00:00Z,0.6679999999999922,6.3,13.9,0.0
2024-04-10T22:00:00Z,0.5620000000000118,6.2,16.1,0.0
2024-04-10T23:00:00Z,0.5379999999999967,5.8,16.9,0.0
2024-04-11T00:00:00Z,0.539999999999992,5.4,15.3,0.0
2024-04-11T01:00:00Z,0.5650000000000119,5.9,15.8,0.0
2024-04-11T02:00:00Z,0.2879999999999967,7.3,19.3,0.0
2024-04-11T03:00:00Z,0.7519999999999953,8.4,23.2,0.0
2024-04-11T04:00:00Z,0.3850000000000051,9.4,26.3,0.0
2024-04-11T05:00:00Z,0.5259999999999962,9.7,30.3,4.0
2024-04-11T06:00:00Z,0.30100000000000193,9.6,33.0,31.0
2024-04-11T07:00:00Z,0.5739999999999981,9.6,33.2,77.0
2024-04-11T08:00:00Z,0.060000000000002274,9.0,32.9,54.0
2024-04-11T09:00:00Z,0.016999999999995907,10.2,34.1,157.0
2024-04-11T10:00:00Z,0.018000000000000682,11.4,32.5,181.0
2024-04-11T11:00:00Z,0.016999999999995907,11.8,31.1,180.0
2024-04-11T12:00:00Z,0.017000000000010118,12.1,32.5,156.0
2024-04-11T13:00:00Z,0.018000000000000682,12.4,29.8,173.0
2024-04-11T14:00:00Z,0.016999999999995907,12.6,28.3,159.0
2024-04-11T15:00:00Z,0.018000000000000682,12.7,27.4,130.0
2024-04-11T16:00:00Z,0.007999999999995566,13.3,26.4,166.0
2024-04-11T17:00:00Z,0.007999999999995566,12.7,23.5,143.0
2024-04-11T18:00:00Z,0.009000000000000341,12.2,25.1,32.0
2024-04-11T19:00:00Z,0.008000000000009777,11.8,25.6,0.0
2024-04-11T20:00:00Z,0.04800000000000182,11.2,24.4,0.0
2024-04-11T21:00:00Z,0.018000000000000682,11.4,23.4,0.0
2024-04-11T22:00:00Z,0.016999999999995907,10.9,23.0,0.0
2024-04-11T23:00:00Z,0.016999999999995907,10.1,19.8,0.0
2024-04-12T00:00:00Z,0.016000000000005343,9.1,17.8,0.0
2024-04-12T01:00:00Z,0.015999999999991132,9.6,17.1,0.0
2024-04-12T02:00:00Z,0.017000000000010118,9.4,17.1,0.0
2024-04-12T03:00:00Z,0.016999999999995907,9.2,17.6,0.0
2024-04-12T04:00:00Z,0.018000000000000682,8.9,17.8,0.0
2024-04-12T05:00:00Z,0.016999999999995907,8.8,21.0,8.0
2024-04-12T06:00:00Z,0.017000000000010118,9.6,21.7,43.0
2024-04-12T07:00:00Z,0.015999999999991132,10.6,20.6,58.0
2024-04-12T08:00:00Z,0.018000000000000682,12.7,26.8,241.0
2024-04-12T09:00:00Z,0.016999999999995907,13.4,30.3,321.0
2024-04-12T10:00:00Z,0.018000000000000682,13.9,31.7,340.0
2024-04-12T11:00:00Z,0.017000000000010118,13.1,32.6,153.0
2024-04-12T12:00:00Z,0.018000000000000682,13.5,32.9,165.0
2024-04-12T13:00:00Z,0.016999999999995907,12.8,27.8,64.0
2024-04-12T14:00:00Z,0.018000000000000682,13.2,29.2,129.0
2024-04-12T15:00:00Z,0.016999999999995907,13.5,29.6,172.0
2024-04-12T16:00:00Z,0.007999999999995566,12.9,27.3,58.0
2024-04-12T17:00:00Z,0.008000000000009777,12.7,24.3,50.0
2024-04-12T18:00:00Z,0.007999999999995566,12.4,24.0,15.0
2024-04-12T19:00:00Z,0.009000000000000341,12.1,23.7,0.0
2024-04-12T20:00:00Z,0.04999999999999716,11.4,23.4,0.0
2024-04-12T21:00:00Z,0.015000000000000568,11.1,22.3,0.0
2024-04-12T22:00:00Z,0.018000000000000682,10.8,20.1,0.0
2024-04-12T23:00:00Z,0.018000000000000682,10.4,19.0,0.0
2024-04-13T00:00:00Z,0.018000000000000682,9.4,18.6,0.0
2024-04-13T01:00:00Z,0.018000000000000682,9.2,16.3,0.0
2024-04-13T02:00:00Z,0.016999999999995907,8.8,15.4,0.0
2024-04-13T03:00:00Z,0.018000000000000682,8.3,15.0,0.0
2024-04-13T04:00:00Z,0.018000000000000682,7.9,16.3,0.0
2024-04-13T05:00:00Z,0.016999999999995907,8.1,17.9,14.0
2024-04-13T06:00:00Z,0.018000000000000682,9.1,15.8,98.0
2024-04-13T07:00:00Z,0.017000000000010118,10.2,17.6,168.0
2024-04-13T08:00:00Z,0.018000000000000682,12.1,19.2,349.0
2024-04-13T09:00:00Z,0.016999999999995907,14.1,20.9,505.0
2024-04-13T10:00:00Z,0.016999999999995907,15.2,21.8,536.0
2024-04-13T11:00:00Z,0.018000000000000682,15.9,22.0,598.0
2024-04-13T12:00:00Z,0.01300000000000523,16.2,25.9,538.0
2024-04-13T13:00:00Z,0.009000000000000341,15.6,23.4,301.0
2024-04-13T14:00:00Z,0.007999999999995566,15.7,24.4,249.0
2024-04-13T15:00:00Z,0.009000000000000341,15.8,22.7,282.0
2024-04-13T16:00:00Z,0.009000000000000341,15.2,23.7,192.0
2024-04-13T17:00:00Z,0.007999999999995566,14.2,23.1,105.0
2024-04-13T18:00:00Z,0.008000000000009777,12.9,21.4,13.0
2024-04-13T19:00:00Z,0.007999999999995566,12.6,17.9,0.0
2024-04-13T20:00:00Z,0.05299999999999727,11.9,16.6,0.0
2024-04-13T21:00:00Z,0.018000000000000682,12.2,19.1,0.0
2024-04-13T22:00:00Z,0.018000000000000682,12.8,24.8,0.0
2024-04-13T23:00:00Z,0.018000000000000682,11.6,26.9,0.0
2024-04-14T00:00:00Z,0.018000000000000682,10.5,29.2,0.0
2024-04-14T01:00:00Z,0.018000000000000682,11.2,28.7,0.0
2024-04-14T02:00:00Z,0.018000000000000682,10.8,31.7,0.0
2024-04-14T03:00:00Z,0.018000000000000682,9.8,33.2,0.0
2024-04-14T04:00:00Z,0.054000000000002046,7.9,31.9,0.0
2024-04-14T05:00:00Z,0.018000000000000682,7.1,29.2,22.0
2024-04-14T06:00:00Z,0.016999999999995907,7.6,27.4,130.0
2024-04-14T07:00:00Z,0.018000000000000682,8.4,39.4,270.0
2024-04-14T08:00:00Z,0.018000000000000682,9.1,39.7,375.0
2024-04-14T09:00:00Z,0.018000000000000682,9.9,42.9,484.0
2024-04-14T10:00:00Z,0.016999999999995907,10.6,42.5,596.0
2024-04-14T11:00:00Z,0.018000000000000682,11.1,45.5,581.0
2024-04-14T12:00:00Z,1.7039999999999935,11.4,43.0,514.0
2024-04-14T13:00:00Z,1.2460000000000093,10.6,40.7,548.0
2024-04-14T14:00:00Z,0.5210000000000008,10.3,38.2,449.0
2024-04-14T15:00:00Z,0.3439999999999941,10.1,35.1,379.0
2024-04-14T16:00:00Z,0.01300000000000523,9.6,31.8,276.0
2024-04-14T17:00:00Z,0.007999999999995566,9.0,27.6,173.0
2024-04-14T18:00:00Z,0.007999999999995566,8.1,25.2,55.0
2024-04-14T19:00:00Z,0.008000000000009777,7.3,23.8,1.0
2024-04-14T20:00:00Z,1.078000000000003,6.9,22.3,0.0
2024-04-14T21:00:00Z,0.6529999999999916,6.6,21.6,0.0
2024-04-14T22:00:00Z,0.5139999999999958,6.2,20.5,0.0
2024-04-14T23:00:00Z,0.5210000000000008,5.7,18.7,0.0
2024-04-15T00:00:00Z,0.5200000000000102,5.2,17.6,0.0
2024-04-15T01:00:00Z,0.5240000000000009,5.3,17.6,0.0
2024-04-15T02:00:00Z,0.527000000000001,4.8,16.4,0.0
2024-04-15T03:00:00Z,0.6149999999999949,4.5,14.1,0.0
2024-04-15T04:00:00Z,0.7079999999999984,3.9,10.9,0.0
2024-04-15T05:00:00Z,0.7039999999999935,4.2,9.7,23.0
2024-04-15T06:00:00Z,0.6099999999999994,5.7,10.3,131.0
2024-04-15T07:00:00Z,0.5250000000000057,7.2,12.6,271.0
2024-04-15T08:00:00Z,0.14300000000000068,8.4,10.7,348.0
2024-04-15T09:00:00Z,0.33199999999999363,8.8,8.8,340.0
2024-04-15T10:00:00Z,0.6270000000000095,9.1,13.2,517.0
2024-04-15T11:00:00Z,0.16899999999999693,9.4,15.5,493.0
2024-04-15T12:00:00Z,0.4759999999999991,9.3,20.4,595.0
2024-04-15T13:00:00Z,0.15500000000000114,9.1,18.5,565.0
2024-04-15T14:00:00Z,0.018000000000000682,8.8,19.5,448.0
2024-04-15T15:00:00Z,0.4749999999999943,8.4,19.6,332.0
2024-04-15T16:00:00Z,0.012000000000000455,7.6,19.4,188.0
2024-04-15T17:00:00Z,0.008000000000009777,6.8,21.4,106.0
2024-04-15T18:00:00Z,0.007999999999995566,6.4,21.7,28.0
2024-04-15T19:00:00Z,0.007999999999995566,5.9,22.5,1.0
2024-04-15T20:00:00Z,0.9369999999999976,5.9,26.0,0.0
2024-04-15T21:00:00Z,0.527000000000001,5.9,25.3,0.0
2024-04-15T22:00:00Z,0.016000000000005343,5.9,25.7,0.0
2024-04-15T23:00:00Z,0.6899999999999977,5.9,24.0,0.0
2024-04-16T00:00:00Z,0.6159999999999997,6.2,22.5,0.0
2024-04-16T01:00:00Z,0.6159999999999997,5.3,17.3,0.0
2024-04-16T02:00:00Z,0.6760000000000019,5.7,16.6,0.0
2024-04-16T03:00:00Z,0.5360000000000014,5.7,14.1,0.0
2024-04-16T04:00:00Z,0.7150000000000034,5.0,15.7,0.0
2024-04-16T05:00:00Z,0.3469999999999942,4.5,17.3,20.0
2024-04-16T06:00:00Z,0.8859999999999957,5.2,18.2,120.0
2024-04-16T07:00:00Z,0.4480000000000075,6.1,17.4,244.0
2024-04-16T08:00:00Z,0.6749999999999972,7.1,16.9,317.0
2024-04-16T09:00:00Z,0.30100000000000193,8.4,14.8,419.0
2024-04-16T10:00:00Z,0.4939999999999998,9.4,14.3,546.0
2024-04-16T11:00:00Z,0.17100000000000648,9.6,15.5,556.0
2024-04-16T12:00:00Z,0.01799999999998647,9.8,12.5,503.0
2024-04-16T13:00:00Z,0.277000000000001,10.2,11.8,493.0
2024-04-16T14:00:00Z,0.6760000000000161,7.9,17.6,412.0
2024-04-16T15:00:00Z,0.36099999999999,8.1,6.5,282.0
2024-04-16T16:00:00Z,0.008000000000009777,7.3,12.4,230.0
2024-04-16T17:00:00Z,0.00899999999998613,7.0,4.7,158.0
2024-04-16T18:00:00Z,0.008000000000009777,6.2,4.0,52.0
2024-04-16T19:00:00Z,0.007999999999981355,4.8,5.4,1.0
2024-04-16T20:00:00Z,1.045000000000016,3.8,6.2,0.0
2024-04-16T21:00:00Z,0.6419999999999959,2.9,6.9,0.0
2024-04-16T22:00:00Z,0.568000000000012,2.7,6.9,0.0
2024-04-16T23:00:00Z,0.5799999999999841,2.8,7.7,0.0
2024-04-17T00:00:00Z,0.6340000000000146,2.7,8.6,0.0
2024-04-17T01:00:00Z,1.3129999999999882,2.8,8.4,0.0
2024-04-17T02:00:00Z,0.9070000000000107,2.9,7.1,0.0
2024-04-17T03:00:00Z,0.9059999999999775,2.8,8.8,0.0
2024-04-17T04:00:00Z,1.1640000000000157,2.8,8.0,0.0
2024-04-17T05:00:00Z,0.9250000000000114,3.3,8.4,30.0
2024-04-17T06:00:00Z,0.7389999999999759,4.8,9.4,144.0
2024-04-17T07:00:00Z,0.6710000000000207,6.1,10.7,297.0
2024-04-17T08:00:00Z,0.4029999999999916,6.8,10.5,435.0
2024-04-17T09:00:00Z,0.14500000000001023,7.6,8.8,545.0
2024-04-17T10:00:00Z,0.016999999999995907,8.2,9.7,642.0
2024-04-17T11:00:00Z,0.018000000000000682,8.6,10.0,693.0
2024-04-17T12:00:00Z,0.016999999999995907,8.9,9.3,685.0
2024-04-17T13:00:00Z,0.5169999999999959,9.1,8.7,655.0
2024-04-17T14:00:00Z,0.16100000000000136,9.1,8.6,567.0
2024-04-17T15:00:00Z,0.5020000000000095,8.9,8.6,459.0
2024-04-17T16:00:00Z,0.009999999999990905,8.7,7.8,317.0
2024-04-17T17:00:00Z,0.008000000000009777,8.2,5.6,183.0
2024-04-17T18:00:00Z,0.00899999999998613,5.7,7.7,65.0
2024-04-17T19:00:00Z,0.008000000000009777,4.8,8.0,2.0
2024-04-17T20:00:00Z,1.1680000000000064,4.0,9.8,0.0
2024-04-17T21:00:00Z,0.8019999999999925,3.1,8.3,0.0
2024-04-17T22:00:00Z,0.6370000000000005,2.5,9.1,0.0
2024-04-17T23:00:00Z,1.2630000000000052,1.5,7.9,0.0
2024-04-18T00:00:00Z,1.190999999999974,0.8,8.2,0.0
2024-04-18T01:00:00Z,1.156000000000006,0.6,5.9,0.0
2024-04-18T02:00:00Z,1.1580000000000155,0.6,7.1,0.0
2024-04-18T03:00:00Z,1.150999999999982,0.6,7.3,0.0
2024-04-18T04:00:00Z,1.115000000000009,0.7,8.4,0.0
2024-04-18T05:00:00Z,0.960000000000008,2.1,8.7,31.0
2024-04-18T06:00:00Z,0.8170000000000073,4.4,9.1,133.0
2024-04-18T07:00:00Z,0.5839999999999748,6.8,9.4,284.0
2024-04-18T08:00:00Z,0.125,7.7,15.5,388.0
2024-04-18T09:00:00Z,0.016000000000019554,7.3,11.6,326.0
2024-04-18T10:00:00Z,0.016999999999995907,8.4,13.5,508.0
2024-04-18T11:00:00Z,0.674999999999983,8.9,14.8,592.0
2024-04-18T12:00:00Z,0.41800000000000637,7.3,16.8,558.0
2024-04-18T13:00:00Z,0.018000000000000682,8.9,17.8,516.0
2024-04-18T14:00:00Z,0.46999999999999886,8.2,13.6,407.0
2024-04-18T15:00:00Z,0.22100000000000364,8.4,15.3,412.0
2024-04-18T16:00:00Z,0.008000000000009777,7.7,13.6,256.0
2024-04-18T17:00:00Z,0.007999999999981355,7.1,9.7,159.0
2024-04-18T18:00:00Z,0.005000000000023874,5.4,4.8,54.0
2024-04-18T19:00:00Z,0.00899999999998613,5.0,5.7,2.0
2024-04-18T20:00:00Z,0.9989999999999952,5.8,1.6,0.0
2024-04-18T21:00:00Z,0.592000000000013,5.1,1.0,0.0
2024-04-18T22:00:00Z,0.5389999999999873,4.1,5.5,0.0
2024-04-18T23:00:00Z,0.4730000000000132,3.7,5.9,0.0
2024-04-19T00:00:00Z,0.7239999999999895,3.7,3.7,0.0
2024-04-19T01:00:00Z,0.546999999999997,3.9,2.4,0.0
2024-04-19T02:00:00Z,0.5450000000000159,4.2,3.6,0.0
2024-04-19T03:00:00Z,0.5449999999999875,4.1,6.9,0.0
2024-04-19T04:00:00Z,0.5440000000000111,4.2,6.4,0.0
2024-04-19T05:00:00Z,0.5439999999999827,4.3,6.9,11.0
2024-04-19T06:00:00Z,0.39400000000000546,4.7,10.7,38.0
2024-04-19T07:00:00Z,0.3689999999999998,4.8,14.6,61.0
2024-04-19T08:00:00Z,0.6050000000000182,4.9,16.8,76.0
2024-04-19T09:00:00Z,0.16199999999997772,5.1,19.0,98.0
2024-04-19T10:00:00Z,0.6500000000000057,4.9,22.7,113.0
2024-04-19T11:00:00Z,0.2259999999999991,4.9,24.0,133.0
2024-04-19T12:00:00Z,0.5,4.8,24.0,120.0
2024-04-19T13:00:00Z,0.21399999999999864,4.6,26.1,157.0
2024-04-19T14:00:00Z,0.5459999999999923,4.8,26.2,146.0
2024-04-19T15:00:00Z,0.26300000000000523,4.8,24.4,98.0
2024-04-19T16:00:00Z,0.008000000000009777,5.1,21.3,60.0
2024-04-19T17:00:00Z,0.008000000000009777,5.4,18.7,94.0
2024-04-19T18:00:00Z,0.00899999999998613,4.7,16.6,53.0
2024-04-19T19:00:00Z,0.008000000000009777,3.8,14.6,3.0
2024-04-19T20:00:00Z,0.9350000000000023,3.2,15.2,0.0
2024-04-19T21:00:00Z,0.4099999999999966,3.3,14.0,0.0
2024-04-19T22:00:00Z,0.40500000000000114,3.0,12.1,0.0
2024-04-19T23:00:00Z,0.5679999999999836,3.3,11.2,0.0
2024-04-20T00:00:00Z,0.568000000000012,3.2,13.2,0.0
2024-04-20T01:00:00Z,0.563999999999993,2.2,12.8,0.0
2024-04-20T02:00:00Z,0.5740000000000123,1.7,10.4,0.0
2024-04-20T03:00:00Z,0.9959999999999809,0.9,10.9,0.0
2024-04-20T04:00:00Z,0.9930000000000234,0.4,10.1,0.0
2024-04-20T05:00:00Z,0.9069999999999823,0.8,9.7,26.0
2024-04-20T06:00:00Z,0.875,1.9,7.2,158.0
2024-04-20T07:00:00Z,0.7189999999999941,3.2,7.6,302.0
2024-04-20T08:00:00Z,0.5080000000000098,4.3,14.8,366.0
2024-04-20T09:00:00Z,0.018000000000000682,5.6,14.8,493.0
2024-04-20T10:00:00Z,0.016999999999995907,6.6,14.2,598.0
2024-04-20T11:00:00Z,0.4620000000000175,6.8,14.4,626.0
2024-04-20T12:00:00Z,0.016999999999995907,7.2,13.2,685.0
2024-04-20T13:00:00Z,0.015999999999991132,7.1,16.8,685.0
2024-04-20T14:00:00Z,0.015999999999991132,7.1,13.9,608.0
2024-04-20T15:00:00Z,0.016000000000019554,7.2,11.5,497.0
2024-04-20T16:00:00Z,0.007999999999981355,6.9,10.5,339.0
2024-04-20T17:00:00Z,0.008000000000009777,6.3,9.0,201.0
2024-04-20T18:00:00Z,0.008000000000009777,4.2,7.8,72.0
2024-04-20T19:00:00Z,0.00899999999998613,5.0,5.1,4.0
2024-04-20T20:00:00Z,1.0480000000000018,4.4,4.7,0.0
2024-04-20T21:00:00Z,0.6639999999999873,4.1,4.8,0.0
2024-04-20T22:00:00Z,0.5720000000000027,1.9,6.5,0.0
2024-04-20T23:00:00Z,0.9870000000000232,0.1,8.5,0.0
2024-04-21T00:00:00Z,0.7449999999999761,-0.5,10.3,0.0
2024-04-21T01:00:00Z,0.7180000000000177,-0.4,8.8,0.0
2024-04-21T02:00:00Z,0.9549999999999841,-0.9,7.9,0.0
2024-04-21T03:00:00Z,0.8389999999999986,-1.0,6.8,0.0
2024-04-21T04:00:00Z,0.8940000000000055,-0.6,6.9,0.0
2024-04-21T05:00:00Z,0.9509999999999934,1.6,11.2,33.0
2024-04-21T06:00:00Z,0.8030000000000257,3.0,15.6,143.0
2024-04-21T07:00:00Z,0.5779999999999745,4.1,15.7,286.0
2024-04-21T08:00:00Z,0.05700000000001637,4.8,14.5,428.0
2024-04-21T09:00:00Z,0.018000000000000682,5.7,13.7,580.0
2024-04-21T10:00:00Z,0.016999999999995907,6.1,13.7,649.0
2024-04-21T11:00:00Z,0.018000000000000682,6.4,12.6,646.0
2024-04-21T12:00:00Z,0.018000000000000682,6.8,12.8,653.0
2024-04-21T13:00:00Z,0.018000000000000682,7.2,11.9,530.0
2024-04-21T14:00:00Z,0.018000000000000682,6.2,15.9,411.0
2024-04-21T15:00:00Z,0.06299999999998818,4.6,21.1,249.0
2024-04-21T16:00:00Z,0.008000000000009777,5.2,11.6,180.0
2024-04-21T17:00:00Z,0.008000000000009777,4.8,10.6,116.0
2024-04-21T18:00:00Z,0.00899999999998613,4.3,9.2,34.0
2024-04-21T19:00:00Z,0.008000000000009777,3.5,10.9,3.0
2024-04-21T20:00:00Z,0.9209999999999923,3.0,11.5,0.0
2024-04-21T21:00:00Z,0.6469999999999914,2.6,11.4,0.0
2024-04-21T22:00:00Z,0.5649999999999977,2.3,6.0,0.0
2024-04-21T23:00:00Z,0.570999999999998,2.0,7.8,0.0
2024-04-22T00:00:00Z,0.568000000000012,1.7,13.0,0.0
2024-04-22T01:00:00Z,0.6529999999999916,2.2,17.5,0.0
2024-04-22T02:00:00Z,0.7750000000000057,2.0,15.7,0.0
2024-04-22T03:00:00Z,0.5690000000000168,1.5,13.7,0.0
2024-04-22T04:00:00Z,0.5719999999999743,1.2,12.3,0.0
2024-04-22T05:00:00Z,0.568000000000012,1.4,10.7,11.0
2024-04-22T06:00:00Z,0.568000000000012,1.5,11.5,38.0
2024-04-22T07:00:00Z,0.6559999999999775,1.8,12.9,104.0
2024-04-22T08:00:00Z,0.825000000000017,2.7,12.4,327.0
2024-04-22T09:00:00Z,0.3129999999999882,3.2,9.8,411.0
2024-04-22T10:00:00Z,0.24399999999999977,3.5,9.4,443.0
2024-04-22T11:00:00Z,0.6380000000000052,3.7,9.5,363.0
2024-04-22T12:00:00Z,0.16399999999998727,4.0,12.2,405.0
2024-04-22T13:00:00Z,0.18500000000000227,3.2,11.2,335.0
2024-04-22T14:00:00Z,0.6410000000000196,3.0,10.1,264.0
2024-04-22T15:00:00Z,0.4019999999999868,2.7,9.1,200.0
2024-04-22T16:00:00Z,0.008000000000009777,2.2,10.7,125.0
2024-04-22T17:00:00Z,0.007999999999981355,1.8,12.9,71.0
2024-04-22T18:00:00Z,0.008000000000009777,1.5,12.8,36.0
2024-04-22T19:00:00Z,0.009000000000014552,1.3,10.0,2.0
2024-04-22T20:00:00Z,1.2339999999999804,1.2,6.3,0.0
2024-04-22T21:00:00Z,0.7150000000000034,1.2,3.6,0.0
2024-04-22T22:00:00Z,0.6150000000000091,0.1,3.2,0.0
2024-04-22T23:00:00Z,0.6189999999999998,-0.8,4.7,0.0
2024-04-23T00:00:00Z,0.8009999999999877,-1.5,7.0,0.0
2024-04-23T01:00:00Z,1.200000000000017,-1.4,11.5,0.0
2024-04-23T02:00:00Z,1.0759999999999934,-1.4,9.8,0.0
2024-04-23T03:00:00Z,0.789999999999992,-1.1,9.8,0.0
2024-04-23T04:00:00Z,0.6380000000000052,-0.9,10.1,0.0
2024-04-23T05:00:00Z,0.6850000000000023,0.5,12.1,52.0
2024-04-23T06:00:00Z,0.7820000000000107,2.5,12.0,187.0
2024-04-23T07:00:00Z,0.4329999999999927,4.1,12.6,280.0
2024-04-23T08:00:00Z,0.554000000000002,4.9,13.8,275.0
2024-04-23T09:00:00Z,0.018000000000000682,5.3,14.5,251.0
2024-04-23T10:00:00Z,0.016999999999995907,6.4,16.8,416.0
2024-04-23T11:00:00Z,0.018000000000000682,7.0,16.7,541.0
2024-04-23T12:00:00Z,0.018000000000000682,7.2,16.6,525.0
2024-04-23T13:00:00Z,0.2769999999999868,7.7,18.7,441.0
2024-04-23T14:00:00Z,0.117999999999995,7.1,18.9,354.0
2024-04-23T15:00:00Z,0.07600000000002183,6.9,18.9,319.0
2024-04-23T16:00:00Z,0.007999999999981355,6.1,18.2,166.0
2024-04-23T17:00:00Z,0.008000000000009777,5.2,16.1,65.0
2024-04-23T18:00:00Z,0.008000000000009777,4.6,16.5,23.0
2024-04-23T19:00:00Z,0.00899999999998613,4.3,17.0,2.0
2024-04-23T20:00:00Z,0.8580000000000041,4.3,15.1,0.0
2024-04-23T21:00:00Z,0.5649999999999977,4.0,15.1,0.0
2024-04-23T22:00:00Z,0.5270000000000152,4.1,16.3,0.0
2024-04-23T23:00:00Z,0.5319999999999823,4.2,17.6,0.0
2024-04-24T00:00:00Z,0.5310000000000059,4.2,16.2,0.0
2024-04-24T01:00:00Z,0.5320000000000107,4.0,13.6,0.0
2024-04-24T02:00:00Z,0.5309999999999775,4.0,12.4,0.0
2024-04-24T03:00:00Z,0.5320000000000107,4.1,13.8,0.0
2024-04-24T04:00:00Z,0.5370000000000061,4.2,15.9,0.0
2024-04-24T05:00:00Z,0.5349999999999966,4.4,16.7,36.0
2024-04-24T06:00:00Z,0.3779999999999859,4.9,18.9,121.0
2024-04-24T07:00:00Z,0.7750000000000057,5.3,19.4,225.0
2024-04-24T08:00:00Z,0.29300000000000637,5.9,19.9,363.0
2024-04-24T09:00:00Z,0.12299999999999045,6.7,22.0,524.0
2024-04-24T10:00:00Z,0.19599999999999795,7.1,21.8,639.0
2024-04-24T11:00:00Z,0.32600000000002183,7.4,21.5,730.0
2024-04-24T12:00:00Z,0.016999999999995907,7.4,21.9,724.0
2024-04-24T13:00:00Z,0.018000000000000682,7.2,21.1,682.0
2024-04-24T14:00:00Z,0.018000000000000682,7.3,19.6,611.0
2024-04-24T15:00:00Z,0.016999999999995907,7.2,19.1,515.0
2024-04-24T16:00:00Z,0.008000000000009777,6.6,19.2,385.0
2024-04-24T17:00:00Z,0.00899999999998613,5.8,17.1,234.0
2024-04-24T18:00:00Z,0.008000000000009777,5.0,15.3,93.0
2024-04-24T19:00:00Z,0.007999999999981355,4.3,14.5,8.0
2024-04-24T20:00:00Z,1.0,4.1,14.2,0.0
2024-04-24T21:00:00Z,0.6230000000000189,3.8,14.3,0.0
2024-04-24T22:00:00Z,0.5349999999999966,3.4,12.8,0.0
2024-04-24T23:00:00Z,0.5310000000000059,3.0,11.4,0.0
2024-04-25T00:00:00Z,0.5339999999999918,2.5,10.8,0.0
2024-04-25T01:00:00Z,0.5519999999999925,2.5,10.8,0.0
2024-04-25T02:00:00Z,0.6610000000000014,2.5,11.6,0.0
2024-04-25T03:00:00Z,0.6939999999999884,2.2,11.8,0.0
2024-04-25T04:00:00Z,0.22000000000002728,2.2,12.7,1.0
2024-04-25T05:00:00Z,0.7739999999999725,3.1,15.0,56.0
2024-04-25T06:00:00Z,0.46700000000001296,4.2,15.8,190.0
2024-04-25T07:00:00Z,0.32900000000000773,5.1,17.2,343.0
2024-04-25T08:00:00Z,0.6359999999999957,6.2,17.4,487.0
2024-04-25T09:00:00Z,0.3160000000000025,6.8,20.1,572.0
2024-04-25T10:00:00Z,0.12699999999998113,6.7,22.0,488.0
2024-04-25T11:00:00Z,0.14000000000001478,7.0,22.2,644.0
2024-04-25T12:00:00Z,0.018000000000000682,7.2,22.7,726.0
2024-04-25T13:00:00Z,0.016999999999995907,7.2,23.2,727.0
2024-04-25T14:00:00Z,0.018000000000000682,7.1,21.9,600.0
2024-04-25T15:00:00Z,0.018000000000000682,6.8,21.7,522.0
2024-04-25T16:00:00Z,0.008000000000009777,6.4,21.6,392.0
2024-04-25T17:00:00Z,0.00899999999998613,5.8,19.9,239.0
2024-04-25T18:00:00Z,0.008000000000009777,5.2,18.3,96.0
2024-04-25T19:00:00Z,0.008000000000009777,4.5,15.8,8.0
2024-04-25T20:00:00Z,0.7639999999999816,4.6,17.4,0.0
2024-04-25T21:00:00Z,0.40800000000001546,4.6,18.0,0.0
2024-04-25T22:00:00Z,0.018000000000000682,4.5,17.9,0.0
2024-04-25T23:00:00Z,0.22399999999998954,4.3,17.2,0.0
2024-04-26T00:00:00Z,0.6970000000000027,4.9,16.6,0.0
2024-04-26T01:00:00Z,0.34899999999998954,4.5,14.4,0.0
2024-04-26T02:00:00Z,0.016999999999995907,4.3,14.5,0.0
2024-04-26T03:00:00Z,0.796999999999997,4.2,15.4,0.0
2024-04-26T04:00:00Z,0.3480000000000132,4.0,16.2,1.0
2024-04-26T05:00:00Z,0.7920000000000016,4.3,19.5,42.0
2024-04-26T06:00:00Z,0.3669999999999902,5.2,22.4,134.0
2024-04-26T07:00:00Z,0.5730000000000075,6.2,22.2,246.0
2024-04-26T08:00:00Z,0.2079999999999984,6.5,23.4,272.0
2024-04-26T09:00:00Z,0.29400000000001114,6.4,24.7,288.0
2024-04-26T10:00:00Z,0.060000000000002274,6.3,25.8,263.0
2024-04-26T11:00:00Z,0.018000000000000682,6.4,25.6,192.0
2024-04-26T12:00:00Z,0.016999999999995907,6.4,26.7,151.0
2024-04-26T13:00:00Z,0.018000000000000682,6.4,24.8,92.0
2024-04-26T14:00:00Z,1.2069999999999936,6.0,21.7,41.0
2024-04-26T15:00:00Z,1.7539999999999907,5.8,15.2,58.0
2024-04-26T16:00:00Z,0.009000000000014552,5.8,15.4,83.0
2024-04-26T17:00:00Z,0.007999999999981355,6.6,12.0,101.0
2024-04-26T18:00:00Z,0.008000000000009777,6.3,8.8,71.0
2024-04-26T19:00:00Z,0.008000000000009777,4.3,6.2,9.0
2024-04-26T20:00:00Z,0.931999999999988,3.0,7.9,0.0
2024-04-26T21:00:00Z,0.599000000000018,1.9,9.2,0.0
2024-04-26T22:00:00Z,0.5579999999999927,1.4,9.0,0.0
2024-04-26T23:00:00Z,0.5619999999999834,0.6,9.4,0.0
2024-04-27T00:00:00Z,0.5630000000000166,0.4,6.9,0.0
2024-04-27T01:00:00Z,0.561000000000007,0.2,9.3,0.0
2024-04-27T02:00:00Z,0.5659999999999741,-0.2,9.0,0.0
2024-04-27T03:00:00Z,0.5700000000000216,0.2,8.6,0.0
2024-04-27T04:00:00Z,0.5919999999999845,0.6,8.3,2.0
2024-04-27T05:00:00Z,0.9560000000000173,2.7,6.4,53.0
2024-04-27T06:00:00Z,0.804000000000002,4.1,5.6,153.0
2024-04-27T07:00:00Z,0.5180000000000007,6.4,6.3,284.0
2024-04-27T08:00:00Z,0.016999999999995907,8.7,7.9,409.0
2024-04-27T09:00:00Z,0.018000000000000682,10.4,11.9,566.0
2024-04-27T10:00:00Z,0.29899999999997817,11.1,15.4,575.0
2024-04-27T11:00:00Z,0.018000000000000682,10.9,16.9,578.0
2024-04-27T12:00:00Z,0.01700000000002433,10.5,16.9,524.0
2024-04-27T13:00:00Z,0.01799999999997226,10.8,19.0,688.0
2024-04-27T14:00:00Z,0.018000000000000682,10.6,18.9,623.0
2024-04-27T15:00:00Z,0.018000000000000682,10.4,18.3,518.0
2024-04-27T16:00:00Z,0.008000000000009777,9.6,18.3,339.0
2024-04-27T17:00:00Z,0.008000000000009777,8.9,19.8,166.0
2024-04-27T18:00:00Z,0.007999999999981355,8.6,23.4,63.0
2024-04-27T19:00:00Z,0.009000000000014552,8.2,22.4,9.0
2024-04-27T20:00:00Z,0.5269999999999868,8.1,23.0,0.0
2024-04-27T21:00:00Z,0.19400000000001683,7.8,22.6,0.0
2024-04-27T22:00:00Z,0.016999999999995907,8.1,22.8,0.0
2024-04-27T23:00:00Z,0.016999999999995907,8.1,22.5,0.0
2024-04-28T00:00:00Z,0.5560000000000116,7.9,20.7,0.0
2024-04-28T01:00:00Z,0.18500000000000227,8.1,16.3,0.0
2024-04-28T02:00:00Z,0.10599999999999454,8.0,14.6,0.0
2024-04-28T03:00:00Z,0.01999999999998181,7.6,13.0,0.0
2024-04-28T04:00:00Z,0.5440000000000111,7.6,12.1,2.0
2024-04-28T05:00:00Z,0.21000000000000796,8.9,15.5,53.0
2024-04-28T06:00:00Z,0.018000000000000682,10.2,17.9,190.0
2024-04-28T07:00:00Z,0.018000000000000682,11.4,18.2,346.0
2024-04-28T08:00:00Z,0.018000000000000682,12.3,20.9,484.0
2024-04-28T09:00:00Z,0.018000000000000682,12.9,22.4,596.0
2024-04-28T10:00:00Z,0.016999999999995907,13.4,23.7,700.0
2024-04-28T11:00:00Z,0.018000000000000682,13.4,25.0,733.0
2024-04-28T12:00:00Z,0.018000000000000682,12.9,25.0,618.0
2024-04-28T13:00:00Z,0.018000000000000682,13.2,26.6,641.0
2024-04-28T14:00:00Z,0.018000000000000682,13.3,26.6,621.0
2024-04-28T15:00:00Z,0.018000000000000682,13.0,24.2,480.0
2024-04-28T16:00:00Z,0.007999999999981355,12.1,19.9,251.0
2024-04-28T17:00:00Z,0.008000000000009777,11.4,20.4,114.0
2024-04-28T18:00:00Z,0.00899999999998613,11.6,18.2,70.0
2024-04-28T19:00:00Z,0.008000000000009777,11.9,15.2,5.0
2024-04-28T20:00:00Z,0.06900000000001683,12.3,14.0,0.0
2024-04-28T21:00:00Z,0.018000000000000682,13.0,18.8,0.0
2024-04-28T22:00:00Z,0.01799999999997226,12.4,16.8,0.0
2024-04-28T23:00:00Z,0.018000000000000682,11.7,15.0,0.0
2024-04-29T00:00:00Z,0.018000000000000682,11.9,20.4,0.0
2024-04-29T01:00:00Z,0.018000000000000682,11.1,17.0,0.0
2024-04-29T02:00:00Z,0.018000000000000682,10.1,12.0,0.0
2024-04-29T03:00:00Z,0.018000000000000682,9.4,12.7,0.0
2024-04-29T04:00:00Z,0.12800000000001432,8.1,11.4,3.0
2024-04-29T05:00:00Z,0.6210000000000093,8.4,11.4,69.0
2024-04-29T06:00:00Z,0.27299999999999613,9.5,11.0,193.0
2024-04-29T07:00:00Z,0.015999999999991132,10.7,12.2,337.0
2024-04-29T08:00:00Z,0.016999999999995907,12.1,16.0,483.0
2024-04-29T09:00:00Z,0.018000000000000682,13.2,17.4,581.0
2024-04-29T10:00:00Z,0.05000000000001137,13.9,15.5,674.0
2024-04-29T11:00:00Z,0.015999999999991132,14.7,16.0,739.0
2024-04-29T12:00:00Z,0.012000000000000455,15.4,19.1,740.0
2024-04-29T13:00:00Z,0.00899999999998613,15.0,15.8,567.0
2024-04-29T14:00:00Z,0.009000000000014552,15.4,12.8,563.0
2024-04-29T15:00:00Z,0.00899999999998613,14.9,10.9,486.0
2024-04-29T16:00:00Z,0.008000000000009777,14.1,10.6,353.0
2024-04-29T17:00:00Z,0.008000000000009777,12.4,12.8,213.0
2024-04-29T18:00:00Z,0.00899999999998613,9.9,14.6,97.0
2024-04-29T19:00:00Z,0.008000000000009777,8.9,13.4,11.0
2024-04-29T20:00:00Z,0.48400000000000887,8.8,13.6,0.0
2024-04-29T21:00:00Z,0.18099999999998317,8.8,12.8,0.0
2024-04-29T22:00:00Z,0.10699999999999932,8.4,12.5,0.0
2024-04-29T23:00:00Z,0.6610000000000014,8.0,11.5,0.0
2024-04-30T00:00:00Z,0.19900000000001228,7.3,10.3,0.0
2024-04-30T01:00:00Z,0.48699999999999477,7.7,11.6,0.0
2024-04-30T02:00:00Z,0.3019999999999925,7.8,11.4,0.0
2024-04-30T03:00:00Z,0.2189999999999941,8.8,11.6,0.0
2024-04-30T04:00:00Z,0.5510000000000161,9.0,12.2,1.0
2024-04-30T05:00:00Z,0.020999999999986585,9.5,14.9,24.0
2024-04-30T06:00:00Z,0.10800000000000409,10.4,16.6,86.0
2024-04-30T07:00:00Z,0.018000000000000682,11.9,18.4,276.0
2024-04-30T08:00:00Z,0.018000000000000682,13.0,18.4,385.0
2024-04-30T09:00:00Z,0.018000000000000682,14.2,18.2,515.0
2024-04-30T10:00:00Z,0.01500000000001478,15.2,18.6,649.0
2024-04-30T11:00:00Z,0.00899999999998613,15.9,19.9,695.0
2024-04-30T12:00:00Z,0.009000000000014552,16.6,21.3,681.0
2024-04-30T13:00:00Z,0.00899999999998613,17.1,21.8,654.0
2024-04-30T14:00:00Z,0.009000000000014552,17.0,23.7,596.0
2024-04-30T15:00:00Z,0.00899999999998613,16.4,25.5,490.0
2024-04-30T16:00:00Z,0.008000000000009777,15.4,24.5,360.0
2024-04-30T17:00:00Z,0.007999999999981355,13.9,25.2,228.0
2024-04-30T18:00:00Z,0.009000000000014552,12.3,25.6,94.0
2024-04-30T19:00:00Z,0.007999999999981355,11.1,22.1,12.0
2024-04-30T20:00:00Z,0.05500000000000682,10.3,20.6,0.0
2024-04-30T21:00:00Z,0.018000000000000682,10.1,18.5,0.0
2024-04-30T22:00:00Z,0.018000000000000682,10.1,18.5,0.0
2024-04-30T23:00:00Z,0.018000000000000682,10.1,18.6,0.0
2024-05-01T00:00:00Z,0.016999999999995907,10.1,17.6,0.0
2024-05-01T01:00:00Z,0.018000000000000682,10.1,17.9,0.0
2024-05-01T02:00:00Z,0.0589999999999975,9.9,17.9,0.0
2024-05-01T03:00:00Z,0.018000000000000682,9.8,18.2,0.0
2024-05-01T04:00:00Z,0.018000000000000682,9.9,18.2,5.0
2024-05-01T05:00:00Z,0.018000000000000682,10.7,19.6,75.0
2024-05-01T06:00:00Z,0.018000000000000682,11.7,18.8,200.0
2024-05-01T07:00:00Z,0.018000000000000682,12.9,21.2,349.0
2024-05-01T08:00:00Z,0.018000000000000682,14.2,21.7,477.0
2024-05-01T09:00:00Z,0.016000000000019554,15.4,20.4,597.0
2024-05-01T10:00:00Z,0.00899999999998613,16.5,20.3,679.0
2024-05-01T11:00:00Z,0.00899999999998613,17.4,21.3,724.0
2024-05-01T12:00:00Z,0.008000000000009777,17.7,20.4,727.0
2024-05-01T13:00:00Z,0.009000000000014552,18.4,20.2,719.0
2024-05-01T14:00:00Z,0.00899999999998613,18.6,21.3,646.0
2024-05-01T15:00:00Z,0.009000000000014552,18.6,24.3,540.0
2024-05-01T16:00:00Z,0.007999999999981355,17.0,29.2,409.0
2024-05-01T17:00:00Z,0.008000000000009777,15.2,30.4,249.0
2024-05-01T18:00:00Z,0.00899999999998613,13.6,29.1,99.0
2024-05-01T19:00:00Z,0.02200000000001978,12.5,28.7,17.0
2024-05-01T20:00:00Z,0.007999999999981355,11.9,29.0,0.0
2024-05-01T21:00:00Z,0.009000000000014552,11.9,28.9,0.0
2024-05-01T22:00:00Z,0.008000000000009777,12.1,28.8,0.0
2024-05-01T23:00:00Z,0.00899999999998613,12.2,27.0,0.0
2024-05-02T00:00:00Z,0.008000000000009777,11.9,25.7,0.0
2024-05-02T01:00:00Z,0.007999999999981355,12.1,24.6,0.0
2024-05-02T02:00:00Z,0.008000000000009777,12.1,26.4,0.0
2024-05-02T03:00:00Z,0.00899999999998613,11.4,25.5,0.0
2024-05-02T04:00:00Z,0.008000000000009777,11.1,26.0,6.0
2024-05-02T05:00:00Z,0.008000000000009777,11.6,26.4,75.0
2024-05-02T06:00:00Z,0.00899999999998613,12.2,23.7,156.0
2024-05-02T07:00:00Z,0.008000000000009777,13.0,26.0,281.0
2024-05-02T08:00:00Z,0.008000000000009777,14.3,25.9,447.0
2024-05-02T09:00:00Z,0.00899999999998613,15.6,25.8,619.0
2024-05-02T10:00:00Z,0.008000000000009777,16.5,24.8,696.0
2024-05-02T11:00:00Z,0.007999999999981355,17.0,24.1,750.0
2024-05-02T12:00:00Z,0.009000000000014552,17.3,23.8,760.0
2024-05-02T13:00:00Z,0.008000000000009777,18.0,24.2,730.0
2024-05-02T14:00:00Z,0.007999999999981355,17.4,24.6,649.0
2024-05-02T15:00:00Z,0.009000000000014552,16.9,23.3,536.0
2024-05-02T16:00:00Z,0.007999999999981355,16.1,24.8,397.0
2024-05-02T17:00:00Z,0.008000000000009777,14.8,25.9,252.0
2024-05-02T18:00:00Z,0.00899999999998613,13.4,29.2,116.0
2024-05-02T19:00:00Z,0.008000000000009777,12.4,28.5,18.0
2024-05-02T20:00:00Z,0.05700000000001637,12.0,29.3,0.0
2024-05-02T21:00:00Z,0.018000000000000682,12.1,28.9,0.0
2024-05-02T22:00:00Z,0.018999999999977035,12.1,27.9,0.0
2024-05-02T23:00:00Z,0.018000000000000682,11.9,27.3,0.0
2024-05-03T00:00:00Z,0.018000000000000682,11.7,25.5,0.0
2024-05-03T01:00:00Z,0.018000000000000682,11.6,24.6,0.0
2024-05-03T02:00:00Z,0.018000000000000682,11.4,22.7,0.0
2024-05-03T03:00:00Z,0.016999999999995907,11.1,21.5,0.0
2024-05-03T04:00:00Z,0.01700000000002433,10.9,22.3,6.0
2024-05-03T05:00:00Z,0.01799999999997226,11.4,23.7,81.0
2024-05-03T06:00:00Z,0.019000000000005457,12.1,22.4,213.0
2024-05-03T07:00:00Z,0.016999999999995907,13.2,24.6,358.0
2024-05-03T08:00:00Z,0.018000000000000682,14.4,25.2,487.0
2024-05-03T09:00:00Z,0.011000000000024102,15.4,21.2,602.0
2024-05-03T10:00:00Z,0.00899999999998613,16.3,19.6,689.0
2024-05-03T11:00:00Z,0.009000000000014552,17.0,18.0,730.0
2024-05-03T12:00:00Z,0.00899999999998613,17.1,16.6,734.0
2024-05-03T13:00:00Z,0.008000000000009777,18.0,17.4,716.0
2024-05-03T14:00:00Z,0.00899999999998613,16.6,15.9,608.0
2024-05-03T15:00:00Z,0.009000000000014552,16.8,16.9,523.0
2024-05-03T16:00:00Z,0.00899999999998613,16.7,19.1,401.0
2024-05-03T17:00:00Z,0.008000000000009777,15.2,16.0,257.0
2024-05-03T18:00:00Z,0.007999999999981355,13.6,11.6,119.0
2024-05-03T19:00:00Z,0.009000000000014552,11.8,8.7,20.0
2024-05-03T20:00:00Z,0.03499999999999659,10.9,11.0,0.0
2024-05-03T21:00:00Z,0.018000000000000682,10.2,10.6,0.0
2024-05-03T22:00:00Z,0.018000000000000682,9.7,9.0,0.0
2024-05-03T23:00:00Z,0.018000000000000682,9.1,7.4,0.0
2024-05-04T00:00:00Z,0.016999999999995907,8.2,6.2,0.0
2024-05-04T01:00:00Z,0.018000000000000682,8.5,5.3,0.0
2024-05-04T02:00:00Z,0.018000000000000682,8.0,4.7,0.0
2024-05-04T03:00:00Z,0.018000000000000682,8.1,4.0,0.0
2024-05-04T04:00:00Z,0.016999999999995907,8.6,3.9,7.0
2024-05-04T05:00:00Z,0.018000000000000682,9.6,4.3,57.0
2024-05-04T06:00:00Z,0.018000000000000682,10.6,3.6,122.0
2024-05-04T07:00:00Z,0.018000000000000682,12.2,6.8,204.0
2024-05-04T08:00:00Z,0.018000000000000682,13.6,10.3,257.0
2024-05-04T09:00:00Z,0.015999999999991132,14.1,12.7,205.0
2024-05-04T10:00:00Z,0.016000000000019554,13.9,16.3,162.0
2024-05-04T11:00:00Z,0.019000000000005457,14.6,13.7,295.0
2024-05-04T12:00:00Z,0.018000000000000682,16.1,12.0,653.0
2024-05-04T13:00:00Z,0.009999999999990905,14.4,11.5,337.0
2024-05-04T14:00:00Z,0.008000000000009777,14.9,8.5,291.0
2024-05-04T15:00:00Z,0.00899999999998613,15.1,7.1,239.0
2024-05-04T16:00:00Z,0.008000000000009777,15.0,5.9,156.0
2024-05-04T17:00:00Z,0.00899999999998613,14.8,5.2,122.0
2024-05-04T18:00:00Z,0.008000000000009777,14.0,2.1,48.0
2024-05-04T19:00:00Z,0.007999999999981355,13.1,1.5,9.0
2024-05-04T20:00:00Z,0.040000000000020464,12.2,2.3,0.0
2024-05-04T21:00:00Z,0.019000000000005457,11.1,5.5,0.0
2024-05-04T22:00:00Z,0.016999999999995907,10.6,5.1,0.0
2024-05-04T23:00:00Z,0.018000000000000682,11.2,2.6,0.0
2024-05-05T00:00:00Z,0.018000000000000682,10.4,3.9,0.0
2024-05-05T01:00:00Z,0.018000000000000682,9.0,7.1,0.0
2024-05-05T02:00:00Z,0.018000000000000682,8.4,6.5,0.0
2024-05-05T03:00:00Z,0.018000000000000682,7.9,5.9,0.0
2024-05-05T04:00:00Z,0.018000000000000682,8.5,6.5,8.0
2024-05-05T05:00:00Z,0.018000000000000682,9.1,9.4,50.0
2024-05-05T06:00:00Z,0.01799999999997226,10.4,10.0,143.0
2024-05-05T07:00:00Z,0.018000000000000682,10.9,14.2,179.0
2024-05-05T08:00:00Z,1.5300000000000011,10.6,14.1,163.0
2024-05-05T09:00:00Z,1.3970000000000198,10.9,18.0,223.0
2024-05-05T10:00:00Z,0.016999999999995907,10.5,18.2,188.0
2024-05-05T11:00:00Z,0.014000000000010004,9.9,18.6,275.0
2024-05-05T12:00:00Z,0.007999999999981355,10.6,15.9,383.0
2024-05-05T13:00:00Z,1.5049999999999955,12.6,15.5,368.0
2024-05-05T14:00:00Z,1.1830000000000211,14.0,15.7,412.0
2024-05-05T15:00:00Z,0.35499999999998977,14.8,11.3,421.0
2024-05-05T16:00:00Z,0.014999999999986358,15.1,13.1,382.0
2024-05-05T17:00:00Z,0.009000000000014552,14.4,10.7,251.0
2024-05-05T18:00:00Z,0.008000000000009777,13.2,6.6,97.0
2024-05-05T19:00:00Z,0.007999999999981355,12.0,9.1,12.0
2024-05-05T20:00:00Z,0.3780000000000143,11.0,7.6,0.0
2024-05-05T21:00:00Z,0.015999999999991132,10.6,5.2,0.0
2024-05-05T22:00:00Z,0.016999999999995907,9.8,6.2,0.0
2024-05-05T23:00:00Z,0.4550000000000125,8.6,6.3,0.0
2024-05-06T00:00:00Z,0.018000000000000682,7.3,7.6,0.0
2024-05-06T01:00:00Z,0.018000000000000682,8.5,6.3,0.0
2024-05-06T02:00:00Z,0.018000000000000682,8.4,4.8,0.0
2024-05-06T03:00:00Z,0.018000000000000682,8.3,7.7,0.0
2024-05-06T04:00:00Z,0.018000000000000682,8.2,10.8,9.0
2024-05-06T05:00:00Z,0.016999999999995907,9.2,12.6,85.0
2024-05-06T06:00:00Z,0.018000000000000682,10.4,17.2,172.0
2024-05-06T07:00:00Z,0.018000000000000682,11.0,18.6,229.0
2024-05-06T08:00:00Z,0.05899999999996908,11.6,17.9,290.0
2024-05-06T09:00:00Z,0.016999999999995907,12.3,17.3,351.0
2024-05-06T10:00:00Z,0.018000000000029104,12.7,16.3,361.0
2024-05-06T11:00:00Z,0.01799999999997226,13.4,15.1,447.0
2024-05-06T12:00:00Z,0.018000000000029104,14.1,14.3,421.0
2024-05-06T13:00:00Z,0.01799999999997226,13.6,14.8,510.0
2024-05-06T14:00:00Z,0.019000000000005457,13.6,15.3,462.0
2024-05-06T15:00:00Z,0.018000000000029104,13.1,14.3,345.0
2024-05-06T16:00:00Z,0.007999999999981355,12.9,13.0,286.0
2024-05-06T17:00:00Z,0.009000000000014552,12.9,12.4,173.0
2024-05-06T18:00:00Z,0.007999999999981355,12.4,11.0,66.0
2024-05-06T19:00:00Z,0.008000000000038199,11.1,7.7,20.0
2024-05-06T20:00:00Z,0.05899999999996908,10.6,8.1,0.0
2024-05-06T21:00:00Z,0.018000000000029104,10.9,15.6,0.0
2024-05-06T22:00:00Z,0.016999999999995907,10.2,17.3,0.0
2024-05-06T23:00:00Z,0.06199999999995498,9.4,16.3,0.0
2024-05-07T00:00:00Z,0.019000000000005457,9.1,15.0,0.0
2024-05-07T01:00:00Z,0.07200000000000273,8.9,14.4,0.0
2024-05-07T02:00:00Z,0.018000000000029104,8.4,12.6,0.0
2024-05-07T03:00:00Z,0.01799999999997226,7.7,10.4,0.0
2024-05-07T04:00:00Z,0.018000000000029104,7.1,10.5,11.0
2024-05-07T05:00:00Z,0.016999999999995907,7.6,11.3,101.0
2024-05-07T06:00:00Z,0.01799999999997226,8.2,12.1,236.0
2024-05-07T07:00:00Z,0.018000000000029104,8.8,11.6,385.0
2024-05-07T08:00:00Z,0.016999999999995907,9.8,10.1,526.0
2024-05-07T09:00:00Z,0.3979999999999677,10.7,9.7,648.0
2024-05-07T10:00:00Z,0.3090000000000259,11.4,8.9,731.0
2024-05-07T11:00:00Z,0.01799999999997226,12.1,8.2,779.0
2024-05-07T12:00:00Z,0.018000000000029104,12.4,6.9,783.0
2024-05-07T13:00:00Z,0.01799999999997226,12.7,9.4,753.0
2024-05-07T14:00:00Z,0.018000000000029104,12.6,10.2,651.0
2024-05-07T15:00:00Z,0.01799999999997226,12.8,15.3,510.0
2024-05-07T16:00:00Z,0.008000000000038199,11.6,14.5,368.0
2024-05-07T17:00:00Z,0.007999999999981355,10.9,11.0,262.0
2024-05-07T18:00:00Z,0.007999999999981355,9.6,9.7,133.0
2024-05-07T19:00:00Z,0.008000000000038199,7.7,9.1,28.0
2024-05-07T20:00:00Z,0.46399999999999864,6.9,8.0,0.0
2024-05-07T21:00:00Z,0.617999999999995,6.2,6.0,0.0
2024-05-07T22:00:00Z,0.5049999999999955,6.2,6.4,0.0
2024-05-07T23:00:00Z,0.5110000000000241,5.8,6.8,0.0
2024-05-08T00:00:00Z,0.5120000000000005,5.6,6.9,0.0
2024-05-08T01:00:00Z,0.5149999999999864,4.7,8.1,0.0
2024-05-08T02:00:00Z,0.5190000000000055,4.1,9.1,0.0
2024-05-08T03:00:00Z,0.5229999999999677,4.2,8.3,0.0
2024-05-08T04:00:00Z,0.5260000000000105,5.3,5.4,12.0
2024-05-08T05:00:00Z,0.5230000000000246,7.6,6.8,79.0
2024-05-08T06:00:00Z,0.28499999999996817,9.2,5.2,197.0
2024-05-08T07:00:00Z,0.3120000000000118,10.9,6.5,380.0
2024-05-08T08:00:00Z,0.016999999999995907,12.6,7.7,521.0
2024-05-08T09:00:00Z,0.018000000000029104,13.7,4.3,641.0
2024-05-08T10:00:00Z,0.01799999999997226,14.2,5.6,727.0
2024-05-08T11:00:00Z,0.016999999999995907,14.9,8.9,749.0
2024-05-08T12:00:00Z,0.018000000000029104,14.8,12.3,560.0
2024-05-08T13:00:00Z,0.013999999999953161,15.4,7.6,556.0
2024-05-08T14:00:00Z,0.009000000000014552,15.4,7.4,460.0
2024-05-08T15:00:00Z,0.009000000000014552,15.6,7.5,420.0
2024-05-08T16:00:00Z,0.009000000000014552,15.6,7.6,335.0
2024-05-08T17:00:00Z,0.007999999999981355,15.2,8.0,245.0
2024-05-08T18:00:00Z,0.007999999999981355,13.8,5.8,128.0
2024-05-08T19:00:00Z,0.009000000000014552,11.6,7.2,29.0
2024-05-08T20:00:00Z,0.09300000000001774,10.8,9.9,0.0
2024-05-08T21:00:00Z,0.48599999999999,9.9,11.6,0.0
2024-05-08T22:00:00Z,0.4449999999999932,9.4,12.5,0.0
2024-05-08T23:00:00Z,0.38999999999998636,8.9,12.2,0.0
2024-05-09T00:00:00Z,0.33899999999999864,8.6,11.9,0.0
2024-05-09T01:00:00Z,0.4350000000000023,8.4,11.5,0.0
2024-05-09T02:00:00Z,0.11099999999999,7.8,10.4,0.0
2024-05-09T03:00:00Z,0.018000000000029104,7.2,8.6,0.0
2024-05-09T04:00:00Z,0.4339999999999691,7.2,9.4,14.0
2024-05-09T05:00:00Z,0.38100000000002865,8.9,12.4,105.0
2024-05-09T06:00:00Z,0.10000000000002274,10.2,11.7,225.0
2024-05-09T07:00:00Z,0.01799999999997226,11.6,10.8,383.0
2024-05-09T08:00:00Z,0.018000000000029104,13.0,12.3,520.0
2024-05-09T09:00:00Z,0.01799999999997226,14.2,14.1,627.0
2024-05-09T10:00:00Z,0.01799999999997226,15.1,14.4,658.0
2024-05-09T11:00:00Z,0.018000000000029104,15.6,17.3,632.0
2024-05-09T12:00:00Z,0.01799999999997226,15.9,17.5,596.0
2024-05-09T13:00:00Z,0.018000000000029104,16.2,18.1,612.0
2024-05-09T14:00:00Z,0.016999999999995907,16.1,19.7,433.0
2024-05-09T15:00:00Z,0.016999999999995907,15.2,22.0,264.0
2024-05-09T16:00:00Z,0.007999999999981355,14.4,18.9,128.0
2024-05-09T17:00:00Z,0.009000000000014552,14.4,20.2,133.0
2024-05-09T18:00:00Z,0.007999999999981355,13.4,20.2,49.0
2024-05-09T19:00:00Z,0.008000000000038199,12.3,19.8,12.0
2024-05-09T20:00:00Z,0.05500000000000682,11.8,19.4,0.0
2024-05-09T21:00:00Z,0.01799999999997226,11.4,19.2,0.0
2024-05-09T22:00:00Z,0.018000000000029104,10.9,18.4,0.0
2024-05-09T23:00:00Z,0.01599999999996271,10.2,17.3,0.0
2024-05-10T00:00:00Z,0.019000000000005457,10.4,18.0,0.0
2024-05-10T01:00:00Z,0.018000000000029104,10.8,18.4,0.0
2024-05-10T02:00:00Z,0.01799999999997226,10.6,18.4,0.0
2024-05-10T03:00:00Z,0.018000000000029104,10.8,17.5,0.0
2024-05-10T04:00:00Z,0.01799999999997226,10.4,17.3,8.0
2024-05-10T05:00:00Z,0.018000000000029104,10.4,20.0,61.0
2024-05-10T06:00:00Z,0.01799999999997226,10.8,19.3,95.0
2024-05-10T07:00:00Z,0.018000000000029104,11.4,18.8,130.0
2024-05-10T08:00:00Z,0.01799999999997226,12.2,18.5,222.0
2024-05-10T09:00:00Z,0.018000000000029104,13.1,18.2,323.0
2024-05-10T10:00:00Z,0.016999999999995907,13.6,16.8,380.0
2024-05-10T11:00:00Z,0.016999999999995907,14.3,16.2,478.0
2024-05-10T12:00:00Z,0.01799999999997226,15.0,16.1,514.0
2024-05-10T13:00:00Z,0.018000000000029104,15.6,13.6,569.0
2024-05-10T14:00:00Z,0.016999999999995907,15.9,12.5,590.0
2024-05-10T15:00:00Z,0.01799999999997226,15.8,9.7,521.0
2024-05-10T16:00:00Z,0.008000000000038199,15.4,7.1,417.0
2024-05-10T17:00:00Z,0.007999999999981355,14.4,3.3,230.0
2024-05-10T18:00:00Z,0.007999999999981355,13.0,4.0,92.0
2024-05-10T19:00:00Z,0.009000000000014552,11.1,4.5,25.0
2024-05-10T20:00:00Z,0.20100000000002183,10.3,5.5,0.0
2024-05-10T21:00:00Z,0.09799999999995634,8.7,5.9,0.0
2024-05-10T22:00:00Z,0.4770000000000323,9.6,3.1,0.0
2024-05-10T23:00:00Z,0.17799999999999727,8.3,4.8,0.0
2024-05-11T00:00:00Z,0.01799999999997226,7.2,7.7,0.0
2024-05-11T01:00:00Z,0.3160000000000309,7.8,5.9,0.0
2024-05-11T02:00:00Z,0.5860000000000127,7.4,5.1,0.0
2024-05-11T03:00:00Z,0.17599999999998772,7.3,5.0,0.0
2024-05-11T04:00:00Z,0.6630000000000109,7.7,5.6,16.0
2024-05-11T05:00:00Z,0.17199999999996862,9.1,6.4,107.0
2024-05-11T06:00:00Z,0.10300000000000864,10.9,7.3,241.0
2024-05-11T07:00:00Z,0.018000000000029104,12.4,9.5,369.0
2024-05-11T08:00:00Z,0.01799999999997226,13.4,8.6,309.0
2024-05-11T09:00:00Z,0.016999999999995907,13.9,6.6,349.0
2024-05-11T10:00:00Z,0.016999999999995907,14.4,5.5,536.0
2024-05-11T11:00:00Z,0.018000000000029104,14.6,6.1,604.0
2024-05-11T12:00:00Z,0.01799999999997226,14.6,6.8,622.0
2024-05-11T13:00:00Z,0.018000000000029104,15.1,9.3,626.0
2024-05-11T14:00:00Z,0.01799999999997226,15.2,10.2,580.0
2024-05-11T15:00:00Z,0.018000000000029104,14.9,12.3,483.0
2024-05-11T16:00:00Z,0.007999999999981355,12.5,14.1,306.0
2024-05-11T17:00:00Z,0.009000000000014552,11.6,11.4,186.0
2024-05-11T18:00:00Z,0.007999999999981355,10.8,10.4,110.0
2024-05-11T19:00:00Z,0.007999999999981355,9.9,11.2,31.0
2024-05-11T20:00:00Z,0.4630000000000223,9.6,12.5,0.0
2024-05-11T21:00:00Z,0.19400000000001683,9.1,11.8,0.0
2024-05-11T22:00:00Z,0.01799999999997226,8.4,10.2,0.0
2024-05-11T23:00:00Z,0.23399999999998045,7.9,9.9,0.0
2024-05-12T00:00:00Z,0.6170000000000186,7.6,9.1,0.0
2024-05-12T01:00:00Z,0.21199999999998909,7.1,6.6,0.0
2024-05-12T02:00:00Z,0.2230000000000132,6.9,6.7,0.0
2024-05-12T03:00:00Z,0.7420000000000186,6.3,7.5,0.0
2024-05-12T04:00:00Z,0.5249999999999773,7.4,6.8,20.0
2024-05-12T05:00:00Z,0.3369999999999891,9.0,10.4,116.0
2024-05-12T06:00:00Z,0.018000000000029104,9.8,12.2,254.0
2024-05-12T07:00:00Z,0.2389999999999759,10.4,14.3,403.0
2024-05-12T08:00:00Z,0.018000000000029104,11.3,15.5,546.0
2024-05-12T09:00:00Z,0.01799999999997226,11.9,17.1,667.0
2024-05-12T10:00:00Z,0.018000000000029104,12.3,18.1,758.0
2024-05-12T11:00:00Z,0.01799999999997226,12.4,18.6,809.0
2024-05-12T12:00:00Z,0.018000000000029104,12.5,19.1,816.0
2024-05-12T13:00:00Z,0.01799999999997226,12.6,18.9,780.0
2024-05-12T14:00:00Z,0.016999999999995907,12.5,18.4,703.0
2024-05-12T15:00:00Z,0.018000000000029104,12.4,17.9,591.0
2024-05-12T16:00:00Z,0.007999999999981355,12.1,17.1,454.0
2024-05-12T17:00:00Z,0.007999999999981355,11.6,15.8,305.0
2024-05-12T18:00:00Z,0.009000000000014552,10.9,15.3,159.0
2024-05-12T19:00:00Z,0.008000000000038199,9.9,13.0,42.0
2024-05-12T20:00:00Z,0.5889999999999986,9.3,12.2,0.0
2024-05-12T21:00:00Z,0.5209999999999582,8.9,11.1,0.0
2024-05-12T22:00:00Z,0.132000000000005,8.6,10.8,0.0
2024-05-12T23:00:00Z,0.6380000000000337,8.4,11.4,0.0
2024-05-13T00:00:00Z,0.21999999999997044,8.5,13.0,0.0
2024-05-13T01:00:00Z,0.3709999999999809,7.8,12.4,0.0
2024-05-13T02:00:00Z,0.549000000000035,7.8,12.3,0.0
2024-05-13T03:00:00Z,0.05500000000000682,7.8,12.7,0.0
2024-05-13T04:00:00Z,0.4619999999999891,8.5,13.8,22.0
2024-05-13T05:00:00Z,0.36700000000001864,9.9,15.9,124.0
2024-05-13T06:00:00Z,0.1029999999999518,10.9,16.9,266.0
2024-05-13T07:00:00Z,0.018000000000029104,11.9,19.3,417.0
2024-05-13T08:00:00Z,0.016999999999995907,12.7,21.1,559.0
2024-05-13T09:00:00Z,0.01799999999997226,13.1,23.3,677.0
2024-05-13T10:00:00Z,0.018000000000029104,13.4,24.4,766.0
2024-05-13T11:00:00Z,0.01799999999997226,13.8,24.4,815.0
2024-05-13T12:00:00Z,0.01700000000005275,14.1,23.3,822.0
2024-05-13T13:00:00Z,0.01799999999997226,14.6,24.4,785.0
2024-05-13T14:00:00Z,0.009000000000014552,14.4,24.0,705.0
2024-05-13T15:00:00Z,0.008999999999957708,14.2,24.2,595.0
2024-05-13T16:00:00Z,0.009000000000014552,13.9,23.6,457.0
2024-05-13T17:00:00Z,0.008000000000038199,13.5,20.6,308.0
2024-05-13T18:00:00Z,0.007999999999981355,12.8,21.2,162.0
2024-05-13T19:00:00Z,0.007999999999981355,11.9,19.1,44.0
2024-05-13T20:00:00Z,0.03700000000003456,11.3,18.2,0.0
2024-05-13T21:00:00Z,0.01799999999997226,10.9,17.7,0.0
2024-05-13T22:00:00Z,0.018000000000029104,10.8,17.4,0.0
2024-05-13T23:00:00Z,0.01799999999997226,10.8,17.1,0.0
2024-05-14T00:00:00Z,0.016999999999995907,10.7,16.8,0.0
2024-05-14T01:00:00Z,0.018000000000029104,10.6,17.1,0.0
2024-05-14T02:00:00Z,0.01799999999997226,10.6,16.9,0.0
2024-05-14T03:00:00Z,0.018000000000029104,10.7,16.6,0.0
2024-05-14T04:00:00Z,0.01799999999997226,11.1,17.7,24.0
2024-05-14T05:00:00Z,0.018000000000029104,11.9,19.2,125.0
2024-05-14T06:00:00Z,0.016999999999995907,12.6,19.7,264.0
2024-05-14T07:00:00Z,0.01799999999997226,13.2,21.3,411.0
2024-05-14T08:00:00Z,0.018000000000029104,13.9,21.7,551.0
2024-05-14T09:00:00Z,0.01799999999997226,14.5,22.7,669.0
2024-05-14T10:00:00Z,0.018000000000029104,15.0,22.3,755.0
2024-05-14T11:00:00Z,0.01799999999997226,15.2,22.4,803.0
2024-05-14T12:00:00Z,0.014999999999986358,15.6,23.0,808.0
2024-05-14T13:00:00Z,0.009999999999990905,17.0,24.3,776.0
2024-05-14T14:00:00Z,0.009000000000014552,17.2,25.4,699.0
2024-05-14T15:00:00Z,0.008000000000038199,17.0,25.8,587.0
2024-05-14T16:00:00Z,0.008999999999957708,16.5,23.7,451.0
2024-05-14T17:00:00Z,0.008000000000038199,15.9,20.7,304.0
2024-05-14T18:00:00Z,0.007999999999981355,14.9,21.1,160.0
2024-05-14T19:00:00Z,0.009000000000014552,13.9,19.6,45.0
2024-05-14T20:00:00Z,0.033999999999991815,13.0,19.7,0.0
2024-05-14T21:00:00Z,0.01799999999997226,12.4,19.5,0.0
2024-05-14T22:00:00Z,0.019000000000005457,12.2,19.1,0.0
2024-05-14T23:00:00Z,0.016999999999995907,12.1,19.5,0.0
2024-05-15T00:00:00Z,0.018000000000029104,12.1,19.4,0.0
2024-05-15T01:00:00Z,0.01799999999997226,11.6,18.0,0.0
2024-05-15T02:00:00Z,0.018000000000029104,11.8,18.4,0.0
2024-05-15T03:00:00Z,0.01799999999997226,11.7,17.7,0.0
2024-05-15T04:00:00Z,0.018000000000029104,11.9,17.9,25.0
2024-05-15T05:00:00Z,0.01799999999997226,12.8,18.9,126.0
2024-05-15T06:00:00Z,0.018000000000029104,13.7,19.2,260.0
2024-05-15T07:00:00Z,0.019000000000005457,14.9,21.0,408.0
2024-05-15T08:00:00Z,0.01799999999997226,15.6,22.7,546.0
2024-05-15T09:00:00Z,0.018000000000029104,16.1,24.5,662.0
2024-05-15T10:00:00Z,0.01799999999997226,16.4,24.5,747.0
2024-05-15T11:00:00Z,0.016999999999995907,16.4,24.0,794.0
2024-05-15T12:00:00Z,0.009000000000014552,16.5,24.7,800.0
2024-05-15T13:00:00Z,0.009000000000014552,17.2,27.2,771.0
2024-05-15T14:00:00Z,0.008999999999957708,17.3,27.2,696.0
2024-05-15T15:00:00Z,0.009000000000014552,17.4,26.4,584.0
2024-05-15T16:00:00Z,0.009000000000014552,17.4,25.4,450.0
2024-05-15T17:00:00Z,0.007999999999981355,17.2,23.4,305.0
2024-05-15T18:00:00Z,0.008000000000038199,16.8,25.7,162.0
2024-05-15T19:00:00Z,0.008999999999957708,15.6,25.7,46.0
2024-05-15T20:00:00Z,0.03300000000001546,14.6,25.8,1.0
2024-05-15T21:00:00Z,0.016999999999995907,13.8,25.3,0.0
2024-05-15T22:00:00Z,0.016999999999995907,13.6,25.2,0.0
2024-05-15T23:00:00Z,0.016999999999995907,13.4,24.8,0.0
2024-05-16T00:00:00Z,0.018000000000029104,13.3,24.6,0.0
2024-05-16T01:00:00Z,0.016999999999995907,12.8,23.3,0.0
2024-05-16T02:00:00Z,0.016999999999995907,12.8,23.9,0.0
2024-05-16T03:00:00Z,0.016999999999995907,12.7,24.3,0.0
2024-05-16T04:00:00Z,0.016999999999995907,12.8,25.2,27.0
2024-05-16T05:00:00Z,0.016999999999995907,13.2,27.3,132.0
2024-05-16T06:00:00Z,0.016999999999995907,13.8,27.3,272.0
2024-05-16T07:00:00Z,0.018000000000029104,14.4,29.4,421.0
2024-05-16T08:00:00Z,0.01599999999996271,14.9,30.8,561.0
2024-05-16T09:00:00Z,0.018000000000029104,15.4,31.4,678.0
2024-05-16T10:00:00Z,0.01799999999997226,15.9,31.0,765.0
2024-05-16T11:00:00Z,0.018000000000029104,16.5,30.8,812.0
2024-05-16T12:00:00Z,0.010999999999967258,17.9,31.7,818.0
2024-05-16T13:00:00Z,0.009000000000014552,18.4,32.1,786.0
2024-05-16T14:00:00Z,0.009000000000014552,18.2,31.8,708.0
2024-05-16T15:00:00Z,0.009000000000014552,18.2,30.7,594.0
2024-05-16T16:00:00Z,0.007999999999981355,17.6,29.2,456.0
2024-05-16T17:00:00Z,0.009000000000014552,16.6,27.1,306.0
2024-05-16T18:00:00Z,0.007999999999981355,15.4,30.2,162.0
2024-05-16T19:00:00Z,0.007000000000005002,14.5,28.8,47.0
2024-05-16T20:00:00Z,0.019000000000005457,14.4,27.8,1.0
2024-05-16T21:00:00Z,0.01799999999997226,14.2,26.8,0.0
2024-05-16T22:00:00Z,0.018000000000029104,14.0,26.1,0.0
2024-05-16T23:00:00Z,0.01799999999997226,13.9,25.9,0.0
2024-05-17T00:00:00Z,0.016000000000019554,13.8,25.1,0.0
2024-05-17T01:00:00Z,0.01799999999997226,13.6,25.5,0.0
2024-05-17T02:00:00Z,0.016999999999995907,13.4,24.7,0.0
2024-05-17T03:00:00Z,0.018000000000029104,12.9,23.2,0.0
2024-05-17T04:00:00Z,0.01799999999997226,13.1,23.4,29.0
2024-05-17T05:00:00Z,0.019000000000005457,13.6,24.6,132.0
2024-05-17T06:00:00Z,0.018000000000029104,14.4,23.9,272.0
2024-05-17T07:00:00Z,0.016999999999995907,15.0,26.4,420.0
2024-05-17T08:00:00Z,0.01799999999997226,15.4,27.6,561.0
2024-05-17T09:00:00Z,0.016999999999995907,16.1,28.2,681.0
2024-05-17T10:00:00Z,0.018000000000029104,16.9,28.0,767.0
2024-05-17T11:00:00Z,0.016000000000019554,17.8,27.2,817.0
2024-05-17T12:00:00Z,0.008999999999957708,18.7,27.5,831.0
2024-05-17T13:00:00Z,0.009000000000014552,18.4,26.1,798.0
2024-05-17T14:00:00Z,0.007999999999981355,18.2,25.9,721.0
2024-05-17T15:00:00Z,0.009000000000014552,17.8,25.6,610.0
2024-05-17T16:00:00Z,0.008000000000038199,17.5,24.5,473.0
2024-05-17T17:00:00Z,0.007999999999981355,16.7,24.5,322.0
2024-05-17T18:00:00Z,0.007999999999981355,15.4,25.0,174.0
2024-05-17T19:00:00Z,0.009000000000014552,14.1,24.9,53.0
2024-05-17T20:00:00Z,0.01799999999997226,13.4,23.5,1.0
2024-05-17T21:00:00Z,0.019000000000005457,13.1,21.6,0.0
2024-05-17T22:00:00Z,0.018000000000029104,12.9,19.8,0.0
2024-05-17T23:00:00Z,0.016999999999995907,12.6,17.8,0.0
2024-05-18T00:00:00Z,0.01799999999997226,12.1,16.5,0.0
2024-05-18T01:00:00Z,0.018000000000029104,11.1,13.9,0.0
2024-05-18T02:00:00Z,0.01799999999997226,10.9,13.9,0.0
2024-05-18T03:00:00Z,0.018000000000029104,10.7,14.7,0.0
2024-05-18T04:00:00Z,0.01799999999997226,11.1,15.7,31.0
2024-05-18T05:00:00Z,0.018000000000029104,12.3,15.1,137.0
2024-05-18T06:00:00Z,0.01799999999997226,13.6,16.2,277.0
2024-05-18T07:00:00Z,0.018000000000029104,15.2,17.3,425.0
2024-05-18T08:00:00Z,0.01799999999997226,17.0,17.7,563.0
2024-05-18T09:00:00Z,0.016999999999995907,18.5,18.4,680.0
2024-05-18T10:00:00Z,0.019000000000005457,19.6,19.5,764.0
2024-05-18T11:00:00Z,0.009000000000014552,20.4,18.8,811.0
2024-05-18T12:00:00Z,0.007999999999981355,20.4,14.6,816.0
2024-05-18T13:00:00Z,0.009000000000014552,20.0,12.4,782.0
2024-05-18T14:00:00Z,0.009000000000014552,19.3,13.2,701.0
2024-05-18T15:00:00Z,0.009000000000014552,19.0,12.8,558.0
2024-05-18T16:00:00Z,0.008999999999957708,18.9,9.9,449.0
2024-05-18T17:00:00Z,0.007000000000005002,18.8,7.9,314.0
2024-05-18T18:00:00Z,0.008000000000038199,18.1,12.9,170.0
2024-05-18T19:00:00Z,0.007999999999981355,16.8,15.3,53.0
2024-05-18T20:00:00Z,0.019000000000005457,15.6,14.5,1.0
2024-05-18T21:00:00Z,0.01799999999997226,14.6,13.0,0.0
2024-05-18T22:00:00Z,0.018000000000029104,13.9,12.9,0.0
2024-05-18T23:00:00Z,0.01799999999997226,13.2,11.2,0.0
2024-05-19T00:00:00Z,0.018000000000029104,12.9,9.8,0.0
2024-05-19T01:00:00Z,0.01799999999997226,12.3,8.7,0.0
2024-05-19T02:00:00Z,0.016999999999995907,11.6,7.2,0.0
2024-05-19T03:00:00Z,0.018000000000029104,10.4,7.6,0.0
2024-05-19T04:00:00Z,0.01799999999997226,11.6,6.9,31.0
2024-05-19T05:00:00Z,0.018000000000029104,13.1,10.1,135.0
2024-05-19T06:00:00Z,0.01799999999997226,14.8,9.4,272.0
2024-05-19T07:00:00Z,0.019000000000005457,15.9,10.5,359.0
2024-05-19T08:00:00Z,0.016999999999995907,17.2,11.3,503.0
2024-05-19T09:00:00Z,0.018000000000029104,18.4,12.0,669.0
2024-05-19T10:00:00Z,0.012000000000000455,19.2,12.7,726.0
2024-05-19T11:00:00Z,0.007999999999981355,19.9,12.6,788.0
2024-05-19T12:00:00Z,0.009000000000014552,19.7,11.1,761.0
2024-05-19T13:00:00Z,0.008999999999957708,19.0,7.8,728.0
2024-05-19T14:00:00Z,0.009000000000014552,18.7,11.0,665.0
2024-05-19T15:00:00Z,0.009000000000014552,18.1,10.2,550.0
2024-05-19T16:00:00Z,0.007999999999981355,17.6,8.4,425.0
2024-05-19T17:00:00Z,0.009000000000014552,16.9,7.1,295.0
2024-05-19T18:00:00Z,0.007999999999981355,16.0,5.6,166.0
2024-05-19T19:00:00Z,0.008000000000038199,14.1,5.1,53.0
2024-05-19T20:00:00Z,0.01799999999997226,12.6,8.4,2.0
2024-05-19T21:00:00Z,0.019000000000005457,13.1,6.8,0.0
2024-05-19T22:00:00Z,0.018000000000029104,14.3,6.2,0.0
2024-05-19T23:00:00Z,0.016999999999995907,14.9,4.0,0.0
2024-05-20T00:00:00Z,0.01799999999997226,14.6,0.8,0.0
2024-05-20T01:00:00Z,0.018000000000029104,10.7,5.2,0.0
2024-05-20T02:00:00Z,0.016999999999995907,9.6,6.5,0.0
2024-05-20T03:00:00Z,0.01799999999997226,8.9,7.3,0.0
2024-05-20T04:00:00Z,0.016999999999995907,10.4,5.2,33.0
2024-05-20T05:00:00Z,0.016000000000019554,12.9,8.6,137.0
2024-05-20T06:00:00Z,0.01799999999997226,14.9,8.0,273.0
2024-05-20T07:00:00Z,0.016999999999995907,16.8,9.9,417.0
2024-05-20T08:00:00Z,0.019000000000005457,17.8,13.3,552.0
2024-05-20T09:00:00Z,0.014000000000010004,18.5,13.7,665.0
2024-05-20T10:00:00Z,0.009000000000014552,19.0,13.2,740.0
2024-05-20T11:00:00Z,0.009000000000014552,18.8,14.2,762.0
2024-05-20T12:00:00Z,0.008999999999957708,18.5,15.2,684.0
2024-05-20T13:00:00Z,0.008000000000038199,19.0,15.5,723.0
2024-05-20T14:00:00Z,0.0049999999999954525,18.7,17.6,676.0
2024-05-20T15:00:00Z,0.0,18.8,16.4,537.0
2024-06-09T03:00:00Z,0.35899999999998045,8.1,19.0,3.0
2024-06-09T04:00:00Z,2.348000000000013,8.8,21.4,58.0
2024-06-09T05:00:00Z,1.947999999999979,9.9,24.7,159.0
2024-06-09T06:00:00Z,1.3629999999999995,11.0,25.2,309.0
2024-06-09T07:00:00Z,1.4990000000000236,12.2,29.0,454.0
2024-06-09T08:00:00Z,1.4180000000000064,12.6,28.7,503.0
2024-06-09T09:00:00Z,1.0769999999999982,13.5,30.2,598.0
2024-06-09T10:00:00Z,0.016999999999995907,13.9,33.7,676.0
2024-06-09T11:00:00Z,0.01799999999997226,13.2,35.2,706.0
2024-06-09T12:00:00Z,1.3940000000000055,13.8,33.4,626.0
2024-06-09T13:00:00Z,0.7820000000000391,11.8,29.4,312.0
2024-06-09T14:00:00Z,0.016999999999995907,12.6,30.9,315.0
2024-06-09T15:00:00Z,0.016999999999995907,13.1,33.6,552.0
2024-06-09T16:00:00Z,0.008999999999957708,12.8,28.3,319.0
2024-06-09T17:00:00Z,0.008000000000038199,12.9,28.7,306.0
2024-06-09T18:00:00Z,0.007999999999981355,12.5,23.8,196.0
2024-06-09T19:00:00Z,0.009000000000014552,11.7,21.1,88.0
2024-06-09T20:00:00Z,0.053999999999973625,10.8,20.8,13.0
2024-06-09T21:00:00Z,0.016000000000019554,10.4,21.4,0.0
2024-06-09T22:00:00Z,0.05900000000002592,9.9,21.6,0.0
2024-06-09T23:00:00Z,0.016999999999995907,9.8,21.9,0.0
2024-06-10T00:00:00Z,0.014999999999986358,9.6,22.6,0.0
2024-06-10T01:00:00Z,0.01799999999997226,9.4,22.7,0.0
2024-06-10T02:00:00Z,0.018000000000029104,9.4,22.4,0.0
2024-06-10T03:00:00Z,0.016999999999995907,9.5,23.3,3.0
2024-06-10T04:00:00Z,0.10300000000000864,10.2,24.3,56.0
2024-06-10T05:00:00Z,0.019000000000005457,11.2,24.7,163.0
2024-06-10T06:00:00Z,0.01799999999997226,12.3,29.9,313.0
2024-06-10T07:00:00Z,0.018000000000029104,12.9,28.6,363.0
2024-06-10T08:00:00Z,0.016999999999995907,13.7,25.9,432.0
2024-06-10T09:00:00Z,0.016999999999995907,14.6,24.8,566.0
2024-06-10T10:00:00Z,0.01799999999997226,15.5,24.3,686.0
2024-06-10T11:00:00Z,0.018000000000029104,16.0,24.9,737.0
2024-06-10T12:00:00Z,0.014999999999986358,16.2,25.6,713.0
2024-06-10T13:00:00Z,0.009000000000014552,16.0,23.6,651.0
2024-06-10T14:00:00Z,0.008999999999957708,15.9,22.3,558.0
2024-06-10T15:00:00Z,0.009000000000014552,15.8,21.9,503.0
2024-06-10T16:00:00Z,0.008000000000038199,15.4,21.1,382.0
2024-06-10T17:00:00Z,0.007999999999981355,14.8,18.8,206.0
2024-06-10T18:00:00Z,0.007999999999981355,14.3,16.4,141.0
2024-06-10T19:00:00Z,0.008000000000038199,13.4,15.3,70.0
2024-06-10T20:00:00Z,0.053999999999973625,12.6,14.5,11.0
2024-06-10T21:00:00Z,0.018000000000029104,12.1,11.8,0.0
2024-06-10T22:00:00Z,0.01799999999997226,11.4,9.7,0.0
2024-06-10T23:00:00Z,0.01799999999997226,11.0,8.4,0.0
2024-06-11T00:00:00Z,0.018000000000029104,10.6,7.1,0.0
2024-06-11T01:00:00Z,0.01799999999997226,10.4,5.1,0.0
2024-06-11T02:00:00Z,0.018000000000029104,10.1,5.1,0.0
2024-06-11T03:00:00Z,0.01799999999997226,10.2,5.4,1.0
2024-06-11T04:00:00Z,0.018000000000029104,10.4,7.1,17.0
2024-06-11T05:00:00Z,0.016999999999995907,10.8,7.6,43.0
2024-06-11T06:00:00Z,0.01799999999997226,11.4,10.9,93.0
2024-06-11T07:00:00Z,0.01700000000005275,12.2,11.9,196.0
2024-06-11T08:00:00Z,0.01799999999997226,13.1,11.7,317.0
2024-06-11T09:00:00Z,0.016999999999995907,13.6,13.8,331.0
2024-06-11T10:00:00Z,0.018000000000029104,14.2,14.8,423.0
2024-06-11T11:00:00Z,0.01799999999997226,15.2,16.2,574.0
2024-06-11T12:00:00Z,0.018000000000029104,15.6,18.6,672.0
2024-06-11T13:00:00Z,0.016999999999995907,13.9,21.5,498.0
2024-06-11T14:00:00Z,0.01799999999997226,13.7,21.8,311.0
2024-06-11T15:00:00Z,0.018000000000029104,14.1,21.3,338.0
2024-06-11T16:00:00Z,0.007999999999981355,13.9,21.3,248.0
2024-06-11T17:00:00Z,0.007999999999981355,13.4,20.6,179.0
2024-06-11T18:00:00Z,0.009000000000014552,13.0,17.1,89.0
2024-06-11T19:00:00Z,0.007000000000005002,13.0,15.5,44.0
2024-06-11T20:00:00Z,0.05700000000001637,12.9,15.6,8.0
2024-06-11T21:00:00Z,0.01799999999997226,12.4,19.3,0.0
2024-06-11T22:00:00Z,0.016999999999995907,11.6,19.5,0.0
2024-06-11T23:00:00Z,0.2980000000000018,10.9,19.6,0.0
2024-06-12T00:00:00Z,0.4329999999999927,10.1,18.4,0.0
2024-06-12T01:00:00Z,0.016999999999995907,10.5,18.4,0.0
2024-06-12T02:00:00Z,0.4449999999999932,10.6,20.3,0.0
2024-06-12T03:00:00Z,0.146000000000015,10.9,21.9,1.0
2024-06-12T04:00:00Z,0.016999999999995907,10.9,22.9,11.0
2024-06-12T05:00:00Z,0.016999999999995907,11.2,24.2,47.0
2024-06-12T06:00:00Z,0.018000000000029104,11.2,25.3,92.0
2024-06-12T07:00:00Z,0.01799999999997226,11.5,25.5,135.0
2024-06-12T08:00:00Z,0.018000000000029104,12.6,26.7,364.0
2024-06-12T09:00:00Z,0.01799999999997226,13.4,26.6,563.0
2024-06-12T10:00:00Z,0.018000000000029104,13.6,25.4,555.0
2024-06-12T11:00:00Z,0.01799999999997226,14.2,25.3,682.0
2024-06-12T12:00:00Z,0.018000000000029104,14.2,24.5,654.0
2024-06-12T13:00:00Z,0.016999999999995907,13.9,23.7,669.0
2024-06-12T14:00:00Z,0.01799999999997226,14.1,19.9,491.0
2024-06-12T15:00:00Z,0.018000000000029104,13.9,21.5,563.0
2024-06-12T16:00:00Z,0.007999999999981355,13.6,20.6,362.0
2024-06-12T17:00:00Z,0.007999999999981355,13.2,21.3,304.0
2024-06-12T18:00:00Z,0.007000000000005002,12.1,18.0,171.0
2024-06-12T19:00:00Z,0.008000000000038199,11.4,17.0,76.0
2024-06-12T20:00:00Z,0.46699999999998454,10.4,14.5,14.0
2024-06-12T21:00:00Z,0.44299999999998363,9.6,14.2,0.0
2024-06-12T22:00:00Z,0.22399999999998954,9.3,14.3,0.0
2024-06-12T23:00:00Z,0.6480000000000246,9.0,13.8,0.0
2024-06-13T00:00:00Z,0.2440000000000282,8.6,14.3,0.0
2024-06-13T01:00:00Z,0.01799999999997226,8.1,13.7,0.0
2024-06-13T02:00:00Z,0.6589999999999918,7.8,14.5,0.0
2024-06-13T03:00:00Z,0.5459999999999923,7.8,13.2,3.0
2024-06-13T04:00:00Z,0.020000000000038654,8.6,14.3,54.0
2024-06-13T05:00:00Z,0.01799999999997226,9.9,15.8,173.0
2024-06-13T06:00:00Z,0.5269999999999868,10.8,16.7,302.0
2024-06-13T07:00:00Z,0.06800000000004047,11.6,17.9,409.0
2024-06-13T08:00:00Z,0.016999999999995907,12.4,18.8,544.0
2024-06-13T09:00:00Z,0.01799999999997226,13.2,19.5,635.0
2024-06-13T10:00:00Z,0.018000000000029104,13.6,19.1,580.0
2024-06-13T11:00:00Z,0.01799999999997226,14.5,19.1,733.0
2024-06-13T12:00:00Z,0.018000000000029104,14.6,19.2,600.0
2024-06-13T13:00:00Z,0.013999999999953161,13.7,19.0,453.0
2024-06-13T14:00:00Z,0.009000000000014552,12.2,19.1,440.0
2024-06-13T15:00:00Z,0.009000000000014552,14.1,17.7,515.0
2024-06-13T16:00:00Z,0.007999999999981355,12.5,19.6,371.0
2024-06-13T17:00:00Z,0.008000000000038199,12.8,17.4,227.0
2024-06-13T18:00:00Z,0.008999999999957708,12.1,13.5,163.0
2024-06-13T19:00:00Z,0.008000000000038199,11.9,12.6,70.0
2024-06-13T20:00:00Z,0.18500000000000227,10.9,10.5,13.0
2024-06-13T21:00:00Z,0.05899999999996908,10.4,14.3,0.0
2024-06-13T22:00:00Z,0.1430000000000291,10.4,11.3,0.0
2024-06-13T23:00:00Z,0.01799999999997226,10.1,9.0,0.0
2024-06-14T00:00:00Z,0.018000000000029104,10.0,9.2,0.0
2024-06-14T01:00:00Z,0.016999999999995907,9.4,6.8,0.0
2024-06-14T02:00:00Z,0.01799999999997226,9.6,7.6,0.0
2024-06-14T03:00:00Z,0.018000000000029104,10.4,8.3,2.0
2024-06-14T04:00:00Z,0.20499999999998408,11.2,9.4,26.0
2024-06-14T05:00:00Z,0.2980000000000018,11.9,12.2,61.0
2024-06-14T06:00:00Z,0.016999999999995907,12.6,17.1,114.0
2024-06-14T07:00:00Z,0.018000000000029104,13.6,20.5,263.0
2024-06-14T08:00:00Z,0.016999999999995907,14.4,20.9,379.0
2024-06-14T09:00:00Z,0.01799999999997226,15.6,22.2,612.0
2024-06-14T10:00:00Z,0.018000000000029104,16.1,23.2,667.0
2024-06-14T11:00:00Z,0.01799999999997226,16.5,25.3,744.0
2024-06-14T12:00:00Z,0.016999999999995907,16.4,26.8,686.0
2024-06-14T13:00:00Z,0.009999999999990905,16.8,28.3,779.0
2024-06-14T14:00:00Z,0.008000000000038199,16.4,27.8,704.0
2024-06-14T15:00:00Z,0.009999999999990905,16.0,28.1,611.0
2024-06-14T16:00:00Z,0.007999999999981355,15.9,26.8,479.0
2024-06-14T17:00:00Z,0.007999999999981355,15.6,24.0,356.0
2024-06-14T18:00:00Z,0.008000000000038199,15.3,19.1,219.0
2024-06-14T19:00:00Z,0.009000000000014552,14.6,21.4,97.0
2024-06-14T20:00:00Z,0.053999999999973625,14.2,20.0,16.0
2024-06-14T21:00:00Z,0.01799999999997226,14.1,18.9,0.0
2024-06-14T22:00:00Z,0.018000000000029104,13.9,20.6,0.0
2024-06-14T23:00:00Z,0.01799999999997226,13.8,19.6,0.0
2024-06-15T00:00:00Z,0.018000000000029104,13.6,18.4,0.0
2024-06-15T01:00:00Z,0.016999999999995907,14.1,21.9,0.0
2024-06-15T02:00:00Z,0.01799999999997226,13.8,21.4,0.0
2024-06-15T03:00:00Z,0.018000000000029104,13.9,24.6,3.0
2024-06-15T04:00:00Z,0.016999999999995907,14.3,24.0,48.0
2024-06-15T05:00:00Z,0.019000000000005457,14.9,23.1,118.0
2024-06-15T06:00:00Z,0.016999999999995907,15.3,24.2,185.0
2024-06-15T07:00:00Z,0.018000000000029104,15.9,28.0,323.0
2024-06-15T08:00:00Z,0.01799999999997226,16.0,30.7,415.0
2024-06-15T09:00:00Z,0.01799999999997226,15.1,32.6,204.0
2024-06-15T10:00:00Z,0.018000000000029104,14.6,32.6,165.0
2024-06-15T11:00:00Z,0.016999999999995907,14.8,30.7,63.0
2024-06-15T12:00:00Z,0.016999999999995907,14.9,26.5,81.0
2024-06-15T13:00:00Z,0.018000000000029104,14.9,28.1,144.0
2024-06-15T14:00:00Z,0.01799999999997226,15.2,20.7,155.0
2024-06-15T15:00:00Z,0.016999999999995907,14.7,24.9,92.0
2024-06-15T16:00:00Z,0.008000000000038199,15.6,24.0,398.0
2024-06-15T17:00:00Z,0.008999999999957708,15.2,25.5,307.0
2024-06-15T18:00:00Z,0.008000000000038199,14.8,24.2,220.0
2024-06-15T19:00:00Z,0.007999999999981355,14.1,19.4,99.0
2024-06-15T20:00:00Z,0.055999999999983174,13.4,17.3,16.0
2024-06-15T21:00:00Z,0.018000000000029104,12.7,13.7,0.0
2024-06-15T22:00:00Z,0.01799999999997226,11.6,9.8,0.0
2024-06-15T23:00:00Z,0.018000000000029104,11.2,10.1,0.0
2024-06-16T00:00:00Z,0.016999999999995907,11.4,12.0,0.0
2024-06-16T01:00:00Z,0.01799999999997226,12.1,15.0,0.0
2024-06-16T02:00:00Z,0.016999999999995907,12.6,17.2,0.0
2024-06-16T03:00:00Z,0.018000000000029104,12.9,17.8,3.0
2024-06-16T04:00:00Z,0.01799999999997226,14.1,18.7,44.0
2024-06-16T05:00:00Z,0.018000000000029104,14.9,20.3,142.0
2024-06-16T06:00:00Z,0.01799999999997226,15.6,19.2,202.0
2024-06-16T07:00:00Z,0.018000000000029104,16.3,18.9,261.0
2024-06-16T08:00:00Z,0.016999999999995907,17.3,18.9,452.0
2024-06-16T09:00:00Z,0.01799999999997226,18.0,19.2,625.0
2024-06-16T10:00:00Z,0.015000000000043201,18.1,20.9,764.0
2024-06-16T11:00:00Z,0.008999999999957708,18.3,21.1,802.0
2024-06-16T12:00:00Z,0.0030000000000427463,18.9,20.5,757.0
2024-06-16T13:00:00Z,0.0,18.9,20.9,788.0
2024-09-13T07:00:00Z,0.005999999999971806,12.6,14.3,144.0
2024-09-13T08:00:00Z,0.007999999999981355,13.9,16.9,298.0
2024-09-13T09:00:00Z,0.008000000000038199,14.2,17.2,353.0
2024-09-13T10:00:00Z,0.008999999999957708,14.5,18.9,399.0
2024-09-13T11:00:00Z,0.008000000000038199,14.7,20.3,441.0
2024-09-13T12:00:00Z,0.007999999999981355,14.9,20.6,456.0
2024-09-13T13:00:00Z,1.7099999999999795,14.4,22.4,419.0
2024-09-13T14:00:00Z,1.0889999999999986,14.5,23.5,380.0
2024-09-13T15:00:00Z,0.018000000000029104,14.0,20.8,221.0
2024-09-13T16:00:00Z,0.007999999999981355,13.6,17.4,117.0
2024-09-13T17:00:00Z,0.008000000000038199,13.3,15.9,62.0
2024-09-13T18:00:00Z,0.008999999999957708,12.1,14.3,6.0
2024-09-13T19:00:00Z,0.008000000000038199,11.8,14.1,0.0
2024-09-13T20:00:00Z,0.06099999999997863,12.1,16.4,0.0
2024-09-13T21:00:00Z,0.018000000000029104,12.2,17.8,0.0
2024-09-13T22:00:00Z,1.9049999999999727,12.1,18.6,0.0
2024-09-13T23:00:00Z,0.05700000000001637,11.6,18.9,0.0
2024-09-14T00:00:00Z,0.016999999999995907,11.6,18.6,0.0
2024-09-14T01:00:00Z,0.22199999999998,10.9,17.6,0.0
2024-09-14T02:00:00Z,0.5980000000000132,11.4,19.4,0.0
2024-09-14T03:00:00Z,0.10300000000000864,11.8,19.2,0.0
2024-09-14T04:00:00Z,0.01799999999997226,11.6,19.1,0.0
2024-09-14T05:00:00Z,0.018000000000029104,11.6,19.9,1.0
2024-09-14T06:00:00Z,0.016999999999995907,12.4,20.0,56.0
2024-09-14T07:00:00Z,0.01799999999997226,13.6,20.8,189.0
2024-09-14T08:00:00Z,0.018000000000029104,14.4,24.3,264.0
2024-09-14T09:00:00Z,0.01799999999997226,15.0,24.3,339.0
2024-09-14T10:00:00Z,1.7930000000000064,15.3,23.7,378.0
2024-09-14T11:00:00Z,0.8310000000000173,15.8,23.5,510.0
2024-09-14T12:00:00Z,0.016999999999995907,15.6,24.2,471.0
2024-09-14T13:00:00Z,0.011000000000024102,15.4,25.2,444.0
2024-09-14T14:00:00Z,0.008999999999957708,15.1,24.3,451.0
2024-09-14T15:00:00Z,0.008000000000038199,14.9,23.5,368.0
2024-09-14T16:00:00Z,0.008999999999957708,14.3,21.3,233.0
2024-09-14T17:00:00Z,0.008000000000038199,13.2,17.9,94.0
2024-09-14T18:00:00Z,0.007999999999981355,12.2,15.3,6.0
2024-09-14T19:00:00Z,0.009000000000014552,11.6,12.9,0.0
2024-09-14T20:00:00Z,0.057999999999992724,10.9,10.6,0.0
2024-09-14T21:00:00Z,0.01799999999997226,10.6,10.5,0.0
2024-09-14T22:00:00Z,0.016999999999995907,10.9,12.5,0.0
2024-09-14T23:00:00Z,0.06400000000002137,10.7,13.3,0.0
2024-09-15T00:00:00Z,0.018000000000029104,10.6,13.3,0.0
2024-09-15T01:00:00Z,0.01799999999997226,9.9,12.1,0.0
2024-09-15T02:00:00Z,0.019000000000005457,9.8,11.6,0.0
2024-09-15T03:00:00Z,0.01799999999997226,9.7,9.6,0.0
2024-09-15T04:00:00Z,0.016999999999995907,9.4,8.1,0.0
2024-09-15T05:00:00Z,0.19400000000001683,9.1,7.1,1.0
2024-09-15T06:00:00Z,0.5690000000000168,10.6,8.3,52.0
2024-09-15T07:00:00Z,0.1449999999999818,12.1,7.4,161.0
2024-09-15T08:00:00Z,0.018000000000029104,13.6,9.7,289.0
2024-09-15T09:00:00Z,0.016999999999995907,14.8,13.6,392.0
2024-09-15T10:00:00Z,0.01799999999997226,15.5,11.7,456.0
2024-09-15T11:00:00Z,0.016999999999995907,16.0,11.2,495.0
2024-09-15T12:00:00Z,0.018000000000029104,16.4,10.4,522.0
2024-09-15T13:00:00Z,0.014999999999986358,16.6,7.6,546.0
2024-09-15T14:00:00Z,0.009000000000014552,16.6,8.6,483.0
2024-09-15T15:00:00Z,0.009000000000014552,16.0,12.1,355.0
2024-09-15T16:00:00Z,0.007999999999981355,14.9,13.3,218.0
2024-09-15T17:00:00Z,0.007999999999981355,13.2,10.4,86.0
2024-09-15T18:00:00Z,0.008000000000038199,11.4,8.7,4.0
2024-09-15T19:00:00Z,0.007999999999981355,10.3,6.8,0.0
2024-09-15T20:00:00Z,0.07099999999996953,9.9,7.8,0.0
2024-09-15T21:00:00Z,0.4900000000000091,9.2,8.1,0.0
2024-09-15T22:00:00Z,0.018000000000029104,8.7,7.0,0.0
2024-09-15T23:00:00Z,0.057999999999992724,8.2,6.7,0.0
2024-09-16T00:00:00Z,0.019000000000005457,7.6,9.1,0.0
2024-09-16T01:00:00Z,0.01799999999997226,7.1,5.6,0.0
2024-09-16T02:00:00Z,0.018000000000029104,7.1,5.6,0.0
2024-09-16T03:00:00Z,0.01799999999997226,7.7,7.7,0.0
2024-09-16T04:00:00Z,0.018000000000029104,8.0,7.3,0.0
2024-09-16T05:00:00Z,0.117999999999995,8.3,9.0,1.0
2024-09-16T06:00:00Z,0.01799999999997226,9.4,11.4,49.0
2024-09-16T07:00:00Z,0.018000000000029104,10.9,9.2,163.0
2024-09-16T08:00:00Z,0.016999999999995907,13.1,8.1,286.0
2024-09-16T09:00:00Z,0.01799999999997226,14.8,8.1,394.0
2024-09-16T10:00:00Z,0.018000000000029104,16.0,10.8,442.0
2024-09-16T11:00:00Z,0.01799999999997226,17.0,13.3,477.0
2024-09-16T12:00:00Z,0.016999999999995907,17.6,13.0,451.0
2024-09-16T13:00:00Z,0.018000000000029104,17.9,13.0,530.0
2024-09-16T14:00:00Z,0.016999999999995907,17.8,13.8,446.0
2024-09-16T15:00:00Z,0.01799999999997226,17.5,13.0,288.0
2024-09-16T16:00:00Z,0.008000000000038199,16.5,14.2,162.0
2024-09-16T17:00:00Z,0.007999999999981355,15.1,15.1,60.0
2024-09-16T18:00:00Z,0.007999999999981355,14.0,14.1,3.0
2024-09-16T19:00:00Z,0.008000000000038199,13.4,13.7,0.0
2024-09-16T20:00:00Z,0.03899999999998727,13.5,12.6,0.0
2024-09-16T21:00:00Z,0.016999999999995907,13.6,13.0,0.0
2024-09-16T22:00:00Z,0.018000000000029104,13.6,12.2,0.0
2024-09-16T23:00:00Z,0.01799999999997226,13.8,11.5,0.0
2024-09-17T00:00:00Z,0.016999999999995907,13.8,10.4,0.0
2024-09-17T01:00:00Z,0.018000000000029104,12.1,10.1,0.0
2024-09-17T02:00:00Z,0.01799999999997226,11.9,10.8,0.0
2024-09-17T03:00:00Z,0.018000000000029104,11.6,7.6,0.0
2024-09-17T04:00:00Z,0.01799999999997226,11.1,8.0,0.0
2024-09-17T05:00:00Z,0.018000000000029104,10.8,8.7,0.0
2024-09-17T06:00:00Z,0.016999999999995907,12.1,9.8,49.0
2024-09-17T07:00:00Z,0.01799999999997226,13.8,7.0,157.0
2024-09-17T08:00:00Z,0.018000000000029104,15.4,6.4,275.0
2024-09-17T09:00:00Z,0.04800000000000182,16.9,10.1,395.0
2024-09-17T10:00:00Z,0.016999999999995907,18.2,9.8,443.0
2024-09-17T11:00:00Z,0.016999999999995907,19.3,7.6,423.0
2024-09-17T12:00:00Z,0.012000000000000455,19.6,6.3,490.0
2024-09-17T13:00:00Z,0.008999999999957708,19.2,5.7,400.0
2024-09-17T14:00:00Z,0.009000000000014552,19.0,5.5,347.0
2024-09-17T15:00:00Z,0.009000000000014552,18.0,3.4,242.0
2024-09-17T16:00:00Z,0.009000000000014552,17.2,6.2,129.0
2024-09-17T17:00:00Z,0.007999999999981355,15.9,6.8,48.0
2024-09-17T18:00:00Z,0.02800000000002001,14.4,7.2,2.0
2024-09-17T19:00:00Z,0.016999999999995907,13.6,8.5,0.0
2024-09-17T20:00:00Z,0.01799999999997226,13.3,10.2,0.0
2024-09-17T21:00:00Z,0.018000000000029104,13.2,9.0,0.0
2024-09-17T22:00:00Z,0.01799999999997226,13.1,7.2,0.0
2024-09-17T23:00:00Z,0.018000000000029104,12.9,6.2,0.0
2024-09-18T00:00:00Z,0.01799999999997226,12.4,5.6,0.0
2024-09-18T01:00:00Z,0.018000000000029104,11.9,6.5,0.0
2024-09-18T02:00:00Z,0.01799999999997226,11.9,6.9,0.0
2024-09-18T03:00:00Z,0.018000000000029104,12.3,6.4,0.0
2024-09-18T04:00:00Z,0.01799999999997226,13.3,4.8,0.0
2024-09-18T05:00:00Z,0.018000000000029104,12.6,6.1,0.0
2024-09-18T06:00:00Z,0.01799999999997226,13.8,8.0,48.0
2024-09-18T07:00:00Z,0.018000000000029104,15.6,7.8,168.0
2024-09-18T08:00:00Z,0.01799999999997226,16.8,8.0,301.0
2024-09-18T09:00:00Z,0.018000000000029104,17.7,9.2,418.0
2024-09-18T10:00:00Z,0.01799999999997226,18.2,8.3,506.0
2024-09-18T11:00:00Z,0.018000000000029104,18.9,6.9,556.0
2024-09-18T12:00:00Z,0.01799999999997226,19.3,6.0,561.0
2024-09-18T13:00:00Z,0.01799999999997226,16.7,6.6,438.0
2024-09-18T14:00:00Z,0.01700000000005275,16.9,5.0,426.0
2024-09-18T15:00:00Z,0.01799999999997226,17.0,2.6,325.0
2024-09-18T16:00:00Z,0.018000000000029104,17.0,1.8,193.0
2024-09-18T17:00:00Z,0.016999999999995907,16.3,5.0,67.0
2024-09-18T18:00:00Z,0.01799999999997226,14.4,7.6,2.0
2024-09-18T19:00:00Z,0.016999999999995907,14.8,8.1,0.0
2024-09-18T20:00:00Z,0.018000000000029104,14.7,9.1,0.0
2024-09-18T21:00:00Z,0.016999999999995907,14.6,8.7,0.0
2024-09-18T22:00:00Z,0.01799999999997226,13.9,7.9,0.0
2024-09-18T23:00:00Z,0.016999999999995907,13.4,8.3,0.0
2024-09-19T00:00:00Z,0.016999999999995907,13.1,9.0,0.0
2024-09-19T01:00:00Z,0.016999999999995907,13.1,9.8,0.0
2024-09-19T02:00:00Z,0.018000000000029104,12.9,9.3,0.0
2024-09-19T03:00:00Z,0.016999999999995907,12.8,9.7,0.0
2024-09-19T04:00:00Z,0.016999999999995907,12.6,10.5,0.0
2024-09-19T05:00:00Z,0.018000000000029104,12.4,10.7,0.0
2024-09-19T06:00:00Z,0.016999999999995907,13.1,12.5,47.0
2024-09-19T07:00:00Z,0.01799999999997226,14.4,12.4,170.0
2024-09-19T08:00:00Z,0.016999999999995907,15.4,13.4,304.0
2024-09-19T09:00:00Z,0.018000000000029104,16.5,12.8,420.0
2024-09-19T10:00:00Z,0.016999999999995907,17.6,12.4,506.0
2024-09-19T11:00:00Z,0.01799999999997226,18.5,13.0,556.0
2024-09-19T12:00:00Z,0.013000000000033651,19.1,12.2,558.0
2024-09-19T13:00:00Z,0.007999999999981355,18.3,11.2,500.0
2024-09-19T14:00:00Z,0.009000000000014552,18.6,13.0,426.0
2024-09-19T15:00:00Z,0.008999999999957708,18.5,15.3,316.0
2024-09-19T16:00:00Z,0.009000000000014552,18.0,16.0,187.0
2024-09-19T17:00:00Z,0.009000000000014552,16.6,13.4,61.0
2024-09-19T18:00:00Z,0.009000000000014552,15.6,13.2,1.0
2024-09-19T19:00:00Z,0.008999999999957708,15.1,11.7,0.0
2024-09-19T20:00:00Z,0.009000000000014552,14.8,10.5,0.0
2024-09-19T21:00:00Z,0.008000000000038199,14.5,10.7,0.0
2024-09-19T22:00:00Z,0.008999999999957708,14.4,10.7,0.0
2024-09-19T23:00:00Z,0.009000000000014552,14.3,10.2,0.0
2024-09-20T00:00:00Z,0.009000000000014552,14.1,9.8,0.0
2024-09-20T01:00:00Z,0.008999999999957708,14.1,11.6,0.0
2024-09-20T02:00:00Z,0.053000000000054115,14.1,11.4,0.0
2024-09-20T03:00:00Z,0.018999999999948614,14.1,11.4,0.0
2024-09-20T04:00:00Z,0.018000000000029104,14.1,10.6,0.0
2024-09-20T05:00:00Z,0.01799999999997226,14.1,10.5,0.0
2024-09-20T06:00:00Z,0.018000000000029104,14.8,11.7,43.0
2024-09-20T07:00:00Z,0.01799999999997226,16.0,10.9,165.0
2024-09-20T08:00:00Z,0.018000000000029104,17.2,11.6,301.0
2024-09-20T09:00:00Z,0.01799999999997226,18.5,12.3,420.0
2024-09-20T10:00:00Z,0.018000000000029104,19.5,12.4,507.0
2024-09-20T11:00:00Z,0.014000000000010004,20.3,12.7,554.0
2024-09-20T12:00:00Z,0.008999999999957708,20.9,12.8,557.0
2024-09-20T13:00:00Z,0.009000000000014552,20.2,11.2,516.0
2024-09-20T14:00:00Z,0.009000000000014552,20.5,10.8,434.0
2024-09-20T15:00:00Z,0.009000000000014552,20.3,10.4,321.0
2024-09-20T16:00:00Z,0.008999999999957708,19.4,8.3,188.0
2024-09-20T17:00:00Z,0.009000000000014552,16.4,7.3,60.0
2024-09-20T18:00:00Z,0.009000000000014552,15.6,7.6,1.0
2024-09-20T19:00:00Z,0.012999999999976808,15.9,10.4,0.0
2024-09-20T20:00:00Z,0.018000000000029104,15.5,11.2,0.0
2024-09-20T21:00:00Z,0.01799999999997226,15.0,10.8,0.0
2024-09-20T22:00:00Z,0.018000000000029104,14.4,9.7,0.0
2024-09-20T23:00:00Z,0.01799999999997226,14.0,8.6,0.0
2024-09-21T00:00:00Z,0.018000000000029104,13.6,8.0,0.0
2024-09-21T01:00:00Z,0.01799999999997226,12.9,7.4,0.0
2024-09-21T02:00:00Z,0.018000000000029104,12.9,8.0,0.0
2024-09-21T03:00:00Z,0.01799999999997226,12.8,8.5,0.0
2024-09-21T04:00:00Z,0.018000000000029104,12.8,9.2,0.0
2024-09-21T05:00:00Z,0.01799999999997226,12.6,8.3,0.0
2024-09-21T06:00:00Z,0.018000000000029104,13.7,8.4,42.0
2024-09-21T07:00:00Z,0.01799999999997226,15.4,10.0,166.0
2024-09-21T08:00:00Z,0.018000000000029104,16.7,10.5,299.0
2024-09-21T09:00:00Z,0.01799999999997226,17.7,12.0,415.0
2024-09-21T10:00:00Z,0.019000000000005457,18.5,12.2,503.0
2024-09-21T11:00:00Z,0.018000000000029104,19.0,13.0,549.0
2024-09-21T12:00:00Z,0.014999999999986358,19.1,13.1,553.0
2024-09-21T13:00:00Z,0.007999999999981355,19.5,12.8,512.0
2024-09-21T14:00:00Z,0.009000000000014552,19.3,12.0,427.0
2024-09-21T15:00:00Z,0.007999999999981355,18.9,10.4,303.0
2024-09-21T16:00:00Z,0.009000000000014552,18.0,8.5,170.0
2024-09-21T17:00:00Z,0.009000000000014552,16.4,6.2,44.0
2024-09-21T18:00:00Z,0.008999999999957708,15.4,6.9,0.0
2024-09-21T19:00:00Z,0.016999999999995907,15.5,6.5,0.0
2024-09-21T20:00:00Z,0.018000000000029104,15.5,8.0,0.0
2024-09-21T21:00:00Z,0.01799999999997226,15.3,9.1,0.0
2024-09-21T22:00:00Z,0.019000000000005457,14.9,8.8,0.0
2024-09-21T23:00:00Z,0.016000000000019554,14.2,8.3,0.0
2024-09-22T00:00:00Z,0.01799999999997226,13.9,8.3,0.0
2024-09-22T01:00:00Z,0.018000000000029104,13.8,8.8,0.0
2024-09-22T02:00:00Z,0.016999999999995907,13.8,8.9,0.0
2024-09-22T03:00:00Z,0.018000000000029104,13.8,10.1,0.0
2024-09-22T04:00:00Z,0.016999999999995907,13.7,11.1,0.0
2024-09-22T05:00:00Z,0.019000000000005457,13.8,11.3,0.0
2024-09-22T06:00:00Z,0.016999999999995907,14.5,12.6,39.0
2024-09-22T07:00:00Z,0.01799999999997226,15.9,12.6,158.0
2024-09-22T08:00:00Z,0.018000000000029104,17.0,16.7,293.0
2024-09-22T09:00:00Z,0.01799999999997226,18.0,15.7,402.0
2024-09-22T10:00:00Z,0.018000000000029104,18.9,16.3,493.0
2024-09-22T11:00:00Z,0.010999999999967258,19.3,16.8,541.0
2024-09-22T12:00:00Z,0.009000000000014552,19.2,16.5,541.0
2024-09-22T13:00:00Z,0.009000000000014552,19.0,14.2,502.0
2024-09-22T14:00:00Z,0.008999999999957708,18.7,14.0,420.0
2024-09-22T15:00:00Z,0.008000000000038199,18.1,12.8,306.0
2024-09-22T16:00:00Z,0.008999999999957708,17.4,12.1,174.0
2024-09-22T17:00:00Z,0.009000000000014552,16.1,11.3,49.0
2024-09-22T18:00:00Z,0.009000000000014552,15.8,11.6,0.0
2024-09-22T19:00:00Z,0.009000000000014552,15.4,10.3,0.0
2024-09-22T20:00:00Z,0.008999999999957708,15.0,9.1,0.0
2024-09-22T21:00:00Z,0.009000000000014552,14.7,9.1,0.0
2024-09-22T22:00:00Z,0.009000000000014552,14.6,8.8,0.0
2024-09-22T23:00:00Z,0.05099999999998772,14.4,8.0,0.0
2024-09-23T00:00:00Z,0.018000000000029104,14.2,7.3,0.0
2024-09-23T01:00:00Z,0.018999999999948614,13.9,7.6,0.0
2024-09-23T02:00:00Z,0.018000000000029104,13.7,7.6,0.0
2024-09-23T03:00:00Z,0.01799999999997226,13.4,6.9,0.0
2024-09-23T04:00:00Z,0.018000000000029104,13.2,7.3,0.0
2024-09-23T05:00:00Z,0.01799999999997226,13.2,7.6,0.0
2024-09-23T06:00:00Z,0.018000000000029104,14.2,8.7,33.0
2024-09-23T07:00:00Z,0.016999999999995907,15.5,9.2,143.0
2024-09-23T08:00:00Z,0.01799999999997226,16.7,9.2,261.0
2024-09-23T09:00:00Z,0.01700000000005275,17.9,10.3,388.0
2024-09-23T10:00:00Z,0.01799999999997226,18.6,10.8,485.0
2024-09-23T11:00:00Z,0.018000000000029104,19.1,11.9,526.0
2024-09-23T12:00:00Z,0.01799999999997226,19.3,12.3,526.0
2024-09-23T13:00:00Z,0.018000000000029104,19.3,11.7,488.0
2024-09-23T14:00:00Z,0.01799999999997226,19.1,12.0,405.0
2024-09-23T15:00:00Z,0.01799999999997226,18.5,12.0,286.0
2024-09-23T16:00:00Z,0.018000000000029104,17.6,10.7,157.0
2024-09-23T17:00:00Z,0.01799999999997226,16.0,8.7,42.0
2024-09-23T18:00:00Z,0.01700000000005275,15.3,8.0,0.0
2024-09-23T19:00:00Z,0.01799999999997226,15.2,7.9,0.0
2024-09-23T20:00:00Z,0.014999999999986358,15.3,8.4,0.0
2024-09-23T21:00:00Z,0.018000000000029104,15.1,7.3,0.0
2024-09-23T22:00:00Z,0.01799999999997226,14.9,6.5,0.0
2024-09-23T23:00:00Z,0.016999999999995907,14.4,6.4,0.0
2024-09-24T00:00:00Z,0.018000000000029104,14.0,6.9,0.0
2024-09-24T01:00:00Z,0.01799999999997226,13.5,8.1,0.0
2024-09-24T02:00:00Z,0.016000000000019554,12.7,9.7,0.0
2024-09-24T03:00:00Z,0.016999999999995907,12.4,9.7,0.0
2024-09-24T04:00:00Z,0.01799999999997226,12.1,7.7,0.0
2024-09-24T05:00:00Z,0.018000000000029104,14.2,2.5,0.0
2024-09-24T06:00:00Z,0.016999999999995907,14.2,4.1,18.0
2024-09-24T07:00:00Z,0.018000000000029104,15.2,8.4,78.0
2024-09-24T08:00:00Z,0.016999999999995907,16.5,10.2,189.0
2024-09-24T09:00:00Z,0.016999999999995907,17.3,13.0,259.0
2024-09-24T10:00:00Z,0.01799999999997226,17.6,12.6,253.0
2024-09-24T11:00:00Z,0.016999999999995907,18.0,12.2,294.0
2024-09-24T12:00:00Z,0.016999999999995907,18.0,10.1,223.0
2024-09-24T13:00:00Z,0.018000000000029104,17.1,11.2,152.0
2024-09-24T14:00:00Z,0.016999999999995907,16.5,6.6,56.0
2024-09-24T15:00:00Z,0.01799999999997226,16.4,5.8,65.0
2024-09-24T16:00:00Z,0.016999999999995907,15.8,10.4,21.0
2024-09-24T17:00:00Z,0.018000000000029104,15.2,10.4,5.0
2024-09-24T18:00:00Z,0.01799999999997226,15.0,11.5,0.0
2024-09-24T19:00:00Z,0.016999999999995907,14.8,13.6,0.0
2024-09-24T20:00:00Z,0.018000000000029104,14.5,17.3,0.0
2024-09-24T21:00:00Z,0.01799999999997226,14.2,19.4,0.0
2024-09-24T22:00:00Z,0.01700000000005275,13.9,20.0,0.0
2024-09-24T23:00:00Z,0.01799999999997226,13.4,18.7,0.0
2024-09-25T00:00:00Z,0.016999999999995907,13.6,19.0,0.0
2024-09-25T01:00:00Z,0.016999999999995907,14.5,23.9,0.0
2024-09-25T02:00:00Z,0.018000000000029104,14.1,23.3,0.0
2024-09-25T03:00:00Z,0.016999999999995907,14.0,23.8,0.0
2024-09-25T04:00:00Z,0.01799999999997226,13.4,24.0,0.0
2024-09-25T05:00:00Z,0.016999999999995907,12.8,22.3,0.0
2024-09-25T06:00:00Z,0.016999999999995907,13.3,23.6,28.0
2024-09-25T07:00:00Z,0.018000000000029104,14.2,24.4,113.0
2024-09-25T08:00:00Z,0.01799999999997226,14.8,30.0,206.0
2024-09-25T09:00:00Z,0.018000000000029104,15.0,29.5,242.0
2024-09-25T10:00:00Z,0.016999999999995907,15.5,29.5,348.0
2024-09-25T11:00:00Z,0.01799999999997226,15.8,29.1,358.0
2024-09-25T12:00:00Z,0.016999999999995907,15.6,30.8,375.0
2024-09-25T13:00:00Z,0.018000000000029104,15.7,25.9,312.0
2024-09-25T14:00:00Z,0.016999999999995907,14.9,29.5,205.0
2024-09-25T15:00:00Z,0.016999999999995907,13.8,19.7,59.0
2024-09-25T16:00:00Z,0.016999999999995907,13.8,19.0,76.0
2024-09-25T17:00:00Z,0.014999999999986358,13.1,16.5,26.0
2024-09-25T18:00:00Z,0.018000000000029104,12.8,17.3,0.0
2024-09-25T19:00:00Z,0.016999999999995907,12.4,15.1,0.0
2024-09-25T20:00:00Z,0.01799999999997226,12.1,13.7,0.0
2024-09-25T21:00:00Z,0.01700000000005275,11.8,13.4,0.0
2024-09-25T22:00:00Z,0.01799999999997226,11.4,12.5,0.0
2024-09-25T23:00:00Z,0.016000000000019554,11.1,10.5,0.0
2024-09-26T00:00:00Z,0.016999999999995907,10.8,10.4,0.0
2024-09-26T01:00:00Z,0.06200000000001182,10.4,7.1,0.0
2024-09-26T02:00:00Z,0.464999999999975,9.8,6.7,0.0
2024-09-26T03:00:00Z,0.18799999999998818,10.1,6.7,0.0
2024-09-26T04:00:00Z,0.08500000000003638,11.7,9.6,0.0
2024-09-26T05:00:00Z,0.4219999999999686,13.1,14.5,0.0
2024-09-26T06:00:00Z,0.018000000000029104,13.9,20.0,14.0
2024-09-26T07:00:00Z,0.01799999999997226,14.1,22.0,23.0
2024-09-26T08:00:00Z,0.018000000000029104,14.1,19.7,19.0
2024-09-26T09:00:00Z,0.01799999999997226,14.2,19.0,35.0
2024-09-26T10:00:00Z,0.018000000000029104,14.4,24.2,45.0
2024-09-26T11:00:00Z,0.016999999999995907,14.9,24.3,71.0
2024-09-26T12:00:00Z,0.016999999999995907,15.1,28.4,69.0
2024-09-26T13:00:00Z,0.016999999999995907,14.5,21.4,48.0
2024-09-26T14:00:00Z,0.016999999999995907,15.2,23.0,106.0
2024-09-26T15:00:00Z,0.01599999999996271,15.7,23.3,184.0
2024-09-26T16:00:00Z,0.018000000000029104,16.0,24.9,77.0
2024-09-26T17:00:00Z,0.016999999999995907,15.8,33.4,28.0
2024-09-26T18:00:00Z,0.016999999999995907,15.2,34.1,0.0
2024-09-26T19:00:00Z,0.016999999999995907,15.1,38.7,0.0
2024-09-26T20:00:00Z,1.4960000000000377,14.9,36.1,0.0
2024-09-26T21:00:00Z,1.3829999999999814,14.4,28.2,0.0
2024-09-26T22:00:00Z,1.474999999999966,14.0,24.6,0.0
2024-09-26T23:00:00Z,0.5500000000000114,13.9,24.0,0.0
2024-09-27T00:00:00Z,0.016999999999995907,13.9,22.6,0.0
2024-09-27T01:00:00Z,0.016999999999995907,14.5,16.2,0.0
2024-09-27T02:00:00Z,0.018000000000029104,14.6,20.0,0.0
2024-09-27T03:00:00Z,0.016999999999995907,14.6,22.8,0.0
2024-09-27T04:00:00Z,0.01799999999997226,14.5,26.0,0.0
2024-09-27T05:00:00Z,0.01700000000005275,13.9,25.2,0.0
2024-09-27T06:00:00Z,0.01799999999997226,13.8,29.4,12.0
2024-09-27T07:00:00Z,0.016999999999995907,13.6,33.3,95.0
2024-09-27T08:00:00Z,0.018000000000029104,14.1,37.5,221.0
2024-09-27T09:00:00Z,0.01799999999997226,14.9,39.6,311.0
2024-09-27T10:00:00Z,0.016999999999995907,15.4,38.3,414.0
2024-09-27T11:00:00Z,0.018000000000029104,15.7,37.9,461.0
2024-09-27T12:00:00Z,0.01799999999997226,14.9,39.1,465.0
2024-09-27T13:00:00Z,0.018000000000029104,15.1,34.1,404.0
2024-09-27T14:00:00Z,0.01599999999996271,14.9,35.4,287.0
2024-09-27T15:00:00Z,0.018000000000029104,13.7,29.7,159.0
2024-09-27T16:00:00Z,0.01799999999997226,12.9,23.6,60.0
2024-09-27T17:00:00Z,0.016999999999995907,12.9,21.3,10.0
2024-09-27T18:00:00Z,0.018000000000029104,13.0,22.1,0.0
2024-09-27T19:00:00Z,0.016999999999995907,12.9,15.4,0.0
2024-09-27T20:00:00Z,0.01799999999997226,12.3,6.2,0.0
2024-09-27T21:00:00Z,0.016999999999995907,12.1,4.7,0.0
2024-09-27T22:00:00Z,0.018000000000029104,11.3,5.4,0.0
2024-09-27T23:00:00Z,0.016999999999995907,11.7,5.6,0.0
2024-09-28T00:00:00Z,0.016000000000019554,11.9,12.8,0.0
2024-09-28T01:00:00Z,0.016999999999995907,11.2,16.6,0.0
2024-09-28T02:00:00Z,0.016999999999995907,11.1,19.7,0.0
2024-09-28T03:00:00Z,0.3429999999999609,10.2,19.5,0.0
2024-09-28T04:00:00Z,0.2820000000000391,9.5,17.0,0.0
2024-09-28T05:00:00Z,0.2740000000000009,9.2,19.2,0.0
2024-09-28T06:00:00Z,0.45400000000000773,9.5,22.0,22.0
2024-09-28T07:00:00Z,0.10599999999999454,10.3,23.9,123.0
2024-09-28T08:00:00Z,0.01799999999997226,11.2,28.9,245.0
2024-09-28T09:00:00Z,0.018000000000029104,11.4,30.4,368.0
2024-09-28T10:00:00Z,0.057999999999992724,11.7,31.3,460.0
2024-09-28T11:00:00Z,0.016999999999995907,11.9,31.8,487.0
2024-09-28T12:00:00Z,0.01799999999997226,11.9,32.4,475.0
2024-09-28T13:00:00Z,0.018000000000029104,11.9,31.2,415.0
2024-09-28T14:00:00Z,0.016999999999995907,11.6,32.4,339.0
2024-09-28T15:00:00Z,0.01799999999997226,11.7,28.1,212.0
2024-09-28T16:00:00Z,0.016999999999995907,11.1,24.4,114.0
2024-09-28T17:00:00Z,0.018000000000029104,10.3,21.5,24.0
2024-09-28T18:00:00Z,0.016999999999995907,10.0,20.8,0.0
2024-09-28T19:00:00Z,0.016999999999995907,10.1,21.9,0.0
2024-09-28T20:00:00Z,0.06700000000000728,9.6,21.1,0.0
2024-09-28T21:00:00Z,0.01799999999997226,9.3,20.5,0.0
2024-09-28T22:00:00Z,1.0550000000000068,8.9,20.9,0.0
2024-09-28T23:00:00Z,2.1450000000000387,8.6,21.3,0.0
2024-09-29T00:00:00Z,0.019000000000005457,8.5,20.7,0.0
2024-09-29T01:00:00Z,0.4359999999999786,7.8,19.5,0.0
2024-09-29T02:00:00Z,0.58299999999997,8.0,19.2,0.0
2024-09-29T03:00:00Z,0.20800000000002683,8.0,19.1,0.0
2024-09-29T04:00:00Z,0.6979999999999791,7.8,18.0,0.0
2024-09-29T05:00:00Z,0.3439999999999941,7.7,17.4,0.0
2024-09-29T06:00:00Z,0.3240000000000123,8.1,17.3,20.0
2024-09-29T07:00:00Z,0.632000000000005,9.4,15.6,126.0
2024-09-29T08:00:00Z,0.03100000000000591,10.9,18.3,248.0
2024-09-29T09:00:00Z,0.018000000000029104,11.9,21.3,356.0
2024-09-29T10:00:00Z,0.01799999999997226,12.5,23.1,410.0
2024-09-29T11:00:00Z,0.018000000000029104,12.9,22.3,395.0
2024-09-29T12:00:00Z,0.016999999999995907,13.4,21.4,400.0
2024-09-29T13:00:00Z,0.01799999999997226,13.2,19.0,353.0
2024-09-29T14:00:00Z,0.018000000000029104,12.6,16.0,194.0
2024-09-29T15:00:00Z,0.01799999999997226,12.6,13.0,131.0
2024-09-29T16:00:00Z,0.016999999999995907,12.1,8.3,67.0
2024-09-29T17:00:00Z,0.016999999999995907,11.4,6.0,12.0
2024-09-29T18:00:00Z,0.016999999999995907,10.2,5.2,0.0
2024-09-29T19:00:00Z,0.016999999999995907,8.9,6.4,0.0
2024-09-29T20:00:00Z,0.5690000000000168,8.1,7.2,0.0
2024-09-29T21:00:00Z,0.5079999999999814,8.6,8.7,0.0
2024-09-29T22:00:00Z,0.1290000000000191,9.0,9.4,0.0
2024-09-29T23:00:00Z,0.41800000000000637,8.4,7.8,0.0
2024-09-30T00:00:00Z,0.6270000000000095,7.8,7.9,0.0
2024-09-30T01:00:00Z,0.21199999999998909,5.4,10.3,0.0
2024-09-30T02:00:00Z,0.6940000000000168,9.0,6.8,0.0
2024-09-30T03:00:00Z,0.5430000000000064,7.4,8.6,0.0
2024-09-30T04:00:00Z,0.08499999999997954,10.0,13.0,0.0
2024-09-30T05:00:00Z,0.016999999999995907,10.6,14.0,0.0
2024-09-30T06:00:00Z,0.01799999999997226,11.1,14.6,14.0
2024-09-30T07:00:00Z,0.018000000000029104,12.1,17.7,93.0
2024-09-30T08:00:00Z,0.01799999999997226,13.1,23.5,188.0
2024-09-30T09:00:00Z,0.018000000000029104,13.4,26.7,296.0
2024-09-30T10:00:00Z,0.01799999999997226,13.3,27.8,325.0
2024-09-30T11:00:00Z,0.018000000000029104,13.4,28.4,303.0
2024-09-30T12:00:00Z,1.3039999999999736,13.7,27.0,354.0
2024-09-30T13:00:00Z,1.4470000000000027,13.6,29.5,379.0
2024-09-30T14:00:00Z,0.018000000000029104,13.4,30.5,324.0
2024-09-30T15:00:00Z,0.016999999999995907,13.0,31.6,250.0
2024-09-30T16:00:00Z,0.016000000000019554,12.5,31.8,126.0
2024-09-30T17:00:00Z,0.016999999999995907,12.2,31.6,19.0
2024-09-30T18:00:00Z,0.016999999999995907,12.4,31.9,0.0
2024-09-30T19:00:00Z,0.01599999999996271,12.8,32.5,0.0
2024-09-30T20:00:00Z,0.016999999999995907,12.9,32.7,0.0
2024-09-30T21:00:00Z,0.016000000000019554,13.0,32.7,0.0
2024-09-30T22:00:00Z,0.016999999999995907,12.6,31.7,0.0
2024-09-30T23:00:00Z,0.016999999999995907,12.7,31.5,0.0
2024-10-01T00:00:00Z,0.016000000000019554,12.5,31.8,0.0
2024-10-01T01:00:00Z,0.016999999999995907,12.9,33.2,0.0
2024-10-01T02:00:00Z,0.016999999999995907,12.8,33.1,0.0
2024-10-01T03:00:00Z,0.016999999999995907,12.5,32.9,0.0
2024-10-01T04:00:00Z,0.016999999999995907,12.4,32.7,0.0
2024-10-01T05:00:00Z,0.016999999999995907,12.5,33.4,0.0
2024-10-01T06:00:00Z,0.016000000000019554,12.8,35.1,12.0
2024-10-01T07:00:00Z,0.016000000000019554,12.9,35.3,71.0
2024-10-01T08:00:00Z,0.016999999999995907,13.1,39.6,194.0
2024-10-01T09:00:00Z,0.01599999999996271,13.2,41.4,248.0
2024-10-01T10:00:00Z,0.016999999999995907,13.1,40.4,298.0
2024-10-01T11:00:00Z,0.016999999999995907,12.9,38.1,323.0
2024-10-01T12:00:00Z,0.01700000000005275,12.9,37.2,339.0
2024-10-01T13:00:00Z,0.016999999999995907,12.8,34.8,294.0
2024-10-01T14:00:00Z,0.01599999999996271,12.7,32.3,212.0
2024-10-01T15:00:00Z,0.016999999999995907,12.9,30.7,134.0
2024-10-01T16:00:00Z,0.016999999999995907,12.8,29.7,69.0
2024-10-01T17:00:00Z,0.016999999999995907,11.8,30.9,7.0
2024-10-01T18:00:00Z,0.01700000000005275,11.2,32.3,0.0
2024-10-01T19:00:00Z,0.01599999999996271,10.8,30.2,0.0
2024-10-01T20:00:00Z,0.12400000000002365,10.4,26.2,0.0
2024-10-01T21:00:00Z,0.20699999999999363,9.8,23.6,0.0
2024-10-01T22:00:00Z,0.5879999999999654,9.1,22.5,0.0
2024-10-01T23:00:00Z,0.37700000000000955,8.9,21.7,0.0
2024-10-02T00:00:00Z,2.133000000000038,8.6,21.5,0.0
2024-10-02T01:00:00Z,0.6949999999999932,7.9,22.5,0.0
2024-10-02T02:00:00Z,0.01599999999996271,7.8,21.7,0.0
2024-10-02T03:00:00Z,0.11000000000001364,7.7,21.4,0.0
2024-10-02T04:00:00Z,0.41500000000002046,7.5,21.1,0.0
2024-10-02T05:00:00Z,0.6279999999999859,7.3,19.5,0.0
2024-10-02T06:00:00Z,0.28899999999998727,7.3,17.6,15.0
2024-10-02T07:00:00Z,0.6730000000000018,8.3,17.6,116.0
2024-10-02T08:00:00Z,0.06999999999999318,9.4,17.3,248.0
2024-10-02T09:00:00Z,0.018000000000029104,10.5,19.4,359.0
2024-10-02T10:00:00Z,0.01799999999997226,11.6,19.8,439.0
2024-10-02T11:00:00Z,1.8330000000000268,12.4,23.9,485.0
2024-10-02T12:00:00Z,0.08600000000001273,12.5,23.5,358.0
2024-10-02T13:00:00Z,0.01799999999997226,12.0,20.8,199.0
2024-10-02T14:00:00Z,0.016999999999995907,12.1,21.0,173.0
2024-10-02T15:00:00Z,0.016999999999995907,11.7,17.3,75.0
2024-10-02T16:00:00Z,0.016999999999995907,11.4,16.4,32.0
2024-10-02T17:00:00Z,0.016999999999995907,10.8,17.5,8.0
2024-10-02T18:00:00Z,0.01700000000005275,10.1,15.8,0.0
2024-10-02T19:00:00Z,0.016999999999995907,9.6,14.9,0.0
2024-10-02T20:00:00Z,0.24099999999998545,9.1,14.9,0.0
2024-10-02T21:00:00Z,0.01799999999997226,8.9,17.4,0.0
2024-10-02T22:00:00Z,0.4340000000000259,8.6,18.3,0.0
2024-10-02T23:00:00Z,0.4060000000000059,8.4,18.5,0.0
2024-10-03T00:00:00Z,0.01799999999997226,8.1,18.1,0.0
2024-10-03T01:00:00Z,0.016999999999995907,7.9,18.5,0.0
2024-10-03T02:00:00Z,0.018000000000029104,7.9,17.8,0.0
2024-10-03T03:00:00Z,0.5779999999999745,7.3,18.0,0.0
2024-10-03T04:00:00Z,0.3230000000000359,7.0,18.6,0.0
2024-10-03T05:00:00Z,0.4819999999999709,6.9,18.3,0.0
2024-10-03T06:00:00Z,0.5939999999999941,7.1,18.5,13.0
2024-10-03T07:00:00Z,0.29000000000002046,8.1,17.7,111.0
2024-10-03T08:00:00Z,0.01799999999997226,9.5,19.9,240.0
2024-10-03T09:00:00Z,0.018000000000029104,10.9,21.5,356.0
2024-10-03T10:00:00Z,0.01799999999997226,12.1,21.4,440.0
2024-10-03T11:00:00Z,0.018000000000029104,13.0,20.6,484.0
2024-10-03T12:00:00Z,0.016999999999995907,13.6,19.8,485.0
2024-10-03T13:00:00Z,0.01799999999997226,13.6,20.7,427.0
2024-10-03T14:00:00Z,0.018000000000029104,13.6,21.1,329.0
2024-10-03T15:00:00Z,0.016999999999995907,13.5,17.8,211.0
2024-10-03T16:00:00Z,0.01799999999997226,12.5,11.8,101.0
2024-10-03T17:00:00Z,0.01700000000005275,10.7,9.6,12.0
2024-10-03T18:00:00Z,0.01799999999997226,9.4,8.2,0.0
2024-10-03T19:00:00Z,0.016999999999995907,8.5,9.7,0.0
2024-10-03T20:00:00Z,0.06400000000002137,8.6,10.5,0.0
2024-10-03T21:00:00Z,0.016999999999995907,7.9,8.1,0.0
2024-10-03T22:00:00Z,0.01799999999997226,7.3,7.6,0.0
2024-10-03T23:00:00Z,0.6920000000000073,7.2,7.3,0.0
2024-10-04T00:00:00Z,0.5520000000000209,6.9,6.9,0.0
2024-10-04T01:00:00Z,0.507000000000005,6.3,7.1,0.0
2024-10-04T02:00:00Z,0.5629999999999882,5.7,7.4,0.0
2024-10-04T03:00:00Z,0.5310000000000059,5.2,6.4,0.0
2024-10-04T04:00:00Z,0.5339999999999918,4.2,8.1,0.0
2024-10-04T05:00:00Z,0.5369999999999777,4.0,7.0,0.0
2024-10-04T06:00:00Z,0.5390000000000441,4.3,5.1,12.0
2024-10-04T07:00:00Z,0.3429999999999609,6.9,3.9,108.0
2024-10-04T08:00:00Z,0.3129999999999882,9.6,2.7,236.0
2024-10-04T09:00:00Z,0.27700000000004366,11.1,2.8,348.0
2024-10-04T10:00:00Z,0.01799999999997226,12.2,4.0,432.0
2024-10-04T11:00:00Z,0.018000000000029104,13.0,4.1,476.0
2024-10-04T12:00:00Z,0.01799999999997226,13.6,5.0,475.0
2024-10-04T13:00:00Z,0.018000000000029104,13.6,6.6,432.0
2024-10-04T14:00:00Z,0.016999999999995907,13.6,7.2,349.0
2024-10-04T15:00:00Z,0.01799999999997226,13.2,6.8,233.0
2024-10-04T16:00:00Z,0.018000000000029104,11.6,6.3,105.0
2024-10-04T17:00:00Z,0.016999999999995907,9.2,6.8,11.0
2024-10-04T18:00:00Z,0.016999999999995907,7.2,9.6,0.0
2024-10-04T19:00:00Z,0.016999999999995907,7.9,6.5,0.0
2024-10-04T20:00:00Z,0.6820000000000164,7.3,5.6,0.0
2024-10-04T21:00:00Z,0.5489999999999782,7.5,4.1,0.0
2024-10-04T22:00:00Z,0.016999999999995907,6.2,3.5,0.0
2024-10-04T23:00:00Z,0.40100000000001046,4.9,3.9,0.0
2024-10-05T00:00:00Z,0.771000000000015,4.3,4.6,0.0
2024-10-05T01:00:00Z,0.5529999999999973,2.5,2.7,0.0
2024-10-05T02:00:00Z,0.5339999999999918,2.5,2.9,0.0
2024-10-05T03:00:00Z,0.5409999999999968,2.5,2.3,0.0
2024-10-05T04:00:00Z,0.2969999999999686,2.6,1.6,0.0
2024-10-05T05:00:00Z,0.22500000000002274,2.2,0.6,0.0
2024-10-05T06:00:00Z,0.01799999999997226,2.6,1.5,7.0
2024-10-05T07:00:00Z,0.8730000000000473,4.3,2.4,70.0
2024-10-05T08:00:00Z,0.257000000000005,6.6,1.7,163.0
2024-10-05T09:00:00Z,0.01799999999997226,9.1,0.9,280.0
2024-10-05T10:00:00Z,0.016999999999995907,11.2,0.4,411.0
2024-10-05T11:00:00Z,0.018000000000029104,12.4,2.0,467.0
2024-10-05T12:00:00Z,0.01799999999997226,12.8,2.9,406.0
2024-10-05T13:00:00Z,0.016999999999995907,13.3,3.2,362.0
2024-10-05T14:00:00Z,0.016999999999995907,13.1,6.3,230.0
2024-10-05T15:00:00Z,0.018000000000029104,12.4,9.4,165.0
2024-10-05T16:00:00Z,0.016999999999995907,11.4,7.6,75.0
2024-10-05T17:00:00Z,0.01799999999997226,9.6,5.4,7.0
2024-10-05T18:00:00Z,0.016999999999995907,7.9,8.8,0.0
2024-10-05T19:00:00Z,0.018000000000029104,7.5,8.0,0.0
2024-10-05T20:00:00Z,0.057999999999992724,7.2,7.1,0.0
2024-10-05T21:00:00Z,0.01799999999997226,6.0,8.0,0.0
2024-10-05T22:00:00Z,0.41900000000003956,5.2,9.0,0.0
2024-10-05T23:00:00Z,0.5889999999999986,4.6,9.4,0.0
2024-10-06T00:00:00Z,0.33499999999997954,4.8,8.0,0.0
2024-10-06T01:00:00Z,0.77800000000002,5.1,7.6,0.0
2024-10-06T02:00:00Z,0.15100000000001046,6.1,4.8,0.0
2024-10-06T03:00:00Z,0.6719999999999686,5.4,4.3,0.0
2024-10-06T04:00:00Z,0.625,5.5,4.4,0.0
2024-10-06T05:00:00Z,0.5160000000000196,4.6,4.0,0.0
2024-10-06T06:00:00Z,0.6730000000000018,3.4,2.2,7.0
2024-10-06T07:00:00Z,0.2419999999999618,5.4,3.4,79.0
2024-10-06T08:00:00Z,0.018000000000029104,8.4,3.1,187.0
2024-10-06T09:00:00Z,0.019000000000005457,11.4,2.7,318.0
2024-10-06T10:00:00Z,0.01799999999997226,12.9,7.4,393.0
2024-10-06T11:00:00Z,0.016999999999995907,12.9,12.9,356.0
2024-10-06T12:00:00Z,0.018000000000029104,13.0,14.8,319.0
2024-10-06T13:00:00Z,0.019000000000005457,13.3,17.9,345.0
2024-10-06T14:00:00Z,0.01799999999997226,12.7,19.9,227.0
2024-10-06T15:00:00Z,0.018000000000029104,12.4,18.6,114.0
2024-10-06T16:00:00Z,0.01799999999997226,11.6,16.5,55.0
2024-10-06T17:00:00Z,0.018000000000029104,10.8,13.9,5.0
2024-10-06T18:00:00Z,0.019000000000005457,10.6,13.5,0.0
2024-10-06T19:00:00Z,0.016999999999995907,10.9,14.3,0.0
2024-10-06T20:00:00Z,0.01799999999997226,10.9,15.3,0.0
2024-10-06T21:00:00Z,0.018000000000029104,11.1,17.0,0.0
2024-10-06T22:00:00Z,0.01799999999997226,11.0,16.9,0.0
2024-10-06T23:00:00Z,0.018000000000029104,10.8,17.5,0.0
2024-10-07T00:00:00Z,0.016999999999995907,10.7,18.4,0.0
2024-10-07T01:00:00Z,0.01799999999997226,10.8,19.2,0.0
2024-10-07T02:00:00Z,0.018000000000029104,10.6,20.1,0.0
2024-10-07T03:00:00Z,0.016999999999995907,11.0,20.8,0.0
2024-10-07T04:00:00Z,0.019000000000005457,11.3,23.3,0.0
2024-10-07T05:00:00Z,0.01799999999997226,11.4,25.1,0.0
2024-10-07T06:00:00Z,0.018000000000029104,11.3,26.4,4.0
2024-10-07T07:00:00Z,0.060000000000002274,11.4,29.6,65.0
2024-10-07T08:00:00Z,0.01799999999997226,12.4,32.6,191.0
2024-10-07T09:00:00Z,0.018000000000029104,12.9,34.6,227.0
2024-10-07T10:00:00Z,0.01799999999997226,12.9,37.0,285.0
2024-10-07T11:00:00Z,0.016999999999995907,13.4,34.4,315.0
2024-10-07T12:00:00Z,0.018000000000029104,13.1,32.4,286.0
2024-10-07T13:00:00Z,0.016999999999995907,12.5,28.9,146.0
2024-10-07T14:00:00Z,0.01799999999997226,12.4,24.8,81.0
2024-10-07T15:00:00Z,0.018000000000029104,11.9,21.4,50.0
2024-10-07T16:00:00Z,0.01799999999997226,11.7,18.1,26.0
2024-10-07T17:00:00Z,0.018000000000029104,11.8,15.3,2.0
2024-10-07T18:00:00Z,0.01799999999997226,11.9,12.3,0.0
2024-10-07T19:00:00Z,0.018000000000029104,11.4,8.3,0.0
2024-10-07T20:00:00Z,0.01799999999997226,11.6,9.2,0.0
2024-10-07T21:00:00Z,0.018000000000029104,10.7,7.8,0.0
2024-10-07T22:00:00Z,0.2899999999999636,10.2,7.9,0.0
2024-10-07T23:00:00Z,0.28000000000002956,9.9,7.6,0.0
2024-10-08T00:00:00Z,0.06299999999998818,9.0,7.1,0.0
2024-10-08T01:00:00Z,0.5269999999999868,8.4,7.3,0.0
2024-10-08T02:00:00Z,0.26300000000003365,9.4,5.5,0.0
2024-10-08T03:00:00Z,0.01599999999996271,10.6,9.7,0.0
2024-10-08T04:00:00Z,0.018000000000029104,12.0,14.0,0.0
2024-10-08T05:00:00Z,0.01799999999997226,12.5,15.7,0.0
2024-10-08T06:00:00Z,0.016999999999995907,12.9,15.9,4.0
2024-10-08T07:00:00Z,0.018000000000029104,13.8,19.9,45.0
2024-10-08T08:00:00Z,0.016999999999995907,13.9,21.5,43.0
2024-10-08T09:00:00Z,0.016999999999995907,14.1,22.9,78.0
2024-10-08T10:00:00Z,0.01799999999997226,14.0,24.7,69.0
2024-10-08T11:00:00Z,0.01700000000005275,14.2,25.8,63.0
2024-10-08T12:00:00Z,0.016999999999995907,14.3,28.8,147.0
2024-10-08T13:00:00Z,0.01799999999997226,14.2,24.6,72.0
2024-10-08T14:00:00Z,0.014999999999986358,14.4,20.5,57.0
2024-10-08T15:00:00Z,0.016999999999995907,14.6,18.8,48.0
2024-10-08T16:00:00Z,0.018000000000029104,14.7,15.1,26.0
2024-10-08T17:00:00Z,0.016999999999995907,14.5,13.8,2.0
2024-10-08T18:00:00Z,0.01799999999997226,14.4,12.1,0.0
2024-10-08T19:00:00Z,0.01700000000005275,14.3,10.5,0.0
2024-10-08T20:00:00Z,0.01799999999997226,14.1,8.3,0.0
2024-10-08T21:00:00Z,0.016999999999995907,13.8,7.2,0.0
2024-10-08T22:00:00Z,0.016999999999995907,13.4,5.4,0.0
2024-10-08T23:00:00Z,0.018000000000029104,13.1,4.9,0.0
2024-10-09T00:00:00Z,0.01799999999997226,13.1,6.1,0.0
2024-10-09T01:00:00Z,0.016999999999995907,12.9,4.4,0.0
2024-10-09T02:00:00Z,0.016999999999995907,12.7,4.6,0.0
2024-10-09T03:00:00Z,0.016999999999995907,12.4,5.1,0.0
2024-10-09T04:00:00Z,0.018000000000029104,12.3,6.4,0.0
2024-10-09T05:00:00Z,0.016999999999995907,12.0,6.0,0.0
2024-10-09T06:00:00Z,0.01799999999997226,11.9,8.3,3.0
2024-10-09T07:00:00Z,0.016999999999995907,12.6,9.8,43.0
2024-10-09T08:00:00Z,0.018000000000029104,13.5,11.5,136.0
2024-10-09T09:00:00Z,0.016000000000019554,15.0,10.6,281.0
2024-10-09T10:00:00Z,0.01799999999997226,16.2,14.2,376.0
2024-10-09T11:00:00Z,0.016999999999995907,15.5,18.8,342.0
2024-10-09T12:00:00Z,0.018000000000029104,15.2,19.6,246.0
2024-10-09T13:00:00Z,0.016999999999995907,14.0,18.4,151.0
2024-10-09T14:00:00Z,0.01799999999997226,13.7,14.2,43.0
2024-10-09T15:00:00Z,0.016999999999995907,13.6,14.3,47.0
2024-10-09T16:00:00Z,0.016999999999995907,13.1,13.5,56.0
2024-10-09T17:00:00Z,0.016999999999995907,12.5,10.8,3.0
2024-10-09T18:00:00Z,0.018000000000029104,12.3,12.3,0.0
2024-10-09T19:00:00Z,0.01799999999997226,12.2,11.7,0.0
2024-10-09T20:00:00Z,0.016999999999995907,12.5,11.3,0.0
2024-10-09T21:00:00Z,0.018000000000029104,12.8,12.0,0.0
2024-10-09T22:00:00Z,0.016999999999995907,12.9,12.5,0.0
2024-10-09T23:00:00Z,0.016999999999995907,13.3,13.8,0.0
2024-10-10T00:00:00Z,0.016999999999995907,13.2,12.9,0.0
2024-10-10T01:00:00Z,0.016999999999995907,12.9,15.0,0.0
2024-10-10T02:00:00Z,0.016999999999995907,13.2,11.8,0.0
2024-10-10T03:00:00Z,0.018000000000029104,13.4,11.3,0.0
2024-10-10T04:00:00Z,0.01799999999997226,13.4,9.5,0.0
2024-10-10T05:00:00Z,0.016999999999995907,13.2,6.6,0.0
2024-10-10T06:00:00Z,0.016999999999995907,13.1,4.7,0.0
2024-10-10T07:00:00Z,0.01700000000005275,13.2,2.3,7.0
2024-10-10T08:00:00Z,0.01799999999997226,13.1,12.1,17.0
2024-10-10T09:00:00Z,0.01799999999997226,12.9,21.3,31.0
2024-10-10T10:00:00Z,0.016000000000019554,12.9,25.5,48.0
2024-10-10T11:00:00Z,0.018000000000029104,13.8,28.6,133.0
2024-10-10T12:00:00Z,0.01599999999996271,13.7,27.9,124.0
2024-10-10T13:00:00Z,0.018000000000029104,13.1,27.4,90.0
2024-10-10T14:00:00Z,0.016999999999995907,12.7,28.4,114.0
2024-10-10T15:00:00Z,0.016999999999995907,11.8,29.1,177.0
2024-10-10T16:00:00Z,0.016000000000019554,11.1,29.9,64.0
2024-10-10T17:00:00Z,0.016999999999995907,10.9,29.9,2.0
2024-10-10T18:00:00Z,0.016999999999995907,11.1,30.2,0.0
2024-10-10T19:00:00Z,0.016999999999995907,10.5,30.7,0.0
2024-10-10T20:00:00Z,0.07299999999997908,9.9,30.6,0.0
2024-10-10T21:00:00Z,0.016999999999995907,9.8,29.2,0.0
2024-10-10T22:00:00Z,0.018000000000029104,9.5,29.2,0.0
2024-10-10T23:00:00Z,0.016999999999995907,9.2,30.4,0.0
2024-10-11T00:00:00Z,0.016999999999995907,8.6,30.5,0.0
2024-10-11T01:00:00Z,0.714999999999975,8.8,29.3,0.0
2024-10-11T02:00:00Z,0.39800000000002456,8.3,28.5,0.0
2024-10-11T03:00:00Z,0.7090000000000032,8.1,26.8,0.0
2024-10-11T04:00:00Z,0.3499999999999659,7.9,25.4,0.0
2024-10-11T05:00:00Z,0.5270000000000437,7.9,24.1,0.0
2024-10-11T06:00:00Z,0.5550000000000068,7.8,22.0,3.0
2024-10-11T07:00:00Z,0.4049999999999727,8.5,21.9,74.0
2024-10-11T08:00:00Z,0.6089999999999804,9.7,23.8,190.0
2024-10-11T09:00:00Z,0.22100000000000364,10.3,27.6,282.0
2024-10-11T10:00:00Z,0.11400000000003274,10.9,27.2,370.0
2024-10-11T11:00:00Z,0.016999999999995907,11.1,28.0,383.0
2024-10-11T12:00:00Z,0.016999999999995907,11.6,26.9,403.0
2024-10-11T13:00:00Z,0.01799999999997226,11.3,26.2,314.0
2024-10-11T14:00:00Z,0.018000000000029104,11.2,22.1,195.0
2024-10-11T15:00:00Z,0.01799999999997226,11.1,20.6,167.0
2024-10-11T16:00:00Z,0.016999999999995907,10.1,18.8,59.0
2024-10-11T17:00:00Z,0.016000000000019554,9.6,19.6,1.0
2024-10-11T18:00:00Z,0.016999999999995907,9.2,19.4,0.0
2024-10-11T19:00:00Z,0.018000000000029104,9.5,21.5,0.0
2024-10-11T20:00:00Z,0.55499999999995,9.2,21.5,0.0
2024-10-11T21:00:00Z,0.36700000000001864,8.9,19.6,0.0
2024-10-11T22:00:00Z,0.10800000000000409,8.9,18.0,0.0
2024-10-11T23:00:00Z,0.016999999999995907,8.6,17.3,0.0
2024-10-12T00:00:00Z,0.1419999999999959,8.1,14.6,0.0
2024-10-12T01:00:00Z,0.5509999999999877,7.8,14.2,0.0
2024-10-12T02:00:00Z,0.44500000000005,7.6,13.4,0.0
2024-10-12T03:00:00Z,0.5459999999999923,7.6,13.7,0.0
2024-10-12T04:00:00Z,0.2599999999999909,7.8,14.4,0.0
2024-10-12T05:00:00Z,0.7450000000000045,7.8,13.4,0.0
2024-10-12T06:00:00Z,0.35199999999997544,7.7,14.1,3.0
2024-10-12T07:00:00Z,0.11700000000001864,8.6,16.2,71.0
2024-10-12T08:00:00Z,0.016999999999995907,9.9,15.6,189.0
2024-10-12T09:00:00Z,0.016999999999995907,10.9,17.4,294.0
2024-10-12T10:00:00Z,0.018000000000029104,11.6,17.5,373.0
2024-10-12T11:00:00Z,0.01799999999997226,12.1,18.3,396.0
2024-10-12T12:00:00Z,0.016999999999995907,12.4,22.4,368.0
2024-10-12T13:00:00Z,0.018000000000029104,12.1,21.7,221.0
2024-10-12T14:00:00Z,0.01799999999997226,11.6,23.9,208.0
2024-10-12T15:00:00Z,0.018000000000029104,11.3,23.7,98.0
2024-10-12T16:00:00Z,0.016999999999995907,11.2,24.0,35.0
2024-10-12T17:00:00Z,0.01799999999997226,11.3,26.0,1.0
2024-10-12T18:00:00Z,0.018000000000029104,11.4,29.5,0.0
2024-10-12T19:00:00Z,0.01799999999997226,11.6,30.7,0.0
2024-10-12T20:00:00Z,0.018000000000029104,11.7,29.6,0.0
2024-10-12T21:00:00Z,0.01799999999997226,11.8,29.4,0.0
2024-10-12T22:00:00Z,0.018000000000029104,11.4,29.5,0.0
2024-10-12T23:00:00Z,0.01799999999997226,11.1,29.1,0.0
2024-10-13T00:00:00Z,0.018000000000029104,10.9,28.0,0.0
2024-10-13T01:00:00Z,0.016999999999995907,10.2,24.9,0.0
2024-10-13T02:00:00Z,0.01799999999997226,10.4,24.2,0.0
2024-10-13T03:00:00Z,0.016999999999995907,10.1,22.7,0.0
2024-10-13T04:00:00Z,0.018000000000029104,9.8,20.7,0.0
2024-10-13T05:00:00Z,0.01799999999997226,9.4,18.0,0.0
2024-10-13T06:00:00Z,0.018000000000029104,9.4,14.2,1.0
2024-10-13T07:00:00Z,0.01799999999997226,9.0,18.0,10.0
2024-10-13T08:00:00Z,0.018000000000029104,8.5,15.1,27.0
2024-10-13T09:00:00Z,0.016999999999995907,9.1,18.6,133.0
2024-10-13T10:00:00Z,0.01799999999997226,10.1,20.2,252.0
2024-10-13T11:00:00Z,0.018000000000029104,10.8,17.5,224.0
2024-10-13T12:00:00Z,0.01799999999997226,11.2,21.6,182.0
2024-10-13T13:00:00Z,0.018000000000029104,11.4,23.0,178.0
2024-10-13T14:00:00Z,0.01799999999997226,11.4,23.0,147.0
2024-10-13T15:00:00Z,0.018000000000029104,11.1,20.7,102.0
2024-10-13T16:00:00Z,0.01799999999997226,10.4,19.8,30.0
2024-10-13T17:00:00Z,0.018000000000029104,10.1,16.3,0.0
2024-10-13T18:00:00Z,0.01799999999997226,8.9,11.8,0.0
2024-10-13T19:00:00Z,0.018000000000029104,8.4,11.7,0.0
2024-10-13T20:00:00Z,0.01799999999997226,8.2,13.9,0.0
2024-10-13T21:00:00Z,0.018000000000029104,8.3,14.8,0.0
2024-10-13T22:00:00Z,0.01799999999997226,8.4,14.1,0.0
2024-10-13T23:00:00Z,0.01799999999997226,8.4,14.4,0.0
2024-10-14T00:00:00Z,0.018000000000029104,8.6,16.3,0.0
2024-10-14T01:00:00Z,0.01799999999997226,9.9,16.8,0.0
2024-10-14T02:00:00Z,0.018000000000029104,9.1,15.6,0.0
2024-10-14T03:00:00Z,0.01799999999997226,8.6,14.5,0.0
2024-10-14T04:00:00Z,0.018000000000029104,8.6,15.3,0.0
2024-10-14T05:00:00Z,0.01799999999997226,8.4,15.9,0.0
2024-10-14T06:00:00Z,0.016999999999995907,8.4,16.2,1.0
2024-10-14T07:00:00Z,0.018000000000029104,9.0,15.0,39.0
2024-10-14T08:00:00Z,0.01799999999997226,10.4,17.7,143.0
2024-10-14T09:00:00Z,0.018000000000029104,10.9,23.3,192.0
2024-10-14T10:00:00Z,0.01799999999997226,10.7,22.6,194.0
2024-10-14T11:00:00Z,0.018000000000029104,11.4,23.0,319.0
2024-10-14T12:00:00Z,0.01799999999997226,11.7,22.2,388.0
2024-10-14T13:00:00Z,0.018000000000029104,11.6,22.2,355.0
2024-10-14T14:00:00Z,0.01799999999997226,11.3,21.4,280.0
2024-10-14T15:00:00Z,0.018000000000029104,10.8,16.8,159.0
2024-10-14T16:00:00Z,0.01799999999997226,9.7,12.6,41.0
2024-10-14T17:00:00Z,0.016999999999995907,8.9,11.7,0.0
2024-10-14T18:00:00Z,0.018000000000029104,8.2,12.5,0.0
2024-10-14T19:00:00Z,0.01799999999997226,8.1,13.8,0.0
2024-10-14T20:00:00Z,0.016999999999995907,7.8,14.1,0.0
2024-10-14T21:00:00Z,0.018000000000029104,7.4,15.2,0.0
2024-10-14T22:00:00Z,0.016999999999995907,6.6,14.8,0.0
2024-10-14T23:00:00Z,0.018000000000029104,6.2,15.4,0.0
2024-10-15T00:00:00Z,0.016999999999995907,6.7,15.8,0.0
2024-10-15T01:00:00Z,0.01799999999997226,5.8,16.3,0.0
2024-10-15T02:00:00Z,0.016999999999995907,5.6,16.2,0.0
2024-10-15T03:00:00Z,0.016999999999995907,5.7,14.8,0.0
2024-10-15T04:00:00Z,0.018000000000029104,6.1,14.1,0.0
2024-10-15T05:00:00Z,0.01799999999997226,6.1,14.3,0.0
2024-10-15T06:00:00Z,0.016999999999995907,6.6,14.3,1.0
2024-10-15T07:00:00Z,0.018000000000029104,7.7,14.7,51.0
2024-10-15T08:00:00Z,0.01599999999996271,9.1,13.6,169.0
2024-10-15T09:00:00Z,0.01700000000005275,10.4,12.4,266.0
2024-10-15T10:00:00Z,0.01799999999997226,11.2,10.8,325.0
2024-10-15T11:00:00Z,0.01799999999997226,11.6,10.2,319.0
2024-10-15T12:00:00Z,0.018000000000029104,11.9,9.2,325.0
2024-10-15T13:00:00Z,0.01799999999997226,11.8,8.9,257.0
2024-10-15T14:00:00Z,0.019000000000005457,11.7,7.6,207.0
2024-10-15T15:00:00Z,0.018000000000029104,11.2,6.3,114.0
2024-10-15T16:00:00Z,0.01799999999997226,9.5,4.8,37.0
2024-10-15T17:00:00Z,0.016999999999995907,8.0,7.3,0.0
2024-10-15T18:00:00Z,0.018000000000029104,7.6,7.6,0.0
2024-10-15T19:00:00Z,0.01799999999997226,7.1,6.8,0.0
2024-10-15T20:00:00Z,0.018000000000029104,6.5,8.3,0.0
2024-10-15T21:00:00Z,0.01799999999997226,7.3,7.8,0.0
2024-10-15T22:00:00Z,0.016999999999995907,7.4,8.1,0.0
2024-10-15T23:00:00Z,0.01700000000005275,7.2,7.6,0.0
2024-10-16T00:00:00Z,0.016999999999995907,7.3,7.7,0.0
2024-10-16T01:00:00Z,0.32799999999997453,7.5,10.0,0.0
2024-10-16T02:00:00Z,0.5380000000000109,7.9,13.8,0.0
2024-10-16T03:00:00Z,0.036000000000001364,8.2,16.2,0.0
2024-10-16T04:00:00Z,0.016999999999995907,9.2,18.5,0.0
2024-10-16T05:00:00Z,0.019000000000005457,9.2,20.7,0.0
2024-10-16T06:00:00Z,0.06200000000001182,9.4,25.3,1.0
2024-10-16T07:00:00Z,0.01799999999997226,10.1,27.0,46.0
2024-10-16T08:00:00Z,0.018000000000029104,10.8,29.2,141.0
2024-10-16T09:00:00Z,0.018999999999948614,11.3,33.7,227.0
2024-10-16T10:00:00Z,0.018000000000029104,11.5,36.0,311.0
2024-10-16T11:00:00Z,0.01799999999997226,11.5,36.2,318.0
2024-10-16T12:00:00Z,0.018000000000029104,11.4,35.5,326.0
2024-10-16T13:00:00Z,0.016000000000019554,11.3,34.9,254.0
2024-10-16T14:00:00Z,0.01799999999997226,11.2,35.5,242.0
2024-10-16T15:00:00Z,0.016999999999995907,10.9,34.8,149.0
2024-10-16T16:00:00Z,0.018000000000029104,10.5,33.8,45.0
2024-10-16T17:00:00Z,0.01799999999997226,10.6,33.4,0.0
2024-10-16T18:00:00Z,0.018000000000029104,10.9,32.5,0.0
2024-10-16T19:00:00Z,0.01799999999997226,11.1,31.1,0.0
2024-10-16T20:00:00Z,0.018000000000029104,11.1,30.7,0.0
2024-10-16T21:00:00Z,0.01799999999997226,10.9,30.2,0.0
2024-10-16T22:00:00Z,0.018000000000029104,10.8,29.8,0.0
2024-10-16T23:00:00Z,0.01799999999997226,10.6,29.9,0.0
2024-10-17T00:00:00Z,0.018000000000029104,10.6,30.1,0.0
2024-10-17T01:00:00Z,0.016999999999995907,10.3,29.4,0.0
2024-10-17T02:00:00Z,0.01799999999997226,10.4,28.7,0.0
2024-10-17T03:00:00Z,0.018000000000029104,10.4,30.6,0.0
2024-10-17T04:00:00Z,0.01799999999997226,10.4,31.4,0.0
2024-10-17T05:00:00Z,0.018000000000029104,10.4,31.3,0.0
2024-10-17T06:00:00Z,0.016999999999995907,10.4,32.0,0.0
2024-10-17T07:00:00Z,0.016999999999995907,10.9,32.0,52.0
2024-10-17T08:00:00Z,0.016999999999995907,11.4,33.2,152.0
2024-10-17T09:00:00Z,0.01799999999997226,11.8,33.3,260.0
2024-10-17T10:00:00Z,0.018000000000029104,12.1,32.8,350.0
2024-10-17T11:00:00Z,0.01799999999997226,12.5,31.7,381.0
2024-10-17T12:00:00Z,0.018000000000029104,12.7,30.0,370.0
2024-10-17T13:00:00Z,0.019000000000005457,12.2,30.0,319.0
2024-10-17T14:00:00Z,0.01799999999997226,12.1,29.0,233.0
2024-10-17T15:00:00Z,0.018000000000029104,11.9,26.1,127.0
2024-10-17T16:00:00Z,0.01799999999997226,11.7,22.6,34.0
2024-10-17T17:00:00Z,0.018000000000029104,11.9,20.0,0.0
2024-10-17T18:00:00Z,0.01799999999997226,11.9,18.6,0.0
2024-10-17T19:00:00Z,0.019000000000005457,12.1,18.3,0.0
2024-10-17T20:00:00Z,0.016999999999995907,12.1,18.1,0.0
2024-10-17T21:00:00Z,0.018000000000029104,11.9,16.4,0.0
2024-10-17T22:00:00Z,0.01799999999997226,12.4,15.0,0.0
2024-10-17T23:00:00Z,1.5430000000000064,12.8,14.2,0.0
2024-10-18T00:00:00Z,1.38900000000001,12.7,13.1,0.0
2024-10-18T01:00:00Z,0.01799999999997226,11.9,9.1,0.0
2024-10-18T02:00:00Z,0.016999999999995907,11.8,10.6,0.0
2024-10-18T03:00:00Z,0.4670000000000414,11.9,10.6,0.0
2024-10-18T04:00:00Z,0.01799999999997226,11.9,12.1,0.0
2024-10-18T05:00:00Z,0.10500000000001819,11.6,12.3,0.0
2024-10-18T06:00:00Z,0.01799999999997226,11.6,11.9,0.0
2024-10-18T07:00:00Z,0.019000000000005457,11.9,12.6,16.0
2024-10-18T08:00:00Z,0.018000000000029104,12.3,11.2,52.0
2024-10-18T09:00:00Z,0.01799999999997226,12.9,10.1,154.0
2024-10-18T10:00:00Z,0.018000000000029104,13.2,10.7,178.0
2024-10-18T11:00:00Z,0.01799999999997226,13.9,11.5,304.0
2024-10-18T12:00:00Z,0.016999999999995907,14.0,12.5,356.0
2024-10-18T13:00:00Z,0.018000000000029104,13.1,14.0,216.0
2024-10-18T14:00:00Z,0.016999999999995907,12.6,14.6,223.0
2024-10-18T15:00:00Z,0.016999999999995907,12.1,12.4,126.0
2024-10-18T16:00:00Z,0.016999999999995907,11.2,11.6,30.0
2024-10-18T17:00:00Z,0.016999999999995907,11.1,13.6,0.0
2024-10-18T18:00:00Z,0.016999999999995907,11.1,13.9,0.0
2024-10-18T19:00:00Z,0.016999999999995907,11.1,10.5,0.0
2024-10-18T20:00:00Z,0.018000000000029104,11.2,11.5,0.0
2024-10-18T21:00:00Z,0.016999999999995907,11.6,14.0,0.0
2024-10-18T22:00:00Z,0.01799999999997226,11.6,14.4,0.0
2024-10-18T23:00:00Z,0.016999999999995907,11.6,11.7,0.0
2024-10-19T00:00:00Z,0.018000000000029104,11.6,12.1,0.0
2024-10-19T01:00:00Z,0.016999999999995907,11.3,10.9,0.0
2024-10-19T02:00:00Z,0.016999999999995907,11.1,10.8,0.0
2024-10-19T03:00:00Z,0.01799999999997226,11.4,13.0,0.0
2024-10-19T04:00:00Z,0.016999999999995907,11.5,13.6,0.0
2024-10-19T05:00:00Z,0.018000000000029104,11.4,12.8,0.0
2024-10-19T06:00:00Z,0.016999999999995907,11.3,14.7,0.0
2024-10-19T07:00:00Z,0.01799999999997226,11.9,17.4,38.0
2024-10-19T08:00:00Z,0.01700000000005275,12.4,16.0,107.0
2024-10-19T09:00:00Z,0.016999999999995907,12.9,19.2,221.0
2024-10-19T10:00:00Z,0.01799999999997226,13.1,19.8,325.0
2024-10-19T11:00:00Z,0.016999999999995907,13.0,21.4,340.0
2024-10-19T12:00:00Z,0.018000000000029104,13.1,18.7,336.0
2024-10-19T13:00:00Z,0.016999999999995907,13.1,22.4,276.0
2024-10-19T14:00:00Z,0.01599999999996271,12.9,18.5,161.0
2024-10-19T15:00:00Z,0.018000000000029104,13.1,18.8,72.0
2024-10-19T16:00:00Z,0.01799999999997226,13.4,16.2,14.0
2024-10-19T17:00:00Z,0.016999999999995907,13.9,16.3,0.0
2024-10-19T18:00:00Z,0.016000000000019554,14.4,16.4,0.0
2024-10-19T19:00:00Z,0.018000000000029104,14.6,15.8,0.0
2024-10-19T20:00:00Z,0.01799999999997226,14.7,16.2,0.0
2024-10-19T21:00:00Z,0.016000000000019554,14.6,15.6,0.0
2024-10-19T22:00:00Z,0.016999999999995907,14.6,13.5,0.0
2024-10-19T23:00:00Z,0.01799999999997226,13.8,12.1,0.0
2024-10-20T00:00:00Z,0.016000000000019554,13.9,12.0,0.0
2024-10-20T01:00:00Z,0.016999999999995907,13.9,12.6,0.0
2024-10-20T02:00:00Z,0.01799999999997226,13.9,14.2,0.0
2024-10-20T03:00:00Z,0.018000000000029104,13.8,13.4,0.0
2024-10-20T04:00:00Z,0.016999999999995907,13.4,13.7,0.0
2024-10-20T05:00:00Z,0.018000000000029104,12.5,13.4,0.0
2024-10-20T06:00:00Z,0.016999999999995907,11.9,13.9,0.0
2024-10-20T07:00:00Z,0.01799999999997226,12.1,15.6,41.0
2024-10-20T08:00:00Z,0.018000000000029104,13.3,15.1,147.0
2024-10-20T09:00:00Z,0.016999999999995907,14.4,14.2,248.0
2024-10-20T10:00:00Z,0.016999999999995907,15.4,15.2,322.0
2024-10-20T11:00:00Z,0.016999999999995907,15.8,18.2,359.0
2024-10-20T12:00:00Z,0.016999999999995907,15.9,18.7,349.0
2024-10-20T13:00:00Z,0.01799999999997226,15.6,18.2,240.0
2024-10-20T14:00:00Z,0.016999999999995907,15.0,18.5,173.0
2024-10-20T15:00:00Z,0.018000000000029104,14.6,19.9,74.0
2024-10-20T16:00:00Z,0.016999999999995907,14.1,19.1,13.0
2024-10-20T17:00:00Z,0.016999999999995907,14.4,21.5,0.0
2024-10-20T18:00:00Z,0.018000000000029104,14.9,24.3,0.0
2024-10-20T19:00:00Z,0.016999999999995907,15.1,26.1,0.0
2024-10-20T20:00:00Z,0.01799999999997226,15.2,26.9,0.0
2024-10-20T21:00:00Z,0.018000000000029104,15.5,26.8,0.0
2024-10-20T22:00:00Z,0.016999999999995907,15.4,27.4,0.0
2024-10-20T23:00:00Z,0.016999999999995907,15.2,26.9,0.0
2024-10-21T00:00:00Z,0.016999999999995907,15.1,26.2,0.0
2024-10-21T01:00:00Z,0.01799999999997226,14.4,24.3,0.0
2024-10-21T02:00:00Z,0.016000000000019554,14.5,23.9,0.0
2024-10-21T03:00:00Z,0.01799999999997226,14.8,26.2,0.0
2024-10-21T04:00:00Z,0.018000000000029104,14.9,26.7,0.0
2024-10-21T05:00:00Z,0.01799999999997226,15.1,27.2,0.0
2024-10-21T06:00:00Z,0.018000000000029104,14.7,26.4,0.0
2024-10-21T07:00:00Z,0.016000000000019554,14.6,25.8,32.0
2024-10-21T08:00:00Z,0.01799999999997226,14.8,26.8,127.0
2024-10-21T09:00:00Z,0.016999999999995907,14.9,26.5,200.0
2024-10-21T10:00:00Z,0.018000000000029104,15.4,29.1,290.0
2024-10-21T11:00:00Z,0.01799999999997226,15.7,31.6,304.0
2024-10-21T12:00:00Z,0.016999999999995907,15.9,32.7,296.0
2024-10-21T13:00:00Z,0.018000000000029104,15.1,23.4,130.0
2024-10-21T14:00:00Z,0.01799999999997226,14.8,23.9,61.0
2024-10-21T15:00:00Z,0.016999999999995907,14.2,22.1,21.0
2024-10-21T16:00:00Z,0.018000000000029104,13.6,21.3,10.0
2024-10-21T17:00:00Z,0.016999999999995907,13.3,21.7,0.0
2024-10-21T18:00:00Z,0.016999999999995907,12.8,21.4,0.0
2024-10-21T19:00:00Z,0.016999999999995907,12.3,18.1,0.0
2024-10-21T20:00:00Z,0.016000000000019554,11.9,17.1,0.0
2024-10-21T21:00:00Z,0.016999999999995907,12.7,15.3,0.0
2024-10-21T22:00:00Z,0.01799999999997226,11.8,15.4,0.0
2024-10-21T23:00:00Z,0.016999999999995907,11.8,12.9,0.0
2024-10-22T00:00:00Z,0.016999999999995907,11.8,11.0,0.0
2024-10-22T01:00:00Z,0.018000000000029104,12.0,10.0,0.0
2024-10-22T02:00:00Z,0.016999999999995907,11.9,10.0,0.0
2024-10-22T03:00:00Z,0.01799999999997226,11.9,7.8,0.0
2024-10-22T04:00:00Z,0.016999999999995907,11.7,2.7,0.0
2024-10-22T05:00:00Z,0.016999999999995907,11.8,6.7,0.0
2024-10-22T06:00:00Z,0.018000000000029104,11.6,11.0,0.0
2024-10-22T07:00:00Z,0.016999999999995907,11.4,9.0,4.0
2024-10-22T08:00:00Z,0.018000000000029104,11.4,7.7,19.0
2024-10-22T09:00:00Z,0.34199999999998454,12.5,11.8,174.0
2024-10-22T10:00:00Z,0.27799999999996317,13.4,20.4,304.0
2024-10-22T11:00:00Z,0.018000000000029104,13.9,22.6,317.0
2024-10-22T12:00:00Z,0.1069999999999709,14.2,22.7,335.0
2024-10-22T13:00:00Z,0.018000000000029104,13.9,21.6,256.0
2024-10-22T14:00:00Z,0.01799999999997226,13.6,20.4,202.0
2024-10-22T15:00:00Z,0.018000000000029104,13.1,17.7,106.0
2024-10-22T16:00:00Z,0.019000000000005457,11.9,17.6,23.0
2024-10-22T17:00:00Z,0.01799999999997226,11.2,19.1,0.0
2024-10-22T18:00:00Z,0.25300000000004275,10.9,20.7,0.0
2024-10-22T19:00:00Z,0.4679999999999609,10.9,21.8,0.0
2024-10-22T20:00:00Z,0.018000000000029104,10.9,22.8,0.0
2024-10-22T21:00:00Z,0.01799999999997226,11.1,22.9,0.0
2024-10-22T22:00:00Z,0.018000000000029104,10.6,21.6,0.0
2024-10-22T23:00:00Z,0.4009999999999536,10.2,20.6,0.0
2024-10-23T00:00:00Z,0.26300000000003365,9.8,19.8,0.0
2024-10-23T01:00:00Z,0.1379999999999768,9.7,18.7,0.0
2024-10-23T02:00:00Z,0.5510000000000446,9.6,18.4,0.0
2024-10-23T03:00:00Z,0.21599999999995134,9.3,17.3,0.0
2024-10-23T04:00:00Z,0.6640000000000441,9.0,15.2,0.0
2024-10-23T05:00:00Z,0.2869999999999777,8.8,14.8,0.0
2024-10-23T06:00:00Z,0.27899999999999636,8.9,15.5,0.0
2024-10-23T07:00:00Z,0.5579999999999927,9.5,17.6,25.0
2024-10-23T08:00:00Z,0.21300000000002228,10.6,17.1,90.0
2024-10-23T09:00:00Z,0.11099999999999,12.1,18.1,242.0
2024-10-23T10:00:00Z,0.01799999999997226,13.0,21.7,310.0
2024-10-23T11:00:00Z,0.018000000000029104,13.4,20.0,323.0
2024-10-23T12:00:00Z,0.016999999999995907,13.8,20.0,338.0
2024-10-23T13:00:00Z,0.018000000000029104,13.4,20.5,216.0
2024-10-23T14:00:00Z,0.01799999999997226,13.3,18.9,173.0
2024-10-23T15:00:00Z,0.016999999999995907,12.8,16.4,61.0
2024-10-23T16:00:00Z,0.018000000000029104,11.2,13.9,19.0
2024-10-23T17:00:00Z,0.016999999999995907,10.2,15.0,0.0
2024-10-23T18:00:00Z,0.016999999999995907,9.9,15.7,0.0
2024-10-23T19:00:00Z,0.0999999999999659,9.6,14.2,0.0
2024-10-23T20:00:00Z,0.018000000000029104,9.6,14.6,0.0
2024-10-23T21:00:00Z,0.16800000000000637,9.9,17.0,0.0
2024-10-23T22:00:00Z,0.4889999999999759,9.9,16.6,0.0
2024-10-23T23:00:00Z,0.25499999999999545,9.5,15.1,0.0
2024-10-24T00:00:00Z,0.6050000000000182,8.9,13.0,0.0
2024-10-24T01:00:00Z,0.2330000000000041,8.4,11.0,0.0
2024-10-24T02:00:00Z,0.016999999999995907,8.1,10.5,0.0
2024-10-24T03:00:00Z,0.5639999999999645,7.8,9.8,0.0
2024-10-24T04:00:00Z,0.3230000000000359,7.3,9.4,0.0
2024-10-24T05:00:00Z,0.1069999999999709,7.4,10.2,0.0
2024-10-24T06:00:00Z,0.018000000000029104,7.5,12.0,0.0
2024-10-24T07:00:00Z,0.01799999999997226,8.1,12.2,31.0
2024-10-24T08:00:00Z,0.018000000000029104,9.3,11.2,134.0
2024-10-24T09:00:00Z,0.01799999999997226,10.6,10.7,237.0
2024-10-24T10:00:00Z,0.10200000000003229,11.7,11.3,315.0
2024-10-24T11:00:00Z,0.019000000000005457,12.6,11.0,346.0
2024-10-24T12:00:00Z,0.01799999999997226,13.3,11.8,322.0
2024-10-24T13:00:00Z,0.016999999999995907,12.4,12.0,245.0
2024-10-24T14:00:00Z,0.018000000000029104,12.4,10.4,161.0
2024-10-24T15:00:00Z,0.01799999999997226,12.1,7.9,92.0
2024-10-24T16:00:00Z,0.24500000000000455,10.2,12.2,18.0
2024-10-24T17:00:00Z,0.26300000000003365,9.5,12.8,0.0
2024-10-24T18:00:00Z,0.016999999999995907,9.6,15.2,0.0
2024-10-24T19:00:00Z,0.01799999999997226,10.6,17.4,0.0
2024-10-24T20:00:00Z,0.03500000000002501,10.4,17.2,0.0
2024-10-24T21:00:00Z,0.47299999999995634,10.4,16.8,0.0
2024-10-24T22:00:00Z,0.018000000000029104,10.4,17.3,0.0
2024-10-24T23:00:00Z,0.01799999999997226,10.1,17.2,0.0
2024-10-25T00:00:00Z,0.1330000000000382,9.9,15.8,0.0
2024-10-25T01:00:00Z,0.3639999999999759,9.8,14.8,0.0
2024-10-25T02:00:00Z,0.018000000000029104,9.9,15.7,0.0
2024-10-25T03:00:00Z,0.016999999999995907,10.0,15.3,0.0
2024-10-25T04:00:00Z,0.2769999999999868,10.1,15.5,0.0
2024-10-25T05:00:00Z,0.28600000000000136,10.0,15.1,0.0
2024-10-25T06:00:00Z,0.016999999999995907,10.1,14.3,0.0
2024-10-25T07:00:00Z,0.01799999999997226,10.7,15.3,14.0
2024-10-25T08:00:00Z,0.27800000000002,11.1,15.9,91.0
2024-10-25T09:00:00Z,0.018000000000029104,11.7,15.1,185.0
2024-10-25T10:00:00Z,0.01799999999997226,12.6,14.6,270.0
2024-10-25T11:00:00Z,0.018000000000029104,13.1,15.7,302.0
2024-10-25T12:00:00Z,0.016999999999995907,13.1,14.6,260.0
2024-10-25T13:00:00Z,0.01799999999997226,11.8,13.0,114.0
2024-10-25T14:00:00Z,0.018000000000029104,12.1,11.3,99.0
2024-10-25T15:00:00Z,0.01799999999997226,11.9,9.7,66.0
2024-10-25T16:00:00Z,0.018000000000029104,10.4,10.2,15.0
2024-10-25T17:00:00Z,0.05899999999996908,10.1,10.6,0.0
2024-10-25T18:00:00Z,0.018000000000029104,9.5,8.2,0.0
2024-10-25T19:00:00Z,0.01799999999997226,9.1,6.9,0.0
2024-10-25T20:00:00Z,0.11000000000001364,9.4,7.3,0.0
2024-10-25T21:00:00Z,0.01799999999997226,8.8,6.9,0.0
2024-10-25T22:00:00Z,0.016999999999995907,8.9,6.5,0.0
2024-10-25T23:00:00Z,0.018000000000029104,8.9,6.5,0.0
2024-10-26T00:00:00Z,0.016999999999995907,8.6,7.6,0.0
2024-10-26T01:00:00Z,0.01799999999997226,9.5,5.9,0.0
2024-10-26T02:00:00Z,0.01700000000005275,9.1,5.5,0.0
2024-10-26T03:00:00Z,0.01799999999997226,9.1,4.6,0.0
2024-10-26T04:00:00Z,0.018000000000029104,8.7,3.8,0.0
2024-10-26T05:00:00Z,0.01799999999997226,8.8,3.2,0.0
2024-10-26T06:00:00Z,0.018000000000029104,8.9,4.8,0.0
2024-10-26T07:00:00Z,0.016999999999995907,9.2,4.4,8.0
2024-10-26T08:00:00Z,0.09799999999995634,9.7,2.6,34.0
2024-10-26T09:00:00Z,0.018000000000029104,10.2,2.3,58.0
2024-10-26T10:00:00Z,0.01799999999997226,11.1,3.0,91.0
2024-10-26T11:00:00Z,0.018000000000029104,11.8,4.4,118.0
2024-10-26T12:00:00Z,0.01799999999997226,12.6,6.5,139.0
2024-10-26T13:00:00Z,0.018000000000029104,13.2,4.8,150.0
2024-10-26T14:00:00Z,0.01799999999997226,13.2,4.1,114.0
2024-10-26T15:00:00Z,0.018000000000029104,12.4,7.2,68.0
2024-10-26T16:00:00Z,0.016999999999995907,11.1,9.4,11.0
2024-10-26T17:00:00Z,0.01799999999997226,11.4,9.5,0.0
2024-10-26T18:00:00Z,0.018000000000029104,11.2,10.9,0.0
2024-10-26T19:00:00Z,0.01799999999997226,10.8,13.1,0.0
2024-10-26T20:00:00Z,0.016999999999995907,11.2,14.5,0.0
2024-10-26T21:00:00Z,0.018000000000029104,11.6,15.7,0.0
2024-10-26T22:00:00Z,0.01799999999997226,11.7,17.5,0.0
2024-10-26T23:00:00Z,0.018000000000029104,11.6,17.8,0.0
2024-10-27T00:00:00Z,0.016999999999995907,11.6,18.1,0.0
2024-10-27T01:00:00Z,0.016999999999995907,11.3,18.3,0.0
2024-10-27T02:00:00Z,0.016999999999995907,11.2,17.7,0.0
2024-10-27T03:00:00Z,0.016999999999995907,11.2,17.7,0.0
2024-10-27T04:00:00Z,0.018000000000029104,11.3,17.7,0.0
2024-10-27T05:00:00Z,0.01799999999997226,11.4,17.7,0.0
2024-10-27T06:00:00Z,0.018000000000029104,11.1,18.3,0.0
2024-10-27T07:00:00Z,0.01799999999997226,11.1,18.0,19.0
2024-10-27T08:00:00Z,0.016999999999995907,11.9,18.7,80.0
2024-10-27T09:00:00Z,0.018000000000029104,12.9,19.7,136.0
2024-10-27T10:00:00Z,0.01799999999997226,13.1,18.7,65.0
2024-10-27T11:00:00Z,0.018000000000029104,12.8,18.0,34.0
2024-10-27T12:00:00Z,0.016999999999995907,12.2,16.2,49.0
2024-10-27T13:00:00Z,0.01799999999997226,11.2,14.0,30.0
2024-10-27T14:00:00Z,0.018000000000029104,12.1,20.4,98.0
2024-10-27T15:00:00Z,0.01799999999997226,12.2,21.9,55.0
2024-10-27T16:00:00Z,0.018000000000029104,10.8,20.5,10.0
2024-10-27T17:00:00Z,0.5190000000000055,9.2,16.7,0.0
2024-10-27T18:00:00Z,0.5609999999999786,8.4,15.3,0.0
2024-10-27T19:00:00Z,0.029999999999972715,8.4,16.4,0.0
2024-10-27T20:00:00Z,0.6899999999999977,8.1,16.4,0.0
2024-10-27T21:00:00Z,0.40200000000004366,7.5,14.2,0.0
2024-10-27T22:00:00Z,0.6949999999999932,6.7,11.9,0.0
2024-10-27T23:00:00Z,0.5109999999999673,6.9,14.5,0.0
2024-10-28T00:00:00Z,0.35300000000000864,6.8,13.8,0.0
2024-10-28T01:00:00Z,0.6820000000000164,6.8,14.1,0.0
2024-10-28T02:00:00Z,0.5079999999999814,7.7,11.9,0.0
2024-10-28T03:00:00Z,0.49799999999999045,7.9,8.4,0.0
2024-10-28T04:00:00Z,0.5550000000000068,7.9,8.8,0.0
2024-10-28T05:00:00Z,0.15399999999999636,8.4,12.5,0.0
2024-10-28T06:00:00Z,0.018000000000029104,8.6,14.7,0.0
2024-10-28T07:00:00Z,0.016999999999995907,8.8,12.8,5.0
2024-10-28T08:00:00Z,0.01799999999997226,9.1,11.2,16.0
2024-10-28T09:00:00Z,0.018000000000029104,9.9,12.4,54.0
2024-10-28T10:00:00Z,0.01799999999997226,10.4,13.8,42.0
2024-10-28T11:00:00Z,0.05900000000002592,10.9,15.3,52.0
2024-10-28T12:00:00Z,0.055999999999983174,11.0,16.7,42.0
2024-10-28T13:00:00Z,0.018000000000029104,11.2,15.9,63.0
2024-10-28T14:00:00Z,0.016999999999995907,10.9,16.7,28.0
2024-10-28T15:00:00Z,0.5439999999999827,10.9,16.1,28.0
2024-10-28T16:00:00Z,1.858000000000004,10.9,16.8,3.0
2024-10-28T17:00:00Z,0.02199999999999136,11.0,16.3,0.0
2024-10-28T18:00:00Z,0.018000000000029104,11.2,14.0,0.0
2024-10-28T19:00:00Z,0.016999999999995907,11.4,11.5,0.0
2024-10-28T20:00:00Z,0.016999999999995907,11.6,10.8,0.0
2024-10-28T21:00:00Z,0.01799999999997226,11.6,10.0,0.0
2024-10-28T22:00:00Z,0.016999999999995907,11.6,9.6,0.0
2024-10-28T23:00:00Z,0.016999999999995907,11.8,9.6,0.0
2024-10-29T00:00:00Z,0.018000000000029104,11.7,8.6,0.0
2024-10-29T01:00:00Z,0.016999999999995907,11.6,7.0,0.0
2024-10-29T02:00:00Z,0.016999999999995907,11.4,7.4,0.0
2024-10-29T03:00:00Z,0.018000000000029104,11.3,6.4,0.0
2024-10-29T04:00:00Z,0.016999999999995907,11.1,5.5,0.0
2024-10-29T05:00:00Z,0.01799999999997226,11.1,4.8,0.0
2024-10-29T06:00:00Z,0.016999999999995907,10.9,4.6,0.0
2024-10-29T07:00:00Z,0.016999999999995907,11.1,5.4,6.0
2024-10-29T08:00:00Z,0.018000000000029104,11.5,6.8,31.0
2024-10-29T09:00:00Z,0.01799999999997226,11.8,6.5,44.0
2024-10-29T10:00:00Z,0.018000000000029104,12.1,6.0,41.0
2024-10-29T11:00:00Z,0.016999999999995907,12.6,6.7,65.0
2024-10-29T12:00:00Z,0.01799999999997226,12.7,6.9,43.0
2024-10-29T13:00:00Z,0.018000000000029104,13.4,12.0,71.0
2024-10-29T14:00:00Z,0.016999999999995907,13.5,12.8,58.0
2024-10-29T15:00:00Z,0.01799999999997226,13.4,12.8,35.0
2024-10-29T16:00:00Z,0.018000000000029104,12.9,11.6,4.0
2024-10-29T17:00:00Z,0.016999999999995907,12.8,11.9,0.0
2024-10-29T18:00:00Z,0.016999999999995907,12.9,12.9,0.0
2024-10-29T19:00:00Z,0.01799999999997226,12.9,12.6,0.0
2024-10-29T20:00:00Z,0.01700000000005275,12.8,13.4,0.0
2024-10-29T21:00:00Z,0.049999999999954525,12.2,13.7,0.0
2024-10-29T22:00:00Z,0.018000000000029104,12.4,13.9,0.0
2024-10-29T23:00:00Z,0.016999999999995907,11.8,16.6,0.0
2024-10-30T00:00:00Z,0.01799999999997226,12.1,18.9,0.0
2024-10-30T01:00:00Z,0.018000000000029104,12.6,20.0,0.0
2024-10-30T02:00:00Z,0.016999999999995907,12.0,20.8,0.0
2024-10-30T03:00:00Z,0.01799999999997226,11.6,22.4,0.0
2024-10-30T04:00:00Z,0.018000000000029104,11.7,22.1,0.0
2024-10-30T05:00:00Z,0.016999999999995907,11.0,22.6,0.0
2024-10-30T06:00:00Z,0.28600000000000136,10.6,22.9,0.0
2024-10-30T07:00:00Z,0.4399999999999977,10.4,25.0,13.0
2024-10-30T08:00:00Z,0.26499999999998636,10.6,25.8,92.0
2024-10-30T09:00:00Z,0.20199999999999818,11.2,29.6,188.0
2024-10-30T10:00:00Z,0.38100000000002865,11.4,29.8,218.0
2024-10-30T11:00:00Z,0.029999999999972715,11.8,31.6,254.0
2024-10-30T12:00:00Z,0.018000000000029104,11.9,34.1,215.0
2024-10-30T13:00:00Z,0.01799999999997226,12.1,28.3,175.0
2024-10-30T14:00:00Z,0.016999999999995907,11.6,26.9,156.0
2024-10-30T15:00:00Z,0.16300000000001091,10.6,25.4,79.0
2024-10-30T16:00:00Z,0.20999999999997954,9.8,24.2,7.0
2024-10-30T17:00:00Z,0.020000000000038654,9.5,23.6,0.0
2024-10-30T18:00:00Z,0.01799999999997226,9.4,22.3,0.0
2024-10-30T19:00:00Z,0.018000000000029104,9.2,22.6,0.0
2024-10-30T20:00:00Z,0.016999999999995907,9.1,21.3,0.0
2024-10-30T21:00:00Z,0.5999999999999659,8.9,21.6,0.0
2024-10-30T22:00:00Z,0.4399999999999977,8.7,19.5,0.0
2024-10-30T23:00:00Z,0.42200000000002547,8.6,19.7,0.0
2024-10-31T00:00:00Z,0.5319999999999823,8.9,20.6,0.0
2024-10-31T01:00:00Z,0.03300000000001546,8.4,18.6,0.0
2024-10-31T02:00:00Z,0.016999999999995907,8.4,18.0,0.0
2024-10-31T03:00:00Z,0.4089999999999918,8.5,18.6,0.0
2024-10-31T04:00:00Z,0.5480000000000018,8.6,18.2,0.0
2024-10-31T05:00:00Z,0.02800000000002001,9.7,19.5,0.0
2024-10-31T06:00:00Z,0.016000000000019554,9.6,20.8,0.0
2024-10-31T07:00:00Z,0.016999999999995907,10.8,23.8,7.0
2024-10-31T08:00:00Z,0.19899999999995543,11.6,26.2,41.0
2024-10-31T09:00:00Z,0.3280000000000314,12.4,26.7,82.0
2024-10-31T10:00:00Z,0.01799999999997226,12.9,35.0,98.0
2024-10-31T11:00:00Z,0.018000000000029104,13.4,36.0,140.0
2024-10-31T12:00:00Z,0.6220000000000141,13.6,35.5,137.0
2024-10-31T13:00:00Z,1.8340000000000032,12.9,34.6,108.0
2024-10-31T14:00:00Z,1.2829999999999586,12.6,30.8,53.0
2024-10-31T15:00:00Z,0.9150000000000205,12.6,31.7,32.0
2024-10-31T16:00:00Z,0.016999999999995907,12.6,31.6,3.0
2024-10-31T17:00:00Z,0.016999999999995907,12.6,32.2,0.0
2024-10-31T18:00:00Z,0.016999999999995907,12.5,33.4,0.0
2024-10-31T19:00:00Z,0.018000000000029104,12.6,33.3,0.0
2024-10-31T20:00:00Z,0.016999999999995907,12.6,33.7,0.0
2024-10-31T21:00:00Z,0.01799999999997226,12.6,34.1,0.0
2024-10-31T22:00:00Z,0.5260000000000105,11.9,34.1,0.0
2024-10-31T23:00:00Z,1.0649999999999977,11.7,34.3,0.0
2024-11-01T00:00:00Z,0.016999999999995907,11.6,35.0,0.0
2024-11-01T01:00:00Z,0.018000000000029104,11.6,35.1,0.0
2024-11-01T02:00:00Z,0.016999999999995907,11.8,34.8,0.0
2024-11-01T03:00:00Z,0.016999999999995907,11.6,34.1,0.0
2024-11-01T04:00:00Z,0.01799999999997226,11.8,33.1,0.0
2024-11-01T05:00:00Z,0.016999999999995907,11.9,33.2,0.0
2024-11-01T06:00:00Z,0.018000000000029104,11.9,32.7,0.0
2024-11-01T07:00:00Z,0.016999999999995907,12.1,32.3,11.0
2024-11-01T08:00:00Z,0.01799999999997226,13.1,33.0,60.0
2024-11-01T09:00:00Z,0.016999999999995907,13.9,29.0,105.0
2024-11-01T10:00:00Z,0.018000000000029104,14.5,28.4,154.0
2024-11-01T11:00:00Z,0.01799999999997226,15.1,34.2,194.0
2024-11-01T12:00:00Z,0.018000000000029104,14.8,33.3,141.0
2024-11-01T13:00:00Z,0.016999999999995907,14.2,34.2,36.0
2024-11-01T14:00:00Z,0.016999999999995907,14.1,34.3,30.0
2024-11-01T15:00:00Z,0.016999999999995907,13.6,33.1,13.0
2024-11-01T16:00:00Z,0.018000000000029104,12.4,33.7,2.0
2024-11-01T17:00:00Z,0.01599999999996271,11.3,31.6,0.0
2024-11-01T18:00:00Z,0.018000000000029104,10.6,33.7,0.0
2024-11-01T19:00:00Z,0.016999999999995907,8.8,30.6,0.0
2024-11-01T20:00:00Z,0.016999999999995907,8.2,25.8,0.0
2024-11-01T21:00:00Z,0.6089999999999804,7.8,24.9,0.0
2024-11-01T22:00:00Z,0.5049999999999955,7.2,21.7,0.0
2024-11-01T23:00:00Z,0.18000000000000682,7.2,20.3,0.0
2024-11-02T00:00:00Z,0.6050000000000182,7.2,18.2,0.0
2024-11-02T01:00:00Z,0.61099999999999,6.9,14.7,0.0
2024-11-02T02:00:00Z,0.5120000000000005,5.9,10.8,0.0
2024-11-02T03:00:00Z,0.5240000000000009,4.9,7.7,0.0
2024-11-02T04:00:00Z,0.5260000000000105,4.5,7.7,0.0
2024-11-02T05:00:00Z,0.5469999999999686,4.5,9.0,0.0
2024-11-02T06:00:00Z,0.55600000000004,3.0,8.3,0.0
2024-11-02T07:00:00Z,0.5499999999999545,3.8,5.2,10.0
2024-11-02T08:00:00Z,0.5550000000000068,5.1,6.0,89.0
2024-11-02T09:00:00Z,0.5339999999999918,6.8,5.6,179.0
2024-11-02T10:00:00Z,0.03900000000004411,7.8,7.2,242.0
2024-11-02T11:00:00Z,0.01599999999996271,8.4,8.9,276.0
2024-11-02T12:00:00Z,0.549000000000035,8.8,8.7,254.0
2024-11-02T13:00:00Z,0.01599999999996271,8.3,8.4,190.0
2024-11-02T14:00:00Z,0.016000000000019554,8.2,10.3,122.0
2024-11-02T15:00:00Z,0.18000000000000682,7.8,8.5,41.0
2024-11-02T16:00:00Z,0.6800000000000068,5.8,6.8,4.0
2024-11-02T17:00:00Z,0.021000000000015007,4.8,8.1,0.0
2024-11-02T18:00:00Z,0.01799999999997226,4.0,8.5,0.0
2024-11-02T19:00:00Z,0.016999999999995907,5.1,8.4,0.0
2024-11-02T20:00:00Z,0.016999999999995907,5.3,10.3,0.0
2024-11-02T21:00:00Z,1.4189999999999827,5.3,10.7,0.0
2024-11-02T22:00:00Z,1.052000000000021,4.7,11.6,0.0
2024-11-02T23:00:00Z,0.8120000000000118,4.6,13.9,0.0
2024-11-03T00:00:00Z,0.9819999999999709,4.7,14.1,0.0
2024-11-03T01:00:00Z,0.6490000000000009,3.8,14.0,0.0
2024-11-03T02:00:00Z,0.52800000000002,4.0,15.1,0.0
2024-11-03T03:00:00Z,0.7930000000000064,4.4,17.2,0.0
2024-11-03T04:00:00Z,0.4309999999999832,4.9,18.2,0.0
2024-11-03T05:00:00Z,0.016999999999995907,6.3,21.3,0.0
2024-11-03T06:00:00Z,0.5930000000000177,7.2,21.3,0.0
2024-11-03T07:00:00Z,0.51400000000001,7.2,21.1,7.0
2024-11-03T08:00:00Z,0.1309999999999718,8.1,22.4,63.0
2024-11-03T09:00:00Z,0.016999999999995907,10.1,26.6,125.0
2024-11-03T10:00:00Z,0.016999999999995907,10.6,23.2,83.0
2024-11-03T11:00:00Z,0.018000000000029104,11.1,23.2,90.0
2024-11-03T12:00:00Z,1.410000000000025,11.2,27.8,70.0
2024-11-03T13:00:00Z,1.339999999999975,11.4,32.4,143.0
2024-11-03T14:00:00Z,0.49900000000002365,11.4,27.8,71.0
2024-11-03T15:00:00Z,1.4769999999999754,11.0,27.1,65.0
2024-11-03T16:00:00Z,0.2869999999999777,10.3,25.8,3.0
2024-11-03T17:00:00Z,0.018000000000029104,10.1,26.9,0.0
2024-11-03T18:00:00Z,0.016000000000019554,10.1,27.4,0.0
2024-11-03T19:00:00Z,0.01799999999997226,10.8,27.5,0.0
2024-11-03T20:00:00Z,0.016000000000019554,10.6,25.8,0.0
2024-11-03T21:00:00Z,0.01799999999997226,10.6,22.5,0.0
2024-11-03T22:00:00Z,0.016999999999995907,10.4,19.7,0.0
2024-11-03T23:00:00Z,0.016999999999995907,9.9,16.7,0.0
2024-11-04T00:00:00Z,0.018000000000029104,9.3,14.7,0.0
2024-11-04T01:00:00Z,0.016999999999995907,8.9,12.7,0.0
2024-11-04T02:00:00Z,0.01799999999997226,8.7,11.2,0.0
2024-11-04T03:00:00Z,0.016999999999995907,8.1,8.0,0.0
2024-11-04T04:00:00Z,0.016999999999995907,7.7,7.1,0.0
2024-11-04T05:00:00Z,0.018000000000029104,8.2,6.0,0.0
2024-11-04T06:00:00Z,0.016999999999995907,8.7,4.5,0.0
2024-11-04T07:00:00Z,0.018000000000029104,9.1,3.7,3.0
2024-11-04T08:00:00Z,0.016999999999995907,9.7,1.2,33.0
2024-11-04T09:00:00Z,0.01799999999997226,10.1,4.3,49.0
2024-11-04T10:00:00Z,0.05700000000001637,10.7,7.2,83.0
2024-11-04T11:00:00Z,0.019000000000005457,11.1,8.3,94.0
2024-11-04T12:00:00Z,0.01799999999997226,11.2,7.7,78.0
2024-11-04T13:00:00Z,0.018000000000029104,11.1,7.5,67.0
2024-11-04T14:00:00Z,0.019000000000005457,11.1,6.8,45.0
2024-11-04T15:00:00Z,0.01799999999997226,10.6,4.6,17.0
2024-11-04T16:00:00Z,0.018000000000029104,9.9,4.6,1.0
2024-11-04T17:00:00Z,0.01799999999997226,9.7,5.8,0.0
2024-11-04T18:00:00Z,0.018000000000029104,9.4,5.1,0.0
2024-11-04T19:00:00Z,0.01799999999997226,8.9,4.2,0.0
2024-11-04T20:00:00Z,0.018000000000029104,9.1,5.9,0.0
2024-11-04T21:00:00Z,0.40599999999994907,8.8,6.9,0.0
2024-11-04T22:00:00Z,0.2820000000000391,8.3,7.8,0.0
2024-11-04T23:00:00Z,0.01799999999997226,8.5,7.9,0.0
2024-11-05T00:00:00Z,0.018000000000029104,8.8,7.0,0.0
2024-11-05T01:00:00Z,0.5310000000000059,8.2,5.9,0.0
2024-11-05T02:00:00Z,0.07699999999999818,8.1,6.4,0.0
2024-11-05T03:00:00Z,0.6709999999999923,8.0,6.1,0.0
2024-11-05T04:00:00Z,0.16800000000000637,7.8,4.9,0.0
2024-11-05T05:00:00Z,0.103999999999985,7.8,4.1,0.0
2024-11-05T06:00:00Z,0.01799999999997226,7.8,3.9,0.0
2024-11-05T07:00:00Z,0.06100000000003547,8.1,3.9,3.0
2024-11-05T08:00:00Z,0.01799999999997226,8.9,5.7,32.0
2024-11-05T09:00:00Z,0.10200000000003229,9.5,4.7,74.0
2024-11-05T10:00:00Z,0.17599999999998772,10.1,4.9,122.0
2024-11-05T11:00:00Z,0.01799999999997226,10.3,5.4,147.0
2024-11-05T12:00:00Z,0.018000000000029104,10.4,4.3,138.0
2024-11-05T13:00:00Z,1.0349999999999682,9.8,4.2,90.0
2024-11-05T14:00:00Z,2.1129999999999995,9.6,2.6,63.0
2024-11-05T15:00:00Z,0.025000000000034106,9.4,2.3,20.0
2024-11-05T16:00:00Z,0.01799999999997226,9.0,3.6,1.0
2024-11-05T17:00:00Z,0.019000000000005457,9.0,4.7,0.0
2024-11-05T18:00:00Z,0.018000000000029104,8.9,5.3,0.0
2024-11-05T19:00:00Z,0.01799999999997226,8.9,5.6,0.0
2024-11-05T20:00:00Z,0.016999999999995907,8.8,5.8,0.0
2024-11-05T21:00:00Z,0.07100000000002638,8.6,5.1,0.0
2024-11-05T22:00:00Z,0.019000000000005457,8.4,4.0,0.0
2024-11-05T23:00:00Z,0.2839999999999918,8.1,2.6,0.0
2024-11-06T00:00:00Z,0.5469999999999686,8.1,2.7,0.0
2024-11-06T01:00:00Z,0.14500000000003865,7.5,2.4,0.0
2024-11-06T02:00:00Z,0.01799999999997226,7.5,3.1,0.0
2024-11-06T03:00:00Z,0.018000000000029104,7.5,4.3,0.0
2024-11-06T04:00:00Z,0.016999999999995907,7.2,3.8,0.0
2024-11-06T05:00:00Z,0.019000000000005457,7.6,4.1,0.0
2024-11-06T06:00:00Z,0.2459999999999809,7.7,3.5,0.0
2024-11-06T07:00:00Z,0.5570000000000164,7.8,2.5,2.0
2024-11-06T08:00:00Z,0.2419999999999618,8.4,2.0,27.0
2024-11-06T09:00:00Z,0.019000000000005457,9.0,1.3,58.0
2024-11-06T10:00:00Z,0.16500000000002046,9.4,2.8,87.0
2024-11-06T11:00:00Z,0.44999999999998863,9.8,3.6,128.0
2024-11-06T12:00:00Z,0.10900000000003729,9.8,3.3,99.0
2024-11-06T13:00:00Z,0.22999999999996135,8.9,7.3,64.0
2024-11-06T14:00:00Z,0.4830000000000041,8.9,7.6,53.0
2024-11-06T15:00:00Z,0.30299999999999727,8.6,6.6,16.0
2024-11-06T16:00:00Z,0.5450000000000159,8.3,5.7,1.0
2024-11-06T17:00:00Z,0.02199999999999136,8.1,5.0,0.0
2024-11-06T18:00:00Z,0.018000000000029104,7.9,4.9,0.0
2024-11-06T19:00:00Z,0.016999999999995907,7.7,7.1,0.0
2024-11-06T20:00:00Z,0.01799999999997226,7.4,8.6,0.0
2024-11-06T21:00:00Z,0.603999999999985,7.4,9.9,0.0
2024-11-06T22:00:00Z,0.5100000000000477,7.2,9.4,0.0
2024-11-06T23:00:00Z,0.49699999999995725,7.2,6.1,0.0
2024-11-07T00:00:00Z,0.5430000000000064,7.2,6.8,0.0
2024-11-07T01:00:00Z,0.08600000000001273,7.4,10.2,0.0
2024-11-07T02:00:00Z,0.7250000000000227,7.1,8.9,0.0
2024-11-07T03:00:00Z,0.29199999999997317,6.8,9.7,0.0
2024-11-07T04:00:00Z,0.01799999999997226,6.9,8.5,0.0
2024-11-07T05:00:00Z,0.018000000000029104,7.2,9.4,0.0
2024-11-07T06:00:00Z,0.04800000000000182,7.3,9.9,0.0
2024-11-07T07:00:00Z,0.6469999999999914,7.7,12.3,2.0
2024-11-07T08:00:00Z,0.20600000000001728,8.4,11.2,26.0
2024-11-07T09:00:00Z,0.1449999999999818,9.4,12.1,62.0
2024-11-07T10:00:00Z,0.018000000000029104,9.8,11.7,56.0
2024-11-07T11:00:00Z,0.01799999999997226,10.4,10.0,82.0
2024-11-07T12:00:00Z,0.018000000000029104,10.8,8.3,91.0
2024-11-07T13:00:00Z,0.42799999999999727,10.3,9.7,61.0
2024-11-07T14:00:00Z,0.1139999999999759,10.2,8.2,42.0
2024-11-07T15:00:00Z,0.35000000000002274,9.9,6.1,19.0
2024-11-07T16:00:00Z,0.3849999999999909,9.6,5.7,0.0
2024-11-07T17:00:00Z,0.01799999999997226,9.2,4.5,0.0
2024-11-07T18:00:00Z,0.016999999999995907,9.1,4.0,0.0
2024-11-07T19:00:00Z,0.019000000000005457,8.7,3.4,0.0
2024-11-07T20:00:00Z,0.018000000000029104,8.6,3.3,0.0
2024-11-07T21:00:00Z,0.6649999999999636,8.6,2.8,0.0
2024-11-07T22:00:00Z,0.4740000000000464,8.6,4.3,0.0
2024-11-07T23:00:00Z,0.5499999999999545,8.5,4.5,0.0
2024-11-08T00:00:00Z,0.4670000000000414,8.6,4.7,0.0
2024-11-08T01:00:00Z,0.4919999999999618,8.2,4.0,0.0
2024-11-08T02:00:00Z,0.3930000000000291,8.3,6.4,0.0
2024-11-08T03:00:00Z,0.5279999999999632,8.6,6.3,0.0
2024-11-08T04:00:00Z,0.39200000000005275,8.6,6.5,0.0
2024-11-08T05:00:00Z,0.4849999999999568,8.8,7.3,0.0
2024-11-08T06:00:00Z,0.39500000000003865,8.8,7.6,0.0
2024-11-08T07:00:00Z,0.01799999999997226,8.8,8.7,2.0
2024-11-08T08:00:00Z,0.23200000000002774,9.1,10.5,30.0
2024-11-08T09:00:00Z,0.09799999999995634,9.4,12.9,73.0
2024-11-08T10:00:00Z,0.05700000000001637,9.9,15.9,121.0
2024-11-08T11:00:00Z,0.05700000000001637,9.9,17.7,123.0
2024-11-08T12:00:00Z,0.01799999999997226,10.1,20.3,121.0
2024-11-08T13:00:00Z,0.018000000000029104,9.6,18.7,78.0
2024-11-08T14:00:00Z,0.01799999999997226,9.6,17.7,54.0
2024-11-08T15:00:00Z,0.018000000000029104,9.1,19.9,27.0
2024-11-08T16:00:00Z,0.01799999999997226,8.9,19.8,0.0
2024-11-08T17:00:00Z,0.018000000000029104,8.9,21.0,0.0
2024-11-08T18:00:00Z,0.01799999999997226,8.8,21.1,0.0
2024-11-08T19:00:00Z,0.016999999999995907,8.6,20.9,0.0
2024-11-08T20:00:00Z,0.016999999999995907,8.4,20.4,0.0
2024-11-08T21:00:00Z,2.2860000000000014,8.4,20.5,0.0
2024-11-08T22:00:00Z,1.13900000000001,7.8,20.9,0.0
2024-11-08T23:00:00Z,0.016999999999995907,7.6,19.3,0.0
2024-11-09T00:00:00Z,0.4300000000000068,7.2,19.2,0.0
2024-11-09T01:00:00Z,0.3919999999999959,7.6,18.1,0.0
2024-11-09T02:00:00Z,0.018000000000029104,7.3,18.1,0.0
2024-11-09T03:00:00Z,0.10899999999998045,7.2,17.7,0.0
2024-11-09T04:00:00Z,0.3210000000000264,7.1,17.8,0.0
2024-11-09T05:00:00Z,0.6079999999999472,7.0,16.9,0.0
2024-11-09T06:00:00Z,0.20000000000004547,7.0,16.6,0.0
2024-11-09T07:00:00Z,0.01799999999997226,7.2,17.9,1.0
2024-11-09T08:00:00Z,0.07499999999998863,7.3,20.0,25.0
2024-11-09T09:00:00Z,0.6419999999999959,7.3,19.5,53.0
2024-11-09T10:00:00Z,0.4040000000000532,7.4,19.4,81.0
2024-11-09T11:00:00Z,0.38899999999995316,7.3,19.7,98.0
2024-11-09T12:00:00Z,0.5500000000000114,7.2,20.1,88.0
2024-11-09T13:00:00Z,0.09100000000000819,7.0,20.6,57.0
2024-11-09T14:00:00Z,0.59699999999998,7.1,19.5,46.0
2024-11-09T15:00:00Z,0.48099999999999454,7.0,16.5,16.0
2024-11-09T16:00:00Z,0.2890000000000441,6.9,17.1,0.0
2024-11-09T17:00:00Z,0.020999999999958163,6.8,17.7,0.0
2024-11-09T18:00:00Z,0.018000000000029104,6.6,18.1,0.0
2024-11-09T19:00:00Z,0.016999999999995907,6.6,17.0,0.0
2024-11-09T20:00:00Z,0.01799999999997226,6.6,16.2,0.0
2024-11-09T21:00:00Z,0.6779999999999973,6.6,15.0,0.0
2024-11-09T22:00:00Z,0.4940000000000282,6.7,14.0,0.0
2024-11-09T23:00:00Z,0.2939999999999827,6.6,13.5,0.0
2024-11-10T00:00:00Z,0.5889999999999986,6.5,13.3,0.0
2024-11-10T01:00:00Z,0.19300000000004047,6.3,12.0,0.0
2024-11-10T02:00:00Z,0.5259999999999536,6.3,11.6,0.0
2024-11-10T03:00:00Z,0.5390000000000441,6.3,11.9,0.0
2024-11-10T04:00:00Z,0.03100000000000591,6.2,12.7,0.0
2024-11-10T05:00:00Z,0.6529999999999632,6.1,13.3,0.0
2024-11-10T06:00:00Z,0.42799999999999727,5.8,13.1,0.0
2024-11-10T07:00:00Z,0.29200000000003,5.8,14.0,1.0
2024-11-10T08:00:00Z,0.5960000000000036,5.6,13.9,24.0
2024-11-10T09:00:00Z,0.34600000000000364,5.6,12.3,55.0
2024-11-10T10:00:00Z,0.6159999999999854,5.7,11.6,74.0
2024-11-10T11:00:00Z,0.4149999999999636,6.1,11.4,96.0
2024-11-10T12:00:00Z,0.5830000000000268,6.1,10.7,88.0
2024-11-10T13:00:00Z,0.396000000000015,5.4,10.6,49.0
2024-11-10T14:00:00Z,0.7119999999999891,5.6,9.5,30.0
2024-11-10T15:00:00Z,0.2799999999999727,5.5,8.5,12.0
2024-11-10T16:00:00Z,0.6620000000000346,5.4,9.2,0.0
2024-11-10T17:00:00Z,0.021000000000015007,5.6,10.1,0.0
2024-11-10T18:00:00Z,0.016999999999995907,5.8,10.2,0.0
2024-11-10T19:00:00Z,0.01799999999997226,5.8,10.0,0.0
2024-11-10T20:00:00Z,0.019000000000005457,5.8,10.2,0.0
2024-11-10T21:00:00Z,0.6340000000000146,6.2,12.5,0.0
2024-11-10T22:00:00Z,0.3879999999999768,6.6,15.9,0.0
2024-11-10T23:00:00Z,0.018000000000029104,6.5,16.6,0.0
2024-11-11T00:00:00Z,0.06799999999998363,6.2,16.2,0.0
2024-11-11T01:00:00Z,0.5869999999999891,6.6,17.1,0.0
2024-11-11T02:00:00Z,0.35300000000000864,6.8,16.3,0.0
2024-11-11T03:00:00Z,0.01799999999997226,7.2,16.1,0.0
2024-11-11T04:00:00Z,0.30000000000001137,7.4,16.0,0.0
2024-11-11T05:00:00Z,0.35000000000002274,7.8,14.4,0.0
2024-11-11T06:00:00Z,0.01799999999997226,7.8,12.4,0.0
2024-11-11T07:00:00Z,0.15399999999999636,7.8,10.8,1.0
2024-11-11T08:00:00Z,0.018000000000029104,8.1,11.0,20.0
2024-11-11T09:00:00Z,0.01799999999997226,8.4,10.3,51.0
2024-11-11T10:00:00Z,0.018000000000029104,8.8,10.2,76.0
2024-11-11T11:00:00Z,0.016999999999995907,8.9,9.9,63.0
2024-11-11T12:00:00Z,0.01799999999997226,9.1,6.4,65.0
2024-11-11T13:00:00Z,0.01700000000005275,8.9,4.5,46.0
2024-11-11T14:00:00Z,0.01799999999997226,8.8,3.8,28.0
2024-11-11T15:00:00Z,0.01799999999997226,8.1,4.0,13.0
2024-11-11T16:00:00Z,0.018000000000029104,8.6,2.3,0.0
2024-11-11T17:00:00Z,0.01799999999997226,7.9,3.6,0.0
2024-11-11T18:00:00Z,0.01700000000005275,7.6,4.6,0.0
2024-11-11T19:00:00Z,0.01599999999996271,7.7,4.2,0.0
2024-11-11T20:00:00Z,0.018000000000029104,7.6,4.0,0.0
2024-11-11T21:00:00Z,0.5779999999999745,7.7,3.5,0.0
2024-11-11T22:00:00Z,0.478999999999985,7.0,3.6,0.0
2024-11-11T23:00:00Z,0.018000000000029104,6.4,4.4,0.0
2024-11-12T00:00:00Z,0.7129999999999654,6.9,5.4,0.0
2024-11-12T01:00:00Z,0.34000000000003183,6.3,6.8,0.0
2024-11-12T02:00:00Z,0.10500000000001819,6.7,8.3,0.0
2024-11-12T03:00:00Z,0.01799999999997226,6.7,7.3,0.0
2024-11-12T04:00:00Z,0.016999999999995907,6.1,7.6,0.0
2024-11-12T05:00:00Z,0.3990000000000009,5.2,7.9,0.0
2024-11-12T06:00:00Z,0.6370000000000005,4.8,10.9,0.0
2024-11-12T07:00:00Z,0.2300000000000182,4.7,11.4,1.0
2024-11-12T08:00:00Z,0.9329999999999927,5.6,9.0,39.0
2024-11-12T09:00:00Z,0.43200000000001637,6.2,9.5,111.0
2024-11-12T10:00:00Z,0.01799999999997226,7.2,11.8,136.0
2024-11-12T11:00:00Z,0.17000000000001592,7.2,11.7,119.0
2024-11-12T12:00:00Z,0.48399999999998045,6.8,11.0,106.0
2024-11-12T13:00:00Z,0.33899999999999864,6.8,12.4,127.0
2024-11-12T14:00:00Z,0.018000000000029104,6.3,11.9,85.0
2024-11-12T15:00:00Z,0.21299999999996544,5.8,12.2,26.0
2024-11-12T16:00:00Z,0.7520000000000095,5.6,10.7,0.0
2024-11-12T17:00:00Z,0.019000000000005457,5.3,9.8,0.0
2024-11-12T18:00:00Z,0.018000000000029104,5.0,9.5,0.0
2024-11-12T19:00:00Z,0.01799999999997226,5.0,9.9,0.0
2024-11-12T20:00:00Z,0.016999999999995907,5.2,9.6,0.0
2024-11-12T21:00:00Z,1.0389999999999873,5.2,7.5,0.0
2024-11-12T22:00:00Z,0.6110000000000468,5.2,7.0,0.0
2024-11-12T23:00:00Z,0.5189999999999486,5.3,7.2,0.0
2024-11-13T00:00:00Z,0.5230000000000246,5.4,8.2,0.0
2024-11-13T01:00:00Z,0.5260000000000105,5.1,8.8,0.0
2024-11-13T02:00:00Z,0.5249999999999773,5.1,6.4,0.0
2024-11-13T03:00:00Z,0.52800000000002,4.2,3.1,0.0
2024-11-13T04:00:00Z,0.46999999999997044,4.1,2.4,0.0
2024-11-13T05:00:00Z,0.5900000000000318,4.1,4.5,0.0
2024-11-13T06:00:00Z,0.46999999999997044,4.3,5.3,0.0
2024-11-13T07:00:00Z,0.5240000000000009,4.1,6.5,1.0
2024-11-13T08:00:00Z,0.4370000000000118,5.4,7.6,18.0
2024-11-13T09:00:00Z,0.45400000000000773,6.1,6.2,45.0
2024-11-13T10:00:00Z,0.019000000000005457,7.0,11.2,130.0
2024-11-13T11:00:00Z,0.5360000000000014,7.2,12.1,122.0
2024-11-13T12:00:00Z,0.01799999999997226,7.2,13.3,100.0
2024-11-13T13:00:00Z,0.018000000000029104,8.1,14.1,66.0
2024-11-13T14:00:00Z,0.057999999999992724,8.5,12.4,44.0
2024-11-13T15:00:00Z,0.01799999999997226,8.3,12.6,14.0
2024-11-13T16:00:00Z,0.01700000000005275,7.9,13.9,0.0
2024-11-13T17:00:00Z,0.016999999999995907,7.9,15.0,0.0
2024-11-13T18:00:00Z,0.01599999999996271,8.1,16.1,0.0
2024-11-13T19:00:00Z,0.018000000000029104,8.2,15.9,0.0
2024-11-13T20:00:00Z,0.016999999999995907,8.5,14.0,0.0
2024-11-13T21:00:00Z,0.06900000000001683,9.2,13.0,0.0
2024-11-13T22:00:00Z,0.01799999999997226,9.2,12.7,0.0
2024-11-13T23:00:00Z,0.01799999999997226,8.8,14.5,0.0
2024-11-14T00:00:00Z,0.018000000000029104,8.6,14.3,0.0
2024-11-14T01:00:00Z,0.01799999999997226,7.8,15.1,0.0
2024-11-14T02:00:00Z,0.016000000000019554,7.9,14.8,0.0
2024-11-14T03:00:00Z,0.20300000000003138,7.6,14.8,0.0
2024-11-14T04:00:00Z,0.714999999999975,6.9,14.7,0.0
2024-11-14T05:00:00Z,0.5169999999999959,6.3,14.8,0.0
2024-11-14T06:00:00Z,0.5830000000000268,6.1,16.3,0.0
2024-11-14T07:00:00Z,0.6059999999999945,6.1,16.4,1.0
2024-11-14T08:00:00Z,0.632000000000005,6.8,15.9,47.0
2024-11-14T09:00:00Z,0.5159999999999627,8.1,15.4,135.0
2024-11-14T10:00:00Z,0.03899999999998727,9.3,14.6,204.0
2024-11-14T11:00:00Z,0.375,9.9,17.9,230.0
2024-11-14T12:00:00Z,0.060000000000002274,10.1,17.1,217.0
2024-11-14T13:00:00Z,0.018000000000029104,9.8,19.6,173.0
2024-11-14T14:00:00Z,0.01799999999997226,8.9,17.7,110.0
2024-11-14T15:00:00Z,0.018000000000029104,7.3,14.1,31.0
2024-11-14T16:00:00Z,0.25200000000000955,6.3,12.3,0.0
2024-11-14T17:00:00Z,0.033999999999991815,5.8,11.1,0.0
2024-11-14T18:00:00Z,0.016999999999995907,5.7,11.6,0.0
2024-11-14T19:00:00Z,0.01799999999997226,5.6,11.2,0.0
2024-11-14T20:00:00Z,0.018000000000029104,5.6,11.7,0.0
2024-11-14T21:00:00Z,1.100999999999999,5.4,11.3,0.0
2024-11-14T22:00:00Z,0.6100000000000136,5.2,10.6,0.0
2024-11-14T23:00:00Z,0.5179999999999723,5.1,11.1,0.0
2024-11-15T00:00:00Z,0.5260000000000105,4.9,11.6,0.0
2024-11-15T01:00:00Z,0.5300000000000296,4.2,12.4,0.0
2024-11-15T02:00:00Z,0.5239999999999441,4.5,14.4,0.0
2024-11-15T03:00:00Z,0.5269999999999868,4.9,15.4,0.0
2024-11-15T04:00:00Z,0.5289999999999964,5.5,17.2,0.0
2024-11-15T05:00:00Z,0.45900000000006,6.3,17.3,0.0
2024-11-15T06:00:00Z,0.5589999999999691,6.9,17.0,0.0
2024-11-15T07:00:00Z,0.26300000000003365,7.2,17.1,0.0
2024-11-15T08:00:00Z,0.6029999999999518,8.3,17.3,28.0
2024-11-15T09:00:00Z,0.04100000000005366,9.4,18.0,46.0
2024-11-15T10:00:00Z,0.018000000000029104,10.1,18.0,60.0
2024-11-15T11:00:00Z,0.05899999999996908,10.6,18.5,56.0
2024-11-15T12:00:00Z,0.018000000000029104,11.5,20.2,103.0
2024-11-15T13:00:00Z,0.017999999999915417,10.9,16.2,63.0
2024-11-15T14:00:00Z,0.018000000000029104,10.9,16.9,36.0
2024-11-15T15:00:00Z,0.018000000000029104,10.7,17.5,9.0
2024-11-15T16:00:00Z,0.018000000000029104,10.6,16.7,0.0
2024-11-15T17:00:00Z,0.017999999999915417,10.7,16.6,0.0
2024-11-15T18:00:00Z,0.018000000000029104,10.6,16.9,0.0
2024-11-15T19:00:00Z,0.018000000000029104,10.7,18.0,0.0
2024-11-15T20:00:00Z,0.018000000000029104,10.7,21.8,0.0
2024-11-15T21:00:00Z,0.1029999999999518,10.5,24.0,0.0
2024-11-15T22:00:00Z,0.19600000000002638,10.1,24.5,0.0
2024-11-15T23:00:00Z,0.06200000000001182,9.9,23.5,0.0
2024-11-16T00:00:00Z,0.7989999999999782,9.9,23.7,0.0
2024-11-16T01:00:00Z,2.3170000000000073,9.8,26.9,0.0
2024-11-16T02:00:00Z,0.2379999999999427,9.6,26.0,0.0
2024-11-16T03:00:00Z,0.01700000000005275,9.6,26.7,0.0
2024-11-16T04:00:00Z,0.016999999999939064,9.6,26.6,0.0
2024-11-16T05:00:00Z,0.01700000000005275,9.8,26.8,0.0
2024-11-16T06:00:00Z,0.016999999999939064,10.0,26.6,0.0
2024-11-16T07:00:00Z,0.018000000000029104,10.2,25.7,0.0
2024-11-16T08:00:00Z,0.01700000000005275,10.4,26.2,10.0
2024-11-16T09:00:00Z,0.016999999999939064,10.6,26.2,29.0
2024-11-16T10:00:00Z,0.018000000000029104,10.8,26.3,36.0
2024-11-16T11:00:00Z,0.018000000000029104,10.9,24.5,54.0
2024-11-16T12:00:00Z,0.017999999999915417,10.8,22.7,56.0
2024-11-16T13:00:00Z,0.24700000000007094,10.1,23.5,33.0
2024-11-16T14:00:00Z,2.1649999999999636,9.8,21.3,15.0
2024-11-16T15:00:00Z,1.7309999999999945,9.4,14.8,4.0
2024-11-16T16:00:00Z,1.90300000000002,9.1,15.9,0.0
2024-11-16T17:00:00Z,0.02400000000000091,8.7,16.9,0.0
2024-11-16T18:00:00Z,0.018000000000029104,8.6,18.1,0.0
2024-11-16T19:00:00Z,0.01599999999996271,7.8,17.4,0.0
2024-11-16T20:00:00Z,0.018000000000029104,7.5,18.2,0.0
2024-11-16T21:00:00Z,0.6699999999999591,7.2,17.7,0.0
2024-11-16T22:00:00Z,0.5339999999999918,7.5,17.4,0.0
2024-11-16T23:00:00Z,0.21300000000007913,7.6,17.3,0.0
2024-11-17T00:00:00Z,0.6399999999999864,7.2,19.2,0.0
2024-11-17T01:00:00Z,0.23899999999991905,6.7,17.1,0.0
2024-11-17T02:00:00Z,0.5450000000000728,6.3,18.2,0.0
2024-11-17T03:00:00Z,0.6200000000000045,6.2,17.8,0.0
2024-11-17T04:00:00Z,0.45499999999992724,5.9,18.0,0.0
2024-11-17T05:00:00Z,0.7660000000000764,5.7,19.4,0.0
2024-11-17T06:00:00Z,0.5499999999999545,5.7,19.2,0.0
2024-11-17T07:00:00Z,0.5399999999999636,5.5,20.2,0.0
2024-11-17T08:00:00Z,0.12600000000009004,5.8,21.8,38.0
2024-11-17T09:00:00Z,0.6929999999999836,6.8,22.9,118.0
2024-11-17T10:00:00Z,0.37000000000000455,7.2,24.7,182.0
2024-11-17T11:00:00Z,0.5209999999999582,7.5,28.0,215.0
2024-11-17T12:00:00Z,0.2459999999999809,7.7,27.4,176.0
2024-11-17T13:00:00Z,0.125,7.7,24.7,129.0
2024-11-17T14:00:00Z,0.18399999999996908,7.2,24.1,86.0
2024-11-17T15:00:00Z,0.5690000000000737,6.4,23.8,24.0
2024-11-17T16:00:00Z,0.3410000000000082,5.8,23.4,0.0
2024-11-17T17:00:00Z,0.023000000000024556,5.6,23.1,0.0
2024-11-17T18:00:00Z,0.017999999999915417,5.3,23.2,0.0
2024-11-17T19:00:00Z,0.018000000000029104,5.0,22.9,0.0
2024-11-17T20:00:00Z,0.018000000000029104,4.3,21.2,0.0
2024-11-17T21:00:00Z,1.09699999999998,4.2,20.1,0.0
2024-11-17T22:00:00Z,0.68100000000004,3.7,22.4,0.0
2024-11-17T23:00:00Z,0.5889999999999418,3.2,22.7,0.0
2024-11-18T00:00:00Z,0.6030000000000655,3.5,21.8,0.0
2024-11-18T01:00:00Z,0.9139999999999873,3.9,22.6,0.0
2024-11-18T02:00:00Z,0.7369999999999663,3.5,20.2,0.0
2024-11-18T03:00:00Z,0.8210000000000264,3.1,19.4,0.0
2024-11-18T04:00:00Z,1.163000000000011,2.9,19.5,0.0
2024-11-18T05:00:00Z,1.1359999999999673,2.9,17.2,0.0
2024-11-18T06:00:00Z,1.086999999999989,2.8,16.3,0.0
2024-11-18T07:00:00Z,1.0639999999999645,2.8,15.2,0.0
2024-11-18T08:00:00Z,1.1310000000000855,3.2,15.1,33.0
2024-11-18T09:00:00Z,1.0049999999999955,4.6,16.9,94.0
2024-11-18T10:00:00Z,0.44299999999998363,5.4,18.8,160.0
2024-11-18T11:00:00Z,0.053999999999973625,6.2,21.3,187.0
2024-11-18T12:00:00Z,0.5299999999999727,6.6,21.4,193.0
2024-11-18T13:00:00Z,0.41000000000008185,5.8,21.3,121.0
2024-11-18T14:00:00Z,0.4659999999998945,5.7,21.4,90.0
2024-11-18T15:00:00Z,0.5040000000000191,5.1,18.3,23.0
2024-11-18T16:00:00Z,0.6520000000000437,4.3,18.0,0.0
2024-11-18T17:00:00Z,0.019000000000005457,3.8,17.8,0.0
2024-11-18T18:00:00Z,0.018000000000029104,3.5,17.7,0.0
2024-11-18T19:00:00Z,0.016999999999939064,3.6,19.6,0.0
2024-11-18T20:00:00Z,0.01700000000005275,3.7,19.3,0.0
2024-11-18T21:00:00Z,1.12399999999991,3.6,20.2,0.0
2024-11-18T22:00:00Z,0.0,3.5,18.1,0.0
2024-11-19T09:00:00Z,0.0060000000000854925,2.7,4.3,52.0
2024-11-19T10:00:00Z,1.0649999999999409,3.5,4.8,81.0
2024-11-19T11:00:00Z,1.04200000000003,4.3,3.7,121.0
2024-11-19T12:00:00Z,0.8600000000000136,4.5,5.9,109.0
2024-11-19T13:00:00Z,0.7540000000000191,3.0,3.6,48.0
2024-11-19T14:00:00Z,0.6449999999999818,2.5,6.5,27.0
2024-11-19T15:00:00Z,0.5789999999999509,2.2,9.3,9.0
2024-11-19T16:00:00Z,0.5810000000000173,1.8,8.4,0.0
2024-11-19T17:00:00Z,0.029999999999972715,2.0,8.9,0.0
2024-11-19T18:00:00Z,0.018000000000029104,2.2,10.6,0.0
2024-11-19T19:00:00Z,0.01700000000005275,2.2,13.1,0.0
2024-11-19T20:00:00Z,0.017999999999915417,1.9,13.1,0.0
2024-11-19T21:00:00Z,1.65300000000002,1.1,12.7,0.0
2024-11-19T22:00:00Z,1.2309999999999945,0.7,12.0,0.0
2024-11-19T23:00:00Z,1.20799999999997,0.8,11.9,0.0
2024-11-20T00:00:00Z,1.1560000000000628,0.6,12.4,0.0
2024-11-20T01:00:00Z,1.2189999999999372,0.3,11.0,0.0
2024-11-20T02:00:00Z,1.18100000000004,0.3,9.8,0.0
2024-11-20T03:00:00Z,1.2240000000000464,0.2,10.4,0.0
2024-11-20T04:00:00Z,1.3339999999999463,-0.2,10.4,0.0
2024-11-20T05:00:00Z,1.0890000000000555,0.4,9.9,0.0
2024-11-20T06:00:00Z,1.2559999999999718,-0.8,9.0,0.0
2024-11-20T07:00:00Z,1.3909999999999627,-0.9,10.8,0.0
2024-11-20T08:00:00Z,1.2309999999999945,-0.6,10.8,30.0
2024-11-20T09:00:00Z,1.3840000000000146,0.0,9.1,101.0
2024-11-20T10:00:00Z,1.282000000000039,0.8,8.4,174.0
2024-11-20T11:00:00Z,0.84699999999998,1.5,6.9,190.0
2024-11-20T12:00:00Z,1.0860000000000127,1.6,6.3,163.0
2024-11-20T13:00:00Z,0.9790000000000418,1.9,9.5,92.0
2024-11-20T14:00:00Z,0.9269999999999072,1.5,7.7,68.0
2024-11-20T15:00:00Z,0.9530000000000882,0.6,8.2,17.0
2024-11-20T16:00:00Z,1.2869999999999209,-0.3,9.6,0.0
2024-11-20T17:00:00Z,0.05600000000004002,-0.9,8.9,0.0
2024-11-20T18:00:00Z,0.04600000000004911,-1.0,10.8,0.0
2024-11-20T19:00:00Z,0.04499999999995907,-0.9,13.0,0.0
2024-11-20T20:00:00Z,0.045999999999935426,-0.8,13.1,0.0
2024-11-20T21:00:00Z,1.3370000000001028,-1.0,10.9,0.0
2024-11-20T22:00:00Z,0.0,-1.0,10.1,0.0
2024-11-22T18:00:00Z,7.608999999999924,-0.2,19.0,0.0
2024-11-22T19:00:00Z,0.04600000000004911,-0.4,9.4,0.0
2024-11-22T20:00:00Z,0.045999999999935426,-2.0,12.3,0.0
2024-11-22T21:00:00Z,1.884999999999991,-1.0,8.6,0.0
2024-11-22T22:00:00Z,0.8370000000001028,-2.1,12.0,0.0
2024-11-22T23:00:00Z,1.875,-1.9,14.8,0.0
2024-11-23T00:00:00Z,1.6099999999999,-1.9,14.5,0.0
2024-11-23T01:00:00Z,1.4089999999999918,-0.7,20.3,0.0
2024-11-23T02:00:00Z,1.3940000000000055,-0.3,20.7,0.0
2024-11-23T03:00:00Z,1.5220000000000482,-0.1,20.4,0.0
2024-11-23T04:00:00Z,1.3590000000000373,0.4,20.5,0.0
2024-11-23T05:00:00Z,1.4009999999999536,0.8,19.8,0.0
2024-11-23T06:00:00Z,1.3419999999999845,0.7,18.9,0.0
2024-11-23T07:00:00Z,1.2789999999999964,0.7,19.7,0.0
2024-11-23T08:00:00Z,1.36099999999999,1.0,20.2,23.0
2024-11-23T09:00:00Z,1.1700000000000728,1.9,20.2,97.0
2024-11-23T10:00:00Z,1.0069999999999482,2.8,21.3,163.0
2024-11-23T11:00:00Z,0.8079999999999927,3.5,19.3,203.0
2024-11-23T12:00:00Z,0.6770000000000209,3.8,18.1,201.0
2024-11-23T13:00:00Z,0.6900000000000546,3.0,15.7,157.0
2024-11-23T14:00:00Z,0.6159999999999854,2.5,14.7,80.0
2024-11-23T15:00:00Z,0.5860000000000127,2.0,16.3,16.0
2024-11-23T16:00:00Z,0.6909999999999172,1.6,14.6,0.0
2024-11-23T17:00:00Z,0.04399999999998272,1.7,16.5,0.0
2024-11-23T18:00:00Z,0.018000000000029104,1.6,17.3,0.0
2024-11-23T19:00:00Z,0.01700000000005275,2.0,17.6,0.0
2024-11-23T20:00:00Z,0.017999999999915417,2.5,18.4,0.0
2024-11-23T21:00:00Z,0.11600000000009913,2.8,23.0,0.0
2024-11-23T22:00:00Z,0.017999999999915417,2.4,25.4,0.0
2024-11-23T23:00:00Z,0.11599999999998545,2.7,27.2,0.0
2024-11-24T00:00:00Z,0.6430000000000291,2.2,27.1,0.0
2024-11-24T01:00:00Z,2.261000000000081,2.5,26.7,0.0
2024-11-24T02:00:00Z,0.5749999999999318,2.8,26.5,0.0
2024-11-24T03:00:00Z,0.6720000000000255,3.0,23.6,0.0
2024-11-24T04:00:00Z,0.7930000000000064,3.2,19.9,0.0
2024-11-24T05:00:00Z,0.6209999999999809,3.8,19.7,0.0
2024-11-24T06:00:00Z,0.3390000000000555,4.2,20.7,0.0
2024-11-24T07:00:00Z,0.7349999999999,4.8,21.9,0.0
2024-11-24T08:00:00Z,0.4660000000000082,5.3,24.1,2.0
2024-11-24T09:00:00Z,1.705000000000041,6.0,22.0,21.0
2024-11-24T10:00:00Z,0.5639999999999645,7.1,23.4,26.0
2024-11-24T11:00:00Z,0.01700000000005275,8.2,25.4,25.0
2024-11-24T12:00:00Z,0.9829999999999472,8.8,26.0,35.0
2024-11-24T13:00:00Z,1.36200000000008,8.8,23.6,22.0
2024-11-24T14:00:00Z,0.06099999999992178,9.1,25.0,40.0
2024-11-24T15:00:00Z,0.01700000000005275,9.6,24.3,7.0
2024-11-24T16:00:00Z,0.018000000000029104,9.8,24.0,0.0
2024-11-24T17:00:00Z,0.01599999999996271,10.5,25.6,0.0
2024-11-24T18:00:00Z,0.016999999999939064,11.5,26.4,0.0
2024-11-24T19:00:00Z,0.018000000000029104,12.4,27.1,0.0
2024-11-24T20:00:00Z,0.01700000000005275,12.9,26.5,0.0
2024-11-24T21:00:00Z,0.017999999999915417,13.1,27.6,0.0
2024-11-24T22:00:00Z,1.4380000000001019,13.4,28.4,0.0
2024-11-24T23:00:00Z,0.9169999999999163,13.7,28.4,0.0
2024-11-25T00:00:00Z,0.01700000000005275,13.5,28.4,0.0
2024-11-25T01:00:00Z,0.016999999999939064,13.8,27.5,0.0
2024-11-25T02:00:00Z,0.01700000000005275,13.9,26.8,0.0
2024-11-25T03:00:00Z,0.016999999999939064,14.1,27.6,0.0
2024-11-25T04:00:00Z,0.01700000000005275,14.1,27.8,0.0
2024-11-25T05:00:00Z,0.01599999999996271,13.6,28.1,0.0
2024-11-25T06:00:00Z,0.016000000000076398,13.6,28.1,0.0
2024-11-25T07:00:00Z,0.016999999999939064,13.1,27.7,0.0
2024-11-25T08:00:00Z,0.01700000000005275,13.1,28.2,14.0
2024-11-25T09:00:00Z,0.016999999999939064,13.6,28.4,56.0
2024-11-25T10:00:00Z,0.01700000000005275,13.9,27.7,69.0
2024-11-25T11:00:00Z,0.016999999999939064,13.9,26.8,69.0
2024-11-25T12:00:00Z,0.01700000000005275,13.4,26.9,75.0
2024-11-25T13:00:00Z,0.018000000000029104,13.9,26.9,49.0
2024-11-25T14:00:00Z,0.016999999999939064,14.0,24.1,28.0
2024-11-25T15:00:00Z,0.01700000000005275,13.8,23.0,5.0
2024-11-25T16:00:00Z,0.016999999999939064,13.2,22.5,0.0
2024-11-25T17:00:00Z,0.01700000000005275,13.2,23.2,0.0
2024-11-25T18:00:00Z,0.016999999999939064,11.6,21.8,0.0
2024-11-25T19:00:00Z,0.01700000000005275,10.4,17.6,0.0
2024-11-25T20:00:00Z,0.01599999999996271,9.8,19.3,0.0
2024-11-25T21:00:00Z,0.1490000000000009,9.4,21.0,0.0
2024-11-25T22:00:00Z,0.47699999999997544,8.9,20.4,0.0
2024-11-25T23:00:00Z,0.16700000000003,8.4,19.4,0.0
2024-11-26T00:00:00Z,0.3129999999999882,8.2,20.4,0.0
2024-11-26T01:00:00Z,0.51400000000001,8.4,20.4,0.0
2024-11-26T02:00:00Z,0.10400000000004184,8.2,21.0,0.0
2024-11-26T03:00:00Z,0.017999999999915417,8.4,21.7,0.0
2024-11-26T04:00:00Z,0.018000000000029104,7.9,22.9,0.0
2024-11-26T05:00:00Z,0.07900000000006457,7.7,24.1,0.0
2024-11-26T06:00:00Z,0.47100000000000364,7.6,23.9,0.0
2024-11-26T07:00:00Z,0.4759999999999991,7.2,23.5,0.0
2024-11-26T08:00:00Z,0.5469999999999118,7.3,23.2,17.0
2024-11-26T09:00:00Z,0.3770000000000664,8.1,24.2,89.0
2024-11-26T10:00:00Z,0.05999999999994543,8.8,24.4,155.0
2024-11-26T11:00:00Z,0.018000000000029104,8.9,25.1,189.0
2024-11-26T12:00:00Z,0.018000000000029104,8.9,24.7,180.0
2024-11-26T13:00:00Z,0.06599999999991724,8.9,24.3,137.0
2024-11-26T14:00:00Z,0.01700000000005275,8.4,23.3,77.0
2024-11-26T15:00:00Z,0.08100000000001728,7.7,21.9,13.0
2024-11-26T16:00:00Z,0.4739999999999327,7.3,22.5,0.0
2024-11-26T17:00:00Z,0.02100000000007185,7.1,22.4,0.0
2024-11-26T18:00:00Z,0.018000000000029104,6.8,22.4,0.0
2024-11-26T19:00:00Z,0.016999999999939064,6.5,22.5,0.0
2024-11-26T20:00:00Z,0.01700000000005275,6.3,21.9,0.0
2024-11-26T21:00:00Z,0.8709999999999809,6.1,20.7,0.0
2024-11-26T22:00:00Z,0.5789999999999509,6.0,20.5,0.0
2024-11-26T23:00:00Z,0.5120000000000573,6.1,20.1,0.0
2024-11-27T00:00:00Z,0.5109999999999673,6.2,20.0,0.0
2024-11-27T01:00:00Z,0.51400000000001,5.8,17.2,0.0
2024-11-27T02:00:00Z,0.5149999999999864,5.5,17.3,0.0
2024-11-27T03:00:00Z,0.5170000000000528,5.3,17.0,0.0
2024-11-27T04:00:00Z,0.11599999999998545,5.0,17.0,0.0
2024-11-27T05:00:00Z,0.5,4.9,16.7,0.0
2024-11-27T06:00:00Z,0.8220000000000027,4.7,15.4,0.0
2024-11-27T07:00:00Z,0.5929999999999609,4.2,13.9,0.0
2024-11-27T08:00:00Z,0.5199999999999818,4.2,13.7,15.0
2024-11-27T09:00:00Z,0.42000000000007276,5.1,13.6,84.0
2024-11-27T10:00:00Z,0.6619999999999209,5.9,10.1,151.0
2024-11-27T11:00:00Z,0.2720000000000482,6.9,11.8,188.0
2024-11-27T12:00:00Z,0.20100000000002183,7.3,10.8,188.0
2024-11-27T13:00:00Z,0.5729999999999791,7.4,10.1,137.0
2024-11-27T14:00:00Z,0.24699999999995725,6.7,9.0,71.0
2024-11-27T15:00:00Z,0.41399999999998727,5.6,8.0,9.0
2024-11-27T16:00:00Z,0.58400000000006,5.2,9.3,0.0
2024-11-27T17:00:00Z,0.020999999999958163,5.3,10.8,0.0
2024-11-27T18:00:00Z,0.018000000000029104,5.8,13.6,0.0
2024-11-27T19:00:00Z,0.016999999999939064,6.0,16.6,0.0
2024-11-27T20:00:00Z,0.018000000000029104,5.8,20.2,0.0
2024-11-27T21:00:00Z,0.9270000000000209,5.4,26.9,0.0
2024-11-27T22:00:00Z,0.18899999999996453,5.4,31.3,0.0
2024-11-27T23:00:00Z,2.064000000000078,5.6,34.6,0.0
2024-11-28T00:00:00Z,1.8769999999999527,5.8,35.8,0.0
2024-11-28T01:00:00Z,0.16399999999998727,5.7,32.2,0.0
2024-11-28T02:00:00Z,0.5760000000000218,5.3,30.3,0.0
2024-11-28T03:00:00Z,0.4249999999999545,5.2,30.4,0.0
2024-11-28T04:00:00Z,0.5480000000000018,5.2,31.7,0.0
2024-11-28T05:00:00Z,0.4759999999999991,4.6,32.9,0.0
2024-11-28T06:00:00Z,0.5310000000000628,4.2,32.1,0.0
2024-11-28T07:00:00Z,0.14699999999993452,4.2,32.7,0.0
2024-11-28T08:00:00Z,0.9880000000000564,3.8,30.5,2.0
2024-11-28T09:00:00Z,0.5939999999999372,4.1,29.3,20.0
2024-11-28T10:00:00Z,0.17700000000002092,4.4,29.0,50.0
2024-11-28T11:00:00Z,0.6349999999999909,4.7,25.8,46.0
2024-11-28T12:00:00Z,0.6790000000000873,5.2,23.0,32.0
2024-11-28T13:00:00Z,0.3089999999999691,5.5,20.2,31.0
2024-11-28T14:00:00Z,0.7659999999999627,5.7,20.6,15.0
2024-11-28T15:00:00Z,0.3650000000000091,5.3,21.5,6.0
2024-11-28T16:00:00Z,0.6839999999999691,4.8,20.7,0.0
2024-11-28T17:00:00Z,0.033999999999991815,4.4,17.8,0.0
2024-11-28T18:00:00Z,0.018000000000029104,3.8,17.0,0.0
2024-11-28T19:00:00Z,0.01700000000005275,3.5,13.9,0.0
2024-11-28T20:00:00Z,0.017999999999915417,3.0,10.5,0.0
2024-11-28T21:00:00Z,1.13900000000001,2.5,12.4,0.0
2024-11-28T22:00:00Z,0.6520000000000437,3.5,12.3,0.0
2024-11-28T23:00:00Z,0.5620000000000118,3.8,12.4,0.0
2024-11-29T00:00:00Z,0.5629999999999882,3.8,10.4,0.0
2024-11-29T01:00:00Z,0.8600000000000136,4.1,10.0,0.0
2024-11-29T02:00:00Z,0.6829999999999927,4.1,9.8,0.0
2024-11-29T03:00:00Z,0.5459999999999354,3.1,8.5,0.0
2024-11-29T04:00:00Z,0.52900000000011,2.0,5.2,0.0
2024-11-29T05:00:00Z,0.5599999999999454,2.0,6.1,0.0
2024-11-29T06:00:00Z,0.5839999999999463,2.3,7.1,0.0
2024-11-29T07:00:00Z,0.7650000000001,2.5,9.4,0.0
2024-11-29T08:00:00Z,0.7210000000000036,3.2,6.5,9.0
2024-11-29T09:00:00Z,0.5459999999999354,3.6,9.0,73.0
2024-11-29T10:00:00Z,0.5410000000000537,4.1,8.0,120.0
2024-11-29T11:00:00Z,0.5430000000000064,4.8,10.6,122.0
2024-11-29T12:00:00Z,0.5399999999999636,5.2,13.6,142.0
2024-11-29T13:00:00Z,0.5439999999999827,4.4,12.0,52.0
2024-11-29T14:00:00Z,0.14200000000005275,4.3,8.9,42.0
2024-11-29T15:00:00Z,0.9429999999999836,3.2,9.8,10.0
2024-11-29T16:00:00Z,0.6469999999999345,3.0,12.1,0.0
2024-11-29T17:00:00Z,0.01999999999998181,3.5,12.6,0.0
2024-11-29T18:00:00Z,0.018000000000029104,3.9,14.3,0.0
2024-11-29T19:00:00Z,0.01700000000005275,3.4,14.8,0.0
2024-11-29T20:00:00Z,0.016999999999939064,3.5,15.5,0.0
2024-11-29T21:00:00Z,1.0640000000000782,3.6,14.6,0.0
2024-11-29T22:00:00Z,0.6259999999999764,3.2,13.3,0.0
2024-11-29T23:00:00Z,0.14199999999993906,2.8,13.1,0.0
2024-11-30T00:00:00Z,2.143000000000029,2.7,13.4,0.0
2024-11-30T01:00:00Z,1.6180000000000518,3.1,13.9,0.0
2024-11-30T02:00:00Z,0.8079999999999927,3.0,15.5,0.0
2024-11-30T03:00:00Z,0.6319999999999482,2.8,16.1,0.0
2024-11-30T04:00:00Z,0.7649999999999864,2.7,15.6,0.0
2024-11-30T05:00:00Z,0.6689999999999827,2.7,16.7,0.0
2024-11-30T06:00:00Z,0.5460000000000491,2.5,17.3,0.0
2024-11-30T07:00:00Z,0.5470000000000255,2.0,17.3,0.0
2024-11-30T08:00:00Z,0.5639999999999645,2.1,18.4,12.0
2024-11-30T09:00:00Z,0.5729999999999791,2.8,18.4,81.0
2024-11-30T10:00:00Z,0.55600000000004,3.6,17.6,141.0
2024-11-30T11:00:00Z,0.4940000000000282,4.2,17.7,176.0
2024-11-30T12:00:00Z,0.017999999999915417,4.8,16.2,188.0
2024-11-30T13:00:00Z,0.6140000000000327,5.0,15.7,149.0
2024-11-30T14:00:00Z,0.75,4.3,14.8,80.0
2024-11-30T15:00:00Z,2.480000000000018,3.2,14.1,12.0
2024-11-30T16:00:00Z,0.5109999999999673,2.7,14.7,0.0
2024-11-30T17:00:00Z,0.007000000000061846,2.5,15.0,0.0
2024-11-30T18:00:00Z,0.0,2.5,15.1,0.0
2024-11-30T22:00:00Z,0.0989999999999327,2.3,15.8,0.0
2024-11-30T23:00:00Z,0.5640000000000782,2.2,14.8,0.0
2024-12-01T00:00:00Z,1.024000000000001,1.9,13.8,0.0
2024-12-01T01:00:00Z,1.0359999999999445,1.6,12.1,0.0
2024-12-01T02:00:00Z,0.8809999999999718,1.5,12.1,0.0
2024-12-01T03:00:00Z,1.066000000000031,1.5,11.1,0.0
2024-12-01T04:00:00Z,1.1140000000000327,1.3,10.7,0.0
2024-12-01T05:00:00Z,1.0670000000000073,1.2,10.6,0.0
2024-12-01T06:00:00Z,1.0979999999999563,1.5,10.8,0.0
2024-12-01T07:00:00Z,1.1050000000000182,1.7,10.6,0.0
2024-12-01T08:00:00Z,0.98599999999999,1.9,11.3,7.0
2024-12-01T09:00:00Z,0.7390000000000327,2.2,11.8,71.0
2024-12-01T10:00:00Z,0.5570000000000164,3.0,10.6,143.0
2024-12-01T11:00:00Z,0.6409999999999627,3.8,11.3,178.0
2024-12-01T12:00:00Z,0.45799999999997,4.3,12.1,178.0
2024-12-01T13:00:00Z,0.22699999999997544,5.1,12.3,143.0
2024-12-01T14:00:00Z,0.5590000000000828,4.5,12.3,74.0
2024-12-01T15:00:00Z,0.13999999999998636,3.8,12.2,10.0
2024-12-01T16:00:00Z,0.7469999999999573,4.0,13.3,0.0
2024-12-01T17:00:00Z,0.02100000000007185,3.5,13.9,0.0
2024-12-01T18:00:00Z,0.017999999999915417,2.8,15.8,0.0
2024-12-01T19:00:00Z,0.01700000000005275,2.9,16.6,0.0
2024-12-01T20:00:00Z,0.018000000000029104,2.8,17.5,0.0
2024-12-01T21:00:00Z,1.1440000000000055,2.8,18.2,0.0
2024-12-01T22:00:00Z,0.6459999999999582,2.8,17.6,0.0
2024-12-01T23:00:00Z,0.7069999999999936,2.4,16.9,0.0
2024-12-02T00:00:00Z,0.9560000000000173,2.3,16.6,0.0
2024-12-02T01:00:00Z,0.6779999999999973,2.5,16.4,0.0
2024-12-02T02:00:00Z,0.6269999999999527,3.0,16.1,0.0
2024-12-02T03:00:00Z,0.8530000000000655,4.0,16.5,0.0
2024-12-02T04:00:00Z,0.63799999999992,4.3,17.7,0.0
2024-12-02T05:00:00Z,0.49700000000007094,4.9,18.5,0.0
2024-12-02T06:00:00Z,0.016999999999939064,5.9,20.3,0.0
2024-12-02T07:00:00Z,0.8360000000000127,6.5,19.6,0.0
2024-12-02T08:00:00Z,0.32000000000005,6.9,18.1,2.0
2024-12-02T09:00:00Z,0.5799999999999272,7.3,17.8,16.0
2024-12-02T10:00:00Z,0.28100000000006276,7.8,18.4,38.0
2024-12-02T11:00:00Z,0.6079999999999472,8.4,20.0,61.0
2024-12-02T12:00:00Z,0.09400000000005093,8.3,20.5,53.0
2024-12-02T13:00:00Z,0.5950000000000273,7.4,16.5,30.0
2024-12-02T14:00:00Z,0.20899999999994634,7.1,11.5,13.0
2024-12-02T15:00:00Z,0.5049999999999955,7.3,17.5,1.0
2024-12-02T16:00:00Z,0.3350000000000364,7.5,18.6,0.0
2024-12-02T17:00:00Z,0.016999999999939064,7.6,18.1,0.0
2024-12-02T18:00:00Z,0.018000000000029104,7.8,18.3,0.0
2024-12-02T19:00:00Z,0.01700000000005275,7.9,18.8,0.0
2024-12-02T20:00:00Z,0.016999999999939064,7.9,18.4,0.0
2024-12-02T21:00:00Z,0.5230000000000246,7.8,17.9,0.0
2024-12-02T22:00:00Z,0.17799999999999727,7.6,17.0,0.0
2024-12-02T23:00:00Z,0.10900000000003729,7.6,17.0,0.0
2024-12-03T00:00:00Z,0.016999999999939064,7.7,16.4,0.0
2024-12-03T01:00:00Z,0.018000000000029104,7.3,12.9,0.0
2024-12-03T02:00:00Z,0.016999999999939064,6.7,11.8,0.0
2024-12-03T03:00:00Z,0.018000000000029104,6.1,11.4,0.0
2024-12-03T04:00:00Z,0.018000000000029104,5.9,9.8,0.0
2024-12-03T05:00:00Z,0.018000000000029104,6.2,8.0,0.0
2024-12-03T06:00:00Z,0.6399999999999864,6.6,7.4,0.0
2024-12-03T07:00:00Z,0.5090000000000146,6.3,8.0,0.0
2024-12-03T08:00:00Z,0.017999999999915417,6.1,7.3,3.0
2024-12-03T09:00:00Z,0.018000000000029104,5.9,8.1,27.0
2024-12-03T10:00:00Z,0.7720000000000482,6.1,7.2,84.0
2024-12-03T11:00:00Z,0.5469999999999118,6.4,7.6,145.0
2024-12-03T12:00:00Z,0.0340000000001055,6.7,7.0,144.0
2024-12-03T13:00:00Z,0.017999999999915417,6.3,5.9,117.0
2024-12-03T14:00:00Z,0.57000000000005,5.5,4.4,57.0
2024-12-03T15:00:00Z,0.59699999999998,4.2,5.3,8.0
2024-12-03T16:00:00Z,0.5230000000000246,3.8,5.9,0.0
2024-12-03T17:00:00Z,0.020999999999958163,3.8,10.6,0.0
2024-12-03T18:00:00Z,0.018000000000029104,4.8,21.4,0.0
2024-12-03T19:00:00Z,0.01599999999996271,4.3,19.8,0.0
2024-12-03T20:00:00Z,0.018000000000029104,4.2,18.4,0.0
2024-12-03T21:00:00Z,1.2590000000000146,4.1,17.4,0.0
2024-12-03T22:00:00Z,0.7089999999999463,4.1,16.6,0.0
2024-12-03T23:00:00Z,0.6130000000000564,4.1,15.8,0.0
2024-12-04T00:00:00Z,0.9460000000000264,4.0,15.1,0.0
2024-12-04T01:00:00Z,0.6699999999999591,3.3,18.2,0.0
2024-12-04T02:00:00Z,0.5339999999999918,3.2,19.8,0.0
2024-12-04T03:00:00Z,0.5360000000000582,2.9,20.9,0.0
2024-12-04T04:00:00Z,0.5429999999998927,2.5,21.1,0.0
2024-12-04T05:00:00Z,0.6150000000000091,2.6,20.9,0.0
2024-12-04T06:00:00Z,0.6230000000000473,2.9,21.1,0.0
2024-12-04T07:00:00Z,0.625,3.0,21.0,0.0
2024-12-04T08:00:00Z,0.6209999999999809,3.2,18.7,3.0
2024-12-04T09:00:00Z,0.6259999999999764,3.8,17.5,23.0
2024-12-04T10:00:00Z,0.9260000000000446,4.0,16.1,48.0
2024-12-04T11:00:00Z,0.6789999999999736,4.0,15.6,43.0
2024-12-04T12:00:00Z,0.5430000000000064,4.2,14.3,47.0
2024-12-04T13:00:00Z,0.54200000000003,3.6,13.8,82.0
2024-12-04T14:00:00Z,0.54200000000003,3.4,12.1,42.0
2024-12-04T15:00:00Z,0.5759999999999081,2.7,12.0,6.0
2024-12-04T16:00:00Z,0.6380000000000337,2.5,10.8,0.0
2024-12-04T17:00:00Z,0.2340000000000373,2.2,10.2,0.0
2024-12-04T18:00:00Z,0.016999999999939064,2.2,11.7,0.0
2024-12-04T19:00:00Z,0.01700000000005275,1.9,12.1,0.0
2024-12-04T20:00:00Z,0.023000000000024556,1.4,10.6,0.0
2024-12-04T21:00:00Z,1.9099999999999682,0.9,8.9,0.0
2024-12-04T22:00:00Z,1.8120000000000118,0.4,6.2,0.0
2024-12-04T23:00:00Z,1.4710000000000036,0.6,6.9,0.0
2024-12-05T00:00:00Z,1.3669999999999618,1.4,7.7,0.0
2024-12-05T01:00:00Z,1.157000000000039,-0.9,5.1,0.0
2024-12-05T02:00:00Z,1.2579999999999245,-0.1,4.8,0.0
2024-12-05T03:00:00Z,1.0060000000000855,0.4,5.2,0.0
2024-12-05T04:00:00Z,1.177000000000021,0.6,5.6,0.0
2024-12-05T05:00:00Z,0.9789999999999281,1.0,7.5,0.0
2024-12-05T06:00:00Z,0.9919999999999618,1.5,6.7,0.0
2024-12-05T07:00:00Z,1.025000000000091,2.7,9.6,0.0
2024-12-05T08:00:00Z,1.0699999999999363,3.3,10.9,3.0
2024-12-05T09:00:00Z,0.9130000000000109,4.6,13.5,27.0
2024-12-05T10:00:00Z,0.5539999999999736,5.1,13.3,47.0
2024-12-05T11:00:00Z,0.22800000000006548,5.0,14.9,99.0
2024-12-05T12:00:00Z,0.5629999999999882,5.1,17.7,114.0
2024-12-05T13:00:00Z,0.5750000000000455,4.8,20.7,86.0
2024-12-05T14:00:00Z,0.3649999999998954,4.4,22.5,59.0
2024-12-05T15:00:00Z,0.22500000000002274,3.7,23.9,8.0
2024-12-05T16:00:00Z,0.016000000000076398,3.7,24.9,0.0
2024-12-05T17:00:00Z,0.016999999999939064,4.0,27.7,0.0
2024-12-05T18:00:00Z,0.01700000000005275,4.0,28.6,0.0
2024-12-05T19:00:00Z,0.016999999999939064,3.9,29.0,0.0
2024-12-05T20:00:00Z,0.018000000000029104,3.8,28.1,0.0
2024-12-05T21:00:00Z,0.01599999999996271,3.7,28.5,0.0
2024-12-05T22:00:00Z,0.01700000000005275,3.8,29.4,0.0
2024-12-05T23:00:00Z,0.016999999999939064,3.7,28.3,0.0
2024-12-06T00:00:00Z,0.07900000000006457,3.8,29.3,0.0
2024-12-06T01:00:00Z,0.016999999999939064,4.2,27.8,0.0
2024-12-06T02:00:00Z,0.28300000000001546,4.3,29.5,0.0
2024-12-06T03:00:00Z,0.51400000000001,4.2,31.1,0.0
2024-12-06T04:00:00Z,0.033999999999991815,4.4,31.8,0.0
2024-12-06T05:00:00Z,0.051000000000044565,4.4,31.2,0.0
2024-12-06T06:00:00Z,0.12799999999992906,4.3,31.2,0.0
2024-12-06T07:00:00Z,0.4379999999999882,4.4,29.4,0.0
2024-12-06T08:00:00Z,0.40200000000004366,4.8,29.7,1.0
2024-12-06T09:00:00Z,0.01700000000005275,4.8,28.9,10.0
2024-12-06T10:00:00Z,0.16499999999996362,5.1,27.5,42.0
2024-12-06T11:00:00Z,0.5800000000000409,5.1,23.5,36.0
2024-12-06T12:00:00Z,0.10799999999994725,4.8,21.6,23.0
2024-12-06T13:00:00Z,0.3830000000000382,4.6,21.3,22.0
2024-12-06T14:00:00Z,0.46699999999998454,4.6,21.1,16.0
2024-12-06T15:00:00Z,0.018000000000029104,4.6,17.4,2.0
2024-12-06T16:00:00Z,0.016999999999939064,4.7,14.5,0.0
2024-12-06T17:00:00Z,0.6159999999999854,4.7,14.7,0.0
2024-12-06T18:00:00Z,0.3380000000000791,4.7,10.9,0.0
2024-12-06T19:00:00Z,0.017999999999915417,4.4,9.0,0.0
2024-12-06T20:00:00Z,0.01700000000005275,4.4,9.9,0.0
2024-12-06T21:00:00Z,0.5199999999999818,4.6,12.2,0.0
2024-12-06T22:00:00Z,0.35599999999999454,4.7,10.6,0.0
2024-12-06T23:00:00Z,0.018000000000029104,4.6,8.1,0.0
2024-12-07T00:00:00Z,0.018000000000029104,4.5,5.5,0.0
2024-12-07T01:00:00Z,0.017999999999915417,4.7,8.1,0.0
2024-12-07T02:00:00Z,0.01700000000005275,4.7,8.3,0.0
2024-12-07T03:00:00Z,0.09699999999997999,4.7,9.0,0.0
2024-12-07T04:00:00Z,0.625,4.7,11.7,0.0
2024-12-07T05:00:00Z,0.32600000000002183,4.8,13.5,0.0
2024-12-07T06:00:00Z,0.018000000000029104,4.8,14.5,0.0
2024-12-07T07:00:00Z,0.58299999999997,4.8,15.7,0.0
2024-12-07T08:00:00Z,0.3509999999999991,4.8,16.4,2.0
2024-12-07T09:00:00Z,0.018000000000029104,5.1,17.9,14.0
2024-12-07T10:00:00Z,0.1129999999999427,5.4,19.2,31.0
2024-12-07T11:00:00Z,0.01700000000005275,5.7,18.4,38.0
2024-12-07T12:00:00Z,0.017999999999915417,5.8,17.8,34.0
2024-12-07T13:00:00Z,0.01700000000005275,5.8,19.6,29.0
2024-12-07T14:00:00Z,0.018000000000029104,5.8,21.7,27.0
2024-12-07T15:00:00Z,0.017999999999915417,5.9,23.2,3.0
2024-12-07T16:00:00Z,0.01700000000005275,6.0,22.7,0.0
2024-12-07T17:00:00Z,0.06999999999993634,6.1,22.2,0.0
2024-12-07T18:00:00Z,0.018000000000029104,6.3,23.8,0.0
2024-12-07T19:00:00Z,0.01700000000005275,6.2,22.9,0.0
2024-12-07T20:00:00Z,0.017999999999915417,5.8,22.4,0.0
2024-12-07T21:00:00Z,0.2660000000000764,5.7,22.1,0.0
2024-12-07T22:00:00Z,0.5589999999999691,5.5,19.8,0.0
2024-12-07T23:00:00Z,0.20100000000002183,5.7,20.5,0.0
2024-12-08T00:00:00Z,1.947999999999979,5.8,21.7,0.0
2024-12-08T01:00:00Z,1.8680000000000518,6.1,20.5,0.0
2024-12-08T02:00:00Z,1.6159999999999854,6.1,20.2,0.0
2024-12-08T03:00:00Z,1.5529999999999973,6.1,19.2,0.0
2024-12-08T04:00:00Z,1.2590000000000146,6.1,18.6,0.0
2024-12-08T05:00:00Z,1.0369999999999209,6.2,18.9,0.0
2024-12-08T06:00:00Z,0.022000000000048203,6.3,18.9,0.0
2024-12-08T07:00:00Z,0.016999999999939064,6.2,18.1,0.0
2024-12-08T08:00:00Z,0.01700000000005275,5.9,18.0,2.0
2024-12-08T09:00:00Z,0.9489999999999554,6.1,18.4,13.0
2024-12-08T10:00:00Z,0.5060000000000855,6.2,18.9,22.0
2024-12-08T11:00:00Z,0.5059999999999718,6.3,17.5,56.0
2024-12-08T12:00:00Z,0.5059999999999718,6.5,18.3,91.0
2024-12-08T13:00:00Z,1.4370000000000118,6.1,20.5,54.0
2024-12-08T14:00:00Z,1.2670000000000528,5.5,21.9,18.0
2024-12-08T15:00:00Z,0.9649999999999181,5.3,19.7,3.0
2024-12-08T16:00:00Z,0.9650000000000318,5.1,19.3,0.0
2024-12-08T17:00:00Z,0.020999999999958163,4.7,18.3,0.0
2024-12-08T18:00:00Z,0.016000000000076398,4.2,18.2,0.0
2024-12-08T19:00:00Z,0.016999999999939064,3.8,16.7,0.0
2024-12-08T20:00:00Z,0.018000000000029104,3.7,17.4,0.0
2024-12-08T21:00:00Z,1.3099999999999454,3.8,18.3,0.0
2024-12-08T22:00:00Z,1.0130000000000337,4.1,18.0,0.0
2024-12-08T23:00:00Z,0.7010000000000218,4.2,19.0,0.0
2024-12-09T00:00:00Z,2.1720000000000255,4.2,19.9,0.0
2024-12-09T01:00:00Z,1.6449999999999818,4.6,22.2,0.0
2024-12-09T02:00:00Z,1.6599999999999682,4.8,22.1,0.0
2024-12-09T03:00:00Z,1.384999999999991,4.9,22.5,0.0
2024-12-09T04:00:00Z,1.6330000000000382,4.8,23.0,0.0
2024-12-09T05:00:00Z,1.23599999999999,4.4,22.2,0.0
2024-12-09T06:00:00Z,0.022000000000048203,4.4,21.7,0.0
2024-12-09T07:00:00Z,0.8229999999999791,4.4,21.1,0.0
2024-12-09T08:00:00Z,0.8869999999999436,4.1,22.1,1.0
2024-12-09T09:00:00Z,0.7530000000000427,4.0,22.9,18.0
2024-12-09T10:00:00Z,0.27700000000004366,4.2,22.9,46.0
2024-12-09T11:00:00Z,0.7729999999999109,4.3,19.5,60.0
2024-12-09T12:00:00Z,0.6470000000000482,4.1,19.6,85.0
2024-12-09T13:00:00Z,0.5449999999999591,3.7,16.5,34.0
2024-12-09T14:00:00Z,0.5430000000000064,3.4,18.3,42.0
2024-12-09T15:00:00Z,0.5450000000000728,3.0,19.9,6.0
2024-12-09T16:00:00Z,0.5419999999999163,3.3,19.2,0.0
2024-12-09T17:00:00Z,0.02100000000007185,2.9,18.7,0.0
2024-12-09T18:00:00Z,0.016999999999939064,2.5,17.9,0.0
2024-12-09T19:00:00Z,0.018000000000029104,2.7,16.9,0.0
2024-12-09T20:00:00Z,0.018000000000029104,2.7,16.7,0.0
2024-12-09T21:00:00Z,1.2379999999999427,2.6,16.2,0.0
2024-12-09T22:00:00Z,0.6979999999999791,2.5,14.4,0.0
2024-12-09T23:00:00Z,0.6220000000000709,2.5,13.0,0.0
2024-12-10T00:00:00Z,1.56899999999996,2.5,12.4,0.0
2024-12-10T01:00:00Z,2.009999999999991,2.3,12.6,0.0
2024-12-10T02:00:00Z,1.8310000000000173,2.4,12.8,0.0
2024-12-10T03:00:00Z,1.634999999999991,2.2,13.0,0.0
2024-12-10T04:00:00Z,1.7430000000000518,2.0,12.5,0.0
2024-12-10T05:00:00Z,1.5759999999999081,2.0,12.0,0.0
2024-12-10T06:00:00Z,0.6299999999999955,2.1,11.7,0.0
2024-12-10T07:00:00Z,1.0870000000001028,2.0,10.4,0.0
2024-12-10T08:00:00Z,0.863999999999919,1.9,9.5,3.0
2024-12-10T09:00:00Z,0.6399999999999864,2.5,8.4,34.0
2024-12-10T10:00:00Z,0.6420000000000528,3.0,7.4,78.0
2024-12-10T11:00:00Z,0.7350000000000136,3.0,8.1,114.0
2024-12-10T12:00:00Z,0.7649999999999864,3.0,9.9,108.0
2024-12-10T13:00:00Z,0.6169999999999618,2.0,8.4,57.0
2024-12-10T14:00:00Z,0.4519999999999982,1.6,7.0,30.0
2024-12-10T15:00:00Z,0.018000000000029104,1.0,6.1,4.0
2024-12-10T16:00:00Z,0.018000000000029104,0.4,6.2,0.0
2024-12-10T17:00:00Z,0.019000000000005457,-0.1,4.0,0.0
2024-12-10T18:00:00Z,0.036999999999920874,-0.3,3.8,0.0
2024-12-10T19:00:00Z,0.11300000000005639,-0.2,3.5,0.0
2024-12-10T20:00:00Z,0.1330000000000382,-0.6,2.2,0.0
2024-12-10T21:00:00Z,1.933999999999969,-0.6,2.3,0.0
2024-12-10T22:00:00Z,1.330000000000041,-0.2,4.9,0.0
2024-12-10T23:00:00Z,1.41599999999994,0.0,6.7,0.0
2024-12-11T00:00:00Z,2.1399999999999864,0.0,6.3,0.0
2024-12-11T01:00:00Z,2.519999999999982,0.3,5.5,0.0
2024-12-11T02:00:00Z,2.3360000000000127,0.7,5.5,0.0
2024-12-11T03:00:00Z,2.1130000000000564,0.8,8.0,0.0
2024-12-11T04:00:00Z,1.8869999999999436,0.0,9.0,0.0
2024-12-11T05:00:00Z,1.8140000000000782,-0.6,8.0,0.0
2024-12-11T06:00:00Z,0.05199999999990723,0.1,7.2,0.0
2024-12-11T07:00:00Z,0.04600000000004911,0.9,6.7,0.0
2024-12-11T08:00:00Z,0.04499999999995907,1.4,6.7,2.0
2024-12-11T09:00:00Z,0.05200000000002092,2.1,6.0,27.0
2024-12-11T10:00:00Z,0.06299999999998818,2.8,6.4,48.0
2024-12-11T11:00:00Z,0.018000000000029104,3.2,7.5,53.0
2024-12-11T12:00:00Z,0.018000000000029104,3.3,8.1,47.0
2024-12-11T13:00:00Z,0.017999999999915417,3.0,4.7,32.0
2024-12-11T14:00:00Z,0.01700000000005275,2.9,4.1,10.0
2024-12-11T15:00:00Z,0.018000000000029104,2.8,4.8,1.0
2024-12-11T16:00:00Z,0.017999999999915417,2.8,3.4,0.0
2024-12-11T17:00:00Z,0.018000000000029104,2.8,1.5,0.0
2024-12-11T18:00:00Z,0.01700000000005275,2.8,5.8,0.0
2024-12-11T19:00:00Z,0.017999999999915417,2.5,7.6,0.0
2024-12-11T20:00:00Z,0.018000000000029104,2.2,7.6,0.0
2024-12-11T21:00:00Z,0.018000000000029104,1.5,7.8,0.0
2024-12-11T22:00:00Z,0.018000000000029104,0.6,7.6,0.0
2024-12-11T23:00:00Z,2.254000000000019,0.2,6.6,0.0
2024-12-12T00:00:00Z,2.26299999999992,0.1,6.1,0.0
2024-12-12T01:00:00Z,2.038000000000011,1.1,7.5,0.0
2024-12-12T02:00:00Z,1.961999999999989,0.8,6.7,0.0
2024-12-12T03:00:00Z,1.8490000000000464,0.4,7.3,0.0
2024-12-12T04:00:00Z,1.8059999999999263,0.2,5.6,0.0
2024-12-12T05:00:00Z,1.7530000000000427,-0.2,4.6,0.0
2024-12-12T06:00:00Z,0.029999999999972715,-1.1,3.0,0.0
2024-12-12T07:00:00Z,0.018000000000029104,-1.6,2.5,0.0
2024-12-12T08:00:00Z,0.018000000000029104,-1.8,4.1,3.0
2024-12-12T09:00:00Z,0.018000000000029104,-1.2,6.4,41.0
2024-12-12T10:00:00Z,0.017999999999915417,-0.6,8.1,89.0
2024-12-12T11:00:00Z,0.016000000000076398,0.3,8.7,122.0
2024-12-12T12:00:00Z,0.017999999999915417,1.0,8.0,135.0
2024-12-12T13:00:00Z,0.018000000000029104,2.2,6.7,99.0
2024-12-12T14:00:00Z,0.018000000000029104,1.5,2.7,44.0
2024-12-12T15:00:00Z,0.018000000000029104,1.1,1.5,4.0
2024-12-12T16:00:00Z,0.017999999999915417,1.1,1.8,0.0
2024-12-12T17:00:00Z,0.08199999999999363,1.5,3.0,0.0
2024-12-12T18:00:00Z,0.019000000000005457,1.4,3.5,0.0
2024-12-12T19:00:00Z,0.018000000000029104,1.2,4.0,0.0
2024-12-12T20:00:00Z,0.018000000000029104,1.0,3.8,0.0
2024-12-12T21:00:00Z,1.52699999999993,1.0,3.4,0.0
2024-12-12T22:00:00Z,2.2760000000000673,0.4,3.5,0.0
2024-12-12T23:00:00Z,2.106999999999971,0.1,3.7,0.0
2024-12-13T00:00:00Z,1.9500000000000455,0.5,2.2,0.0
2024-12-13T01:00:00Z,1.8489999999999327,0.7,5.6,0.0
2024-12-13T02:00:00Z,1.7699999999999818,0.6,5.8,0.0
2024-12-13T03:00:00Z,1.7250000000000227,1.0,7.4,0.0
2024-12-13T04:00:00Z,1.6000000000000227,1.4,3.5,0.0
2024-12-13T05:00:00Z,1.615000000000009,1.5,3.6,0.0
2024-12-13T06:00:00Z,0.028999999999996362,1.7,3.5,0.0
2024-12-13T07:00:00Z,0.018000000000029104,2.0,7.6,0.0
2024-12-13T08:00:00Z,0.016999999999939064,2.5,11.1,1.0
2024-12-13T09:00:00Z,0.018000000000029104,2.6,11.1,17.0
2024-12-13T10:00:00Z,0.01700000000005275,3.2,11.6,46.0
2024-12-13T11:00:00Z,0.016999999999939064,3.5,11.1,59.0
2024-12-13T12:00:00Z,0.018000000000029104,3.6,15.3,89.0
2024-12-13T13:00:00Z,0.018000000000029104,3.2,11.7,44.0
2024-12-13T14:00:00Z,0.016999999999939064,3.0,9.4,27.0
2024-12-13T15:00:00Z,0.01700000000005275,2.7,10.4,3.0
2024-12-13T16:00:00Z,0.017999999999915417,2.6,12.7,0.0
2024-12-13T17:00:00Z,0.01700000000005275,2.3,14.3,0.0
2024-12-13T18:00:00Z,0.018000000000029104,2.2,14.6,0.0
2024-12-13T19:00:00Z,0.016999999999939064,2.2,14.7,0.0
2024-12-13T20:00:00Z,0.016000000000076398,2.0,15.1,0.0
2024-12-13T21:00:00Z,0.017999999999915417,1.9,15.8,0.0
2024-12-13T22:00:00Z,1.538000000000011,1.6,15.9,0.0
2024-12-13T23:00:00Z,1.0570000000000164,1.4,14.9,0.0
2024-12-14T00:00:00Z,2.4389999999999645,1.1,14.3,0.0
2024-12-14T01:00:00Z,2.509999999999991,1.2,14.3,0.0
2024-12-14T02:00:00Z,1.1720000000000255,1.2,14.5,0.0
2024-12-14T03:00:00Z,1.0170000000000528,0.9,14.3,0.0
2024-12-14T04:00:00Z,1.1899999999999409,0.4,14.3,0.0
2024-12-14T05:00:00Z,1.02800000000002,0.3,14.3,0.0
2024-12-14T06:00:00Z,1.038000000000011,0.6,14.9,0.0
2024-12-14T07:00:00Z,1.0439999999999827,1.1,17.6,0.0
2024-12-14T08:00:00Z,1.058999999999969,1.9,18.9,1.0
2024-12-14T09:00:00Z,0.9850000000000136,2.5,20.6,12.0
2024-12-14T10:00:00Z,0.9650000000000318,3.1,21.8,19.0
2024-12-14T11:00:00Z,0.6580000000000155,3.5,23.4,32.0
2024-12-14T12:00:00Z,0.8590000000000373,3.5,22.6,21.0
2024-12-14T13:00:00Z,0.7259999999999991,3.4,22.9,17.0
2024-12-14T14:00:00Z,0.6699999999999591,4.0,22.7,14.0
2024-12-14T15:00:00Z,0.23599999999999,4.7,21.8,2.0
2024-12-14T16:00:00Z,0.8600000000000136,4.6,21.4,0.0
2024-12-14T17:00:00Z,0.020999999999958163,4.0,21.1,0.0
2024-12-14T18:00:00Z,0.018000000000029104,3.7,21.1,0.0
2024-12-14T19:00:00Z,0.018000000000029104,3.5,21.7,0.0
2024-12-14T20:00:00Z,0.016999999999939064,3.2,21.8,0.0
2024-12-14T21:00:00Z,2.314000000000078,3.0,22.5,0.0
2024-12-14T22:00:00Z,2.4109999999999445,2.8,22.4,0.0
2024-12-14T23:00:00Z,1.9980000000000473,2.8,22.0,0.0
2024-12-15T00:00:00Z,2.564999999999941,2.8,22.5,0.0
2024-12-15T01:00:00Z,1.5410000000000537,3.0,23.7,0.0
2024-12-15T02:00:00Z,1.740000000000009,3.0,24.2,0.0
2024-12-15T03:00:00Z,1.5720000000000027,3.1,23.9,0.0
2024-12-15T04:00:00Z,1.5389999999999873,3.0,22.8,0.0
2024-12-15T05:00:00Z,1.5359999999999445,3.0,21.9,0.0
2024-12-15T06:00:00Z,0.16899999999998272,3.0,20.7,0.0
2024-12-15T07:00:00Z,0.044000000000096406,3.0,19.0,0.0
2024-12-15T08:00:00Z,0.043000000000006366,2.6,15.5,2.0
2024-12-15T09:00:00Z,0.016999999999939064,3.2,15.2,39.0
2024-12-15T10:00:00Z,0.18600000000003547,4.4,16.0,89.0
2024-12-15T11:00:00Z,0.7369999999999663,4.7,16.0,29.0
2024-12-15T12:00:00Z,0.2039999999999509,4.8,17.8,22.0
2024-12-15T13:00:00Z,0.1570000000000391,5.5,22.7,14.0
2024-12-15T14:00:00Z,0.4500000000000455,6.1,25.0,5.0
2024-12-15T15:00:00Z,0.07600000000002183,7.1,23.7,1.0
2024-12-15T16:00:00Z,0.12399999999990996,8.2,28.0,0.0
2024-12-15T17:00:00Z,0.02100000000007185,9.1,30.8,0.0
2024-12-15T18:00:00Z,0.017999999999915417,9.4,30.6,0.0
2024-12-15T19:00:00Z,0.018000000000029104,9.6,32.1,0.0
2024-12-15T20:00:00Z,0.018000000000029104,9.2,33.2,0.0
2024-12-15T21:00:00Z,0.016999999999939064,9.4,34.5,0.0
2024-12-15T22:00:00Z,0.018000000000029104,9.9,37.4,0.0
2024-12-15T23:00:00Z,0.018000000000029104,10.2,37.2,0.0
2024-12-16T00:00:00Z,0.9710000000000036,10.4,36.7,0.0
2024-12-16T01:00:00Z,0.5910000000000082,10.2,37.4,0.0
2024-12-16T02:00:00Z,0.5240000000000009,10.5,38.4,0.0
2024-12-16T03:00:00Z,0.46699999999998454,10.6,38.6,0.0
2024-12-16T04:00:00Z,0.42999999999995,10.8,37.8,0.0
2024-12-16T05:00:00Z,0.6380000000000337,10.8,35.8,0.0
2024-12-16T06:00:00Z,0.01999999999998181,10.8,36.9,0.0
2024-12-16T07:00:00Z,0.01700000000005275,10.4,36.0,0.0
2024-12-16T08:00:00Z,0.016999999999939064,9.9,32.7,0.0
2024-12-16T09:00:00Z,0.018000000000029104,9.4,29.6,10.0
2024-12-16T10:00:00Z,0.01700000000005275,9.3,28.1,37.0
2024-12-16T11:00:00Z,0.06599999999991724,9.4,27.3,56.0
2024-12-16T12:00:00Z,0.019000000000005457,9.4,26.8,31.0
2024-12-16T13:00:00Z,0.018000000000029104,9.5,27.5,30.0
2024-12-16T14:00:00Z,0.018000000000029104,9.4,26.5,11.0
2024-12-16T15:00:00Z,0.018000000000029104,9.3,23.3,1.0
2024-12-16T16:00:00Z,0.017999999999915417,8.9,20.2,0.0
2024-12-16T17:00:00Z,0.018000000000029104,8.9,28.9,0.0
2024-12-16T18:00:00Z,0.01700000000005275,8.9,31.7,0.0
2024-12-16T19:00:00Z,0.017999999999915417,8.9,33.4,0.0
2024-12-16T20:00:00Z,0.018000000000029104,9.2,33.3,0.0
2024-12-16T21:00:00Z,0.5149999999999864,9.6,34.0,0.0
2024-12-16T22:00:00Z,2.590000000000032,9.9,35.5,0.0
2024-12-16T23:00:00Z,1.0230000000000246,10.0,35.3,0.0
2024-12-17T00:00:00Z,0.6809999999999263,9.9,34.6,0.0
2024-12-17T01:00:00Z,0.5320000000000391,9.6,34.8,0.0
2024-12-17T02:00:00Z,0.5289999999999964,9.9,34.0,0.0
2024-12-17T03:00:00Z,0.5270000000000437,9.7,30.8,0.0
2024-12-17T04:00:00Z,0.5299999999999727,9.1,29.7,0.0
2024-12-17T05:00:00Z,0.5330000000000155,8.8,27.2,0.0
2024-12-17T06:00:00Z,0.020999999999958163,8.5,25.4,0.0
2024-12-17T07:00:00Z,0.11800000000005184,8.6,24.4,0.0
2024-12-17T08:00:00Z,0.017999999999915417,8.6,23.8,1.0
2024-12-17T09:00:00Z,0.018000000000029104,8.7,24.0,32.0
2024-12-17T10:00:00Z,0.019000000000005457,9.1,23.7,56.0
2024-12-17T11:00:00Z,0.018000000000029104,9.4,23.1,144.0
2024-12-17T12:00:00Z,0.10000000000002274,9.4,22.3,147.0
2024-12-17T13:00:00Z,0.4979999999999336,8.6,20.2,115.0
2024-12-17T14:00:00Z,0.06000000000005912,8.1,18.3,60.0
2024-12-17T15:00:00Z,0.017999999999915417,7.4,15.8,6.0
2024-12-17T16:00:00Z,0.018000000000029104,7.9,15.3,0.0
2024-12-17T17:00:00Z,0.01700000000005275,8.3,14.5,0.0
2024-12-17T18:00:00Z,0.017999999999915417,8.2,17.0,0.0
2024-12-17T19:00:00Z,0.018000000000029104,8.2,20.3,0.0
2024-12-17T20:00:00Z,0.018000000000029104,7.9,18.4,0.0
2024-12-17T21:00:00Z,0.4399999999999409,8.1,19.0,0.0
2024-12-17T22:00:00Z,0.32300000000009277,8.1,18.9,0.0
2024-12-17T23:00:00Z,0.016999999999939064,8.0,19.0,0.0
2024-12-18T00:00:00Z,1.268000000000029,7.8,17.3,0.0
2024-12-18T01:00:00Z,0.7169999999999845,7.7,18.0,0.0
2024-12-18T02:00:00Z,0.5660000000000309,7.3,16.1,0.0
2024-12-18T03:00:00Z,0.6069999999999709,7.2,17.6,0.0
2024-12-18T04:00:00Z,0.6200000000000045,6.8,18.5,0.0
2024-12-18T05:00:00Z,0.6209999999999809,6.4,18.9,0.0
2024-12-18T06:00:00Z,0.022000000000048203,6.5,20.5,0.0
2024-12-18T07:00:00Z,0.1490000000000009,6.6,22.8,0.0
2024-12-18T08:00:00Z,0.30700000000001637,6.7,24.5,0.0
2024-12-18T09:00:00Z,0.48499999999989996,6.4,24.2,7.0
2024-12-18T10:00:00Z,0.4210000000000491,6.8,25.7,24.0
2024-12-18T11:00:00Z,0.35800000000006094,7.6,26.3,34.0
2024-12-18T12:00:00Z,0.8029999999999973,7.7,26.1,37.0
2024-12-18T13:00:00Z,1.01299999999992,7.4,25.9,24.0
2024-12-18T14:00:00Z,0.8150000000000546,8.1,26.1,9.0
2024-12-18T15:00:00Z,0.5599999999999454,8.6,26.7,2.0
2024-12-18T16:00:00Z,0.45699999999999363,9.1,29.1,0.0
2024-12-18T17:00:00Z,0.018000000000029104,9.4,32.7,0.0
2024-12-18T18:00:00Z,0.01700000000005275,9.6,33.8,0.0
2024-12-18T19:00:00Z,0.017999999999915417,10.0,34.5,0.0
2024-12-18T20:00:00Z,0.018000000000029104,10.4,31.5,0.0
2024-12-18T21:00:00Z,0.01700000000005275,10.4,28.1,0.0
2024-12-18T22:00:00Z,0.017999999999915417,10.0,26.7,0.0
2024-12-18T23:00:00Z,0.018000000000029104,9.7,23.9,0.0
2024-12-19T00:00:00Z,1.0720000000000027,9.4,21.8,0.0
2024-12-19T01:00:00Z,0.6159999999999854,9.2,20.1,0.0
2024-12-19T02:00:00Z,0.5299999999999727,8.8,16.9,0.0
2024-12-19T03:00:00Z,0.5310000000000628,8.7,14.2,0.0
2024-12-19T04:00:00Z,0.5330000000000155,8.4,12.6,0.0
2024-12-19T05:00:00Z,0.5349999999999682,8.6,14.0,0.0
2024-12-19T06:00:00Z,0.020999999999958163,9.5,23.9,0.0
2024-12-19T07:00:00Z,0.01700000000005275,9.4,23.9,0.0
2024-12-19T08:00:00Z,0.018000000000029104,9.6,31.9,0.0
2024-12-19T09:00:00Z,0.017999999999915417,9.7,28.2,3.0
2024-12-19T10:00:00Z,0.018000000000029104,9.6,25.6,15.0
2024-12-19T11:00:00Z,0.01700000000005275,9.7,25.4,19.0
2024-12-19T12:00:00Z,0.21699999999998454,7.5,25.7,34.0
2024-12-19T13:00:00Z,0.5760000000000218,5.6,22.5,20.0
2024-12-19T14:00:00Z,0.41399999999998727,5.7,17.5,14.0
2024-12-19T15:00:00Z,0.5559999999999263,5.4,17.4,3.0
2024-12-19T16:00:00Z,0.45100000000002183,5.7,18.2,0.0
2024-12-19T17:00:00Z,0.022000000000048203,5.7,20.1,0.0
2024-12-19T18:00:00Z,0.018000000000029104,5.2,21.8,0.0
2024-12-19T19:00:00Z,0.017999999999915417,4.6,23.7,0.0
2024-12-19T20:00:00Z,0.018000000000029104,4.6,26.6,0.0
2024-12-19T21:00:00Z,1.4160000000000537,4.7,27.0,0.0
2024-12-19T22:00:00Z,2.4309999999999263,4.8,28.0,0.0
2024-12-19T23:00:00Z,1.9540000000000646,5.2,30.0,0.0
2024-12-20T00:00:00Z,1.0670000000000073,5.3,31.9,0.0
2024-12-20T01:00:00Z,0.8079999999999927,5.7,30.9,0.0
2024-12-20T02:00:00Z,0.5869999999999891,5.4,29.1,0.0
2024-12-20T03:00:00Z,0.6949999999999363,5.6,27.5,0.0
2024-12-20T04:00:00Z,0.84699999999998,5.1,26.9,0.0
2024-12-20T05:00:00Z,1.00100000000009,4.6,24.7,0.0
2024-12-20T06:00:00Z,0.36799999999993815,4.2,24.0,0.0
2024-12-20T07:00:00Z,2.505999999999972,3.9,23.8,0.0
2024-12-20T08:00:00Z,1.8799999999999955,3.8,23.2,1.0
2024-12-20T09:00:00Z,1.3470000000000937,4.3,25.0,46.0
2024-12-20T10:00:00Z,1.349999999999909,5.0,24.2,112.0
2024-12-20T11:00:00Z,1.0850000000000364,5.5,24.6,154.0
2024-12-20T12:00:00Z,0.7540000000000191,5.7,25.3,159.0
2024-12-20T13:00:00Z,1.6299999999999955,5.3,25.4,124.0
2024-12-20T14:00:00Z,2.671000000000049,4.9,23.6,64.0
2024-12-20T15:00:00Z,0.9879999999999427,4.5,21.9,6.0
2024-12-20T16:00:00Z,1.34699999999998,4.2,19.9,0.0
2024-12-20T17:00:00Z,0.024999999999977263,4.0,19.3,0.0
2024-12-20T18:00:00Z,0.01700000000005275,3.8,18.8,0.0
2024-12-20T19:00:00Z,0.01599999999996271,3.8,16.4,0.0
2024-12-20T20:00:00Z,0.01700000000005275,4.3,15.3,0.0
2024-12-20T21:00:00Z,0.7139999999999418,4.6,16.3,0.0
2024-12-20T22:00:00Z,0.3509999999999991,5.2,20.0,0.0
2024-12-20T23:00:00Z,0.018000000000029104,5.3,22.7,0.0
2024-12-21T00:00:00Z,1.6920000000000073,5.8,25.8,0.0
2024-12-21T01:00:00Z,1.586999999999989,5.8,25.5,0.0
2024-12-21T02:00:00Z,1.0080000000000382,5.8,25.5,0.0
2024-12-21T03:00:00Z,0.6549999999999727,5.7,27.0,0.0
2024-12-21T04:00:00Z,0.5879999999999654,5.7,27.1,0.0
2024-12-21T05:00:00Z,0.5910000000000082,5.4,32.0,0.0
2024-12-21T06:00:00Z,0.01999999999998181,5.6,30.8,0.0
2024-12-21T07:00:00Z,0.018000000000029104,6.1,28.1,0.0
2024-12-21T08:00:00Z,0.07299999999997908,6.4,24.3,0.0
2024-12-21T09:00:00Z,0.019000000000005457,6.6,21.7,21.0
2024-12-21T10:00:00Z,0.018000000000029104,6.9,22.9,50.0
2024-12-21T11:00:00Z,0.018000000000029104,7.2,20.4,79.0
2024-12-21T12:00:00Z,0.018000000000029104,7.2,20.9,83.0
2024-12-21T13:00:00Z,0.07299999999997908,6.8,23.2,94.0
2024-12-21T14:00:00Z,0.019000000000005457,6.7,22.7,37.0
2024-12-21T15:00:00Z,0.45299999999997453,6.6,24.3,2.0
2024-12-21T16:00:00Z,0.3410000000000082,6.4,25.6,0.0
2024-12-21T17:00:00Z,0.018000000000029104,6.3,26.9,0.0
2024-12-21T18:00:00Z,0.017999999999915417,6.1,29.9,0.0
2024-12-21T19:00:00Z,0.018000000000029104,5.9,30.9,0.0
2024-12-21T20:00:00Z,0.051000000000044565,6.1,31.7,0.0
2024-12-21T21:00:00Z,2.3339999999999463,6.2,31.0,0.0
2024-12-21T22:00:00Z,1.336999999999989,6.7,28.9,0.0
2024-12-21T23:00:00Z,2.7169999999999845,7.1,25.3,0.0
2024-12-22T00:00:00Z,0.9250000000000682,6.8,23.2,0.0
2024-12-22T01:00:00Z,1.009999999999991,6.2,19.6,0.0
2024-12-22T02:00:00Z,0.6829999999999927,6.1,19.4,0.0
2024-12-22T03:00:00Z,0.5850000000000364,6.0,19.0,0.0
2024-12-22T04:00:00Z,0.5839999999999463,5.8,19.4,0.0
2024-12-22T05:00:00Z,0.5869999999999891,5.3,19.9,0.0
2024-12-22T06:00:00Z,0.033999999999991815,5.2,19.5,0.0
2024-12-22T07:00:00Z,0.018000000000029104,4.6,19.1,0.0
2024-12-22T08:00:00Z,0.52800000000002,4.3,18.9,1.0
2024-12-22T09:00:00Z,0.6150000000000091,4.8,20.1,43.0
2024-12-22T10:00:00Z,0.036999999999920874,5.5,19.6,106.0
2024-12-22T11:00:00Z,0.13400000000001455,6.0,19.0,146.0
2024-12-22T12:00:00Z,0.019000000000005457,5.9,17.8,146.0
2024-12-22T13:00:00Z,0.018000000000029104,5.6,16.3,105.0
2024-12-22T14:00:00Z,0.018000000000029104,5.0,14.1,41.0
2024-12-22T15:00:00Z,0.6059999999999945,4.1,14.0,6.0
2024-12-22T16:00:00Z,0.6229999999999336,3.6,14.6,0.0
2024-12-22T17:00:00Z,0.02100000000007185,3.2,13.9,0.0
2024-12-22T18:00:00Z,0.018000000000029104,3.0,14.5,0.0
2024-12-22T19:00:00Z,0.017999999999915417,2.8,15.2,0.0
2024-12-22T20:00:00Z,0.01700000000005275,2.6,15.1,0.0
2024-12-22T21:00:00Z,1.0860000000000127,2.5,15.2,0.0
2024-12-22T22:00:00Z,1.038000000000011,2.5,15.6,0.0
2024-12-22T23:00:00Z,1.0809999999999036,2.5,15.4,0.0
2024-12-23T00:00:00Z,2.15300000000002,2.8,16.1,0.0
2024-12-23T01:00:00Z,1.7010000000000218,3.2,16.5,0.0
2024-12-23T02:00:00Z,1.6520000000000437,3.5,18.8,0.0
2024-12-23T03:00:00Z,1.5359999999999445,3.6,20.8,0.0
2024-12-23T04:00:00Z,1.13900000000001,4.4,24.2,0.0
2024-12-23T05:00:00Z,0.8260000000000218,4.5,20.0,0.0
2024-12-23T06:00:00Z,0.021999999999934516,4.3,18.6,0.0
2024-12-23T07:00:00Z,0.018000000000029104,4.2,14.3,0.0
2024-12-23T08:00:00Z,0.42399999999997817,4.2,9.1,0.0
2024-12-23T09:00:00Z,0.5480000000000018,4.5,5.4,8.0
2024-12-23T10:00:00Z,0.019000000000005457,4.6,10.7,16.0
2024-12-23T11:00:00Z,0.58400000000006,4.6,12.6,24.0
2024-12-23T12:00:00Z,0.46100000000001273,4.8,11.6,32.0
2024-12-23T13:00:00Z,0.13199999999994816,5.2,14.6,24.0
2024-12-23T14:00:00Z,0.019000000000005457,5.0,14.2,12.0
2024-12-23T15:00:00Z,0.33799999999996544,4.8,13.7,2.0
2024-12-23T16:00:00Z,0.6170000000000755,4.8,13.8,0.0
2024-12-23T17:00:00Z,0.01999999999998181,4.4,12.1,0.0
2024-12-23T18:00:00Z,0.018000000000029104,4.2,10.0,0.0
2024-12-23T19:00:00Z,0.019000000000005457,3.8,8.2,0.0
2024-12-23T20:00:00Z,0.017999999999915417,3.2,6.8,0.0
2024-12-23T21:00:00Z,1.0550000000000637,3.0,6.8,0.0
2024-12-23T22:00:00Z,0.6209999999999809,2.0,6.5,0.0
2024-12-23T23:00:00Z,0.5399999999999636,2.0,6.9,0.0
2024-12-24T00:00:00Z,1.23700000000008,2.2,5.4,0.0
2024-12-24T01:00:00Z,1.1469999999999345,1.9,3.8,0.0
2024-12-24T02:00:00Z,1.1510000000000673,1.6,1.3,0.0
2024-12-24T03:00:00Z,1.15199999999993,1.5,3.9,0.0
2024-12-24T04:00:00Z,0.9400000000000546,1.5,5.6,0.0
2024-12-24T05:00:00Z,0.9080000000000155,1.6,5.6,0.0
2024-12-24T06:00:00Z,0.021999999999934516,2.0,5.0,0.0
2024-12-24T07:00:00Z,0.1370000000000573,2.5,5.6,0.0
2024-12-24T08:00:00Z,0.019000000000005457,3.1,7.2,0.0
2024-12-24T09:00:00Z,0.6849999999999454,3.7,7.6,13.0
2024-12-24T10:00:00Z,0.5579999999999927,4.0,7.4,53.0
2024-12-24T11:00:00Z,0.018000000000029104,4.1,7.7,66.0
2024-12-24T12:00:00Z,0.7609999999999673,4.2,9.2,70.0
2024-12-24T13:00:00Z,0.5460000000000491,4.2,8.3,55.0
2024-12-24T14:00:00Z,0.017999999999915417,3.8,8.5,40.0
2024-12-24T15:00:00Z,0.8700000000000045,3.2,11.1,6.0
2024-12-24T16:00:00Z,0.5819999999999936,3.5,11.3,0.0
2024-12-24T17:00:00Z,0.022000000000048203,3.2,12.8,0.0
2024-12-24T18:00:00Z,0.01700000000005275,3.7,13.8,0.0
2024-12-24T19:00:00Z,0.017999999999915417,3.5,14.1,0.0
2024-12-24T20:00:00Z,0.018000000000029104,4.1,14.9,0.0
2024-12-24T21:00:00Z,0.7980000000000018,3.9,16.1,0.0
2024-12-24T22:00:00Z,0.40800000000001546,4.0,16.3,0.0
2024-12-24T23:00:00Z,0.48599999999999,4.4,18.2,0.0
2024-12-25T00:00:00Z,1.3920000000000528,4.7,19.1,0.0
2024-12-25T01:00:00Z,0.9829999999999472,5.2,17.3,0.0
2024-12-25T02:00:00Z,0.88900000000001,5.4,17.8,0.0
2024-12-25T03:00:00Z,0.6639999999999873,5.5,17.0,0.0
2024-12-25T04:00:00Z,0.6610000000000582,5.7,16.3,0.0
2024-12-25T05:00:00Z,0.6639999999999873,5.8,16.4,0.0
2024-12-25T06:00:00Z,0.021999999999934516,6.0,16.1,0.0
2024-12-25T07:00:00Z,0.1209999999999809,6.2,16.4,0.0
2024-12-25T08:00:00Z,0.019000000000005457,6.4,16.9,0.0
2024-12-25T09:00:00Z,0.07800000000008822,6.8,16.8,9.0
2024-12-25T10:00:00Z,0.017999999999915417,7.1,16.5,22.0
2024-12-25T11:00:00Z,0.018000000000029104,7.5,15.2,42.0
2024-12-25T12:00:00Z,0.5190000000000055,7.8,14.3,42.0
2024-12-25T13:00:00Z,0.26400000000001,7.5,14.8,30.0
2024-12-25T14:00:00Z,0.10900000000003729,7.6,14.7,15.0
2024-12-25T15:00:00Z,0.017999999999915417,7.6,14.4,2.0
2024-12-25T16:00:00Z,0.018000000000029104,7.8,14.4,0.0
2024-12-25T17:00:00Z,0.018000000000029104,7.9,14.7,0.0
2024-12-25T18:00:00Z,0.018000000000029104,8.2,14.2,0.0
2024-12-25T19:00:00Z,0.017999999999915417,8.2,13.4,0.0
2024-12-25T20:00:00Z,0.018000000000029104,8.1,13.5,0.0
2024-12-25T21:00:00Z,0.6430000000000291,8.2,13.4,0.0
2024-12-25T22:00:00Z,0.39199999999993906,8.4,14.4,0.0
2024-12-25T23:00:00Z,0.018000000000029104,8.6,14.5,0.0
2024-12-26T00:00:00Z,1.45900000000006,8.4,15.5,0.0
2024-12-26T01:00:00Z,0.974999999999909,7.6,12.2,0.0
2024-12-26T02:00:00Z,0.8520000000000891,7.4,12.9,0.0
2024-12-26T03:00:00Z,0.8079999999999927,7.3,12.7,0.0
2024-12-26T04:00:00Z,0.8120000000000118,6.9,13.5,0.0
2024-12-26T05:00:00Z,0.8139999999999645,6.3,14.4,0.0
2024-12-26T06:00:00Z,0.019000000000005457,6.2,14.2,0.0
2024-12-26T07:00:00Z,0.016999999999939064,6.2,13.9,0.0
2024-12-26T08:00:00Z,0.1150000000000091,6.2,12.2,0.0
2024-12-26T09:00:00Z,0.018000000000029104,6.6,12.3,14.0
2024-12-26T10:00:00Z,0.2259999999999991,7.1,15.7,46.0
2024-12-26T11:00:00Z,0.5170000000000528,7.3,14.7,58.0
2024-12-26T12:00:00Z,0.024999999999977263,7.5,12.3,61.0
2024-12-26T13:00:00Z,0.42399999999997817,7.5,8.3,46.0
2024-12-26T14:00:00Z,0.36099999999999,7.4,7.1,27.0
2024-12-26T15:00:00Z,0.018000000000029104,7.0,6.9,5.0
2024-12-26T16:00:00Z,0.018000000000029104,6.6,8.4,0.0
2024-12-26T17:00:00Z,0.01700000000005275,6.4,8.9,0.0
2024-12-26T18:00:00Z,0.01799999999980173,6.3,9.5,0.0
2024-12-26T19:00:00Z,0.018000000000029104,6.4,9.1,0.0
2024-12-26T20:00:00Z,0.018000000000029104,6.4,9.5,0.0
2024-12-26T21:00:00Z,0.6420000000000528,6.4,9.6,0.0
2024-12-26T22:00:00Z,0.35599999999999454,6.3,8.0,0.0
2024-12-26T23:00:00Z,0.4339999999999691,6.0,9.3,0.0
2024-12-27T00:00:00Z,1.3510000000001128,5.9,10.0,0.0
2024-12-27T01:00:00Z,0.9099999999998545,5.8,7.4,0.0
2024-12-27T02:00:00Z,0.8160000000000309,5.7,8.6,0.0
2024-12-27T03:00:00Z,0.8089999999999691,5.6,7.9,0.0
2024-12-27T04:00:00Z,0.7029999999999745,5.6,7.2,0.0
2024-12-27T05:00:00Z,0.6649999999999636,5.6,6.9,0.0
2024-12-27T06:00:00Z,0.03600000000005821,5.6,5.9,0.0
2024-12-27T07:00:00Z,0.1310000000000855,5.4,6.4,0.0
2024-12-27T08:00:00Z,0.01700000000005275,5.3,7.9,0.0
2024-12-27T09:00:00Z,0.01799999999980173,5.4,8.1,14.0
2024-12-27T10:00:00Z,0.08000000000015461,5.5,8.3,59.0
2024-12-27T11:00:00Z,0.01700000000005275,5.8,10.7,77.0
2024-12-27T12:00:00Z,0.01799999999980173,6.1,12.4,71.0
2024-12-27T13:00:00Z,0.018000000000029104,5.8,8.5,43.0
2024-12-27T14:00:00Z,0.01700000000005275,5.8,6.9,23.0
2024-12-27T15:00:00Z,0.01700000000005275,5.4,4.8,3.0
2024-12-27T16:00:00Z,0.018000000000029104,5.3,5.2,0.0
2024-12-27T17:00:00Z,0.016999999999825377,5.1,5.1,0.0
2024-12-27T18:00:00Z,0.018000000000029104,4.9,5.1,0.0
2024-12-27T19:00:00Z,0.018000000000029104,4.9,5.6,0.0
2024-12-27T20:00:00Z,0.01700000000005275,4.8,6.1,0.0
2024-12-27T21:00:00Z,1.0090000000000146,4.9,6.4,0.0
2024-12-27T22:00:00Z,0.6349999999999909,4.8,5.8,0.0
2024-12-27T23:00:00Z,0.5180000000000291,4.9,6.0,0.0
2024-12-28T00:00:00Z,0.8669999999999618,4.9,6.9,0.0
2024-12-28T01:00:00Z,0.7210000000000036,4.4,5.6,0.0
2024-12-28T02:00:00Z,0.7229999999999563,4.4,5.6,0.0
2024-12-28T03:00:00Z,0.7239999999999327,4.5,5.8,0.0
2024-12-28T04:00:00Z,0.7250000000001364,4.5,6.3,0.0
2024-12-28T05:00:00Z,0.7269999999998618,4.4,6.3,0.0
2024-12-28T06:00:00Z,0.03600000000005821,4.2,6.4,0.0
2024-12-28T07:00:00Z,0.5850000000000364,4.2,6.1,0.0
2024-12-28T08:00:00Z,0.7129999999999654,4.2,5.7,1.0
2024-12-28T09:00:00Z,0.5540000000000873,4.4,7.4,16.0
2024-12-28T10:00:00Z,0.5450000000000728,4.8,8.3,38.0
2024-12-28T11:00:00Z,0.543999999999869,5.0,8.5,50.0
2024-12-28T12:00:00Z,0.5440000000000964,5.4,7.7,57.0
2024-12-28T13:00:00Z,0.09799999999995634,4.4,7.5,45.0
2024-12-28T14:00:00Z,0.90300000000002,4.5,8.2,33.0
2024-12-28T15:00:00Z,0.5889999999999418,4.2,8.3,5.0
2024-12-28T16:00:00Z,0.5399999999999636,3.9,9.2,0.0
2024-12-28T17:00:00Z,0.01999999999998181,3.7,9.5,0.0
2024-12-28T18:00:00Z,0.01700000000005275,3.5,10.5,0.0
2024-12-28T19:00:00Z,0.018000000000029104,3.4,11.2,0.0
2024-12-28T20:00:00Z,0.01700000000005275,3.3,10.0,0.0
2024-12-28T21:00:00Z,0.9479999999998654,3.3,11.9,0.0
2024-12-28T22:00:00Z,0.6050000000000182,3.2,11.1,0.0
2024-12-28T23:00:00Z,0.5350000000000819,3.1,12.3,0.0
2024-12-29T00:00:00Z,0.5370000000000346,3.0,13.8,0.0
2024-12-29T01:00:00Z,0.5399999999999636,3.5,13.9,0.0
2024-12-29T02:00:00Z,0.5399999999999636,3.4,13.6,0.0
2024-12-29T03:00:00Z,0.5380000000000109,3.7,16.5,0.0
2024-12-29T04:00:00Z,0.5389999999999873,4.0,17.8,0.0
2024-12-29T05:00:00Z,0.4960000000000946,4.5,17.8,0.0
2024-12-29T06:00:00Z,0.019000000000005457,4.9,16.5,0.0
2024-12-29T07:00:00Z,0.4799999999997908,5.2,16.6,0.0
2024-12-29T08:00:00Z,0.49500000000011823,5.5,17.7,0.0
2024-12-29T09:00:00Z,0.125,5.9,18.3,13.0
2024-12-29T10:00:00Z,1.155999999999949,6.6,19.7,29.0
2024-12-29T11:00:00Z,0.9220000000000255,6.8,20.7,32.0
2024-12-29T12:00:00Z,1.3859999999999673,7.1,22.7,31.0
2024-12-29T13:00:00Z,2.7840000000001055,6.5,19.8,35.0
2024-12-29T14:00:00Z,2.341999999999871,6.3,21.9,21.0
2024-12-29T15:00:00Z,0.984000000000151,6.5,22.5,3.0
2024-12-29T16:00:00Z,0.9169999999999163,6.5,21.9,0.0
2024-12-29T17:00:00Z,0.020999999999958163,6.3,23.2,0.0
2024-12-29T18:00:00Z,0.018000000000029104,6.5,24.5,0.0
2024-12-29T19:00:00Z,0.018000000000029104,6.6,26.5,0.0
2024-12-29T20:00:00Z,0.01700000000005275,6.8,27.9,0.0
2024-12-29T21:00:00Z,0.018000000000029104,6.9,28.0,0.0
2024-12-29T22:00:00Z,0.01799999999980173,7.2,27.5,0.0
2024-12-29T23:00:00Z,0.01700000000005275,7.4,27.9,0.0
2024-12-30T00:00:00Z,1.3840000000000146,7.4,28.1,0.0
2024-12-30T01:00:00Z,0.7200000000000273,7.7,26.2,0.0
2024-12-30T02:00:00Z,0.66800000000012,7.8,25.3,0.0
2024-12-30T03:00:00Z,0.6459999999999582,7.8,26.7,0.0
2024-12-30T04:00:00Z,0.5509999999999309,7.9,27.7,0.0
2024-12-30T05:00:00Z,0.5489999999999782,8.1,27.4,0.0
2024-12-30T06:00:00Z,0.021999999999934516,8.1,27.7,0.0
2024-12-30T07:00:00Z,0.01700000000005275,8.1,28.2,0.0
2024-12-30T08:00:00Z,0.01700000000005275,8.1,29.3,0.0
2024-12-30T09:00:00Z,0.018000000000029104,8.1,29.6,8.0
2024-12-30T10:00:00Z,0.018000000000029104,8.1,30.4,15.0
2024-12-30T11:00:00Z,0.016999999999825377,8.4,31.1,24.0
2024-12-30T12:00:00Z,0.06400000000007822,8.4,31.4,29.0
2024-12-30T13:00:00Z,0.10100000000011278,7.8,30.0,14.0
2024-12-30T14:00:00Z,0.10399999999981446,7.7,31.0,10.0
2024-12-30T15:00:00Z,0.01700000000005275,7.4,32.3,1.0
2024-12-30T16:00:00Z,0.018000000000029104,7.2,33.2,0.0
2024-12-30T17:00:00Z,0.018000000000029104,7.0,34.7,0.0
2024-12-30T18:00:00Z,0.019000000000005457,6.8,33.8,0.0
2024-12-30T19:00:00Z,0.018000000000029104,7.0,33.7,0.0
2024-12-30T20:00:00Z,0.018000000000029104,7.5,33.8,0.0
2024-12-30T21:00:00Z,0.5879999999999654,8.2,34.4,0.0
2024-12-30T22:00:00Z,0.5209999999999582,8.6,33.8,0.0
2024-12-30T23:00:00Z,1.4710000000000036,8.8,31.4,0.0
2024-12-31T00:00:00Z,2.7760000000000673,9.1,29.8,0.0
2024-12-31T01:00:00Z,0.724999999999909,8.6,26.6,0.0
2024-12-31T02:00:00Z,0.7729999999999109,8.2,25.0,0.0
2024-12-31T03:00:00Z,0.5520000000001346,7.8,23.9,0.0
2024-12-31T04:00:00Z,0.5460000000000491,6.3,13.9,0.0
2024-12-31T05:00:00Z,0.5499999999999545,4.9,8.8,0.0
2024-12-31T06:00:00Z,0.020999999999958163,4.6,4.9,0.0
2024-12-31T07:00:00Z,0.4900000000000091,4.6,2.5,0.0
2024-12-31T08:00:00Z,0.48499999999989996,5.1,7.2,0.0
2024-12-31T09:00:00Z,0.018000000000029104,6.7,22.4,6.0
2024-12-31T10:00:00Z,0.018000000000029104,6.4,27.9,17.0
2024-12-31T11:00:00Z,0.018000000000029104,6.1,27.7,24.0
2024-12-31T12:00:00Z,0.018000000000029104,6.3,26.2,41.0
2024-12-31T13:00:00Z,0.018000000000029104,6.9,26.5,34.0
2024-12-31T14:00:00Z,0.08500000000003638,6.7,24.9,17.0
2024-12-31T15:00:00Z,0.018000000000029104,6.2,25.8,3.0
2024-12-31T16:00:00Z,0.01799999999980173,5.8,27.5,0.0
2024-12-31T17:00:00Z,0.018000000000029104,5.3,29.5,0.0
2024-12-31T18:00:00Z,0.018000000000029104,4.9,30.2,0.0
2024-12-31T19:00:00Z,0.018000000000029104,4.7,29.8,0.0
2024-12-31T20:00:00Z,0.01700000000005275,4.9,31.0,0.0
2024-12-31T21:00:00Z,1.0480000000000018,5.2,35.7,0.0
2024-12-31T22:00:00Z,2.3519999999998618,5.3,36.3,0.0
2024-12-31T23:00:00Z,1.9980000000000473,5.3,37.7,0.0
2025-01-01T00:00:00Z,2.6410000000000764,5.2,38.7,0.0
2025-01-01T01:00:00Z,1.8029999999998836,5.5,37.5,0.0
2025-01-01T02:00:00Z,2.1940000000001874,5.8,36.9,0.0
2025-01-01T03:00:00Z,0.8239999999998417,6.5,38.8,0.0
2025-01-01T04:00:00Z,0.7070000000001073,6.9,39.9,0.0
2025-01-01T05:00:00Z,0.5650000000000546,7.4,37.9,0.0
2025-01-01T06:00:00Z,0.020999999999958163,7.7,38.7,0.0
2025-01-01T07:00:00Z,0.018000000000029104,7.8,41.1,0.0
2025-01-01T08:00:00Z,0.01799999999980173,7.9,42.2,0.0
2025-01-01T09:00:00Z,0.06400000000007822,7.8,41.5,5.0
2025-01-01T10:00:00Z,2.0009999999999764,7.8,41.2,12.0
2025-01-01T11:00:00Z,2.47199999999998,7.6,43.2,15.0
2025-01-01T12:00:00Z,2.533000000000129,7.3,41.5,15.0
2025-01-01T13:00:00Z,2.7719999999999345,7.5,46.4,11.0
2025-01-01T14:00:00Z,2.3530000000000655,7.2,43.2,9.0
2025-01-01T15:00:00Z,0.16599999999993997,7.1,41.8,2.0
2025-01-01T16:00:00Z,1.5730000000000928,7.1,35.7,0.0
2025-01-01T17:00:00Z,0.016999999999825377,6.9,29.3,0.0
2025-01-01T18:00:00Z,0.018000000000029104,6.6,28.6,0.0
2025-01-01T19:00:00Z,0.01700000000005275,6.2,29.5,0.0
2025-01-01T20:00:00Z,0.018000000000029104,6.2,30.0,0.0
2025-01-01T21:00:00Z,0.018000000000029104,6.2,27.1,0.0
2025-01-01T22:00:00Z,0.018000000000029104,5.3,28.0,0.0
2025-01-01T23:00:00Z,0.40399999999999636,4.2,24.0,0.0
2025-01-02T00:00:00Z,1.6899999999998272,3.2,21.7,0.0
2025-01-02T01:00:00Z,1.4570000000001073,2.9,18.1,0.0
2025-01-02T02:00:00Z,1.4829999999999472,2.2,20.0,0.0
2025-01-02T03:00:00Z,1.4629999999999654,1.9,20.6,0.0
2025-01-02T04:00:00Z,1.4429999999999836,1.4,19.4,0.0
2025-01-02T05:00:00Z,1.5730000000000928,0.5,21.9,0.0
2025-01-02T06:00:00Z,0.47299999999995634,-0.1,24.7,0.0
2025-01-02T07:00:00Z,0.66800000000012,-0.3,22.3,0.0
2025-01-02T08:00:00Z,0.8529999999998381,-0.6,20.1,1.0
2025-01-02T09:00:00Z,0.6929999999999836,-0.1,18.1,42.0
2025-01-02T10:00:00Z,0.6170000000001892,0.6,16.1,108.0
2025-01-02T11:00:00Z,0.612999999999829,1.1,17.5,164.0
2025-01-02T12:00:00Z,0.61200000000008,1.5,17.8,177.0
2025-01-02T13:00:00Z,0.6159999999999854,1.9,16.1,145.0
2025-01-02T14:00:00Z,0.6130000000000564,1.0,16.1,84.0
2025-01-02T15:00:00Z,0.7819999999999254,-0.1,15.9,16.0
2025-01-02T16:00:00Z,1.0640000000000782,-0.2,16.7,0.0
2025-01-02T17:00:00Z,0.06299999999987449,0.4,18.5,0.0
2025-01-02T18:00:00Z,0.04600000000004911,0.1,18.4,0.0
2025-01-02T19:00:00Z,0.04500000000007276,0.0,17.6,0.0
2025-01-02T20:00:00Z,0.04600000000004911,0.2,17.0,0.0
2025-01-02T21:00:00Z,1.6459999999999582,0.5,18.0,0.0
2025-01-02T22:00:00Z,1.2100000000000364,0.2,17.6,0.0
2025-01-02T23:00:00Z,1.058999999999969,0.0,16.9,0.0
2025-01-03T00:00:00Z,2.463999999999942,-0.2,17.1,0.0
2025-01-03T01:00:00Z,2.5219999999999345,-0.1,16.0,0.0
2025-01-03T02:00:00Z,2.43100000000004,-0.3,18.3,0.0
2025-01-03T03:00:00Z,2.456000000000131,-0.5,20.8,0.0
2025-01-03T04:00:00Z,2.2329999999999472,-0.8,21.5,0.0
2025-01-03T05:00:00Z,2.5879999999999654,-0.3,24.8,0.0
2025-01-03T06:00:00Z,0.23099999999999454,0.2,27.4,0.0
2025-01-03T07:00:00Z,1.1589999999998781,0.8,30.9,0.0
2025-01-03T08:00:00Z,0.6020000000000891,0.6,27.0,0.0
2025-01-03T09:00:00Z,0.6189999999999145,1.2,24.7,16.0
2025-01-03T10:00:00Z,0.9039999999999964,1.2,29.5,118.0
2025-01-03T11:00:00Z,0.9620000000002165,0.6,32.3,160.0
2025-01-03T12:00:00Z,0.7229999999999563,0.3,30.5,151.0
2025-01-03T13:00:00Z,0.7239999999999327,-0.4,27.4,146.0
2025-01-03T14:00:00Z,0.7190000000000509,-0.5,26.4,85.0
2025-01-03T15:00:00Z,0.72199999999998,-0.6,26.7,17.0
2025-01-03T16:00:00Z,0.77800000000002,0.2,28.2,0.0
2025-01-03T17:00:00Z,0.04899999999997817,0.5,26.5,0.0
2025-01-03T18:00:00Z,0.04600000000004911,0.4,25.5,0.0
2025-01-03T19:00:00Z,0.044999999999845386,0.2,23.9,0.0
2025-01-03T20:00:00Z,0.04500000000007276,0.2,21.3,0.0
2025-01-03T21:00:00Z,1.6620000000000346,-0.2,20.7,0.0
2025-01-03T22:00:00Z,1.2200000000000273,-0.8,19.0,0.0
2025-01-03T23:00:00Z,1.058999999999969,-2.0,15.1,0.0
2025-01-04T00:00:00Z,2.6520000000000437,-2.8,10.9,0.0
2025-01-04T01:00:00Z,2.9579999999998563,-3.7,9.7,0.0
2025-01-04T02:00:00Z,3.0160000000000764,-4.5,5.0,0.0
2025-01-04T03:00:00Z,3.0239999999998872,-4.9,5.2,0.0
2025-01-04T04:00:00Z,3.0520000000001346,-4.3,8.9,0.0
2025-01-04T05:00:00Z,3.1929999999999836,-4.1,10.9,0.0
2025-01-04T06:00:00Z,0.29700000000002547,-3.8,13.0,0.0
2025-01-04T07:00:00Z,0.04500000000007276,-3.2,13.4,0.0
2025-01-04T08:00:00Z,0.6059999999999945,-2.7,15.0,1.0
2025-01-04T09:00:00Z,2.1289999999999054,-1.5,16.3,35.0
2025-01-04T10:00:00Z,1.4829999999999472,-0.1,17.0,80.0
2025-01-04T11:00:00Z,1.0830000000000837,1.1,19.0,115.0
2025-01-04T12:00:00Z,0.7899999999999636,1.5,19.8,122.0
2025-01-04T13:00:00Z,0.7799999999999727,1.2,15.8,104.0
2025-01-04T14:00:00Z,0.8500000000001364,0.6,15.2,77.0
2025-01-04T15:00:00Z,0.8989999999998872,-0.4,14.8,16.0
2025-01-04T16:00:00Z,1.122000000000071,-0.8,15.6,0.0
2025-01-04T17:00:00Z,0.04899999999997817,-0.4,16.2,0.0
2025-01-04T18:00:00Z,0.04399999999986903,-0.6,15.1,0.0
2025-01-04T19:00:00Z,0.044000000000096406,-0.7,15.1,0.0
2025-01-04T20:00:00Z,0.04500000000007276,-0.9,14.5,0.0
2025-01-04T21:00:00Z,1.9629999999999654,-1.0,14.8,0.0
2025-01-04T22:00:00Z,1.5389999999999873,-1.1,15.2,0.0
2025-01-04T23:00:00Z,1.6330000000000382,-1.2,14.9,0.0
2025-01-05T00:00:00Z,1.4969999999998436,-1.4,13.7,0.0
2025-01-05T01:00:00Z,1.433999999999969,-1.2,12.8,0.0
2025-01-05T02:00:00Z,1.568000000000211,-1.4,11.3,0.0
2025-01-05T03:00:00Z,1.6019999999998618,-1.6,9.4,0.0
2025-01-05T04:00:00Z,1.622000000000071,-1.8,7.4,0.0
2025-01-05T05:00:00Z,1.4919999999999618,-1.9,6.3,0.0
2025-01-05T06:00:00Z,1.4300000000000637,-1.7,7.8,0.0
2025-01-05T07:00:00Z,1.4039999999999964,-1.6,9.4,0.0
2025-01-05T08:00:00Z,1.54099999999994,-0.8,11.9,1.0
2025-01-05T09:00:00Z,1.356999999999971,0.0,10.6,29.0
2025-01-05T10:00:00Z,0.79300000000012,0.9,11.6,69.0
2025-01-05T11:00:00Z,0.76299999999992,1.5,11.9,63.0
2025-01-05T12:00:00Z,1.02800000000002,1.8,16.1,68.0
2025-01-05T13:00:00Z,0.8930000000000291,1.4,17.0,39.0
2025-01-05T14:00:00Z,0.7690000000000055,1.2,18.3,24.0
2025-01-05T15:00:00Z,0.8460000000000036,1.2,19.0,5.0
2025-01-05T16:00:00Z,0.7680000000000291,1.5,21.6,0.0
2025-01-05T17:00:00Z,0.04699999999979809,2.0,25.1,0.0
2025-01-05T18:00:00Z,0.044000000000096406,2.0,28.1,0.0
2025-01-05T19:00:00Z,0.04500000000007276,1.7,30.9,0.0
2025-01-05T20:00:00Z,0.04600000000004911,1.5,33.4,0.0
2025-01-05T21:00:00Z,1.6649999999999636,1.5,36.5,0.0
2025-01-05T22:00:00Z,2.1079999999999472,1.4,39.1,0.0
2025-01-05T23:00:00Z,2.0629999999998745,1.6,42.1,0.0
2025-01-06T00:00:00Z,2.436000000000149,1.5,40.9,0.0
2025-01-06T01:00:00Z,2.231999999999971,1.6,39.0,0.0
2025-01-06T02:00:00Z,2.219000000000051,1.4,35.2,0.0
2025-01-06T03:00:00Z,2.2749999999998636,1.8,35.1,0.0
2025-01-06T04:00:00Z,1.8220000000001164,2.2,30.8,0.0
2025-01-06T05:00:00Z,1.83199999999988,2.4,28.7,0.0
2025-01-06T06:00:00Z,0.14000000000010004,2.7,25.7,0.0
2025-01-06T07:00:00Z,0.1430000000000291,3.2,25.6,0.0
2025-01-06T08:00:00Z,0.032999999999901775,3.7,23.9,0.0
2025-01-06T09:00:00Z,0.01700000000005275,4.3,19.0,6.0
2025-01-06T10:00:00Z,0.20299999999997453,5.1,17.1,11.0
2025-01-06T11:00:00Z,0.7429999999999382,6.8,22.6,29.0
2025-01-06T12:00:00Z,0.12100000000009459,7.2,22.2,42.0
2025-01-06T13:00:00Z,0.12100000000009459,7.2,21.0,69.0
2025-01-06T14:00:00Z,0.01799999999980173,6.8,21.3,42.0
2025-01-06T15:00:00Z,0.018000000000029104,6.8,24.5,3.0
2025-01-06T16:00:00Z,0.07600000000002183,7.0,22.3,0.0
2025-01-06T17:00:00Z,0.018000000000029104,6.4,25.2,0.0
2025-01-06T18:00:00Z,0.018000000000029104,6.8,26.3,0.0
2025-01-06T19:00:00Z,0.016000000000076398,7.4,31.6,0.0
2025-01-06T20:00:00Z,0.019000000000005457,7.6,37.9,0.0
2025-01-06T21:00:00Z,0.08699999999998909,6.1,35.9,0.0
2025-01-06T22:00:00Z,1.038000000000011,5.2,31.4,0.0
2025-01-06T23:00:00Z,2.216999999999871,4.6,31.5,0.0
2025-01-07T00:00:00Z,2.5550000000000637,4.6,31.6,0.0
2025-01-07T01:00:00Z,2.022999999999911,4.7,30.5,0.0
2025-01-07T02:00:00Z,2.3869999999999436,4.4,28.6,0.0
2025-01-07T03:00:00Z,2.3290000000001783,4.2,32.9,0.0
2025-01-07T04:00:00Z,2.033999999999878,3.9,33.2,0.0
2025-01-07T05:00:00Z,0.9800000000000182,4.0,33.1,0.0
2025-01-07T06:00:00Z,0.31999999999993634,4.0,35.6,0.0
2025-01-07T07:00:00Z,1.3110000000001492,3.8,39.2,0.0
2025-01-07T08:00:00Z,1.1479999999999109,4.1,39.8,1.0
2025-01-07T09:00:00Z,1.2850000000000819,4.2,37.8,35.0
2025-01-07T10:00:00Z,1.0809999999999036,4.6,33.3,84.0
2025-01-07T11:00:00Z,0.9740000000001601,5.0,32.1,124.0
2025-01-07T12:00:00Z,1.2039999999999509,5.1,34.0,144.0
2025-01-07T13:00:00Z,0.8599999999999,5.3,33.5,119.0
2025-01-07T14:00:00Z,0.7460000000000946,5.0,30.4,83.0
2025-01-07T15:00:00Z,0.7870000000000346,4.1,30.0,18.0
2025-01-07T16:00:00Z,0.7400000000000091,3.7,28.8,0.0
2025-01-07T17:00:00Z,0.020999999999958163,3.2,29.3,0.0
2025-01-07T18:00:00Z,0.018000000000029104,3.2,29.5,0.0
2025-01-07T19:00:00Z,0.01799999999980173,3.1,30.0,0.0
2025-01-07T20:00:00Z,0.01700000000005275,2.9,31.1,0.0
2025-01-07T21:00:00Z,1.9519999999999982,2.6,30.2,0.0
2025-01-07T22:00:00Z,2.576000000000022,2.5,30.0,0.0
2025-01-07T23:00:00Z,1.68100000000004,2.9,30.1,0.0
2025-01-08T00:00:00Z,2.428000000000111,2.9,30.3,0.0
2025-01-08T01:00:00Z,2.644999999999982,2.8,30.0,0.0
2025-01-08T02:00:00Z,2.6809999999998126,2.7,30.2,0.0
2025-01-08T03:00:00Z,2.6360000000001946,2.7,30.6,0.0
2025-01-08T04:00:00Z,1.8769999999999527,2.3,30.5,0.0
2025-01-08T05:00:00Z,0.9849999999999,2.7,32.2,0.0
2025-01-08T06:00:00Z,0.021999999999934516,3.0,31.5,0.0
2025-01-08T07:00:00Z,0.16600000000016735,3.3,34.1,0.0
2025-01-08T08:00:00Z,0.6440000000000055,3.5,33.7,2.0
2025-01-08T09:00:00Z,0.07399999999984175,3.8,33.7,42.0
2025-01-08T10:00:00Z,0.15399999999999636,4.4,31.8,102.0
2025-01-08T11:00:00Z,0.01700000000005275,4.8,31.7,145.0
2025-01-08T12:00:00Z,0.09799999999995634,5.1,31.7,159.0
2025-01-08T13:00:00Z,0.6440000000000055,4.5,31.9,148.0
2025-01-08T14:00:00Z,0.3770000000001801,4.2,32.6,75.0
2025-01-08T15:00:00Z,0.3669999999999618,4.0,29.2,14.0
2025-01-08T16:00:00Z,0.6699999999998454,3.8,27.0,0.0
2025-01-08T17:00:00Z,0.021000000000185537,4.1,27.2,0.0
2025-01-08T18:00:00Z,0.01799999999980173,4.0,25.4,0.0
2025-01-08T19:00:00Z,0.018000000000029104,3.7,24.8,0.0
2025-01-08T20:00:00Z,0.016000000000076398,3.5,24.2,0.0
2025-01-08T21:00:00Z,0.9429999999999836,3.2,22.9,0.0
2025-01-08T22:00:00Z,0.6069999999999709,2.8,20.5,0.0
2025-01-08T23:00:00Z,0.5800000000001546,2.7,18.5,0.0
2025-01-09T00:00:00Z,1.80399999999986,2.2,17.2,0.0
2025-01-09T01:00:00Z,2.0009999999999764,2.3,17.4,0.0
2025-01-09T02:00:00Z,1.7950000000000728,2.2,15.7,0.0
2025-01-09T03:00:00Z,1.6099999999999,2.3,15.0,0.0
2025-01-09T04:00:00Z,1.5230000000001382,2.2,14.1,0.0
2025-01-09T05:00:00Z,1.5789999999999509,2.2,13.6,0.0
2025-01-09T06:00:00Z,0.3969999999999345,2.0,12.2,0.0
2025-01-09T07:00:00Z,0.8840000000000146,1.5,11.4,0.0
2025-01-09T08:00:00Z,0.8379999999999654,1.3,9.9,2.0
2025-01-09T09:00:00Z,0.5830000000000837,1.5,9.5,48.0
2025-01-09T10:00:00Z,0.6079999999999472,2.2,8.3,115.0
2025-01-09T11:00:00Z,0.8160000000000309,3.0,8.5,149.0
2025-01-09T12:00:00Z,0.6200000000001182,3.5,8.2,144.0
2025-01-09T13:00:00Z,0.2769999999998163,3.7,5.2,86.0
2025-01-09T14:00:00Z,0.7550000000001091,3.4,3.7,43.0
2025-01-09T15:00:00Z,0.5779999999999745,2.3,2.6,12.0
2025-01-09T16:00:00Z,0.6869999999998981,1.5,2.0,0.0
2025-01-09T17:00:00Z,0.03000000000020009,1.1,3.8,0.0
2025-01-09T18:00:00Z,0.01799999999980173,0.7,5.0,0.0
2025-01-09T19:00:00Z,0.018000000000029104,0.6,6.9,0.0
2025-01-09T20:00:00Z,0.018000000000029104,0.6,7.5,0.0
2025-01-09T21:00:00Z,1.2210000000000036,0.2,7.6,0.0
2025-01-09T22:00:00Z,1.1280000000001564,0.2,8.5,0.0
2025-01-09T23:00:00Z,1.0379999999997835,-0.1,9.1,0.0
2025-01-10T00:00:00Z,2.1200000000001182,-0.1,10.1,0.0
2025-01-10T01:00:00Z,2.3689999999999145,-0.1,11.2,0.0
2025-01-10T02:00:00Z,2.035000000000082,-0.2,9.8,0.0
2025-01-10T03:00:00Z,2.201000000000022,-0.2,10.4,0.0
2025-01-10T04:00:00Z,2.145999999999958,-0.3,11.0,0.0
2025-01-10T05:00:00Z,1.9710000000000036,-0.2,11.0,0.0
2025-01-10T06:00:00Z,0.7300000000000182,-0.2,10.0,0.0
2025-01-10T07:00:00Z,0.6559999999999491,-0.8,9.6,0.0
2025-01-10T08:00:00Z,0.2580000000000382,-0.2,10.6,2.0
2025-01-10T09:00:00Z,0.04600000000004911,0.2,12.7,51.0
2025-01-10T10:00:00Z,0.047000000000025466,1.0,14.0,101.0
2025-01-10T11:00:00Z,0.04599999999982174,0.9,14.9,152.0
2025-01-10T12:00:00Z,0.035000000000081855,1.1,14.5,166.0
2025-01-10T13:00:00Z,0.019000000000005457,1.6,19.9,107.0
2025-01-10T14:00:00Z,0.047000000000025466,0.9,17.1,63.0
2025-01-10T15:00:00Z,0.04500000000007276,0.6,17.6,18.0
2025-01-10T16:00:00Z,0.047000000000025466,0.5,17.7,0.0
2025-01-10T17:00:00Z,0.04599999999982174,0.7,18.4,0.0
2025-01-10T18:00:00Z,0.04600000000004911,0.7,19.1,0.0
2025-01-10T19:00:00Z,0.04600000000004911,0.6,20.6,0.0
2025-01-10T20:00:00Z,0.047000000000025466,0.5,22.9,0.0
2025-01-10T21:00:00Z,1.5729999999998654,0.3,23.1,0.0
2025-01-10T22:00:00Z,1.2019999999999982,0.1,23.6,0.0
2025-01-10T23:00:00Z,1.0410000000001673,0.3,23.9,0.0
2025-01-11T00:00:00Z,2.3659999999999854,-0.6,25.8,0.0
2025-01-11T01:00:00Z,2.5270000000000437,0.1,25.0,0.0
2025-01-11T02:00:00Z,2.543999999999869,0.5,24.5,0.0
2025-01-11T03:00:00Z,2.2519999999999527,0.2,27.5,0.0
2025-01-11T04:00:00Z,1.8940000000000055,0.5,27.4,0.0
2025-01-11T05:00:00Z,2.130000000000109,0.4,29.7,0.0
2025-01-11T06:00:00Z,0.45900000000006,0.6,30.7,0.0
2025-01-11T07:00:00Z,0.8529999999998381,0.3,30.8,0.0
2025-01-11T08:00:00Z,0.5789999999999509,0.1,31.1,2.0
2025-01-11T09:00:00Z,0.9880000000000564,0.1,30.1,38.0
2025-01-11T10:00:00Z,0.7039999999999509,0.3,32.9,109.0
2025-01-11T11:00:00Z,0.6380000000001473,0.4,31.3,136.0
2025-01-11T12:00:00Z,0.6340000000000146,0.5,29.1,125.0
2025-01-11T13:00:00Z,0.6309999999998581,1.1,31.3,126.0
2025-01-11T14:00:00Z,0.6320000000000618,0.9,29.0,95.0
2025-01-11T15:00:00Z,0.6340000000000146,0.6,28.1,28.0
2025-01-11T16:00:00Z,0.6369999999999436,0.3,27.5,0.0
2025-01-11T17:00:00Z,0.04800000000000182,0.1,26.0,0.0
2025-01-11T18:00:00Z,0.04500000000007276,0.0,25.5,0.0
2025-01-11T19:00:00Z,0.04600000000004911,-0.1,25.1,0.0
2025-01-11T20:00:00Z,0.044999999999845386,-0.2,24.3,0.0
2025-01-11T21:00:00Z,1.9780000000000655,-0.3,23.0,0.0
2025-01-11T22:00:00Z,0.6849999999999454,-0.5,21.9,0.0
2025-01-11T23:00:00Z,1.8140000000000782,-0.7,20.6,0.0
2025-01-12T00:00:00Z,2.4320000000000164,-0.9,20.2,0.0
2025-01-12T01:00:00Z,2.507000000000062,-1.0,20.0,0.0
2025-01-12T02:00:00Z,2.5019999999999527,-1.1,19.2,0.0
2025-01-12T03:00:00Z,2.3430000000000746,-1.1,18.4,0.0
2025-01-12T04:00:00Z,2.4629999999999654,-1.0,18.5,0.0
2025-01-12T05:00:00Z,2.1979999999998654,-1.1,17.9,0.0
2025-01-12T06:00:00Z,0.6140000000000327,-1.1,17.9,0.0
2025-01-12T07:00:00Z,1.4860000000001037,-1.1,17.7,0.0
2025-01-12T08:00:00Z,1.074999999999818,-1.2,17.3,3.0
2025-01-12T09:00:00Z,1.1170000000001892,-0.7,17.1,59.0
2025-01-12T10:00:00Z,0.7599999999999909,-0.2,15.6,136.0
2025-01-12T11:00:00Z,0.6440000000000055,0.3,16.4,187.0
2025-01-12T12:00:00Z,0.6440000000000055,0.6,16.1,199.0
2025-01-12T13:00:00Z,0.6399999999998727,0.7,15.4,171.0
2025-01-12T14:00:00Z,0.6390000000001237,0.1,13.1,110.0
2025-01-12T15:00:00Z,0.6479999999999109,-1.4,10.3,30.0
2025-01-12T16:00:00Z,0.84699999999998,-2.0,9.4,0.0
2025-01-12T17:00:00Z,0.04800000000000182,-2.5,8.9,0.0
2025-01-12T18:00:00Z,0.04500000000007276,-3.0,7.8,0.0
2025-01-12T19:00:00Z,0.4619999999999891,-3.3,6.1,0.0
2025-01-12T20:00:00Z,1.2459999999998672,-4.0,4.0,0.0
2025-01-12T21:00:00Z,2.201999999999998,-3.8,5.3,0.0
2025-01-12T22:00:00Z,1.9610000000000127,-3.7,1.2,0.0
2025-01-12T23:00:00Z,1.8200000000001637,-4.3,3.5,0.0
2025-01-13T00:00:00Z,2.949999999999818,-4.2,6.0,0.0
2025-01-13T01:00:00Z,3.0130000000001473,-6.3,5.2,0.0
2025-01-13T02:00:00Z,3.0170000000000528,-5.8,6.3,0.0
2025-01-13T03:00:00Z,3.0190000000000055,-5.6,8.0,0.0
2025-01-13T04:00:00Z,3.035999999999831,-5.6,8.2,0.0
2025-01-13T05:00:00Z,3.036000000000058,-5.4,8.8,0.0
2025-01-13T06:00:00Z,1.26299999999992,-4.9,9.9,0.0
2025-01-13T07:00:00Z,2.0650000000000546,-4.0,12.0,0.0
2025-01-13T08:00:00Z,1.5389999999999873,-3.0,13.2,3.0
2025-01-13T09:00:00Z,0.04600000000004911,-1.6,14.5,46.0
2025-01-13T10:00:00Z,0.047000000000025466,-0.1,16.8,109.0
2025-01-13T11:00:00Z,0.047000000000025466,0.9,15.8,167.0
2025-01-13T12:00:00Z,0.04600000000004911,1.3,14.5,136.0
2025-01-13T13:00:00Z,0.044999999999845386,2.0,20.7,116.0
2025-01-13T14:00:00Z,0.04600000000004911,2.0,20.7,56.0
2025-01-13T15:00:00Z,0.04500000000007276,1.5,20.4,25.0
2025-01-13T16:00:00Z,0.047000000000025466,1.3,21.1,0.0
2025-01-13T17:00:00Z,0.04599999999982174,2.2,23.1,0.0
2025-01-13T18:00:00Z,0.04600000000004911,2.8,24.0,0.0
2025-01-13T19:00:00Z,0.04600000000004911,2.8,24.3,0.0
2025-01-13T20:00:00Z,0.04500000000007276,2.7,24.2,0.0
2025-01-13T21:00:00Z,1.8289999999999509,2.7,24.6,0.0
2025-01-13T22:00:00Z,1.94399999999996,2.7,25.3,0.0
2025-01-13T23:00:00Z,1.84699999999998,3.0,26.4,0.0
2025-01-14T00:00:00Z,2.456000000000131,3.5,26.6,0.0
2025-01-14T01:00:00Z,2.535999999999831,3.3,25.2,0.0
2025-01-14T02:00:00Z,2.3759999999999764,3.2,25.3,0.0
2025-01-14T03:00:00Z,2.4290000000000873,3.1,25.0,0.0
2025-01-14T04:00:00Z,2.314000000000078,3.6,25.2,0.0
2025-01-14T05:00:00Z,1.2949999999998454,4.1,25.9,0.0
2025-01-14T06:00:00Z,0.23099999999999454,4.3,26.0,0.0
2025-01-14T07:00:00Z,0.08699999999998909,4.4,25.7,0.0
2025-01-14T08:00:00Z,0.018000000000029104,4.6,26.0,1.0
2025-01-14T09:00:00Z,0.018000000000029104,4.8,26.4,14.0
2025-01-14T10:00:00Z,0.3430000000000746,4.8,25.7,15.0
2025-01-14T11:00:00Z,0.6230000000000473,5.1,25.7,30.0
2025-01-14T12:00:00Z,0.17799999999988358,5.3,25.1,27.0
2025-01-14T13:00:00Z,0.018000000000029104,5.1,24.8,28.0
2025-01-14T14:00:00Z,0.31300000000010186,5.3,24.6,33.0
2025-01-14T15:00:00Z,0.08399999999983265,5.2,23.6,10.0
2025-01-14T16:00:00Z,0.018000000000029104,5.4,24.2,0.0
2025-01-14T17:00:00Z,0.018000000000029104,5.8,24.7,0.0
2025-01-14T18:00:00Z,0.018000000000029104,6.1,25.1,0.0
2025-01-14T19:00:00Z,0.018000000000029104,6.2,25.8,0.0
2025-01-14T20:00:00Z,0.018000000000029104,5.7,24.1,0.0
2025-01-14T21:00:00Z,0.08199999999987995,5.2,21.1,0.0
2025-01-14T22:00:00Z,1.4429999999999836,4.8,17.7,0.0
2025-01-14T23:00:00Z,1.8769999999999527,4.3,17.7,0.0
2025-01-15T00:00:00Z,1.038000000000011,3.6,17.5,0.0
2025-01-15T01:00:00Z,1.0310000000001764,4.4,17.3,0.0
2025-01-15T02:00:00Z,1.0419999999999163,4.1,17.5,0.0
2025-01-15T03:00:00Z,1.0440000000000964,3.7,18.5,0.0
2025-01-15T04:00:00Z,1.043999999999869,3.5,18.3,0.0
2025-01-15T05:00:00Z,1.0470000000000255,3.2,16.5,0.0
2025-01-15T06:00:00Z,0.021999999999934516,3.0,16.3,0.0
2025-01-15T07:00:00Z,0.018000000000029104,2.5,13.9,0.0
2025-01-15T08:00:00Z,0.01700000000005275,2.3,13.6,4.0
2025-01-15T09:00:00Z,0.01700000000005275,2.8,11.3,58.0
2025-01-15T10:00:00Z,0.018000000000029104,3.9,9.8,135.0
2025-01-15T11:00:00Z,0.016999999999825377,4.8,8.1,186.0
2025-01-15T12:00:00Z,0.01700000000005275,5.6,8.7,199.0
2025-01-15T13:00:00Z,0.01700000000005275,5.9,9.0,170.0
2025-01-15T14:00:00Z,0.018000000000029104,5.2,7.0,103.0
2025-01-15T15:00:00Z,0.018000000000029104,3.8,7.2,37.0
2025-01-15T16:00:00Z,0.016999999999825377,2.0,6.1,0.0
2025-01-15T17:00:00Z,0.01700000000005275,2.3,9.5,0.0
2025-01-15T18:00:00Z,0.018000000000029104,2.3,7.2,0.0
2025-01-15T19:00:00Z,0.01700000000005275,2.5,9.6,0.0
2025-01-15T20:00:00Z,0.018000000000029104,2.8,10.7,0.0
2025-01-15T21:00:00Z,1.49799999999982,3.2,12.3,0.0
2025-01-15T22:00:00Z,1.1940000000001874,3.5,14.1,0.0
2025-01-15T23:00:00Z,0.8789999999999054,3.9,16.3,0.0
2025-01-16T00:00:00Z,2.0150000000001,4.2,17.2,0.0
2025-01-16T01:00:00Z,1.6369999999999436,4.2,15.4,0.0
2025-01-16T02:00:00Z,1.497000000000071,4.2,15.1,0.0
2025-01-16T03:00:00Z,1.3029999999998836,4.4,15.0,0.0
2025-01-16T04:00:00Z,0.81899999999996,4.5,15.2,0.0
2025-01-16T05:00:00Z,0.6730000000000018,4.5,15.7,0.0
2025-01-16T06:00:00Z,0.02200000000016189,4.4,15.9,0.0
2025-01-16T07:00:00Z,0.47100000000000364,4.4,17.4,0.0
2025-01-16T08:00:00Z,0.5179999999998017,4.6,18.9,1.0
2025-01-16T09:00:00Z,0.1290000000001328,4.8,18.1,13.0
2025-01-16T10:00:00Z,0.4379999999998745,5.2,20.7,36.0
2025-01-16T11:00:00Z,0.08500000000003638,5.6,20.7,52.0
2025-01-16T12:00:00Z,0.018000000000029104,5.8,24.3,66.0
2025-01-16T13:00:00Z,0.018000000000029104,5.9,18.9,83.0
2025-01-16T14:00:00Z,0.01700000000005275,5.8,18.4,47.0
2025-01-16T15:00:00Z,0.018000000000029104,5.5,15.7,16.0
2025-01-16T16:00:00Z,0.01799999999980173,5.3,15.7,0.0
2025-01-16T17:00:00Z,0.018000000000029104,5.2,16.2,0.0
2025-01-16T18:00:00Z,0.018000000000029104,5.1,16.5,0.0
2025-01-16T19:00:00Z,0.018000000000029104,5.1,16.6,0.0
2025-01-16T20:00:00Z,0.018000000000029104,4.9,17.9,0.0
2025-01-16T21:00:00Z,0.9410000000000309,5.0,18.2,0.0
2025-01-16T22:00:00Z,0.6499999999998636,5.1,18.2,0.0
2025-01-16T23:00:00Z,0.5780000000002019,5.1,18.1,0.0
2025-01-17T00:00:00Z,1.584999999999809,4.9,17.4,0.0
2025-01-17T01:00:00Z,1.1520000000000437,4.9,14.4,0.0
2025-01-17T02:00:00Z,0.9680000000000746,4.7,13.5,0.0
2025-01-17T03:00:00Z,0.9459999999999127,4.3,12.7,0.0
2025-01-17T04:00:00Z,0.9470000000001164,4.2,12.5,0.0
2025-01-17T05:00:00Z,0.9529999999999745,4.1,12.9,0.0
2025-01-17T06:00:00Z,0.027000000000043656,4.1,14.3,0.0
2025-01-17T07:00:00Z,0.6789999999998599,4.0,15.4,0.0
2025-01-17T08:00:00Z,0.5890000000001692,3.9,15.8,2.0
2025-01-17T09:00:00Z,0.125,4.1,19.4,27.0
2025-01-17T10:00:00Z,0.8299999999999272,4.2,18.0,56.0
2025-01-17T11:00:00Z,0.31500000000005457,4.6,17.8,94.0
2025-01-17T12:00:00Z,0.43699999999989814,4.8,17.7,112.0
2025-01-17T13:00:00Z,0.69399999999996,4.5,16.4,84.0
2025-01-17T14:00:00Z,0.5450000000000728,4.0,16.2,56.0
2025-01-17T15:00:00Z,0.5429999999998927,3.6,17.2,18.0
2025-01-17T16:00:00Z,0.54300000000012,3.3,16.5,0.0
2025-01-17T17:00:00Z,0.020999999999958163,3.0,16.7,0.0
2025-01-17T18:00:00Z,0.018000000000029104,3.1,16.4,0.0
2025-01-17T19:00:00Z,0.018000000000029104,3.3,15.7,0.0
2025-01-17T20:00:00Z,0.019000000000005457,3.4,16.2,0.0
2025-01-17T21:00:00Z,1.086999999999989,3.5,16.2,0.0
2025-01-17T22:00:00Z,0.6069999999999709,3.8,15.3,0.0
2025-01-17T23:00:00Z,0.5380000000000109,4.1,15.5,0.0
2025-01-18T00:00:00Z,1.44399999999996,4.3,17.4,0.0
2025-01-18T01:00:00Z,1.469000000000051,4.2,14.9,0.0
2025-01-18T02:00:00Z,1.3969999999999345,4.3,15.3,0.0
2025-01-18T03:00:00Z,1.2860000000000582,4.3,14.9,0.0
2025-01-18T04:00:00Z,1.0149999999998727,4.4,15.0,0.0
2025-01-18T05:00:00Z,1.0700000000001637,4.3,15.3,0.0
2025-01-18T06:00:00Z,0.06299999999987449,4.3,13.3,0.0
2025-01-18T07:00:00Z,0.1570000000001528,4.3,12.3,0.0
2025-01-18T08:00:00Z,0.76299999999992,4.4,11.5,2.0
2025-01-18T09:00:00Z,0.31999999999993634,4.7,12.0,24.0
2025-01-18T10:00:00Z,0.018000000000029104,5.1,13.4,52.0
2025-01-18T11:00:00Z,0.019000000000005457,5.4,11.0,74.0
2025-01-18T12:00:00Z,0.018000000000029104,5.6,10.0,70.0
2025-01-18T13:00:00Z,0.018000000000029104,5.2,7.7,60.0
2025-01-18T14:00:00Z,0.6520000000000437,5.1,8.6,43.0
2025-01-18T15:00:00Z,0.6499999999998636,4.8,7.3,17.0
2025-01-18T16:00:00Z,0.5420000000001437,4.5,7.2,0.0
2025-01-18T17:00:00Z,0.020999999999958163,4.2,8.3,0.0
2025-01-18T18:00:00Z,0.018000000000029104,3.9,8.4,0.0
2025-01-18T19:00:00Z,0.01799999999980173,3.5,8.5,0.0
2025-01-18T20:00:00Z,0.018000000000029104,3.2,7.8,0.0
2025-01-18T21:00:00Z,0.7119999999999891,3.0,6.2,0.0
2025-01-18T22:00:00Z,1.0260000000000673,3.0,6.8,0.0
2025-01-18T23:00:00Z,0.9639999999999418,2.8,8.6,0.0
2025-01-19T00:00:00Z,1.6180000000001655,2.5,7.4,0.0
2025-01-19T01:00:00Z,1.4990000000000236,2.3,8.9,0.0
2025-01-19T02:00:00Z,1.4949999999998909,2.0,6.0,0.0
2025-01-19T03:00:00Z,1.518000000000029,1.9,6.6,0.0
2025-01-19T04:00:00Z,1.5209999999999582,1.7,4.4,0.0
2025-01-19T05:00:00Z,1.5160000000000764,1.5,4.0,0.0
2025-01-19T06:00:00Z,0.81899999999996,1.1,5.4,0.0
2025-01-19T07:00:00Z,1.1389999999998963,0.9,5.4,0.0
2025-01-19T08:00:00Z,1.2480000000000473,0.4,5.7,4.0
2025-01-19T09:00:00Z,1.15300000000002,0.3,5.1,46.0
2025-01-19T10:00:00Z,1.1669999999999163,0.6,3.4,123.0
2025-01-19T11:00:00Z,1.1340000000000146,1.2,2.8,186.0
2025-01-19T12:00:00Z,0.9460000000001401,1.9,3.4,218.0
2025-01-19T13:00:00Z,1.0829999999998563,0.9,4.2,185.0
2025-01-19T14:00:00Z,1.11200000000008,0.5,5.5,126.0
2025-01-19T15:00:00Z,1.1730000000000018,-0.8,4.9,49.0
2025-01-19T16:00:00Z,1.1369999999999436,-1.5,5.8,1.0
2025-01-19T17:00:00Z,0.052000000000134605,-1.4,7.4,0.0
2025-01-19T18:00:00Z,0.04599999999982174,-1.0,7.9,0.0
2025-01-19T19:00:00Z,0.04500000000007276,-0.9,8.2,0.0
2025-01-19T20:00:00Z,0.04600000000004911,-0.7,9.0,0.0
2025-01-19T21:00:00Z,1.5879999999999654,-0.4,9.7,0.0
2025-01-19T22:00:00Z,1.2709999999999582,-0.1,10.8,0.0
2025-01-19T23:00:00Z,1.1990000000000691,0.2,11.9,0.0
2025-01-20T00:00:00Z,1.8050000000000637,0.6,12.3,0.0
2025-01-20T01:00:00Z,1.79099999999994,0.6,13.1,0.0
2025-01-20T02:00:00Z,1.6110000000001037,0.9,13.5,0.0
2025-01-20T03:00:00Z,1.8199999999999363,1.0,13.9,0.0
2025-01-20T04:00:00Z,1.2229999999999563,1.2,14.7,0.0
2025-01-20T05:00:00Z,1.9359999999999218,1.5,15.2,0.0
2025-01-20T06:00:00Z,0.05400000000008731,1.5,15.8,0.0
2025-01-20T07:00:00Z,0.04500000000007276,1.6,16.3,0.0
2025-01-20T08:00:00Z,0.038000000000010914,1.7,16.3,7.0
2025-01-20T09:00:00Z,0.01799999999980173,2.3,16.8,72.0
2025-01-20T10:00:00Z,0.01700000000005275,2.8,15.9,148.0
2025-01-20T11:00:00Z,0.018000000000029104,3.1,15.3,200.0
2025-01-20T12:00:00Z,0.46900000000005093,3.2,13.4,215.0
2025-01-20T13:00:00Z,0.16499999999996362,3.7,15.2,182.0
2025-01-20T14:00:00Z,0.018000000000029104,3.2,13.8,131.0
2025-01-20T15:00:00Z,0.016000000000076398,2.4,13.9,52.0
2025-01-20T16:00:00Z,0.01799999999980173,2.0,14.6,1.0
2025-01-20T17:00:00Z,0.01700000000005275,1.9,14.3,0.0
2025-01-20T18:00:00Z,0.01700000000005275,1.9,11.7,0.0
2025-01-20T19:00:00Z,0.018000000000029104,1.0,7.0,0.0
2025-01-20T20:00:00Z,0.01700000000005275,0.1,9.9,0.0
2025-01-20T21:00:00Z,2.0579999999999927,0.3,9.6,0.0
2025-01-20T22:00:00Z,2.3229999999998654,0.5,10.9,0.0
2025-01-20T23:00:00Z,1.98700000000008,0.3,11.7,0.0
2025-01-21T00:00:00Z,2.463999999999942,0.4,9.6,0.0
2025-01-21T01:00:00Z,2.230000000000018,0.9,8.8,0.0
2025-01-21T02:00:00Z,2.219000000000051,1.2,9.8,0.0
2025-01-21T03:00:00Z,2.211999999999989,1.6,13.0,0.0
2025-01-21T04:00:00Z,2.094000000000051,1.5,14.8,0.0
2025-01-21T05:00:00Z,1.77800000000002,1.6,13.2,0.0
2025-01-21T06:00:00Z,0.03499999999985448,1.9,14.0,0.0
2025-01-21T07:00:00Z,0.018000000000029104,1.9,14.8,0.0
2025-01-21T08:00:00Z,0.018000000000029104,2.0,14.8,3.0
2025-01-21T09:00:00Z,0.0809999999999036,2.0,15.9,17.0
2025-01-21T10:00:00Z,0.018000000000029104,2.0,14.3,34.0
2025-01-21T11:00:00Z,0.018000000000029104,2.5,16.1,60.0
2025-01-21T12:00:00Z,0.01700000000005275,2.8,16.0,85.0
2025-01-21T13:00:00Z,0.01700000000005275,2.8,15.2,72.0
2025-01-21T14:00:00Z,0.5789999999999509,2.7,13.6,52.0
2025-01-21T15:00:00Z,2.316000000000031,2.4,12.7,24.0
2025-01-21T16:00:00Z,0.21699999999987085,2.1,14.0,1.0
2025-01-21T17:00:00Z,0.01700000000005275,1.9,15.9,0.0
2025-01-21T18:00:00Z,0.01700000000005275,1.8,15.8,0.0
2025-01-21T19:00:00Z,0.018000000000029104,1.5,15.5,0.0
2025-01-21T20:00:00Z,0.016999999999825377,1.3,15.7,0.0
2025-01-21T21:00:00Z,1.6350000000002183,1.1,14.3,0.0
2025-01-21T22:00:00Z,1.2179999999998472,0.9,13.5,0.0
2025-01-21T23:00:00Z,1.1140000000000327,0.9,13.0,0.0
2025-01-22T00:00:00Z,2.4300000000000637,0.9,11.3,0.0
2025-01-22T01:00:00Z,2.479000000000042,0.9,12.1,0.0
2025-01-22T02:00:00Z,2.2229999999999563,1.2,12.2,0.0
2025-01-22T03:00:00Z,2.2749999999998636,1.3,12.3,0.0
2025-01-22T04:00:00Z,1.9039999999999964,1.2,13.5,0.0
2025-01-22T05:00:00Z,1.9070000000001528,1.4,13.3,0.0
2025-01-22T06:00:00Z,0.044999999999845386,1.6,12.9,0.0
2025-01-22T07:00:00Z,0.018000000000029104,1.8,13.3,0.0
2025-01-22T08:00:00Z,0.018000000000029104,1.9,12.7,2.0
2025-01-22T09:00:00Z,0.018000000000029104,2.2,11.3,32.0
2025-01-22T10:00:00Z,0.2319999999999709,2.8,11.7,69.0
2025-01-22T11:00:00Z,0.02500000000009095,3.3,13.7,89.0
2025-01-22T12:00:00Z,0.6459999999999582,3.3,14.7,92.0
2025-01-22T13:00:00Z,0.1430000000000291,2.4,15.8,69.0
2025-01-22T14:00:00Z,0.4210000000000491,1.7,17.4,48.0
2025-01-22T15:00:00Z,0.6109999999998763,1.7,18.6,20.0
2025-01-22T16:00:00Z,0.1330000000000382,1.8,19.4,1.0
2025-01-22T17:00:00Z,0.09300000000007458,2.0,19.8,0.0
2025-01-22T18:00:00Z,0.01799999999980173,2.0,20.8,0.0
2025-01-22T19:00:00Z,0.018000000000029104,2.2,21.9,0.0
2025-01-22T20:00:00Z,0.018000000000029104,2.5,21.1,0.0
2025-01-22T21:00:00Z,1.4660000000001219,2.5,20.0,0.0
2025-01-22T22:00:00Z,1.1829999999999927,2.5,17.8,0.0
2025-01-22T23:00:00Z,0.9429999999999836,2.8,19.3,0.0
2025-01-23T00:00:00Z,2.423000000000002,2.9,18.8,0.0
2025-01-23T01:00:00Z,2.578999999999951,3.0,18.9,0.0
2025-01-23T02:00:00Z,2.258000000000038,2.8,21.0,0.0
2025-01-23T03:00:00Z,2.3299999999999272,2.8,21.1,0.0
2025-01-23T04:00:00Z,2.3489999999999327,2.8,20.2,0.0
2025-01-23T05:00:00Z,1.4120000000000346,2.8,19.8,0.0
2025-01-23T06:00:00Z,0.028999999999996362,2.7,20.3,0.0
2025-01-23T07:00:00Z,0.018000000000029104,2.6,19.9,0.0
2025-01-23T08:00:00Z,0.018000000000029104,2.7,19.0,1.0
2025-01-23T09:00:00Z,0.018000000000029104,1.9,17.2,7.0
2025-01-23T10:00:00Z,0.018000000000029104,1.5,16.5,13.0
2025-01-23T11:00:00Z,0.5760000000000218,1.8,17.5,30.0
2025-01-23T12:00:00Z,0.8439999999998236,2.2,18.0,49.0
2025-01-23T13:00:00Z,0.5580000000002201,3.2,20.4,41.0
2025-01-23T14:00:00Z,0.45499999999992724,4.2,23.6,24.0
2025-01-23T15:00:00Z,0.018000000000029104,4.2,22.0,41.0
2025-01-23T16:00:00Z,0.6440000000000055,4.3,22.5,2.0
2025-01-23T17:00:00Z,0.020999999999958163,3.9,23.1,0.0
2025-01-23T18:00:00Z,0.018000000000029104,4.2,24.7,0.0
2025-01-23T19:00:00Z,0.01700000000005275,4.6,24.4,0.0
2025-01-23T20:00:00Z,0.01799999999980173,4.4,23.3,0.0
2025-01-23T21:00:00Z,0.9790000000000418,4.0,20.8,0.0
2025-01-23T22:00:00Z,0.6890000000000782,4.0,19.8,0.0
2025-01-23T23:00:00Z,0.5579999999999927,3.3,19.0,0.0
2025-01-24T00:00:00Z,2.183999999999969,3.8,18.7,0.0
2025-01-24T01:00:00Z,2.3330000000000837,3.8,18.8,0.0
2025-01-24T02:00:00Z,2.5699999999999363,3.9,19.6,0.0
2025-01-24T03:00:00Z,2.507000000000062,3.7,18.4,0.0
2025-01-24T04:00:00Z,2.0299999999999727,3.2,19.2,0.0
2025-01-24T05:00:00Z,1.5529999999998836,3.0,18.8,0.0
2025-01-24T06:00:00Z,0.027000000000043656,3.2,19.3,0.0
2025-01-24T07:00:00Z,0.016000000000076398,3.5,20.3,0.0
2025-01-24T08:00:00Z,0.7000000000000455,4.0,20.4,3.0
2025-01-24T09:00:00Z,0.36599999999998545,4.3,20.0,19.0
2025-01-24T10:00:00Z,0.018000000000029104,5.1,22.0,56.0
2025-01-24T11:00:00Z,0.24499999999989086,5.3,20.5,74.0
2025-01-24T12:00:00Z,1.0299999999999727,5.4,21.9,90.0
2025-01-24T13:00:00Z,0.9230000000000018,5.4,25.7,90.0
2025-01-24T14:00:00Z,0.8250000000000455,5.2,26.0,27.0
2025-01-24T15:00:00Z,0.7670000000000528,4.8,28.1,11.0
2025-01-24T16:00:00Z,0.018000000000029104,5.1,29.2,1.0
2025-01-24T17:00:00Z,0.01799999999980173,5.5,28.3,0.0
2025-01-24T18:00:00Z,0.018000000000029104,5.8,28.5,0.0
2025-01-24T19:00:00Z,0.018000000000029104,6.1,29.5,0.0
2025-01-24T20:00:00Z,0.018000000000029104,6.5,27.3,0.0
2025-01-24T21:00:00Z,0.6369999999999436,6.9,26.1,0.0
2025-01-24T22:00:00Z,1.9360000000001492,6.6,25.5,0.0
2025-01-24T23:00:00Z,2.6359999999999673,6.3,23.3,0.0
2025-01-25T00:00:00Z,2.4739999999999327,5.8,20.1,0.0
2025-01-25T01:00:00Z,1.6829999999999927,6.0,19.6,0.0
2025-01-25T02:00:00Z,0.8140000000000782,5.6,19.0,0.0
2025-01-25T03:00:00Z,0.7190000000000509,5.2,20.1,0.0
2025-01-25T04:00:00Z,0.6149999999997817,4.6,18.4,0.0
2025-01-25T05:00:00Z,0.5620000000001255,4.2,19.5,0.0
2025-01-25T06:00:00Z,0.032999999999901775,4.8,18.0,0.0
2025-01-25T07:00:00Z,0.018000000000029104,4.8,14.6,0.0
2025-01-25T08:00:00Z,0.01700000000005275,4.9,14.3,3.0
2025-01-25T09:00:00Z,0.07600000000002183,5.1,14.4,17.0
2025-01-25T10:00:00Z,0.018000000000029104,5.2,14.3,20.0
2025-01-25T11:00:00Z,0.018000000000029104,5.0,11.8,29.0
2025-01-25T12:00:00Z,0.018000000000029104,4.8,8.4,47.0
2025-01-25T13:00:00Z,0.01799999999980173,5.2,9.5,38.0
2025-01-25T14:00:00Z,0.018000000000029104,5.2,12.5,95.0
2025-01-25T15:00:00Z,0.01700000000005275,4.8,15.9,63.0
2025-01-25T16:00:00Z,0.018000000000029104,4.2,18.7,5.0
2025-01-25T17:00:00Z,0.018000000000029104,5.1,19.6,0.0
2025-01-25T18:00:00Z,0.018000000000029104,4.8,19.6,0.0
2025-01-25T19:00:00Z,0.018000000000029104,4.2,19.4,0.0
2025-01-25T20:00:00Z,0.01799999999980173,3.8,16.3,0.0
2025-01-25T21:00:00Z,1.3910000000000764,3.0,13.9,0.0
2025-01-25T22:00:00Z,1.2010000000000218,2.2,12.1,0.0
2025-01-25T23:00:00Z,1.27800000000002,1.6,12.6,0.0
2025-01-26T00:00:00Z,2.34699999999998,1.5,12.6,0.0
2025-01-26T01:00:00Z,1.9500000000000455,2.0,12.1,0.0
2025-01-26T02:00:00Z,1.9579999999998563,2.0,9.6,0.0
2025-01-26T03:00:00Z,1.9010000000000673,1.5,5.5,0.0
2025-01-26T04:00:00Z,1.7329999999999472,1.4,4.3,0.0
2025-01-26T05:00:00Z,1.8780000000001564,1.1,5.9,0.0
2025-01-26T06:00:00Z,0.17799999999988358,0.8,4.8,0.0
2025-01-26T07:00:00Z,1.0910000000001219,0.5,3.9,0.0
2025-01-26T08:00:00Z,1.0249999999998636,1.1,5.2,7.0
2025-01-26T09:00:00Z,0.9580000000000837,1.6,5.4,16.0
2025-01-26T10:00:00Z,0.9300000000000637,2.0,4.8,32.0
2025-01-26T11:00:00Z,0.8429999999998472,2.7,1.5,73.0
2025-01-26T12:00:00Z,0.2699999999999818,3.1,1.7,80.0
2025-01-26T13:00:00Z,0.9519999999999982,3.2,5.5,42.0
2025-01-26T14:00:00Z,0.7019999999999982,3.0,6.2,20.0
2025-01-26T15:00:00Z,0.6140000000000327,2.8,4.7,9.0
2025-01-26T16:00:00Z,0.12000000000011823,2.5,6.7,1.0
2025-01-26T17:00:00Z,0.018000000000029104,2.4,3.7,0.0
2025-01-26T18:00:00Z,0.016999999999825377,2.2,1.9,0.0
2025-01-26T19:00:00Z,0.01700000000005275,0.9,4.1,0.0
2025-01-26T20:00:00Z,0.01700000000005275,1.9,5.6,0.0
2025-01-26T21:00:00Z,1.099999999999909,2.0,8.1,0.0
2025-01-26T22:00:00Z,1.0579999999999927,1.8,10.3,0.0
2025-01-26T23:00:00Z,1.2080000000000837,1.6,12.0,0.0
2025-01-27T00:00:00Z,2.4120000000000346,1.7,11.7,0.0
2025-01-27T01:00:00Z,2.2469999999998436,2.3,14.7,0.0
2025-01-27T02:00:00Z,2.609000000000151,2.8,21.0,0.0
2025-01-27T03:00:00Z,2.413000000000011,2.5,22.4,0.0
2025-01-27T04:00:00Z,2.3299999999999272,2.7,23.3,0.0
2025-01-27T05:00:00Z,1.481999999999971,2.6,23.5,0.0
2025-01-27T06:00:00Z,0.0340000000001055,3.0,26.9,0.0
2025-01-27T07:00:00Z,0.08600000000001273,3.5,26.7,0.0
2025-01-27T08:00:00Z,0.018000000000029104,4.0,26.8,3.0
2025-01-27T09:00:00Z,0.4079999999999018,3.8,28.1,12.0
2025-01-27T10:00:00Z,0.6059999999999945,4.0,27.2,21.0
2025-01-27T11:00:00Z,0.06700000000000728,4.5,28.1,19.0
2025-01-27T12:00:00Z,0.018000000000029104,5.9,25.1,33.0
2025-01-27T13:00:00Z,0.01700000000005275,7.6,24.1,91.0
2025-01-27T14:00:00Z,0.07899999999995089,8.4,20.9,153.0
2025-01-27T15:00:00Z,0.01700000000005275,8.1,18.1,61.0
2025-01-27T16:00:00Z,0.019000000000005457,6.9,14.3,6.0
2025-01-27T17:00:00Z,0.01799999999980173,6.1,11.9,0.0
2025-01-27T18:00:00Z,0.018000000000029104,5.4,11.3,0.0
2025-01-27T19:00:00Z,0.019000000000005457,5.2,13.0,0.0
2025-01-27T20:00:00Z,0.018000000000029104,5.1,14.1,0.0
2025-01-27T21:00:00Z,0.1690000000000964,4.3,14.0,0.0
2025-01-27T22:00:00Z,0.018000000000029104,4.0,12.5,0.0
2025-01-27T23:00:00Z,0.016999999999825377,3.5,11.5,0.0
2025-01-28T00:00:00Z,2.258000000000038,3.2,12.2,0.0
2025-01-28T01:00:00Z,2.4980000000000473,4.2,11.7,0.0
2025-01-28T02:00:00Z,2.328999999999951,4.1,11.5,0.0
2025-01-28T03:00:00Z,2.644999999999982,3.9,12.3,0.0
2025-01-28T04:00:00Z,1.87700000000018,4.3,14.1,0.0
2025-01-28T05:00:00Z,1.3669999999999618,4.0,11.4,0.0
2025-01-28T06:00:00Z,0.024999999999863576,3.6,17.0,0.0
2025-01-28T07:00:00Z,0.018000000000029104,4.0,16.1,0.0
2025-01-28T08:00:00Z,0.4980000000000473,3.9,13.6,16.0
2025-01-28T09:00:00Z,0.6849999999999454,4.6,12.5,90.0
2025-01-28T10:00:00Z,0.7609999999999673,5.6,9.5,166.0
2025-01-28T11:00:00Z,0.019000000000005457,6.3,8.8,205.0
2025-01-28T12:00:00Z,0.07100000000014006,6.8,9.1,221.0
2025-01-28T13:00:00Z,0.07399999999984175,6.7,10.9,180.0
2025-01-28T14:00:00Z,0.22400000000016007,6.2,9.3,143.0
2025-01-28T15:00:00Z,0.5359999999998308,5.2,10.7,56.0
2025-01-28T16:00:00Z,0.21900000000005093,4.2,10.6,6.0
2025-01-28T17:00:00Z,0.018000000000029104,4.0,10.1,0.0
2025-01-28T18:00:00Z,0.019000000000005457,3.7,8.7,0.0
2025-01-28T19:00:00Z,0.018000000000029104,3.8,11.1,0.0
2025-01-28T20:00:00Z,0.018000000000029104,4.0,11.7,0.0
2025-01-28T21:00:00Z,0.9600000000000364,3.6,7.2,0.0
2025-01-28T22:00:00Z,0.6139999999998054,3.0,5.6,0.0
2025-01-28T23:00:00Z,0.5350000000000819,2.9,6.8,0.0
2025-01-29T00:00:00Z,2.344000000000051,2.8,8.2,0.0
2025-01-29T01:00:00Z,2.286000000000058,3.0,7.6,0.0
2025-01-29T02:00:00Z,2.4039999999999964,3.0,6.5,0.0
2025-01-29T03:00:00Z,2.1769999999999072,2.8,5.5,0.0
2025-01-29T04:00:00Z,1.8399999999999181,2.6,6.2,0.0
2025-01-29T05:00:00Z,1.6030000000000655,2.5,6.3,0.0
2025-01-29T06:00:00Z,0.14400000000000546,2.5,6.7,0.0
2025-01-29T07:00:00Z,0.018000000000029104,2.9,5.6,0.0
2025-01-29T08:00:00Z,0.7110000000000127,3.4,7.3,9.0
2025-01-29T09:00:00Z,0.4339999999999691,4.0,10.5,50.0
2025-01-29T10:00:00Z,0.018000000000029104,4.8,9.6,123.0
2025-01-29T11:00:00Z,0.019000000000005457,5.7,8.1,163.0
2025-01-29T12:00:00Z,0.24299999999993815,6.4,8.6,202.0
2025-01-29T13:00:00Z,0.06700000000000728,6.6,5.3,177.0
2025-01-29T14:00:00Z,0.019000000000005457,6.3,7.9,119.0
2025-01-29T15:00:00Z,0.07799999999997453,5.3,6.2,23.0
2025-01-29T16:00:00Z,0.018000000000029104,4.8,6.0,4.0
2025-01-29T17:00:00Z,0.018000000000029104,4.8,5.1,0.0
2025-01-29T18:00:00Z,0.018000000000029104,4.4,6.7,0.0
2025-01-29T19:00:00Z,0.018000000000029104,4.3,11.1,0.0
2025-01-29T20:00:00Z,0.018000000000029104,4.2,12.1,0.0
2025-01-29T21:00:00Z,0.7889999999999873,4.8,14.2,0.0
2025-01-29T22:00:00Z,0.36599999999998545,5.0,16.1,0.0
2025-01-29T23:00:00Z,0.6069999999999709,5.3,20.3,0.0
2025-01-30T00:00:00Z,1.30399999999986,4.8,20.8,0.0
2025-01-30T01:00:00Z,1.050000000000182,5.1,19.3,0.0
2025-01-30T02:00:00Z,0.8849999999999909,5.1,19.1,0.0
2025-01-30T03:00:00Z,0.8830000000000382,4.9,20.2,0.0
2025-01-30T04:00:00Z,0.88799999999992,5.2,20.4,0.0
2025-01-30T05:00:00Z,0.8920000000000528,5.2,20.1,0.0
2025-01-30T06:00:00Z,0.021999999999934516,5.3,20.6,0.0
2025-01-30T07:00:00Z,0.5350000000000819,5.1,20.8,0.0
2025-01-30T08:00:00Z,0.5139999999998963,5.2,19.2,6.0
2025-01-30T09:00:00Z,0.13000000000010914,5.8,19.9,31.0
2025-01-30T10:00:00Z,0.01799999999980173,6.5,19.4,56.0
2025-01-30T11:00:00Z,0.04100000000016735,6.6,22.2,59.0
2025-01-30T12:00:00Z,0.05499999999983629,7.1,21.4,106.0
2025-01-30T13:00:00Z,0.018000000000029104,6.9,20.8,74.0
2025-01-30T14:00:00Z,0.019000000000005457,7.0,18.7,83.0
2025-01-30T15:00:00Z,0.018000000000029104,6.4,16.0,51.0
2025-01-30T16:00:00Z,0.018000000000029104,5.6,15.4,7.0
2025-01-30T17:00:00Z,0.018000000000029104,5.2,16.2,0.0
2025-01-30T18:00:00Z,0.019000000000005457,5.1,15.8,0.0
2025-01-30T19:00:00Z,0.018000000000029104,4.8,15.6,0.0
2025-01-30T20:00:00Z,0.018000000000029104,4.2,15.6,0.0
2025-01-30T21:00:00Z,1.15300000000002,3.8,15.3,0.0
2025-01-30T22:00:00Z,0.9939999999999145,3.5,15.3,0.0
2025-01-30T23:00:00Z,1.1199999999998909,3.2,14.2,0.0
2025-01-31T00:00:00Z,1.897000000000162,2.8,13.0,0.0
2025-01-31T01:00:00Z,2.199999999999818,2.8,12.1,0.0
2025-01-31T02:00:00Z,2.02800000000002,1.9,13.0,0.0
2025-01-31T03:00:00Z,1.9610000000000127,1.3,12.4,0.0
2025-01-31T04:00:00Z,2.1000000000001364,0.9,11.6,0.0
2025-01-31T05:00:00Z,2.4479999999998654,0.5,11.1,0.0
2025-01-31T06:00:00Z,1.0190000000000055,0.2,11.3,0.0
2025-01-31T07:00:00Z,1.5600000000001728,0.1,11.0,0.0
2025-01-31T08:00:00Z,1.1519999999998163,0.2,9.6,22.0
2025-01-31T09:00:00Z,0.9710000000000036,1.4,10.6,102.0
2025-01-31T10:00:00Z,0.9819999999999709,2.5,10.8,177.0
2025-01-31T11:00:00Z,0.8440000000000509,3.3,9.3,205.0
2025-01-31T12:00:00Z,0.6639999999999873,4.2,12.2,226.0
2025-01-31T13:00:00Z,0.1850000000001728,3.8,13.8,79.0
2025-01-31T14:00:00Z,0.9579999999998563,4.4,16.8,79.0
2025-01-31T15:00:00Z,0.7880000000000109,4.3,12.8,39.0
2025-01-31T16:00:00Z,0.6829999999999927,3.8,13.2,7.0
2025-01-31T17:00:00Z,0.023000000000138243,3.1,12.6,0.0
2025-01-31T18:00:00Z,0.01799999999980173,2.3,12.4,0.0
2025-01-31T19:00:00Z,0.018000000000029104,1.9,12.5,0.0
2025-01-31T20:00:00Z,0.018000000000029104,1.3,10.6,0.0
2025-01-31T21:00:00Z,1.3859999999999673,0.8,9.6,0.0
2025-01-31T22:00:00Z,1.1490000000001146,0.6,11.0,0.0
2025-01-31T23:00:00Z,1.1119999999998527,0.6,9.6,0.0
2025-02-01T00:00:00Z,1.8550000000000182,1.0,9.5,0.0
2025-02-01T01:00:00Z,1.9550000000001546,2.0,10.7,0.0
2025-02-01T02:00:00Z,1.8460000000000036,2.9,11.3,0.0
2025-02-01T03:00:00Z,1.740000000000009,3.5,10.1,0.0
2025-02-01T04:00:00Z,1.6419999999998254,3.5,7.0,0.0
2025-02-01T05:00:00Z,1.4850000000001273,3.2,4.0,0.0
2025-02-01T06:00:00Z,0.14400000000000546,2.7,3.4,0.0
2025-02-01T07:00:00Z,0.018000000000029104,2.6,3.8,0.0
2025-02-01T08:00:00Z,0.5349999999998545,3.1,6.2,11.0
2025-02-01T09:00:00Z,0.6040000000000418,3.8,7.7,39.0
2025-02-01T10:00:00Z,0.07200000000011642,4.2,5.6,55.0
2025-02-01T11:00:00Z,0.016999999999825377,4.7,5.7,88.0
2025-02-01T12:00:00Z,0.018000000000029104,5.3,6.1,107.0
2025-02-01T13:00:00Z,0.4130000000000109,4.7,9.2,74.0
2025-02-01T14:00:00Z,0.7190000000000509,4.6,9.4,49.0
2025-02-01T15:00:00Z,0.5509999999999309,4.2,8.6,25.0
2025-02-01T16:00:00Z,0.54300000000012,3.8,6.9,4.0
2025-02-01T17:00:00Z,0.020999999999958163,3.3,7.2,0.0
2025-02-01T18:00:00Z,0.018000000000029104,2.5,7.2,0.0
2025-02-01T19:00:00Z,0.018000000000029104,2.0,5.9,0.0
2025-02-01T20:00:00Z,0.018000000000029104,0.5,5.2,0.0
2025-02-01T21:00:00Z,1.5619999999998981,-0.6,4.6,0.0
2025-02-01T22:00:00Z,1.2329999999999472,-1.9,2.8,0.0
2025-02-01T23:00:00Z,1.23700000000008,-2.1,2.8,0.0
2025-02-02T00:00:00Z,2.099999999999909,-2.5,3.3,0.0
2025-02-02T01:00:00Z,2.45900000000006,-1.9,3.0,0.0
2025-02-02T02:00:00Z,2.1159999999999854,-1.5,3.1,0.0
2025-02-02T03:00:00Z,2.365000000000009,-1.0,2.6,0.0
2025-02-02T04:00:00Z,2.1410000000000764,-0.6,0.9,0.0
2025-02-02T05:00:00Z,2.316000000000031,-0.2,1.2,0.0
2025-02-02T06:00:00Z,0.7509999999999764,0.2,3.2,0.0
2025-02-02T07:00:00Z,1.1699999999998454,0.6,4.3,0.0
2025-02-02T08:00:00Z,1.1300000000001091,1.0,5.8,10.0
2025-02-02T09:00:00Z,0.2580000000000382,1.6,5.5,36.0
2025-02-02T10:00:00Z,0.047000000000025466,2.2,6.1,56.0
2025-02-02T11:00:00Z,0.04599999999982174,2.5,8.4,63.0
2025-02-02T12:00:00Z,0.018000000000029104,3.0,9.0,100.0
2025-02-02T13:00:00Z,0.018000000000029104,1.9,6.4,38.0
2025-02-02T14:00:00Z,0.018000000000029104,2.0,8.7,34.0
2025-02-02T15:00:00Z,0.018000000000029104,1.9,9.9,23.0
2025-02-02T16:00:00Z,0.018000000000029104,1.5,8.8,4.0
2025-02-02T17:00:00Z,0.018000000000029104,1.5,9.9,0.0
2025-02-02T18:00:00Z,0.016999999999825377,1.4,9.6,0.0
2025-02-02T19:00:00Z,0.018000000000029104,1.2,9.0,0.0
2025-02-02T20:00:00Z,0.018000000000029104,0.8,7.6,0.0
2025-02-02T21:00:00Z,0.02800000000002001,0.8,9.1,0.0
2025-02-02T22:00:00Z,0.04800000000000182,0.6,10.1,0.0
2025-02-02T23:00:00Z,0.047000000000025466,0.7,11.1,0.0
2025-02-03T00:00:00Z,1.1959999999999127,0.4,9.8,0.0
2025-02-03T01:00:00Z,0.900000000000091,0.9,9.6,0.0
2025-02-03T02:00:00Z,0.8399999999999181,0.5,7.7,0.0
2025-02-03T03:00:00Z,0.9190000000000964,0.3,7.8,0.0
2025-02-03T04:00:00Z,0.8569999999999709,0.2,7.2,0.0
2025-02-03T05:00:00Z,0.8450000000000273,0.0,6.1,0.0
2025-02-03T06:00:00Z,0.049999999999954525,-0.9,3.8,0.0
2025-02-03T07:00:00Z,0.04600000000004911,-1.3,5.5,0.0
2025-02-03T08:00:00Z,0.04399999999986903,-0.6,5.9,26.0
2025-02-03T09:00:00Z,0.047000000000025466,0.4,4.4,114.0
2025-02-03T10:00:00Z,0.04600000000004911,1.4,6.1,195.0
2025-02-03T11:00:00Z,0.04500000000007276,2.3,10.4,228.0
2025-02-03T12:00:00Z,0.044999999999845386,2.7,9.5,173.0
2025-02-03T13:00:00Z,0.032000000000152795,2.5,9.9,113.0
2025-02-03T14:00:00Z,0.018000000000029104,2.7,9.9,125.0
2025-02-03T15:00:00Z,0.018000000000029104,2.0,7.5,69.0
2025-02-03T16:00:00Z,0.01999999999998181,1.4,6.5,11.0
2025-02-03T17:00:00Z,0.04699999999979809,0.9,7.5,0.0
2025-02-03T18:00:00Z,0.047000000000025466,0.3,9.0,0.0
2025-02-03T19:00:00Z,0.04600000000004911,0.4,9.8,0.0
2025-02-03T20:00:00Z,0.047000000000025466,0.3,10.3,0.0
2025-02-03T21:00:00Z,0.1089999999999236,-0.2,8.9,0.0
2025-02-03T22:00:00Z,0.047000000000025466,-0.7,7.5,0.0
2025-02-03T23:00:00Z,0.047000000000025466,-1.1,7.1,0.0
2025-02-04T00:00:00Z,0.81899999999996,-1.4,6.4,0.0
2025-02-04T01:00:00Z,0.6929999999999836,-0.9,6.1,0.0
2025-02-04T02:00:00Z,0.5610000000001492,-0.9,6.1,0.0
2025-02-04T03:00:00Z,0.5699999999999363,-0.1,6.0,0.0
2025-02-04T04:00:00Z,0.5979999999999563,0.2,7.8,0.0
2025-02-04T05:00:00Z,0.5710000000001401,0.3,8.4,0.0
2025-02-04T06:00:00Z,0.06099999999992178,0.3,8.7,0.0
2025-02-04T07:00:00Z,0.047000000000025466,0.5,11.0,0.0
2025-02-04T08:00:00Z,0.047000000000025466,0.5,11.4,19.0
2025-02-04T09:00:00Z,0.04800000000000182,1.2,12.1,78.0
2025-02-04T10:00:00Z,0.04399999999986903,2.3,13.4,157.0
2025-02-04T11:00:00Z,0.07300000000009277,3.5,12.0,206.0
2025-02-04T12:00:00Z,0.018000000000029104,4.5,14.5,258.0
2025-02-04T13:00:00Z,0.019000000000005457,3.7,13.7,131.0
2025-02-04T14:00:00Z,0.018000000000029104,3.5,13.2,99.0
2025-02-04T15:00:00Z,0.01799999999980173,3.2,13.6,60.0
2025-02-04T16:00:00Z,0.019000000000005457,2.2,13.0,11.0
2025-02-04T17:00:00Z,0.026000000000067303,1.9,13.7,0.0
2025-02-04T18:00:00Z,0.028999999999996362,1.9,13.8,0.0
2025-02-04T19:00:00Z,0.028999999999996362,2.0,13.5,0.0
2025-02-04T20:00:00Z,0.028999999999996362,2.3,14.4,0.0
2025-02-04T21:00:00Z,0.6749999999999545,2.8,16.3,0.0
2025-02-04T22:00:00Z,0.20600000000013097,2.8,15.8,0.0
2025-02-04T23:00:00Z,0.5289999999999964,2.8,14.5,0.0
2025-02-05T00:00:00Z,0.7739999999998872,3.2,16.2,0.0
2025-02-05T01:00:00Z,0.6829999999999927,3.6,17.0,0.0
2025-02-05T02:00:00Z,0.48700000000008004,3.5,17.3,0.0
2025-02-05T03:00:00Z,0.5029999999999291,2.8,19.3,0.0
2025-02-05T04:00:00Z,0.6290000000001328,2.7,18.5,0.0
2025-02-05T05:00:00Z,0.5049999999998818,3.0,19.7,0.0
2025-02-05T06:00:00Z,0.03300000000012915,3.3,21.4,0.0
2025-02-05T07:00:00Z,0.1169999999999618,3.7,20.6,0.0
2025-02-05T08:00:00Z,0.018000000000029104,4.4,19.6,14.0
2025-02-05T09:00:00Z,0.018000000000029104,5.3,19.1,40.0
2025-02-05T10:00:00Z,0.019000000000005457,6.9,20.0,98.0
2025-02-05T11:00:00Z,0.028999999999996362,7.5,23.3,137.0
2025-02-05T12:00:00Z,0.029999999999972715,8.2,23.6,241.0
2025-02-05T13:00:00Z,0.029999999999972715,8.1,22.7,237.0
2025-02-05T14:00:00Z,0.03099999999994907,7.8,19.7,187.0
2025-02-05T15:00:00Z,0.028999999999996362,7.0,17.1,114.0
2025-02-05T16:00:00Z,0.03099999999994907,5.7,15.9,24.0
2025-02-05T17:00:00Z,0.029999999999972715,4.9,16.1,0.0
2025-02-05T18:00:00Z,0.03000000000020009,4.3,16.1,0.0
2025-02-05T19:00:00Z,0.029999999999972715,3.8,15.3,0.0
2025-02-05T20:00:00Z,0.029999999999972715,3.3,15.2,0.0
2025-02-05T21:00:00Z,0.5349999999998545,3.0,13.8,0.0
2025-02-05T22:00:00Z,0.07000000000016371,2.8,14.0,0.0
2025-02-05T23:00:00Z,0.12299999999981992,2.7,13.7,0.0
2025-02-06T00:00:00Z,0.9640000000001692,2.6,12.5,0.0
2025-02-06T01:00:00Z,0.7599999999999909,2.6,12.6,0.0
2025-02-06T02:00:00Z,0.6910000000000309,2.3,12.0,0.0
2025-02-06T03:00:00Z,0.6949999999999363,1.8,11.6,0.0
2025-02-06T04:00:00Z,0.6189999999999145,1.8,13.1,0.0
2025-02-06T05:00:00Z,0.6539999999999964,1.5,12.9,0.0
2025-02-06T06:00:00Z,0.06300000000010186,1.0,12.2,0.0
2025-02-06T07:00:00Z,0.04800000000000182,0.8,11.9,0.0
2025-02-06T08:00:00Z,0.05700000000001637,1.3,11.1,38.0
2025-02-06T09:00:00Z,0.13599999999996726,2.7,12.4,137.0
2025-02-06T10:00:00Z,0.04299999999989268,4.2,10.3,227.0
2025-02-06T11:00:00Z,0.03000000000020009,5.3,10.5,286.0
2025-02-06T12:00:00Z,0.029999999999972715,6.1,10.5,304.0
2025-02-06T13:00:00Z,0.03099999999994907,6.2,10.5,278.0
2025-02-06T14:00:00Z,0.03099999999994907,6.1,9.9,216.0
2025-02-06T15:00:00Z,0.03199999999992542,4.9,7.9,123.0
2025-02-06T16:00:00Z,0.03000000000020009,2.5,6.4,27.0
2025-02-06T17:00:00Z,0.029999999999972715,2.2,7.8,0.0
2025-02-06T18:00:00Z,0.04399999999986903,2.0,8.2,0.0
2025-02-06T19:00:00Z,0.057999999999992724,1.6,7.8,0.0
2025-02-06T20:00:00Z,0.05899999999996908,1.1,8.2,0.0
2025-02-06T21:00:00Z,0.6550000000002001,1.1,9.8,0.0
2025-02-06T22:00:00Z,0.5339999999998781,1.0,10.3,0.0
2025-02-06T23:00:00Z,0.1510000000000673,0.8,11.1,0.0
2025-02-07T00:00:00Z,1.1440000000000055,0.3,9.4,0.0
2025-02-07T01:00:00Z,0.76299999999992,0.2,9.9,0.0
2025-02-07T02:00:00Z,0.7850000000000819,-0.1,11.3,0.0
2025-02-07T03:00:00Z,0.7469999999998436,-0.2,11.6,0.0
2025-02-07T04:00:00Z,0.7320000000001983,-0.3,12.6,0.0
2025-02-07T05:00:00Z,0.6479999999999109,-0.4,14.3,0.0
2025-02-07T06:00:00Z,0.06299999999987449,0.1,15.3,0.0
2025-02-07T07:00:00Z,0.05400000000008731,0.8,15.8,0.0
2025-02-07T08:00:00Z,0.13599999999996726,0.9,16.1,14.0
2025-02-07T09:00:00Z,0.05899999999996908,1.2,20.2,52.0
2025-02-07T10:00:00Z,0.057999999999992724,1.4,17.5,70.0
2025-02-07T11:00:00Z,0.057999999999992724,1.6,17.1,79.0
2025-02-07T12:00:00Z,0.044000000000096406,2.0,17.3,75.0
2025-02-07T13:00:00Z,0.028999999999996362,3.2,21.5,199.0
2025-02-07T14:00:00Z,0.02800000000002001,3.2,22.7,64.0
2025-02-07T15:00:00Z,0.03099999999994907,3.1,22.1,39.0
2025-02-07T16:00:00Z,0.029999999999972715,2.8,22.7,14.0
2025-02-07T17:00:00Z,0.5190000000000055,2.7,22.1,0.0
2025-02-07T18:00:00Z,0.07000000000016371,2.8,22.0,0.0
2025-02-07T19:00:00Z,0.13599999999996726,2.8,23.0,0.0
2025-02-07T20:00:00Z,0.04299999999989268,2.6,24.6,0.0
2025-02-07T21:00:00Z,0.5940000000000509,2.3,27.3,0.0
2025-02-07T22:00:00Z,0.22700000000008913,1.9,24.6,0.0
2025-02-07T23:00:00Z,0.6109999999998763,1.6,22.0,0.0
2025-02-08T00:00:00Z,1.5499999999999545,1.8,24.9,0.0
2025-02-08T01:00:00Z,2.11200000000008,2.0,25.2,0.0
2025-02-08T02:00:00Z,2.286000000000058,1.6,25.8,0.0
2025-02-08T03:00:00Z,2.30600000000004,1.5,24.3,0.0
2025-02-08T04:00:00Z,2.321999999999889,1.3,23.2,0.0
2025-02-08T05:00:00Z,2.1099999999999,1.2,23.8,0.0
2025-02-08T06:00:00Z,1.6970000000001164,1.1,25.0,0.0
2025-02-08T07:00:00Z,1.4039999999999964,1.5,24.5,0.0
2025-02-08T08:00:00Z,1.3959999999999582,1.5,25.8,10.0
2025-02-08T09:00:00Z,1.4710000000000036,1.8,25.0,25.0
2025-02-08T10:00:00Z,1.2540000000001328,2.0,28.1,64.0
2025-02-08T11:00:00Z,1.3429999999998472,2.2,26.8,75.0
2025-02-08T12:00:00Z,1.3199999999999363,2.3,26.5,96.0
2025-02-08T13:00:00Z,1.2950000000000728,1.9,25.9,87.0
2025-02-08T14:00:00Z,1.3410000000001219,2.0,24.6,66.0
2025-02-08T15:00:00Z,1.2239999999999327,2.0,23.2,45.0
2025-02-08T16:00:00Z,1.2590000000000146,1.9,21.0,14.0
2025-02-08T17:00:00Z,0.26499999999987267,1.8,20.7,0.0
2025-02-08T18:00:00Z,0.6130000000000564,1.9,20.2,0.0
2025-02-08T19:00:00Z,0.4130000000000109,2.3,18.5,0.0
2025-02-08T20:00:00Z,0.6929999999999836,2.4,16.5,0.0
2025-02-08T21:00:00Z,1.6800000000000637,2.5,14.4,0.0
2025-02-08T22:00:00Z,1.1369999999999436,2.4,12.8,0.0
2025-02-08T23:00:00Z,1.3959999999999582,1.8,10.9,0.0
2025-02-09T00:00:00Z,2.3190000000001874,1.2,9.8,0.0
2025-02-09T01:00:00Z,2.461999999999989,1.9,11.0,0.0
2025-02-09T02:00:00Z,2.4849999999999,1.5,12.7,0.0
2025-02-09T03:00:00Z,2.382000000000062,1.3,12.5,0.0
2025-02-09T04:00:00Z,2.492999999999938,1.1,12.0,0.0
2025-02-09T05:00:00Z,2.0139999999998963,1.0,12.5,0.0
2025-02-09T06:00:00Z,0.8470000000002074,0.7,12.8,0.0
2025-02-09T07:00:00Z,1.17899999999986,0.8,12.6,0.0
2025-02-09T08:00:00Z,0.9380000000001019,1.4,13.7,30.0
2025-02-09T09:00:00Z,0.6579999999999018,2.0,15.7,84.0
2025-02-09T10:00:00Z,1.0499999999999545,2.5,16.2,153.0
2025-02-09T11:00:00Z,0.9230000000000018,2.8,15.9,165.0
2025-02-09T12:00:00Z,0.6380000000001473,3.0,16.2,149.0
2025-02-09T13:00:00Z,0.7819999999999254,2.2,16.9,71.0
2025-02-09T14:00:00Z,1.1449999999999818,2.2,16.9,74.0
2025-02-09T15:00:00Z,0.7550000000001091,2.1,16.4,37.0
2025-02-09T16:00:00Z,0.625,1.9,15.4,9.0
2025-02-09T17:00:00Z,0.06099999999992178,1.8,15.9,0.0
2025-02-09T18:00:00Z,0.12100000000009459,1.8,16.2,0.0
2025-02-09T19:00:00Z,0.6179999999999382,1.8,16.8,0.0
2025-02-09T20:00:00Z,0.4210000000000491,1.8,17.4,0.0
2025-02-09T21:00:00Z,1.6139999999998054,1.6,18.2,0.0
2025-02-09T22:00:00Z,1.022000000000162,1.5,18.5,0.0
2025-02-09T23:00:00Z,2.2539999999999054,1.5,18.4,0.0
2025-02-10T00:00:00Z,2.1110000000001037,1.5,18.2,0.0
2025-02-10T01:00:00Z,1.9459999999999127,1.4,18.0,0.0
2025-02-10T02:00:00Z,1.8579999999999472,1.4,18.6,0.0
2025-02-10T03:00:00Z,1.6539999999999964,1.2,18.8,0.0
2025-02-10T04:00:00Z,1.8960000000001855,1.2,19.5,0.0
2025-02-10T05:00:00Z,1.6869999999998981,1.0,19.9,0.0
2025-02-10T06:00:00Z,0.7760000000000673,0.9,20.7,0.0
2025-02-10T07:00:00Z,0.8299999999999272,1.0,20.9,0.0
2025-02-10T08:00:00Z,0.6279999999999291,1.2,22.1,20.0
2025-02-10T09:00:00Z,0.6290000000001328,1.5,22.9,36.0
2025-02-10T10:00:00Z,0.6259999999999764,1.8,25.2,61.0
2025-02-10T11:00:00Z,1.038000000000011,2.2,25.9,110.0
2025-02-10T12:00:00Z,0.8050000000000637,2.3,25.8,101.0
2025-02-10T13:00:00Z,0.6069999999999709,2.1,27.7,90.0
2025-02-10T14:00:00Z,0.5779999999999745,1.9,26.6,75.0
2025-02-10T15:00:00Z,0.6119999999998527,1.8,26.0,44.0
2025-02-10T16:00:00Z,0.9120000000000346,1.5,23.9,17.0
2025-02-10T17:00:00Z,0.049999999999954525,1.1,24.8,0.0
2025-02-10T18:00:00Z,0.047000000000025466,1.0,25.2,0.0
2025-02-10T19:00:00Z,0.11100000000010368,0.4,24.5,0.0
2025-02-10T20:00:00Z,0.047000000000025466,0.3,24.5,0.0
2025-02-10T21:00:00Z,1.5049999999998818,0.3,24.2,0.0
2025-02-10T22:00:00Z,0.9270000000001346,0.2,25.6,0.0
2025-02-10T23:00:00Z,1.009999999999991,0.3,26.6,0.0
2025-02-11T00:00:00Z,2.410999999999831,0.4,26.1,0.0
2025-02-11T01:00:00Z,2.533000000000129,0.6,26.6,0.0
2025-02-11T02:00:00Z,2.518000000000029,0.5,26.1,0.0
2025-02-11T03:00:00Z,2.5519999999999072,0.4,26.5,0.0
2025-02-11T04:00:00Z,2.0060000000000855,0.6,27.1,0.0
2025-02-11T05:00:00Z,1.905999999999949,0.6,27.3,0.0
2025-02-11T06:00:00Z,0.8040000000000873,1.1,26.8,0.0
2025-02-11T07:00:00Z,1.086999999999989,1.2,26.7,1.0
2025-02-11T08:00:00Z,0.8789999999999054,1.2,28.2,31.0
2025-02-11T09:00:00Z,0.66800000000012,1.2,28.7,79.0
2025-02-11T10:00:00Z,0.6329999999998108,1.4,27.8,114.0
2025-02-11T11:00:00Z,0.6300000000001091,1.5,27.3,148.0
2025-02-11T12:00:00Z,0.6299999999998818,1.8,26.3,163.0
2025-02-11T13:00:00Z,0.7420000000001892,2.3,27.0,224.0
2025-02-11T14:00:00Z,0.974999999999909,2.5,26.5,196.0
2025-02-11T15:00:00Z,0.6869999999998981,1.9,24.6,118.0
2025-02-11T16:00:00Z,0.5610000000001492,1.1,22.7,36.0
2025-02-11T17:00:00Z,0.05600000000004002,0.8,24.5,0.0
2025-02-11T18:00:00Z,0.04599999999982174,0.6,26.7,0.0
2025-02-11T19:00:00Z,0.044000000000096406,0.4,25.7,0.0
2025-02-11T20:00:00Z,0.11599999999998545,0.2,24.9,0.0
2025-02-11T21:00:00Z,1.7070000000001073,0.1,24.8,0.0
2025-02-11T22:00:00Z,1.4739999999999327,-0.1,25.1,0.0
2025-02-11T23:00:00Z,0.9490000000000691,0.0,24.0,0.0
2025-02-12T00:00:00Z,2.4139999999999873,-0.1,23.5,0.0
2025-02-12T01:00:00Z,2.4589999999998327,-0.2,23.2,0.0
2025-02-12T02:00:00Z,2.508000000000038,-0.2,23.6,0.0
2025-02-12T03:00:00Z,2.22199999999998,-0.1,23.8,0.0
2025-02-12T04:00:00Z,2.508000000000038,-0.2,23.4,0.0
2025-02-12T05:00:00Z,2.0540000000000873,-0.4,23.2,0.0
2025-02-12T06:00:00Z,0.696999999999889,-0.8,22.8,0.0
2025-02-12T07:00:00Z,1.6320000000000618,-1.1,21.4,1.0
2025-02-12T08:00:00Z,0.9100000000000819,-1.0,21.6,23.0
2025-02-12T09:00:00Z,0.7809999999999491,-0.9,20.7,75.0
2025-02-12T10:00:00Z,0.7119999999999891,-0.6,20.4,147.0
2025-02-12T11:00:00Z,0.6549999999999727,0.1,20.9,189.0
2025-02-12T12:00:00Z,0.6559999999999491,0.6,20.3,200.0
2025-02-12T13:00:00Z,0.6690000000000964,0.1,18.7,161.0
2025-02-12T14:00:00Z,0.7000000000000455,0.6,19.6,169.0
2025-02-12T15:00:00Z,1.0069999999998345,0.3,19.7,112.0
2025-02-12T16:00:00Z,1.1380000000001473,-0.2,18.6,31.0
2025-02-12T17:00:00Z,0.05099999999993088,-0.2,19.4,0.0
2025-02-12T18:00:00Z,0.04600000000004911,-0.2,19.8,0.0
2025-02-12T19:00:00Z,0.04600000000004911,-0.3,18.8,0.0
2025-02-12T20:00:00Z,0.04599999999982174,-0.2,17.8,0.0
2025-02-12T21:00:00Z,1.7110000000000127,-0.1,16.8,0.0
2025-02-12T22:00:00Z,1.2840000000001055,-0.1,15.0,0.0
2025-02-12T23:00:00Z,1.0670000000000073,0.0,14.9,0.0
2025-02-13T00:00:00Z,2.369999999999891,-0.3,14.5,0.0
2025-02-13T01:00:00Z,2.4950000000001182,-1.0,15.3,0.0
2025-02-13T02:00:00Z,2.219000000000051,-1.3,16.0,0.0
2025-02-13T03:00:00Z,2.4529999999999745,-1.2,17.3,0.0
2025-02-13T04:00:00Z,2.49799999999982,-1.0,17.5,0.0
2025-02-13T05:00:00Z,2.30600000000004,-0.9,17.6,0.0
2025-02-13T06:00:00Z,0.8070000000000164,-0.6,17.3,0.0
2025-02-13T07:00:00Z,1.502999999999929,-0.4,17.2,1.0
2025-02-13T08:00:00Z,0.7970000000000255,-0.2,18.1,21.0
2025-02-13T09:00:00Z,0.6360000000001946,0.1,20.0,40.0
2025-02-13T10:00:00Z,0.612999999999829,0.4,19.8,67.0
2025-02-13T11:00:00Z,0.803000000000111,0.8,19.6,113.0
2025-02-13T12:00:00Z,1.08199999999988,0.8,17.3,114.0
2025-02-13T13:00:00Z,0.6630000000000109,0.5,16.4,104.0
2025-02-13T14:00:00Z,0.6280000000001564,0.1,16.6,57.0
2025-02-13T15:00:00Z,0.6349999999999909,-0.1,16.3,41.0
2025-02-13T16:00:00Z,0.6899999999998272,-0.5,15.9,17.0
2025-02-13T17:00:00Z,0.06900000000018736,-1.0,15.7,0.0
2025-02-13T18:00:00Z,0.04699999999979809,-1.8,14.7,0.0
2025-02-13T19:00:00Z,0.047000000000025466,-2.1,13.4,0.0
2025-02-13T20:00:00Z,0.04600000000004911,-2.4,12.2,0.0
2025-02-13T21:00:00Z,1.6639999999999873,-1.5,10.7,0.0
2025-02-13T22:00:00Z,1.6800000000000637,-0.8,12.2,0.0
2025-02-13T23:00:00Z,1.821999999999889,-0.4,13.7,0.0
2025-02-14T00:00:00Z,2.68100000000004,-0.5,14.2,0.0
2025-02-14T01:00:00Z,2.6400000000001,-0.9,14.2,0.0
2025-02-14T02:00:00Z,2.865000000000009,-1.3,15.0,0.0
2025-02-14T03:00:00Z,2.4659999999998945,-1.5,13.2,0.0
2025-02-14T04:00:00Z,2.6100000000001273,-2.4,11.6,0.0
2025-02-14T05:00:00Z,2.625,-3.1,8.9,0.0
2025-02-14T06:00:00Z,1.0570000000000164,-3.3,7.7,0.0
2025-02-14T07:00:00Z,1.9589999999998327,-3.3,7.8,2.0
2025-02-14T08:00:00Z,1.1639999999999873,-2.0,8.6,50.0
2025-02-14T09:00:00Z,0.7560000000000855,-1.0,8.7,135.0
2025-02-14T10:00:00Z,0.7329999999999472,-0.6,7.5,200.0
2025-02-14T11:00:00Z,0.7150000000001455,0.0,6.0,284.0
2025-02-14T12:00:00Z,0.5899999999999181,0.4,4.2,314.0
2025-02-14T13:00:00Z,0.58400000000006,0.9,3.9,243.0
2025-02-14T14:00:00Z,0.5879999999999654,0.8,2.9,187.0
2025-02-14T15:00:00Z,0.58400000000006,0.3,3.9,107.0
2025-02-14T16:00:00Z,0.584999999999809,-0.6,5.9,36.0
2025-02-14T17:00:00Z,0.04899999999997817,-1.2,9.7,0.0
2025-02-14T18:00:00Z,0.047000000000025466,-2.2,9.5,0.0
2025-02-14T19:00:00Z,0.04500000000007276,-2.8,7.5,0.0
2025-02-14T20:00:00Z,0.047000000000025466,-3.1,7.3,0.0
2025-02-14T21:00:00Z,1.8379999999999654,-4.0,5.3,0.0
2025-02-14T22:00:00Z,1.1669999999999163,-4.3,4.4,0.0
2025-02-14T23:00:00Z,1.022000000000162,-3.0,5.8,0.0
2025-02-15T00:00:00Z,2.3519999999998618,-2.3,7.0,0.0
2025-02-15T01:00:00Z,2.5470000000000255,-2.0,9.0,0.0
2025-02-15T02:00:00Z,2.270999999999958,-1.7,8.5,0.0
2025-02-15T03:00:00Z,2.1539999999999964,-1.6,7.7,0.0
2025-02-15T04:00:00Z,2.1980000000000928,-1.7,8.1,0.0
2025-02-15T05:00:00Z,2.025000000000091,-2.0,7.4,0.0
2025-02-15T06:00:00Z,0.9529999999999745,-2.2,6.9,0.0
2025-02-15T07:00:00Z,1.231999999999971,-2.8,6.2,3.0
2025-02-15T08:00:00Z,1.2180000000000746,-1.7,7.8,53.0
2025-02-15T09:00:00Z,0.9259999999999309,-0.6,8.1,102.0
2025-02-15T10:00:00Z,0.5950000000000273,-0.6,8.6,77.0
2025-02-15T11:00:00Z,0.6449999999999818,-0.6,8.8,74.0
2025-02-15T12:00:00Z,0.7799999999999727,-0.6,9.5,59.0
2025-02-15T13:00:00Z,0.97199999999998,-0.9,9.2,63.0
2025-02-15T14:00:00Z,1.13799999999992,-0.7,8.0,68.0
2025-02-15T15:00:00Z,1.0199999999999818,-0.6,8.7,34.0
2025-02-15T16:00:00Z,1.02800000000002,-0.2,6.1,28.0
2025-02-15T17:00:00Z,0.04899999999997817,-1.2,11.8,0.0
2025-02-15T18:00:00Z,0.044000000000096406,-1.9,12.7,0.0
2025-02-15T19:00:00Z,0.04600000000004911,-2.9,13.0,0.0
2025-02-15T20:00:00Z,0.04600000000004911,-2.3,16.9,0.0
2025-02-15T21:00:00Z,1.8949999999999818,-3.2,18.1,0.0
2025-02-15T22:00:00Z,1.6599999999998545,-3.8,17.7,0.0
2025-02-15T23:00:00Z,1.6850000000001728,-4.5,16.2,0.0
2025-02-16T00:00:00Z,2.905999999999949,-5.2,15.6,0.0
2025-02-16T01:00:00Z,2.981999999999971,-5.3,15.2,0.0
2025-02-16T02:00:00Z,3.2110000000000127,-5.9,15.3,0.0
2025-02-16T03:00:00Z,3.0450000000000728,-6.6,14.5,0.0
2025-02-16T04:00:00Z,2.91599999999994,-7.1,13.7,0.0
2025-02-16T05:00:00Z,2.9429999999999836,-7.4,12.5,0.0
2025-02-16T06:00:00Z,2.173000000000002,-7.8,11.3,0.0
2025-02-16T07:00:00Z,2.84699999999998,-7.8,10.5,4.0
2025-02-16T08:00:00Z,2.75,-6.5,9.8,84.0
2025-02-16T09:00:00Z,2.2439999999999145,-5.0,9.1,203.0
2025-02-16T10:00:00Z,1.9860000000001037,-3.8,8.1,303.0
2025-02-16T11:00:00Z,1.3989999999998872,-2.6,7.2,368.0
2025-02-16T12:00:00Z,0.8770000000001801,-1.6,7.0,388.0
2025-02-16T13:00:00Z,0.7929999999998927,-2.3,8.8,359.0
2025-02-16T14:00:00Z,0.7940000000000964,-2.5,10.4,289.0
2025-02-16T15:00:00Z,0.793999999999869,-3.3,11.8,186.0
2025-02-16T16:00:00Z,0.9519999999999982,-4.7,11.0,67.0
2025-02-16T17:00:00Z,0.04899999999997817,-5.7,10.1,1.0
2025-02-16T18:00:00Z,1.4400000000000546,-6.2,8.5,0.0
2025-02-16T19:00:00Z,1.3079999999999927,-6.6,7.5,0.0
2025-02-16T20:00:00Z,1.2469999999998436,-6.8,7.7,0.0
2025-02-16T21:00:00Z,2.4100000000003092,-7.0,7.5,0.0
2025-02-16T22:00:00Z,2.1230000000000473,-7.1,8.0,0.0
2025-02-16T23:00:00Z,1.8989999999998872,-7.0,9.5,0.0
2025-02-17T00:00:00Z,2.963999999999942,-6.8,10.4,0.0
2025-02-17T01:00:00Z,2.994000000000142,-8.2,10.5,0.0
2025-02-17T02:00:00Z,2.8919999999998254,-8.1,10.8,0.0
2025-02-17T03:00:00Z,2.9580000000000837,-7.8,11.4,0.0
2025-02-17T04:00:00Z,2.9299999999998363,-7.2,12.4,0.0
2025-02-17T05:00:00Z,2.9580000000000837,-6.8,13.2,0.0
2025-02-17T06:00:00Z,1.3079999999999927,-6.6,13.8,0.0
2025-02-17T07:00:00Z,1.5399999999999636,-6.2,13.7,6.0
2025-02-17T08:00:00Z,1.3020000000001346,-4.7,13.4,87.0
2025-02-17T09:00:00Z,1.268000000000029,-2.5,13.4,204.0
2025-02-17T10:00:00Z,0.7550000000001091,-0.8,14.5,302.0
2025-02-17T11:00:00Z,0.6149999999997817,0.3,15.4,363.0
2025-02-17T12:00:00Z,0.6210000000000946,0.9,15.1,383.0
2025-02-17T13:00:00Z,0.19399999999995998,0.9,17.2,277.0
2025-02-17T14:00:00Z,0.04599999999982174,0.8,16.9,235.0
2025-02-17T15:00:00Z,0.21000000000003638,0.3,15.3,176.0
2025-02-17T16:00:00Z,1.331000000000131,-1.1,14.0,69.0
2025-02-17T17:00:00Z,0.0500000000001819,-2.3,14.3,2.0
2025-02-17T18:00:00Z,0.047999999999774445,-2.6,14.6,0.0
2025-02-17T19:00:00Z,0.047000000000025466,-2.8,14.0,0.0
2025-02-17T20:00:00Z,0.047000000000025466,-2.8,14.2,0.0
2025-02-17T21:00:00Z,2.0109999999999673,-2.6,14.1,0.0
2025-02-17T22:00:00Z,1.51299999999992,-2.7,14.2,0.0
2025-02-17T23:00:00Z,1.4200000000000728,-3.0,14.0,0.0
2025-02-18T00:00:00Z,2.3510000000001128,-3.2,13.8,0.0
2025-02-18T01:00:00Z,2.6900000000000546,-3.5,13.8,0.0
2025-02-18T02:00:00Z,2.4890000000000327,-3.6,13.7,0.0
2025-02-18T03:00:00Z,2.4549999999999272,-3.7,13.5,0.0
2025-02-18T04:00:00Z,2.5979999999999563,-3.8,13.2,0.0
2025-02-18T05:00:00Z,2.793999999999869,-4.0,12.6,0.0
2025-02-18T06:00:00Z,1.037000000000262,-4.2,11.8,0.0
2025-02-18T07:00:00Z,1.7339999999999236,-4.2,11.2,7.0
2025-02-18T08:00:00Z,1.5450000000000728,-2.8,11.7,92.0
2025-02-18T09:00:00Z,1.2709999999997308,-0.9,9.4,212.0
2025-02-18T10:00:00Z,0.7139999999999418,0.9,10.0,311.0
2025-02-18T11:00:00Z,0.6080000000001746,2.3,11.0,373.0
2025-02-18T12:00:00Z,0.3089999999997417,3.1,11.6,391.0
2025-02-18T13:00:00Z,0.04000000000041837,3.4,12.2,363.0
2025-02-18T14:00:00Z,0.017999999999574356,3.1,11.6,294.0
2025-02-18T15:00:00Z,0.018000000000029104,2.2,9.8,191.0
2025-02-18T16:00:00Z,0.13599999999996726,0.2,8.2,73.0
2025-02-18T17:00:00Z,0.04400000000032378,-1.5,8.5,3.0
2025-02-18T18:00:00Z,0.047999999999774445,-2.2,9.5,0.0
2025-02-18T19:00:00Z,0.04800000000022919,-2.4,9.3,0.0
2025-02-18T20:00:00Z,0.047000000000025466,-2.5,9.4,0.0
2025-02-18T21:00:00Z,1.8419999999996435,-2.6,8.3,0.0
2025-02-18T22:00:00Z,1.4640000000003965,-3.0,6.5,0.0
2025-02-18T23:00:00Z,1.500999999999749,-3.5,5.9,0.0
2025-02-19T00:00:00Z,2.6030000000000655,-3.7,5.9,0.0
2025-02-19T01:00:00Z,2.7840000000001055,-5.6,5.6,0.0
2025-02-19T02:00:00Z,2.9760000000001128,-5.9,3.8,0.0
2025-02-19T03:00:00Z,2.6920000000000073,-6.1,2.6,0.0
2025-02-19T04:00:00Z,2.6089999999999236,-6.6,3.1,0.0
2025-02-19T05:00:00Z,2.8460000000000036,-7.0,2.6,0.0
2025-02-19T06:00:00Z,1.4229999999997744,-7.4,1.9,0.0
2025-02-19T07:00:00Z,1.8070000000002437,-7.4,1.2,6.0
2025-02-19T08:00:00Z,1.344000000000051,-5.6,1.9,76.0
2025-02-19T09:00:00Z,1.356999999999971,-2.0,2.6,197.0
2025-02-19T10:00:00Z,0.9949999999998909,0.5,2.9,297.0
2025-02-19T11:00:00Z,0.4420000000000073,1.8,4.2,372.0
2025-02-19T12:00:00Z,0.2019999999997708,2.3,5.8,389.0
2025-02-19T13:00:00Z,0.02400000000034197,1.7,8.4,356.0
2025-02-19T14:00:00Z,0.017999999999574356,1.2,9.3,294.0
2025-02-19T15:00:00Z,0.6870000000003529,0.5,9.5,193.0
2025-02-19T16:00:00Z,0.8379999999997381,-0.7,8.4,77.0
2025-02-19T17:00:00Z,0.0500000000001819,-1.3,8.7,3.0
2025-02-19T18:00:00Z,0.047000000000025466,-1.2,10.3,0.0
2025-02-19T19:00:00Z,0.047000000000025466,-0.9,11.6,0.0
2025-02-19T20:00:00Z,0.047000000000025466,-0.6,12.6,0.0
2025-02-19T21:00:00Z,1.7460000000000946,-0.2,13.7,0.0
2025-02-19T22:00:00Z,1.336999999999989,-0.3,14.9,0.0
2025-02-19T23:00:00Z,1.1349999999997635,-0.3,16.1,0.0
2025-02-20T00:00:00Z,2.4450000000001637,-0.3,17.2,0.0
2025-02-20T01:00:00Z,2.281999999999698,-0.6,17.5,0.0
2025-02-20T02:00:00Z,2.26700000000028,-0.6,17.2,0.0
2025-02-20T03:00:00Z,2.1419999999998254,-0.7,17.3,0.0
2025-02-20T04:00:00Z,2.04300000000012,-0.8,18.8,0.0
2025-02-20T05:00:00Z,1.9600000000000364,-0.9,19.6,0.0
2025-02-20T06:00:00Z,0.27700000000004366,-0.9,20.4,0.0
2025-02-20T07:00:00Z,1.2080000000000837,-0.8,21.4,10.0
2025-02-20T08:00:00Z,1.0659999999998035,0.1,23.1,99.0
2025-02-20T09:00:00Z,0.6790000000000873,0.8,24.7,198.0
2025-02-20T10:00:00Z,0.22699999999986176,1.2,26.7,279.0
2025-02-20T11:00:00Z,0.35399999999981446,1.6,28.0,345.0
2025-02-20T12:00:00Z,0.6530000000002474,2.0,27.8,394.0
2025-02-20T13:00:00Z,0.2739999999998872,2.0,27.4,368.0
2025-02-20T14:00:00Z,0.01900000000023283,1.6,26.7,284.0
2025-02-20T15:00:00Z,0.47699999999986176,1.5,26.0,185.0
2025-02-20T16:00:00Z,0.7319999999999709,1.0,25.3,80.0
2025-02-20T17:00:00Z,0.04899999999997817,0.9,25.6,4.0
2025-02-20T18:00:00Z,0.047000000000025466,1.2,25.7,0.0
2025-02-20T19:00:00Z,0.047000000000025466,1.4,25.8,0.0
2025-02-20T20:00:00Z,0.047000000000025466,0.9,24.2,0.0
2025-02-20T21:00:00Z,0.7339999999999236,0.6,23.9,0.0
2025-02-20T22:00:00Z,0.8209999999999127,0.9,22.5,0.0
2025-02-20T23:00:00Z,0.5880000000001928,1.2,22.0,0.0
2025-02-21T00:00:00Z,1.2919999999999163,1.4,20.8,0.0
2025-02-21T01:00:00Z,1.2400000000002365,1.0,20.8,0.0
2025-02-21T02:00:00Z,1.405999999999949,1.0,18.1,0.0
2025-02-21T03:00:00Z,1.6340000000000146,1.2,17.6,0.0
2025-02-21T04:00:00Z,1.6869999999998981,1.5,14.8,0.0
2025-02-21T05:00:00Z,1.45699999999988,1.8,14.4,0.0
2025-02-21T06:00:00Z,0.05600000000004002,2.2,11.9,0.0
2025-02-21T07:00:00Z,0.047999999999774445,2.5,11.7,3.0
2025-02-21T08:00:00Z,0.7380000000002838,3.1,11.5,27.0
2025-02-21T09:00:00Z,0.875,4.0,11.6,69.0
2025-02-21T10:00:00Z,0.6770000000001346,4.3,11.7,66.0
2025-02-21T11:00:00Z,0.45999999999958163,5.8,11.7,135.0
2025-02-21T12:00:00Z,0.843000000000302,5.6,11.9,94.0
2025-02-21T13:00:00Z,0.5909999999998945,4.3,12.7,131.0
2025-02-21T14:00:00Z,0.07900000000017826,4.7,14.2,113.0
2025-02-21T15:00:00Z,0.10799999999971988,4.7,14.3,68.0
2025-02-21T16:00:00Z,0.4110000000000582,4.2,15.1,31.0
2025-02-21T17:00:00Z,0.021999999999934516,3.7,15.6,3.0
2025-02-21T18:00:00Z,0.01900000000023283,3.8,16.3,0.0
2025-02-21T19:00:00Z,0.018000000000029104,3.5,16.1,0.0
2025-02-21T20:00:00Z,0.018999999999778083,3.8,16.7,0.0
2025-02-21T21:00:00Z,0.9130000000000109,3.8,17.1,0.0
2025-02-21T22:00:00Z,0.3720000000002983,3.5,16.6,0.0
2025-02-21T23:00:00Z,0.8129999999996471,3.2,15.2,0.0
2025-02-22T00:00:00Z,1.4400000000000546,2.8,12.8,0.0
2025-02-22T01:00:00Z,1.2789999999999964,3.4,16.6,0.0
2025-02-22T02:00:00Z,1.6649999999999636,3.5,17.8,0.0
2025-02-22T03:00:00Z,1.6469999999999345,3.5,17.7,0.0
2025-02-22T04:00:00Z,1.6420000000002801,3.1,17.2,0.0
2025-02-22T05:00:00Z,1.6320000000000618,2.8,16.8,0.0
2025-02-22T06:00:00Z,0.15699999999969805,2.5,16.7,0.0
2025-02-22T07:00:00Z,0.046000000000276486,2.7,17.5,12.0
2025-02-22T08:00:00Z,0.03899999999975989,3.5,17.5,100.0
2025-02-22T09:00:00Z,0.22299999999995634,4.7,14.6,213.0
2025-02-22T10:00:00Z,0.7029999999999745,5.8,15.1,309.0
2025-02-22T11:00:00Z,0.2510000000002037,6.6,16.7,371.0
2025-02-22T12:00:00Z,0.23300000000017462,6.8,17.4,382.0
2025-02-22T13:00:00Z,0.5779999999999745,6.2,17.2,352.0
2025-02-22T14:00:00Z,0.4259999999999309,5.4,16.5,143.0
2025-02-22T15:00:00Z,0.6349999999997635,5.7,14.3,121.0
2025-02-22T16:00:00Z,0.22499999999990905,5.3,14.1,68.0
2025-02-22T17:00:00Z,0.016000000000076398,5.0,12.8,4.0
2025-02-22T18:00:00Z,0.017000000000280124,5.0,12.1,0.0
2025-02-22T19:00:00Z,0.018000000000029104,4.8,12.8,0.0
2025-02-22T20:00:00Z,0.018000000000029104,4.9,12.5,0.0
2025-02-22T21:00:00Z,0.8439999999995962,4.6,10.9,0.0
2025-02-22T22:00:00Z,0.5920000000000982,4.3,11.1,0.0
2025-02-22T23:00:00Z,0.5700000000001637,4.2,11.3,0.0
2025-02-23T00:00:00Z,1.400000000000091,5.1,11.5,0.0
2025-02-23T01:00:00Z,1.3309999999996762,5.8,11.0,0.0
2025-02-23T02:00:00Z,1.34900000000016,5.8,11.5,0.0
2025-02-23T03:00:00Z,1.1840000000001965,5.8,11.5,0.0
2025-02-23T04:00:00Z,1.031999999999698,5.8,10.5,0.0
2025-02-23T05:00:00Z,0.7560000000003129,5.8,12.3,0.0
2025-02-23T06:00:00Z,0.021999999999934516,5.8,13.0,0.0
2025-02-23T07:00:00Z,0.018000000000029104,5.6,13.4,6.0
2025-02-23T08:00:00Z,0.07699999999977081,5.6,12.1,39.0
2025-02-23T09:00:00Z,0.24000000000023647,5.7,14.8,89.0
2025-02-23T10:00:00Z,0.44299999999975626,5.8,12.7,114.0
2025-02-23T11:00:00Z,0.01900000000023283,6.5,10.7,181.0
2025-02-23T12:00:00Z,0.018999999999778083,7.8,9.6,232.0
2025-02-23T13:00:00Z,0.01900000000023283,7.4,11.9,209.0
2025-02-23T14:00:00Z,0.016999999999825377,7.6,11.2,174.0
2025-02-23T15:00:00Z,0.12600000000020373,7.3,11.4,129.0
2025-02-23T16:00:00Z,0.5049999999996544,6.1,10.1,49.0
2025-02-23T17:00:00Z,0.021000000000185537,5.0,10.3,4.0
2025-02-23T18:00:00Z,0.018000000000029104,4.8,10.7,0.0
2025-02-23T19:00:00Z,0.016999999999825377,4.9,11.4,0.0
2025-02-23T20:00:00Z,0.018000000000029104,5.2,12.2,0.0
2025-02-23T21:00:00Z,0.6430000000000291,5.6,11.3,0.0
2025-02-23T22:00:00Z,0.29100000000016735,5.8,12.6,0.0
2025-02-23T23:00:00Z,0.8599999999996726,5.1,12.8,0.0
2025-02-24T00:00:00Z,1.4400000000000546,4.2,16.0,0.0
2025-02-24T01:00:00Z,1.231000000000222,3.0,16.5,0.0
2025-02-24T02:00:00Z,1.2999999999997272,3.0,16.3,0.0
2025-02-24T03:00:00Z,1.2530000000001564,3.5,16.7,0.0
2025-02-24T04:00:00Z,1.2460000000000946,3.8,18.1,0.0
2025-02-24T05:00:00Z,1.1669999999999163,4.0,19.9,0.0
2025-02-24T06:00:00Z,0.021999999999934516,4.0,20.6,0.0
2025-02-24T07:00:00Z,0.018000000000029104,4.3,21.6,9.0
2025-02-24T08:00:00Z,0.7680000000000291,5.1,21.2,83.0
2025-02-24T09:00:00Z,0.023999999999887223,5.8,20.0,127.0
2025-02-24T10:00:00Z,0.018000000000029104,7.7,19.4,269.0
2025-02-24T11:00:00Z,0.018000000000029104,8.4,17.9,198.0
2025-02-24T12:00:00Z,0.018000000000029104,8.6,16.8,127.0
2025-02-24T13:00:00Z,0.11700000000018917,8.8,18.4,69.0
2025-02-24T14:00:00Z,0.4499999999998181,8.8,18.4,51.0
2025-02-24T15:00:00Z,0.13599999999996726,8.6,18.9,32.0
2025-02-24T16:00:00Z,0.016000000000076398,8.4,20.0,14.0
2025-02-24T17:00:00Z,0.018000000000029104,8.1,21.1,2.0
2025-02-24T18:00:00Z,0.018000000000029104,7.8,21.8,0.0
2025-02-24T19:00:00Z,0.018000000000029104,7.9,22.0,0.0
2025-02-24T20:00:00Z,0.018000000000029104,7.8,22.0,0.0
2025-02-24T21:00:00Z,0.11499999999978172,7.8,21.7,0.0
2025-02-24T22:00:00Z,0.018000000000029104,7.7,20.2,0.0
2025-02-24T23:00:00Z,0.33100000000013097,7.6,19.8,0.0
2025-02-25T00:00:00Z,1.1280000000001564,7.6,18.6,0.0
2025-02-25T01:00:00Z,0.6899999999995998,7.8,16.2,0.0
2025-02-25T02:00:00Z,0.6270000000004075,7.2,12.8,0.0
2025-02-25T03:00:00Z,0.5299999999997453,6.0,11.8,0.0
2025-02-25T04:00:00Z,0.5289999999999964,5.4,12.3,0.0
2025-02-25T05:00:00Z,0.5270000000000437,5.2,13.0,0.0
2025-02-25T06:00:00Z,0.021000000000185537,5.1,13.6,0.0
2025-02-25T07:00:00Z,0.11899999999968713,5.2,14.3,7.0
2025-02-25T08:00:00Z,0.017000000000280124,5.7,12.7,33.0
2025-02-25T09:00:00Z,0.018000000000029104,6.0,12.3,65.0
2025-02-25T10:00:00Z,0.19699999999966167,6.4,12.1,111.0
2025-02-25T11:00:00Z,0.46800000000030195,6.9,12.7,136.0
2025-02-25T12:00:00Z,0.11099999999987631,7.6,11.5,170.0
2025-02-25T13:00:00Z,0.016999999999825377,7.8,10.1,149.0
2025-02-25T14:00:00Z,0.01900000000023283,7.7,11.3,138.0
2025-02-25T15:00:00Z,0.018000000000029104,7.3,12.0,68.0
2025-02-25T16:00:00Z,0.018999999999778083,7.1,8.0,24.0
2025-02-25T17:00:00Z,0.018000000000029104,6.8,6.7,4.0
2025-02-25T18:00:00Z,0.018000000000029104,5.6,7.1,0.0
2025-02-25T19:00:00Z,0.01900000000023283,4.8,7.5,0.0
2025-02-25T20:00:00Z,0.018000000000029104,3.8,9.0,0.0
2025-02-25T21:00:00Z,0.6879999999996471,3.5,9.0,0.0
2025-02-25T22:00:00Z,0.5380000000000109,3.8,8.2,0.0
2025-02-25T23:00:00Z,0.6150000000002365,4.1,6.6,0.0
2025-02-26T00:00:00Z,1.6419999999998254,4.2,4.6,0.0
2025-02-26T01:00:00Z,1.6779999999998836,3.0,3.7,0.0
2025-02-26T02:00:00Z,1.5590000000001965,2.9,3.7,0.0
2025-02-26T03:00:00Z,1.26299999999992,3.0,0.5,0.0
2025-02-26T04:00:00Z,1.0770000000002256,3.0,3.1,0.0
2025-02-26T05:00:00Z,1.01299999999992,3.0,5.1,0.0
2025-02-26T06:00:00Z,0.0729999999998654,2.8,5.5,0.0
2025-02-26T07:00:00Z,0.4839999999999236,2.8,5.5,9.0
2025-02-26T08:00:00Z,0.580000000000382,3.0,4.2,39.0
2025-02-26T09:00:00Z,0.18299999999999272,3.0,4.9,44.0
2025-02-26T10:00:00Z,0.6669999999999163,3.2,7.6,88.0
2025-02-26T11:00:00Z,0.13200000000006185,3.8,8.7,133.0
2025-02-26T12:00:00Z,0.018000000000029104,4.1,8.7,144.0
2025-02-26T13:00:00Z,0.10099999999965803,4.5,6.1,109.0
2025-02-26T14:00:00Z,0.5450000000000728,4.4,7.1,102.0
2025-02-26T15:00:00Z,0.2719999999999345,4.2,6.6,102.0
2025-02-26T16:00:00Z,0.018000000000029104,3.8,6.0,34.0
2025-02-26T17:00:00Z,0.01900000000023283,3.6,4.9,3.0
2025-02-26T18:00:00Z,0.018999999999778083,3.5,5.2,0.0
2025-02-26T19:00:00Z,0.017000000000280124,3.1,7.7,0.0
2025-02-26T20:00:00Z,0.018999999999778083,3.0,6.9,0.0
2025-02-26T21:00:00Z,0.8009999999999309,3.2,4.7,0.0
2025-02-26T22:00:00Z,0.5500000000001819,3.4,3.3,0.0
2025-02-26T23:00:00Z,0.45499999999992724,3.3,1.1,0.0
2025-02-27T00:00:00Z,1.5720000000001164,3.1,1.0,0.0
2025-02-27T01:00:00Z,1.2649999999998727,3.3,4.1,0.0
2025-02-27T02:00:00Z,1.1100000000001273,2.8,5.0,0.0
2025-02-27T03:00:00Z,1.0889999999999418,2.6,5.0,0.0
2025-02-27T04:00:00Z,1.2409999999999854,2.5,4.4,0.0
2025-02-27T05:00:00Z,1.087999999999738,2.3,3.3,0.0
2025-02-27T06:00:00Z,0.031000000000403816,2.2,2.3,0.0
2025-02-27T07:00:00Z,0.3649999999997817,2.3,3.3,9.0
2025-02-27T08:00:00Z,0.6159999999999854,2.5,4.6,47.0
2025-02-27T09:00:00Z,0.16499999999996362,3.0,5.5,99.0
2025-02-27T10:00:00Z,0.29500000000007276,3.2,5.6,114.0
2025-02-27T11:00:00Z,0.6439999999997781,3.8,5.3,156.0
2025-02-27T12:00:00Z,0.2290000000002692,4.2,6.1,168.0
2025-02-27T13:00:00Z,0.4470000000001164,3.8,6.6,164.0
2025-02-27T14:00:00Z,0.08500000000003638,3.9,7.2,142.0
2025-02-27T15:00:00Z,0.017999999999574356,3.8,7.0,104.0
2025-02-27T16:00:00Z,0.018000000000029104,3.4,5.7,37.0
2025-02-27T17:00:00Z,0.018000000000029104,3.1,2.2,5.0
2025-02-27T18:00:00Z,0.017000000000280124,2.9,3.6,0.0
2025-02-27T19:00:00Z,0.018000000000029104,2.8,1.8,0.0
2025-02-27T20:00:00Z,0.018000000000029104,3.0,2.1,0.0
2025-02-27T21:00:00Z,0.8389999999999418,3.3,3.6,0.0
2025-02-27T22:00:00Z,0.5719999999996617,3.3,6.0,0.0
2025-02-27T23:00:00Z,0.5210000000001855,3.3,7.5,0.0
2025-02-28T00:00:00Z,1.481000000000222,3.2,6.9,0.0
2025-02-28T01:00:00Z,1.33199999999988,3.1,7.2,0.0
2025-02-28T02:00:00Z,1.2359999999998763,3.1,7.2,0.0
2025-02-28T03:00:00Z,1.224999999999909,3.2,8.3,0.0
2025-02-28T04:00:00Z,1.1420000000002801,3.4,9.4,0.0
2025-02-28T05:00:00Z,1.1669999999999163,3.7,9.8,0.0
2025-02-28T06:00:00Z,0.023000000000138243,3.7,9.8,0.0
2025-02-28T07:00:00Z,0.13400000000001455,4.0,8.1,8.0
2025-02-28T08:00:00Z,0.017999999999574356,4.5,8.4,64.0
2025-02-28T09:00:00Z,0.018000000000029104,4.7,8.5,80.0
2025-02-28T10:00:00Z,0.016000000000076398,5.3,9.7,165.0
2025-02-28T11:00:00Z,0.01900000000023283,5.8,8.1,191.0
2025-02-28T12:00:00Z,0.018000000000029104,5.6,6.5,135.0
2025-02-28T13:00:00Z,0.3959999999997308,5.8,5.6,95.0
2025-02-28T14:00:00Z,0.5150000000003274,6.0,4.5,113.0
2025-02-28T15:00:00Z,0.016999999999825377,5.6,10.7,111.0
2025-02-28T16:00:00Z,0.023999999999887223,4.0,14.5,53.0
2025-02-28T17:00:00Z,0.03600000000005821,2.4,15.1,9.0
2025-02-28T18:00:00Z,0.018000000000029104,1.6,14.9,0.0
2025-02-28T19:00:00Z,0.018000000000029104,1.2,15.0,0.0
2025-02-28T20:00:00Z,0.016999999999825377,1.2,14.4,0.0
2025-02-28T21:00:00Z,0.9210000000002765,1.0,15.9,0.0
2025-02-28T22:00:00Z,1.0349999999998545,0.6,15.8,0.0
2025-02-28T23:00:00Z,0.9940000000001419,0.5,16.0,0.0
2025-03-01T00:00:00Z,2.0299999999997453,0.6,14.5,0.0
2025-03-01T01:00:00Z,1.8859999999999673,0.6,14.7,0.0
2025-03-01T02:00:00Z,1.7760000000002947,0.6,15.0,0.0
2025-03-01T03:00:00Z,1.5949999999998,0.9,12.6,0.0
2025-03-01T04:00:00Z,1.693000000000211,1.2,13.6,0.0
2025-03-01T05:00:00Z,1.6669999999999163,1.4,14.4,0.0
2025-03-01T06:00:00Z,0.20800000000008367,1.5,13.8,0.0
2025-03-01T07:00:00Z,0.5789999999997235,1.8,14.3,16.0
2025-03-01T08:00:00Z,0.7840000000001055,2.0,13.9,83.0
2025-03-01T09:00:00Z,0.7080000000000837,2.5,14.1,177.0
2025-03-01T10:00:00Z,0.7150000000001455,3.1,15.7,285.0
2025-03-01T11:00:00Z,0.6169999999997344,4.1,15.2,336.0
2025-03-01T12:00:00Z,0.03000000000020009,4.8,15.5,357.0
2025-03-01T13:00:00Z,0.018999999999778083,3.8,16.1,187.0
2025-03-01T14:00:00Z,0.01900000000023283,4.7,17.3,179.0
2025-03-01T15:00:00Z,0.018999999999778083,4.9,19.4,170.0
2025-03-01T16:00:00Z,0.018000000000029104,5.2,14.7,58.0
2025-03-01T17:00:00Z,0.01900000000023283,4.6,12.6,11.0
2025-03-01T18:00:00Z,0.018000000000029104,3.9,14.2,0.0
2025-03-01T19:00:00Z,0.018999999999778083,3.6,15.8,0.0
2025-03-01T20:00:00Z,0.018000000000029104,3.5,17.4,0.0
2025-03-01T21:00:00Z,0.8550000000000182,3.5,17.8,0.0
2025-03-01T22:00:00Z,0.5749999999998181,3.2,18.0,0.0
2025-03-01T23:00:00Z,0.5570000000002437,2.8,19.1,0.0
2025-03-02T00:00:00Z,1.6169999999997344,2.8,19.1,0.0
2025-03-02T01:00:00Z,2.130000000000109,2.7,19.2,0.0
2025-03-02T02:00:00Z,2.331000000000131,3.3,18.7,0.0
2025-03-02T03:00:00Z,2.6159999999999854,4.0,18.6,0.0
2025-03-02T04:00:00Z,1.90099999999984,4.3,17.8,0.0
2025-03-02T05:00:00Z,1.0270000000000437,4.3,17.2,0.0
2025-03-02T06:00:00Z,0.021999999999934516,4.2,18.2,0.0
2025-03-02T07:00:00Z,0.0840000000002874,4.5,19.3,16.0
2025-03-02T08:00:00Z,0.016999999999825377,5.0,19.7,128.0
2025-03-02T09:00:00Z,0.018000000000029104,6.5,19.0,267.0
2025-03-02T10:00:00Z,0.018999999999778083,7.9,21.1,368.0
2025-03-02T11:00:00Z,0.018000000000029104,8.7,21.9,425.0
2025-03-02T12:00:00Z,0.018000000000029104,9.0,23.0,444.0
2025-03-02T13:00:00Z,0.01900000000023283,9.1,23.7,418.0
2025-03-02T14:00:00Z,0.016999999999825377,8.9,27.1,354.0
2025-03-02T15:00:00Z,0.018000000000029104,8.5,24.9,203.0
2025-03-02T16:00:00Z,0.018000000000029104,7.8,21.6,101.0
2025-03-02T17:00:00Z,0.018000000000029104,6.6,18.5,18.0
2025-03-02T18:00:00Z,0.018000000000029104,5.9,18.8,0.0
2025-03-02T19:00:00Z,0.018000000000029104,5.4,19.1,0.0
2025-03-02T20:00:00Z,0.018000000000029104,4.9,19.3,0.0
2025-03-02T21:00:00Z,0.0929999999998472,4.7,20.9,0.0
2025-03-02T22:00:00Z,0.018000000000029104,4.2,21.4,0.0
2025-03-02T23:00:00Z,0.01900000000023283,3.8,21.7,0.0
2025-03-03T00:00:00Z,2.3359999999997854,4.0,22.3,0.0
2025-03-03T01:00:00Z,2.55600000000004,4.3,22.2,0.0
2025-03-03T02:00:00Z,2.5839999999998327,3.7,21.3,0.0
2025-03-03T03:00:00Z,2.6530000000002474,3.9,21.8,0.0
2025-03-03T04:00:00Z,1.8609999999998763,4.7,20.7,0.0
2025-03-03T05:00:00Z,1.0459999999998217,4.9,21.6,0.0
2025-03-03T06:00:00Z,0.022000000000389264,5.1,21.3,0.0
2025-03-03T07:00:00Z,0.017999999999574356,5.6,22.6,14.0
2025-03-03T08:00:00Z,0.018000000000029104,6.4,21.8,62.0
2025-03-03T09:00:00Z,0.07799999999997453,7.1,21.8,97.0
2025-03-03T10:00:00Z,0.018000000000029104,8.4,33.8,325.0
2025-03-03T11:00:00Z,0.018000000000029104,8.5,31.8,301.0
2025-03-03T12:00:00Z,0.018000000000029104,9.1,30.1,321.0
2025-03-03T13:00:00Z,0.01900000000023283,9.3,30.8,237.0
2025-03-03T14:00:00Z,0.018000000000029104,9.2,30.8,207.0
2025-03-03T15:00:00Z,0.018999999999778083,8.7,24.3,86.0
2025-03-03T16:00:00Z,0.06700000000000728,8.3,23.4,42.0
2025-03-03T17:00:00Z,0.018000000000029104,7.6,22.6,11.0
2025-03-03T18:00:00Z,0.01900000000023283,7.3,21.7,0.0
2025-03-03T19:00:00Z,0.018000000000029104,6.6,21.9,0.0
2025-03-03T20:00:00Z,0.016999999999825377,5.8,23.1,0.0
2025-03-03T21:00:00Z,0.5650000000000546,5.9,24.1,0.0
2025-03-03T22:00:00Z,0.32600000000002183,5.8,24.0,0.0
2025-03-03T23:00:00Z,0.018000000000029104,6.0,24.8,0.0
2025-03-04T00:00:00Z,1.513999999999669,6.2,25.7,0.0
2025-03-04T01:00:00Z,0.9150000000004184,6.4,25.2,0.0
2025-03-04T02:00:00Z,0.58199999999988,6.2,23.8,0.0
2025-03-04T03:00:00Z,0.5989999999997053,5.9,23.8,0.0
2025-03-04T04:00:00Z,0.5970000000002074,5.8,23.6,0.0
2025-03-04T05:00:00Z,0.5949999999997999,6.2,22.9,0.0
2025-03-04T06:00:00Z,0.13599999999996726,6.2,22.0,0.0
2025-03-04T07:00:00Z,0.018000000000029104,6.6,23.9,17.0
2025-03-04T08:00:00Z,0.49099999999998545,7.2,22.9,67.0
2025-03-04T09:00:00Z,0.11100000000033106,7.8,26.8,113.0
2025-03-04T10:00:00Z,0.018000000000029104,8.4,31.5,203.0
2025-03-04T11:00:00Z,0.7989999999999782,9.4,34.6,222.0
2025-03-04T12:00:00Z,1.5650000000000546,9.8,35.1,264.0
2025-03-04T13:00:00Z,0.15699999999969805,9.9,32.8,193.0
2025-03-04T14:00:00Z,0.017000000000280124,10.4,30.2,191.0
2025-03-04T15:00:00Z,0.018000000000029104,10.4,26.0,143.0
2025-03-04T16:00:00Z,0.016999999999825377,9.6,20.6,119.0
2025-03-04T17:00:00Z,0.018000000000029104,8.2,20.1,23.0
2025-03-04T18:00:00Z,0.018000000000029104,7.6,21.7,0.0
2025-03-04T19:00:00Z,0.018000000000029104,6.8,22.0,0.0
2025-03-04T20:00:00Z,0.016999999999825377,6.2,22.9,0.0
2025-03-04T21:00:00Z,0.6269999999999527,5.8,23.6,0.0
2025-03-04T22:00:00Z,0.34500000000025466,5.7,25.5,0.0
2025-03-04T23:00:00Z,0.018000000000029104,5.6,27.1,0.0
2025-03-05T00:00:00Z,1.5399999999999636,5.5,28.1,0.0
2025-03-05T01:00:00Z,0.9989999999997963,5.9,29.4,0.0
2025-03-05T02:00:00Z,0.8589999999999236,5.9,30.5,0.0
2025-03-05T03:00:00Z,0.8090000000001965,5.8,29.5,0.0
2025-03-05T04:00:00Z,0.8130000000001019,5.7,28.9,0.0
2025-03-05T05:00:00Z,0.8209999999999127,5.6,28.5,0.0
2025-03-05T06:00:00Z,0.021999999999934516,5.6,29.3,0.0
2025-03-05T07:00:00Z,0.6999999999998181,6.0,29.5,37.0
2025-03-05T08:00:00Z,0.16700000000037107,6.9,29.6,132.0
2025-03-05T09:00:00Z,0.1319999999996071,7.6,27.6,193.0
2025-03-05T10:00:00Z,1.805000000000291,8.4,29.6,267.0
2025-03-05T11:00:00Z,0.8289999999997235,9.1,29.7,285.0
2025-03-05T12:00:00Z,0.018000000000029104,9.9,28.2,304.0
2025-03-05T13:00:00Z,1.5880000000001928,10.8,28.3,286.0
2025-03-05T14:00:00Z,0.8469999999997526,11.1,28.5,298.0
2025-03-05T15:00:00Z,1.386000000000422,10.8,30.5,221.0
2025-03-05T16:00:00Z,0.38999999999987267,10.1,28.5,115.0
2025-03-05T17:00:00Z,0.018000000000029104,9.1,28.4,22.0
2025-03-05T18:00:00Z,0.018999999999778083,8.1,27.5,0.0
2025-03-05T19:00:00Z,0.018000000000029104,7.4,27.3,0.0
2025-03-05T20:00:00Z,0.018000000000029104,7.2,28.6,0.0
2025-03-05T21:00:00Z,0.018000000000029104,7.1,28.9,0.0
2025-03-05T22:00:00Z,0.5169999999998254,6.9,27.3,0.0
2025-03-05T23:00:00Z,0.3120000000003529,6.6,26.3,0.0
2025-03-06T00:00:00Z,1.4269999999996799,6.2,25.4,0.0
2025-03-06T01:00:00Z,0.9830000000001746,6.2,24.5,0.0
2025-03-06T02:00:00Z,0.9809999999997672,5.8,24.0,0.0
2025-03-06T03:00:00Z,1.0450000000000728,5.6,22.6,0.0
2025-03-06T04:00:00Z,1.086999999999989,5.2,20.9,0.0
2025-03-06T05:00:00Z,1.205000000000382,4.8,19.3,0.0
2025-03-06T06:00:00Z,0.022999999999683496,4.5,17.8,0.0
2025-03-06T07:00:00Z,0.01900000000023283,5.2,18.2,56.0
2025-03-06T08:00:00Z,0.016999999999825377,6.6,16.2,184.0
2025-03-06T09:00:00Z,0.018000000000029104,8.2,17.7,310.0
2025-03-06T10:00:00Z,0.01900000000023283,9.5,18.2,408.0
2025-03-06T11:00:00Z,0.017999999999574356,10.6,17.9,468.0
2025-03-06T12:00:00Z,0.018000000000029104,11.2,17.3,483.0
2025-03-06T13:00:00Z,0.018000000000029104,12.5,16.1,455.0
2025-03-06T14:00:00Z,0.018000000000029104,12.4,16.2,383.0
2025-03-06T15:00:00Z,0.01900000000023283,11.6,15.5,276.0
2025-03-06T16:00:00Z,0.016999999999825377,10.5,15.7,148.0
2025-03-06T17:00:00Z,0.018000000000029104,9.0,15.5,31.0
2025-03-06T18:00:00Z,0.016999999999825377,8.1,15.2,0.0
2025-03-06T19:00:00Z,0.018000000000029104,7.6,15.0,0.0
2025-03-06T20:00:00Z,0.018000000000029104,7.1,14.8,0.0
2025-03-06T21:00:00Z,0.624000000000251,6.7,15.3,0.0
2025-03-06T22:00:00Z,0.5389999999997599,6.5,15.0,0.0
2025-03-06T23:00:00Z,0.12800000000015643,6.2,14.0,0.0
2025-03-07T00:00:00Z,1.7440000000001419,5.9,11.9,0.0
2025-03-07T01:00:00Z,1.4949999999998909,4.6,9.1,0.0
2025-03-07T02:00:00Z,1.6449999999999818,4.2,8.1,0.0
2025-03-07T03:00:00Z,1.6080000000001746,3.3,6.5,0.0
2025-03-07T04:00:00Z,1.5429999999996653,2.7,5.9,0.0
2025-03-07T05:00:00Z,1.69399999999996,2.5,6.2,0.0
2025-03-07T06:00:00Z,0.3569999999999709,2.7,7.9,0.0
2025-03-07T07:00:00Z,0.930000000000291,4.0,9.3,59.0
2025-03-07T08:00:00Z,0.03499999999985448,6.2,8.5,184.0
2025-03-07T09:00:00Z,0.018000000000029104,8.7,8.0,308.0
2025-03-07T10:00:00Z,0.01900000000023283,10.9,7.9,409.0
2025-03-07T11:00:00Z,0.016999999999825377,12.6,8.7,473.0
2025-03-07T12:00:00Z,0.016999999999825377,13.5,9.2,484.0
2025-03-07T13:00:00Z,0.018000000000029104,14.2,10.3,456.0
2025-03-07T14:00:00Z,0.018000000000029104,14.3,9.7,381.0
2025-03-07T15:00:00Z,0.018000000000029104,14.1,10.2,276.0
2025-03-07T16:00:00Z,0.018000000000029104,12.8,10.6,153.0
2025-03-07T17:00:00Z,0.018000000000029104,10.2,10.7,33.0
2025-03-07T18:00:00Z,0.018000000000029104,8.9,11.1,0.0
2025-03-07T19:00:00Z,0.018000000000029104,8.1,10.2,0.0
2025-03-07T20:00:00Z,0.018000000000029104,7.6,9.9,0.0
2025-03-07T21:00:00Z,0.07400000000006912,7.3,9.7,0.0
2025-03-07T22:00:00Z,0.7359999999998763,6.8,9.5,0.0
2025-03-07T23:00:00Z,0.4329999999999927,6.5,9.3,0.0
2025-03-08T00:00:00Z,1.6619999999998072,5.9,7.7,0.0
2025-03-08T01:00:00Z,1.318000000000211,4.8,6.3,0.0
2025-03-08T02:00:00Z,1.1979999999998654,4.3,5.7,0.0
2025-03-08T03:00:00Z,1.5170000000002801,4.1,5.4,0.0
2025-03-08T04:00:00Z,1.4079999999999018,3.9,5.1,0.0
2025-03-08T05:00:00Z,1.1189999999996871,3.5,5.6,0.0
2025-03-08T06:00:00Z,0.2070000000003347,3.2,5.4,1.0
2025-03-08T07:00:00Z,0.018000000000029104,4.4,4.9,53.0
2025-03-08T08:00:00Z,0.018000000000029104,6.0,3.8,154.0
2025-03-08T09:00:00Z,0.018999999999778083,7.8,3.6,245.0
2025-03-08T10:00:00Z,0.018000000000029104,9.4,3.3,344.0
2025-03-08T11:00:00Z,0.016999999999825377,10.4,3.9,401.0
2025-03-08T12:00:00Z,0.018000000000029104,11.1,5.1,426.0
2025-03-08T13:00:00Z,0.018000000000029104,11.9,4.8,406.0
2025-03-08T14:00:00Z,0.018000000000029104,11.9,4.5,340.0
2025-03-08T15:00:00Z,0.018000000000029104,11.6,3.8,245.0
2025-03-08T16:00:00Z,0.018000000000029104,10.3,4.7,130.0
2025-03-08T17:00:00Z,0.016999999999825377,7.4,4.3,32.0
2025-03-08T18:00:00Z,0.018000000000029104,6.4,5.2,0.0
2025-03-08T19:00:00Z,0.017000000000280124,6.2,5.1,0.0
2025-03-08T20:00:00Z,0.018000000000029104,5.8,4.7,0.0
2025-03-08T21:00:00Z,0.6320000000000618,5.0,5.4,0.0
2025-03-08T22:00:00Z,0.5670000000000073,4.6,5.6,0.0
2025-03-08T23:00:00Z,0.02099999999973079,4.3,5.5,0.0
2025-03-09T00:00:00Z,1.7950000000000728,3.7,5.2,0.0
2025-03-09T01:00:00Z,1.6210000000000946,3.7,6.0,0.0
2025-03-09T02:00:00Z,1.5149999999998727,3.5,6.1,0.0
2025-03-09T03:00:00Z,1.5050000000001091,3.0,6.1,0.0
2025-03-09T04:00:00Z,1.3949999999999818,3.0,6.6,0.0
2025-03-09T05:00:00Z,1.362999999999829,3.0,8.1,0.0
2025-03-09T06:00:00Z,0.5039999999999054,3.0,9.6,1.0
2025-03-09T07:00:00Z,0.018000000000029104,4.2,11.3,68.0
2025-03-09T08:00:00Z,0.018000000000029104,5.9,9.6,198.0
2025-03-09T09:00:00Z,0.018000000000029104,7.4,9.6,323.0
2025-03-09T10:00:00Z,0.018000000000029104,9.1,9.7,419.0
2025-03-09T11:00:00Z,0.018000000000029104,10.6,9.7,482.0
2025-03-09T12:00:00Z,0.017000000000280124,11.8,9.5,500.0
2025-03-09T13:00:00Z,0.017999999999574356,13.2,13.0,453.0
2025-03-09T14:00:00Z,0.01900000000023283,13.1,15.0,378.0
2025-03-09T15:00:00Z,0.016999999999825377,12.4,16.4,271.0
2025-03-09T16:00:00Z,0.01900000000023283,10.9,17.1,139.0
2025-03-09T17:00:00Z,0.018000000000029104,9.2,16.0,35.0
2025-03-09T18:00:00Z,0.018000000000029104,7.9,15.4,0.0
2025-03-09T19:00:00Z,0.018000000000029104,6.8,15.3,0.0
2025-03-09T20:00:00Z,0.016999999999825377,6.2,15.4,0.0
2025-03-09T21:00:00Z,0.599999999999909,5.7,15.0,0.0
2025-03-09T22:00:00Z,0.17200000000002547,5.3,14.3,0.0
2025-03-09T23:00:00Z,0.5500000000001819,5.1,14.0,0.0
2025-03-10T00:00:00Z,1.5399999999999636,4.8,13.5,0.0
2025-03-10T01:00:00Z,1.0340000000001055,4.2,12.3,0.0
2025-03-10T02:00:00Z,1.4249999999997272,3.7,11.5,0.0
2025-03-10T03:00:00Z,1.3980000000001382,3.3,10.9,0.0
2025-03-10T04:00:00Z,1.5349999999998545,3.0,10.7,0.0
2025-03-10T05:00:00Z,1.3810000000003129,2.7,10.9,0.0
2025-03-10T06:00:00Z,0.02999999999974534,2.7,11.2,2.0
2025-03-10T07:00:00Z,0.1959999999999127,3.8,12.2,72.0
2025-03-10T08:00:00Z,0.02500000000009095,5.3,10.8,200.0
2025-03-10T09:00:00Z,0.6460000000001855,6.6,9.7,325.0
2025-03-10T10:00:00Z,0.02599999999983993,7.9,8.8,423.0
2025-03-10T11:00:00Z,0.018000000000029104,9.3,8.7,484.0
2025-03-10T12:00:00Z,0.016999999999825377,10.6,8.2,501.0
2025-03-10T13:00:00Z,0.018000000000029104,11.4,6.7,473.0
2025-03-10T14:00:00Z,0.018000000000029104,11.6,8.3,402.0
2025-03-10T15:00:00Z,0.018000000000029104,10.2,13.3,295.0
2025-03-10T16:00:00Z,0.018000000000029104,8.2,13.9,166.0
2025-03-10T17:00:00Z,0.018000000000029104,6.4,15.0,43.0
2025-03-10T18:00:00Z,0.018000000000029104,5.2,16.4,0.0
2025-03-10T19:00:00Z,0.016999999999825377,4.9,15.3,0.0
2025-03-10T20:00:00Z,0.018000000000029104,4.7,14.9,0.0
2025-03-10T21:00:00Z,0.48500000000012733,4.3,11.5,0.0
2025-03-10T22:00:00Z,0.5360000000000582,3.5,9.1,0.0
2025-03-10T23:00:00Z,0.13400000000001455,2.9,7.2,0.0
2025-03-11T00:00:00Z,0.8260000000000218,2.2,5.2,0.0
2025-03-11T01:00:00Z,0.4490000000000691,1.9,4.6,0.0
2025-03-11T02:00:00Z,0.018000000000029104,2.2,6.7,0.0
2025-03-11T03:00:00Z,0.018999999999778083,2.9,11.3,0.0
2025-03-11T04:00:00Z,0.7640000000001237,2.7,10.4,0.0
2025-03-11T05:00:00Z,0.6649999999999636,2.4,9.7,0.0
2025-03-11T06:00:00Z,0.33799999999973807,2.7,11.0,2.0
2025-03-11T07:00:00Z,1.0450000000000728,3.3,11.9,43.0
2025-03-11T08:00:00Z,0.6100000000001273,3.7,14.8,96.0
2025-03-11T09:00:00Z,0.17399999999997817,3.7,15.3,115.0
2025-03-11T10:00:00Z,0.6030000000000655,3.9,15.8,132.0
2025-03-11T11:00:00Z,0.4859999999998763,4.1,17.0,157.0
2025-03-11T12:00:00Z,0.13300000000026557,4.1,18.7,156.0
2025-03-11T13:00:00Z,0.018000000000029104,3.8,17.6,108.0
2025-03-11T14:00:00Z,0.3289999999997235,3.8,17.3,109.0
2025-03-11T15:00:00Z,0.6199999999998909,3.4,17.0,69.0
2025-03-11T16:00:00Z,0.23600000000033106,2.6,15.7,36.0
2025-03-11T17:00:00Z,0.018000000000029104,3.0,15.5,16.0
2025-03-11T18:00:00Z,0.018000000000029104,2.9,15.5,0.0
2025-03-11T19:00:00Z,0.016999999999825377,2.6,15.6,0.0
2025-03-11T20:00:00Z,0.018000000000029104,2.7,16.7,0.0
2025-03-11T21:00:00Z,0.9420000000000073,3.0,17.2,0.0
2025-03-11T22:00:00Z,0.6019999999998618,3.2,17.1,0.0
2025-03-11T23:00:00Z,0.5320000000001528,3.3,16.1,0.0
2025-03-12T00:00:00Z,1.6479999999996835,3.3,16.4,0.0
2025-03-12T01:00:00Z,1.455000000000382,3.0,18.0,0.0
2025-03-12T02:00:00Z,1.2579999999998108,3.1,17.2,0.0
2025-03-12T03:00:00Z,1.22400000000016,3.1,16.2,0.0
2025-03-12T04:00:00Z,1.268999999999778,3.3,11.4,0.0
2025-03-12T05:00:00Z,1.0019999999999527,3.0,9.7,0.0
2025-03-12T06:00:00Z,0.6510000000002947,2.1,8.3,3.0
2025-03-12T07:00:00Z,0.5779999999999745,2.7,8.7,73.0
2025-03-12T08:00:00Z,0.041999999999916326,3.8,10.0,159.0
2025-03-12T09:00:00Z,0.016999999999825377,4.5,9.9,202.0
2025-03-12T10:00:00Z,0.018000000000029104,4.8,10.4,154.0
2025-03-12T11:00:00Z,0.017000000000280124,5.5,9.5,219.0
2025-03-12T12:00:00Z,0.016999999999825377,5.9,9.8,299.0
2025-03-12T13:00:00Z,0.0729999999998654,5.7,8.0,200.0
2025-03-12T14:00:00Z,0.5579999999999927,5.8,9.4,155.0
2025-03-12T15:00:00Z,0.22800000000006548,6.1,8.9,160.0
2025-03-12T16:00:00Z,0.6100000000001273,6.1,8.1,98.0
2025-03-12T17:00:00Z,0.01999999999998181,5.1,7.3,33.0
2025-03-12T18:00:00Z,0.018000000000029104,3.5,8.4,0.0
2025-03-12T19:00:00Z,0.018000000000029104,2.3,8.2,0.0
2025-03-12T20:00:00Z,0.018000000000029104,1.5,7.2,0.0
2025-03-12T21:00:00Z,0.8569999999999709,0.9,6.2,0.0
2025-03-12T22:00:00Z,0.599999999999909,0.4,6.0,0.0
2025-03-12T23:00:00Z,0.5900000000001455,0.8,7.2,0.0
2025-03-13T00:00:00Z,1.7419999999997344,0.2,5.3,0.0
2025-03-13T01:00:00Z,1.905999999999949,0.1,6.0,0.0
2025-03-13T02:00:00Z,1.7220000000002074,-0.4,5.6,0.0
2025-03-13T03:00:00Z,1.8099999999999454,-1.0,5.1,0.0
2025-03-13T04:00:00Z,1.8389999999999418,-1.0,4.7,0.0
2025-03-13T05:00:00Z,1.5950000000002547,-1.3,4.7,0.0
2025-03-13T06:00:00Z,0.11099999999987631,-1.2,2.7,5.0
2025-03-13T07:00:00Z,0.3649999999997817,0.5,3.4,82.0
2025-03-13T08:00:00Z,0.6269999999999527,2.2,2.8,192.0
2025-03-13T09:00:00Z,0.12700000000040745,3.9,5.2,295.0
2025-03-13T10:00:00Z,0.018999999999778083,4.4,5.6,340.0
2025-03-13T11:00:00Z,0.018000000000029104,5.3,4.1,363.0
2025-03-13T12:00:00Z,0.5579999999999927,3.8,10.1,220.0
2025-03-13T13:00:00Z,0.4600000000000364,3.0,9.7,201.0
2025-03-13T14:00:00Z,0.3009999999999309,2.8,5.9,220.0
2025-03-13T15:00:00Z,0.6860000000001492,3.0,8.8,106.0
2025-03-13T16:00:00Z,0.3350000000000364,3.0,4.8,106.0
2025-03-13T17:00:00Z,0.018999999999778083,2.5,2.7,29.0
2025-03-13T18:00:00Z,0.018000000000029104,2.5,3.6,0.0
2025-03-13T19:00:00Z,0.018000000000029104,1.1,5.5,0.0
2025-03-13T20:00:00Z,0.018000000000029104,1.1,7.3,0.0
2025-03-13T21:00:00Z,1.1610000000000582,0.3,7.8,0.0
2025-03-13T22:00:00Z,0.9529999999999745,-0.2,7.6,0.0
2025-03-13T23:00:00Z,0.9450000000001637,-0.6,4.2,0.0
2025-03-14T00:00:00Z,1.8079999999999927,-1.3,3.4,0.0
2025-03-14T01:00:00Z,1.881999999999607,-0.6,8.0,0.0
2025-03-14T02:00:00Z,1.6720000000000255,-0.3,9.0,0.0
2025-03-14T03:00:00Z,1.8200000000001637,0.6,9.4,0.0
2025-03-14T04:00:00Z,1.7159999999998945,1.0,11.8,0.0
2025-03-14T05:00:00Z,1.5329999999999018,1.1,12.7,0.0
2025-03-14T06:00:00Z,0.05300000000033833,0.3,13.9,6.0
2025-03-14T07:00:00Z,0.2359999999998763,1.2,15.8,81.0
2025-03-14T08:00:00Z,0.03099999999994907,2.0,16.0,186.0
2025-03-14T09:00:00Z,0.018000000000029104,2.7,12.1,190.0
2025-03-14T10:00:00Z,0.1570000000001528,3.3,10.1,222.0
2025-03-14T11:00:00Z,0.5049999999996544,3.5,11.3,263.0
2025-03-14T12:00:00Z,0.45000000000027285,3.2,14.1,254.0
2025-03-14T13:00:00Z,0.1390000000001237,2.4,14.3,191.0
2025-03-14T14:00:00Z,0.2529999999997017,2.0,12.6,71.0
2025-03-14T15:00:00Z,0.6990000000000691,2.3,13.0,117.0
2025-03-14T16:00:00Z,0.6109999999998763,2.2,12.8,71.0
2025-03-14T17:00:00Z,0.02400000000034197,1.9,11.6,23.0
2025-03-14T18:00:00Z,0.018000000000029104,1.5,11.0,0.0
2025-03-14T19:00:00Z,0.016999999999825377,1.2,9.9,0.0
2025-03-14T20:00:00Z,0.018000000000029104,0.9,9.9,0.0
2025-03-14T21:00:00Z,1.4719999999997526,0.1,9.3,0.0
2025-03-14T22:00:00Z,1.400000000000091,-0.2,8.6,0.0
2025-03-14T23:00:00Z,1.3910000000000764,-1.0,8.5,0.0
2025-03-15T00:00:00Z,1.3809999999998581,-1.5,7.4,0.0
2025-03-15T01:00:00Z,1.3910000000000764,-2.3,5.8,0.0
2025-03-15T02:00:00Z,1.3760000000002037,-3.0,5.2,0.0
2025-03-15T03:00:00Z,1.2959999999998217,-3.1,5.1,0.0
2025-03-15T04:00:00Z,1.3350000000000364,-3.0,3.5,0.0
2025-03-15T05:00:00Z,1.5059999999998581,-3.0,2.4,0.0
2025-03-15T06:00:00Z,1.61200000000008,-2.7,2.4,8.0
2025-03-15T07:00:00Z,1.4630000000001928,-0.3,2.3,105.0
2025-03-15T08:00:00Z,1.0949999999998,2.0,1.0,245.0
2025-03-15T09:00:00Z,0.5860000000002401,3.2,1.8,376.0
2025-03-15T10:00:00Z,0.7729999999996835,4.0,4.3,477.0
2025-03-15T11:00:00Z,0.43100000000004,4.7,3.8,538.0
2025-03-15T12:00:00Z,0.018000000000029104,5.3,2.8,553.0
2025-03-15T13:00:00Z,0.018000000000029104,5.8,2.8,522.0
2025-03-15T14:00:00Z,0.018000000000029104,6.1,2.3,447.0
2025-03-15T15:00:00Z,0.018000000000029104,5.7,2.4,333.0
2025-03-15T16:00:00Z,0.3449999999997999,4.1,4.3,195.0
2025-03-15T17:00:00Z,0.01999999999998181,1.1,4.0,64.0
2025-03-15T18:00:00Z,0.018000000000029104,-0.1,7.8,1.0
2025-03-15T19:00:00Z,0.04100000000016735,0.0,10.7,0.0
2025-03-15T20:00:00Z,0.04800000000022919,-0.1,12.2,0.0
2025-03-15T21:00:00Z,1.625999999999749,0.2,14.2,0.0
2025-03-15T22:00:00Z,0.8899999999998727,0.4,14.0,0.0
2025-03-15T23:00:00Z,0.8949999999999818,0.1,13.9,0.0
2025-03-16T00:00:00Z,2.288000000000011,0.3,14.8,0.0
2025-03-16T01:00:00Z,2.076000000000022,1.2,16.0,0.0
2025-03-16T02:00:00Z,1.913000000000011,1.2,17.1,0.0
2025-03-16T03:00:00Z,1.8540000000002692,1.4,18.4,0.0
2025-03-16T04:00:00Z,1.8079999999999927,2.0,17.8,0.0
2025-03-16T05:00:00Z,1.6099999999996726,2.2,18.1,0.0
2025-03-16T06:00:00Z,0.051000000000385626,2.0,18.6,10.0
2025-03-16T07:00:00Z,0.724999999999909,3.3,18.4,60.0
2025-03-16T08:00:00Z,0.36000000000012733,4.8,19.3,84.0
2025-03-16T09:00:00Z,0.017999999999574356,5.7,18.9,101.0
2025-03-16T10:00:00Z,0.01900000000023283,6.0,19.5,102.0
2025-03-16T11:00:00Z,1.2220000000002074,6.5,19.8,136.0
2025-03-16T12:00:00Z,1.4109999999996035,7.5,23.3,230.0
2025-03-16T13:00:00Z,0.8410000000003492,7.6,20.8,173.0
2025-03-16T14:00:00Z,1.3959999999997308,8.4,19.0,353.0
2025-03-16T15:00:00Z,0.11799999999993815,7.4,19.8,321.0
2025-03-16T16:00:00Z,0.018000000000029104,6.7,18.7,178.0
2025-03-16T17:00:00Z,0.017000000000280124,6.1,16.6,59.0
2025-03-16T18:00:00Z,0.018000000000029104,4.8,24.4,1.0
2025-03-16T19:00:00Z,0.016999999999825377,3.2,21.9,0.0
2025-03-16T20:00:00Z,0.016999999999825377,2.4,20.3,0.0
2025-03-16T21:00:00Z,1.0090000000000146,2.0,20.5,0.0
2025-03-16T22:00:00Z,1.8170000000000073,1.1,16.2,0.0
2025-03-16T23:00:00Z,1.2090000000002874,0.4,15.9,0.0
2025-03-17T00:00:00Z,2.7109999999997854,0.2,15.8,0.0
2025-03-17T01:00:00Z,1.9039999999999964,-0.2,15.4,0.0
2025-03-17T02:00:00Z,2.3209999999999127,-1.1,13.4,0.0
2025-03-17T03:00:00Z,1.7699999999999818,-1.9,10.4,0.0
2025-03-17T04:00:00Z,1.7590000000000146,-2.7,8.3,0.0
2025-03-17T05:00:00Z,1.7600000000002183,-3.0,8.5,0.0
2025-03-17T06:00:00Z,0.05099999999993088,-2.7,9.2,13.0
2025-03-17T07:00:00Z,0.68100000000004,-0.9,10.0,120.0
2025-03-17T08:00:00Z,0.88799999999992,1.2,8.5,263.0
2025-03-17T09:00:00Z,0.34900000000016007,2.7,9.7,394.0
2025-03-17T10:00:00Z,0.022999999999683496,3.8,11.4,493.0
2025-03-17T11:00:00Z,0.01900000000023283,4.4,12.7,552.0
2025-03-17T12:00:00Z,0.018999999999778083,4.8,13.1,566.0
2025-03-17T13:00:00Z,0.07900000000017826,5.1,13.2,533.0
2025-03-17T14:00:00Z,0.01900000000023283,5.0,12.9,456.0
2025-03-17T15:00:00Z,0.08399999999983265,4.8,13.9,344.0
2025-03-17T16:00:00Z,0.018000000000029104,4.0,13.1,207.0
2025-03-17T17:00:00Z,0.018000000000029104,2.3,10.3,71.0
2025-03-17T18:00:00Z,0.02099999999973079,1.0,12.3,2.0
2025-03-17T19:00:00Z,0.047000000000025466,0.8,14.8,0.0
2025-03-17T20:00:00Z,0.047000000000025466,0.6,15.5,0.0
2025-03-17T21:00:00Z,1.5419999999999163,0.2,15.2,0.0
2025-03-17T22:00:00Z,1.0600000000004002,0.1,14.2,0.0
2025-03-17T23:00:00Z,0.7979999999997744,0.2,15.5,0.0
2025-03-18T00:00:00Z,1.875,0.4,17.1,0.0
2025-03-18T01:00:00Z,2.29300000000012,0.4,16.9,0.0
2025-03-18T02:00:00Z,2.3029999999998836,0.6,16.7,0.0
2025-03-18T03:00:00Z,2.1599999999998545,0.6,16.6,0.0
2025-03-18T04:00:00Z,2.130000000000109,0.6,17.3,0.0
2025-03-18T05:00:00Z,2.1390000000001237,0.6,18.4,0.0
2025-03-18T06:00:00Z,0.08100000000013097,1.2,18.5,13.0
2025-03-18T07:00:00Z,0.15499999999974534,3.0,20.4,83.0
2025-03-18T08:00:00Z,0.032999999999901775,4.2,19.6,136.0
2025-03-18T09:00:00Z,0.14400000000023283,5.0,19.6,193.0
2025-03-18T10:00:00Z,0.54300000000012,5.9,17.7,239.0
2025-03-18T11:00:00Z,0.018999999999778083,6.8,16.9,324.0
2025-03-18T12:00:00Z,0.018000000000029104,7.5,16.1,364.0
2025-03-18T13:00:00Z,0.07000000000016371,7.2,15.3,262.0
2025-03-18T14:00:00Z,1.9559999999996762,7.2,15.2,248.0
2025-03-18T15:00:00Z,0.637000000000171,7.2,15.8,205.0
2025-03-18T16:00:00Z,0.016999999999825377,6.6,15.8,121.0
2025-03-18T17:00:00Z,0.018000000000029104,5.9,12.8,41.0
2025-03-18T18:00:00Z,0.018000000000029104,4.9,10.9,2.0
2025-03-18T19:00:00Z,0.018000000000029104,4.1,11.7,0.0
2025-03-18T20:00:00Z,0.017000000000280124,4.2,12.6,0.0
2025-03-18T21:00:00Z,0.7590000000000146,4.0,12.0,0.0
2025-03-18T22:00:00Z,0.6679999999996653,3.2,12.3,0.0
2025-03-18T23:00:00Z,0.5670000000000073,2.5,12.9,0.0
2025-03-19T00:00:00Z,1.1840000000001965,1.6,12.1,0.0
2025-03-19T01:00:00Z,2.3020000000001346,1.5,11.9,0.0
2025-03-19T02:00:00Z,1.756999999999607,1.0,11.6,0.0
2025-03-19T03:00:00Z,1.4760000000001128,0.9,12.4,0.0
2025-03-19T04:00:00Z,1.418999999999869,0.9,13.3,0.0
2025-03-19T05:00:00Z,1.3830000000002656,1.2,13.8,0.0
2025-03-19T06:00:00Z,0.03600000000005821,1.6,14.1,16.0
2025-03-19T07:00:00Z,0.15299999999979264,3.2,13.8,125.0
2025-03-19T08:00:00Z,0.018000000000029104,5.1,18.7,267.0
2025-03-19T09:00:00Z,0.4149999999999636,6.3,16.7,335.0
2025-03-19T10:00:00Z,0.07600000000002183,7.4,12.8,418.0
2025-03-19T11:00:00Z,0.4479999999998654,8.2,10.1,526.0
2025-03-19T12:00:00Z,0.07799999999997453,8.9,9.2,555.0
2025-03-19T13:00:00Z,0.018000000000029104,9.4,6.9,533.0
2025-03-19T14:00:00Z,0.018000000000029104,9.6,6.9,463.0
2025-03-19T15:00:00Z,0.01900000000023283,9.4,7.4,352.0
2025-03-19T16:00:00Z,0.018000000000029104,8.9,8.7,216.0
2025-03-19T17:00:00Z,0.016999999999825377,7.0,10.1,80.0
2025-03-19T18:00:00Z,0.018000000000029104,4.9,9.0,3.0
2025-03-19T19:00:00Z,0.018000000000029104,3.6,7.6,0.0
2025-03-19T20:00:00Z,0.016999999999825377,2.5,7.4,0.0
2025-03-19T21:00:00Z,1.1280000000001564,1.9,8.3,0.0
2025-03-19T22:00:00Z,0.8460000000000036,1.5,8.4,0.0
2025-03-19T23:00:00Z,0.849999999999909,0.4,6.4,0.0
2025-03-20T00:00:00Z,2.5,-0.5,5.9,0.0
2025-03-20T01:00:00Z,2.3150000000000546,-1.3,5.5,0.0
2025-03-20T02:00:00Z,2.3150000000000546,-1.1,6.4,0.0
2025-03-20T03:00:00Z,2.2350000000001273,-0.6,6.8,0.0
2025-03-20T04:00:00Z,2.1210000000000946,-0.1,7.3,0.0
2025-03-20T05:00:00Z,2.013999999999669,0.1,7.7,0.0
2025-03-20T06:00:00Z,0.6700000000000728,0.8,9.6,20.0
2025-03-20T07:00:00Z,1.1179999999999382,2.6,10.9,132.0
2025-03-20T08:00:00Z,0.48800000000028376,4.9,8.7,270.0
2025-03-20T09:00:00Z,0.016999999999825377,7.4,7.6,372.0
2025-03-20T10:00:00Z,0.018999999999778083,9.9,8.2,487.0
2025-03-20T11:00:00Z,0.018000000000029104,11.6,10.0,537.0
2025-03-20T12:00:00Z,0.018000000000029104,12.2,10.0,444.0
2025-03-20T13:00:00Z,0.018000000000029104,12.6,8.7,431.0
2025-03-20T14:00:00Z,0.01900000000023283,12.9,10.0,401.0
2025-03-20T15:00:00Z,0.018000000000029104,12.8,9.4,325.0
2025-03-20T16:00:00Z,0.018000000000029104,11.7,6.5,209.0
2025-03-20T17:00:00Z,0.018000000000029104,8.5,6.3,79.0
2025-03-20T18:00:00Z,0.018000000000029104,6.3,6.0,3.0
2025-03-20T19:00:00Z,0.016999999999825377,4.9,4.4,0.0
2025-03-20T20:00:00Z,0.016999999999825377,3.5,5.8,0.0
2025-03-20T21:00:00Z,0.6700000000000728,3.5,7.5,0.0
2025-03-20T22:00:00Z,0.47400000000016007,2.5,6.7,0.0
2025-03-20T23:00:00Z,0.2019999999997708,2.7,8.8,0.0
2025-03-21T00:00:00Z,2.075000000000273,2.6,8.3,0.0
2025-03-21T01:00:00Z,1.5109999999999673,2.3,8.6,0.0
2025-03-21T02:00:00Z,1.6739999999999782,2.0,8.8,0.0
2025-03-21T03:00:00Z,1.5979999999999563,1.4,7.9,0.0
2025-03-21T04:00:00Z,1.5839999999998327,0.6,6.9,0.0
2025-03-21T05:00:00Z,1.537000000000262,0.3,6.8,0.0
2025-03-21T06:00:00Z,0.05099999999993088,1.2,8.6,22.0
2025-03-21T07:00:00Z,0.45899999999983265,2.5,9.8,137.0
2025-03-21T08:00:00Z,0.5579999999999927,4.0,9.8,278.0
2025-03-21T09:00:00Z,0.018000000000029104,5.3,11.0,407.0
2025-03-21T10:00:00Z,0.01900000000023283,6.7,11.5,505.0
2025-03-21T11:00:00Z,0.018000000000029104,8.0,12.0,564.0
2025-03-21T12:00:00Z,0.018000000000029104,8.9,13.1,578.0
2025-03-21T13:00:00Z,0.018999999999778083,9.9,14.0,546.0
2025-03-21T14:00:00Z,0.016999999999825377,9.5,15.0,471.0
2025-03-21T15:00:00Z,0.018000000000029104,8.9,15.5,360.0
2025-03-21T16:00:00Z,0.018000000000029104,8.1,15.4,225.0
2025-03-21T17:00:00Z,0.018000000000029104,6.8,17.7,87.0
2025-03-21T18:00:00Z,0.017000000000280124,5.4,19.7,5.0
2025-03-21T19:00:00Z,0.01599999999962165,4.4,22.0,0.0
2025-03-21T20:00:00Z,0.017000000000280124,4.0,23.3,0.0
2025-03-21T21:00:00Z,0.6829999999999927,3.7,22.5,0.0
2025-03-21T22:00:00Z,0.5259999999998399,3.2,20.6,0.0
2025-03-21T23:00:00Z,0.6150000000002365,2.8,21.4,0.0
2025-03-22T00:00:00Z,1.8139999999998508,2.6,21.2,0.0
2025-03-22T01:00:00Z,1.5360000000000582,1.8,21.5,0.0
2025-03-22T02:00:00Z,1.2359999999998763,2.2,22.3,0.0
2025-03-22T03:00:00Z,1.5329999999999018,2.5,21.4,0.0
2025-03-22T04:00:00Z,1.305000000000291,2.6,22.5,0.0
2025-03-22T05:00:00Z,1.18100000000004,3.0,26.1,0.0
2025-03-22T06:00:00Z,0.06499999999959982,3.5,27.9,26.0
2025-03-22T07:00:00Z,0.08500000000003638,4.7,24.5,147.0
2025-03-22T08:00:00Z,0.018000000000029104,5.9,26.9,292.0
2025-03-22T09:00:00Z,0.018000000000029104,6.7,29.0,422.0
2025-03-22T10:00:00Z,0.018000000000029104,7.3,28.7,521.0
2025-03-22T11:00:00Z,0.018000000000029104,8.1,27.5,580.0
2025-03-22T12:00:00Z,0.01900000000023283,8.9,26.2,592.0
2025-03-22T13:00:00Z,0.018000000000029104,9.9,29.4,560.0
2025-03-22T14:00:00Z,0.018999999999778083,9.2,28.8,485.0
2025-03-22T15:00:00Z,0.018000000000029104,8.6,26.7,373.0
2025-03-22T16:00:00Z,0.018000000000029104,7.3,27.0,234.0
2025-03-22T17:00:00Z,0.018000000000029104,5.8,35.1,92.0
2025-03-22T18:00:00Z,0.018999999999778083,5.0,30.8,6.0
2025-03-22T19:00:00Z,0.018000000000029104,5.1,29.9,0.0
2025-03-22T20:00:00Z,0.018000000000029104,5.3,28.1,0.0
2025-03-22T21:00:00Z,0.09500000000025466,5.8,28.7,0.0
2025-03-22T22:00:00Z,0.018000000000029104,6.4,28.0,0.0
2025-03-22T23:00:00Z,0.018000000000029104,6.6,28.9,0.0
2025-03-23T00:00:00Z,1.5859999999997854,6.8,28.8,0.0
2025-03-23T01:00:00Z,1.050000000000182,7.0,29.9,0.0
2025-03-23T02:00:00Z,0.9679999999998472,6.8,29.2,0.0
2025-03-23T03:00:00Z,0.8389999999999418,6.6,28.0,0.0
2025-03-23T04:00:00Z,0.8139999999998508,6.1,27.0,0.0
2025-03-23T05:00:00Z,0.8130000000001019,5.8,27.2,0.0
2025-03-23T06:00:00Z,0.021999999999934516,5.8,27.6,28.0
2025-03-23T07:00:00Z,0.1380000000003747,6.3,23.5,147.0
2025-03-23T08:00:00Z,0.016999999999825377,7.2,24.6,291.0
2025-03-23T09:00:00Z,0.018999999999778083,7.8,27.1,419.0
2025-03-23T10:00:00Z,0.01900000000023283,8.3,28.8,517.0
2025-03-23T11:00:00Z,0.018000000000029104,8.8,27.5,575.0
2025-03-23T12:00:00Z,0.018999999999778083,9.4,25.5,589.0
2025-03-23T13:00:00Z,0.018000000000029104,9.9,23.8,556.0
2025-03-23T14:00:00Z,0.018000000000029104,9.6,23.6,481.0
2025-03-23T15:00:00Z,0.01900000000023283,8.6,24.1,372.0
2025-03-23T16:00:00Z,0.36400000000003274,7.4,22.2,229.0
2025-03-23T17:00:00Z,0.021999999999934516,6.1,23.1,94.0
2025-03-23T18:00:00Z,0.018999999999778083,5.2,21.4,6.0
2025-03-23T19:00:00Z,0.018000000000029104,4.8,19.8,0.0
2025-03-23T20:00:00Z,0.01900000000023283,4.7,18.7,0.0
2025-03-23T21:00:00Z,0.8689999999996871,4.7,18.1,0.0
2025-03-23T22:00:00Z,0.5730000000003201,4.8,16.9,0.0
2025-03-23T23:00:00Z,0.5299999999997453,4.8,15.5,0.0
2025-03-24T00:00:00Z,1.0160000000000764,4.8,13.9,0.0
2025-03-24T01:00:00Z,0.956000000000131,4.0,12.3,0.0
2025-03-24T02:00:00Z,1.4859999999998763,3.8,12.4,0.0
2025-03-24T03:00:00Z,1.6660000000001673,3.8,12.6,0.0
2025-03-24T04:00:00Z,1.4529999999999745,3.9,11.4,0.0
2025-03-24T05:00:00Z,1.3399999999996908,3.7,8.9,0.0
2025-03-24T06:00:00Z,0.14600000000018554,4.1,9.8,18.0
2025-03-24T07:00:00Z,0.018000000000029104,4.9,7.4,124.0
2025-03-24T08:00:00Z,0.018000000000029104,5.8,8.1,226.0
2025-03-24T09:00:00Z,0.018999999999778083,6.9,7.9,382.0
2025-03-24T10:00:00Z,0.018000000000029104,7.9,9.2,507.0
2025-03-24T11:00:00Z,0.018000000000029104,8.6,9.1,579.0
2025-03-24T12:00:00Z,0.01900000000023283,8.9,9.8,583.0
2025-03-24T13:00:00Z,0.018000000000029104,8.8,12.2,555.0
2025-03-24T14:00:00Z,0.018999999999778083,8.2,11.6,427.0
2025-03-24T15:00:00Z,0.018000000000029104,7.9,9.7,319.0
2025-03-24T16:00:00Z,0.4070000000001528,7.5,7.9,209.0
2025-03-24T17:00:00Z,0.021999999999934516,6.2,8.4,89.0
2025-03-24T18:00:00Z,0.018999999999778083,4.8,9.1,7.0
2025-03-24T19:00:00Z,0.017000000000280124,3.8,7.5,0.0
2025-03-24T20:00:00Z,0.018999999999778083,3.3,7.8,0.0
2025-03-24T21:00:00Z,0.7899999999999636,3.1,8.1,0.0
2025-03-24T22:00:00Z,0.7390000000000327,2.8,7.6,0.0
2025-03-24T23:00:00Z,0.6330000000002656,2.8,7.7,0.0
2025-03-25T00:00:00Z,2.1109999999998763,3.0,9.1,0.0
2025-03-25T01:00:00Z,2.0700000000001637,2.8,7.9,0.0
2025-03-25T02:00:00Z,1.6239999999997963,2.9,9.1,0.0
2025-03-25T03:00:00Z,1.86200000000008,3.3,10.6,0.0
2025-03-25T04:00:00Z,1.5509999999999309,3.8,11.2,0.0
2025-03-25T05:00:00Z,1.530999999999949,4.1,11.6,0.0
2025-03-25T06:00:00Z,0.028000000000247383,4.3,11.9,16.0
2025-03-25T07:00:00Z,0.017999999999574356,4.9,13.0,56.0
2025-03-25T08:00:00Z,0.017000000000280124,5.1,15.0,56.0
2025-03-25T09:00:00Z,0.016999999999825377,5.4,14.4,81.0
2025-03-25T10:00:00Z,0.018000000000029104,6.2,12.9,117.0
2025-03-25T11:00:00Z,0.018000000000029104,7.1,15.8,150.0
2025-03-25T12:00:00Z,0.06899999999995998,7.2,17.1,110.0
2025-03-25T13:00:00Z,0.068000000000211,7.9,21.6,168.0
2025-03-25T14:00:00Z,0.018000000000029104,7.8,19.5,110.0
2025-03-25T15:00:00Z,0.018000000000029104,7.8,20.7,82.0
2025-03-25T16:00:00Z,0.018999999999778083,7.7,21.5,43.0
2025-03-25T17:00:00Z,0.016999999999825377,7.8,20.4,16.0
2025-03-25T18:00:00Z,0.018000000000029104,8.0,20.0,2.0
2025-03-25T19:00:00Z,0.01900000000023283,8.1,19.6,0.0
2025-03-25T20:00:00Z,0.018000000000029104,8.0,18.7,0.0
2025-03-25T21:00:00Z,0.0749999999998181,7.8,17.5,0.0
2025-03-25T22:00:00Z,0.018000000000029104,7.8,17.3,0.0
2025-03-25T23:00:00Z,0.017000000000280124,6.9,17.4,0.0
2025-03-26T00:00:00Z,1.4239999999999782,6.1,17.1,0.0
2025-03-26T01:00:00Z,0.8099999999999454,6.9,16.3,0.0
2025-03-26T02:00:00Z,0.5589999999997417,6.8,15.9,0.0
2025-03-26T03:00:00Z,0.525000000000091,6.8,15.8,0.0
2025-03-26T04:00:00Z,0.5270000000000437,6.9,16.4,0.0
2025-03-26T05:00:00Z,0.5340000000001055,6.8,16.7,0.0
2025-03-26T06:00:00Z,0.01999999999998181,6.2,16.8,30.0
2025-03-26T07:00:00Z,0.15799999999990177,6.9,16.9,163.0
2025-03-26T08:00:00Z,0.01900000000023283,8.1,18.0,304.0
2025-03-26T09:00:00Z,0.1999999999998181,9.1,19.9,405.0
2025-03-26T10:00:00Z,0.42299999999977445,9.9,20.9,478.0
2025-03-26T11:00:00Z,0.01900000000023283,10.6,21.3,589.0
2025-03-26T12:00:00Z,0.018999999999778083,10.9,22.0,601.0
2025-03-26T13:00:00Z,0.01900000000023283,10.2,21.3,554.0
2025-03-26T14:00:00Z,0.018999999999778083,9.8,20.5,423.0
2025-03-26T15:00:00Z,0.018000000000029104,9.6,17.7,376.0
2025-03-26T16:00:00Z,0.018000000000029104,8.9,13.1,227.0
2025-03-26T17:00:00Z,0.018000000000029104,7.8,9.1,105.0
2025-03-26T18:00:00Z,0.018000000000029104,6.2,7.0,10.0
2025-03-26T19:00:00Z,0.016000000000076398,5.0,5.9,0.0
2025-03-26T20:00:00Z,0.016999999999825377,4.1,5.8,0.0
2025-03-26T21:00:00Z,0.9490000000000691,4.6,7.8,0.0
2025-03-26T22:00:00Z,0.6230000000000473,4.8,11.2,0.0
2025-03-26T23:00:00Z,0.5259999999998399,4.3,10.8,0.0
2025-03-27T00:00:00Z,1.5140000000001237,3.8,10.5,0.0
2025-03-27T01:00:00Z,1.2300000000000182,2.7,9.8,0.0
2025-03-27T02:00:00Z,1.5140000000001237,2.5,10.2,0.0
2025-03-27T03:00:00Z,1.2239999999997053,2.5,11.7,0.0
2025-03-27T04:00:00Z,1.0970000000002074,2.6,13.0,0.0
2025-03-27T05:00:00Z,0.9830000000001746,3.0,14.3,0.0
2025-03-27T06:00:00Z,0.15699999999969805,4.1,15.5,36.0
2025-03-27T07:00:00Z,0.01900000000023283,5.6,15.4,168.0
2025-03-27T08:00:00Z,0.018000000000029104,7.3,18.7,308.0
2025-03-27T09:00:00Z,0.018999999999778083,8.8,23.4,409.0
2025-03-27T10:00:00Z,0.01900000000023283,9.4,22.5,305.0
2025-03-27T11:00:00Z,0.018999999999778083,9.7,22.3,276.0
2025-03-27T12:00:00Z,0.01900000000023283,10.9,23.2,468.0
2025-03-27T13:00:00Z,0.018000000000029104,10.9,24.4,358.0
2025-03-27T14:00:00Z,0.018999999999778083,11.2,24.1,379.0
2025-03-27T15:00:00Z,0.01900000000023283,11.1,23.1,299.0
2025-03-27T16:00:00Z,0.018999999999778083,10.6,18.6,188.0
2025-03-27T17:00:00Z,0.01900000000023283,9.6,15.7,97.0
2025-03-27T18:00:00Z,0.018999999999778083,8.2,14.5,11.0
2025-03-27T19:00:00Z,0.018000000000029104,7.4,16.0,0.0
2025-03-27T20:00:00Z,0.018999999999778083,7.1,16.7,0.0
2025-03-27T21:00:00Z,0.637000000000171,6.7,15.4,0.0
2025-03-27T22:00:00Z,0.20000000000027285,6.2,14.3,0.0
2025-03-27T23:00:00Z,0.023999999999887223,5.9,13.8,0.0
2025-03-28T00:00:00Z,1.3489999999997053,5.9,14.3,0.0
2025-03-28T01:00:00Z,1.0280000000002474,6.1,13.9,0.0
2025-03-28T02:00:00Z,0.95699999999988,5.7,13.8,0.0
2025-03-28T03:00:00Z,0.8789999999999054,5.4,13.9,0.0
2025-03-28T04:00:00Z,0.8800000000001091,5.2,14.7,0.0
2025-03-28T05:00:00Z,0.8850000000002183,5.0,15.6,0.0
2025-03-28T06:00:00Z,0.021999999999934516,5.7,16.4,48.0
2025-03-28T07:00:00Z,0.5619999999998981,7.2,14.5,181.0
2025-03-28T08:00:00Z,0.018999999999778083,8.9,15.8,323.0
2025-03-28T09:00:00Z,0.01900000000023283,10.6,17.2,447.0
2025-03-28T10:00:00Z,0.018999999999778083,12.1,17.4,555.0
2025-03-28T11:00:00Z,0.01900000000023283,12.9,16.8,614.0
2025-03-28T12:00:00Z,0.018999999999778083,13.5,16.7,628.0
2025-03-28T13:00:00Z,0.016000000000076398,14.3,16.2,595.0
2025-03-28T14:00:00Z,0.01900000000023283,14.1,14.5,518.0
2025-03-28T15:00:00Z,0.018000000000029104,13.6,13.0,404.0
2025-03-28T16:00:00Z,0.018000000000029104,12.6,11.6,265.0
2025-03-28T17:00:00Z,0.018999999999778083,10.8,12.0,120.0
2025-03-28T18:00:00Z,0.016999999999825377,8.9,11.9,14.0
2025-03-28T19:00:00Z,0.018000000000029104,8.2,12.8,0.0
2025-03-28T20:00:00Z,0.018000000000029104,7.6,11.2,0.0
2025-03-28T21:00:00Z,0.6320000000000618,6.9,8.4,0.0
2025-03-28T22:00:00Z,0.5419999999999163,5.7,6.5,0.0
2025-03-28T23:00:00Z,0.01900000000023283,4.8,2.3,0.0
2025-03-29T00:00:00Z,1.8530000000000655,4.0,3.1,0.0
2025-03-29T01:00:00Z,1.7729999999996835,3.0,5.8,0.0
2025-03-29T02:00:00Z,1.6780000000003383,3.6,8.4,0.0
2025-03-29T03:00:00Z,1.3289999999997235,4.0,11.1,0.0
2025-03-29T04:00:00Z,1.0709999999999127,4.2,12.2,0.0
2025-03-29T05:00:00Z,1.137000000000171,4.2,12.1,0.0
2025-03-29T06:00:00Z,0.023999999999887223,5.0,11.7,46.0
2025-03-29T07:00:00Z,0.018000000000029104,6.6,14.3,133.0
2025-03-29T08:00:00Z,0.01900000000023283,7.8,15.2,220.0
2025-03-29T09:00:00Z,0.018000000000029104,8.9,15.1,321.0
2025-03-29T10:00:00Z,0.018000000000029104,9.9,13.6,440.0
2025-03-29T11:00:00Z,0.018000000000029104,10.9,13.8,544.0
2025-03-29T12:00:00Z,0.018000000000029104,11.2,15.2,615.0
2025-03-29T13:00:00Z,0.017999999999574356,10.8,15.0,553.0
2025-03-29T14:00:00Z,0.018000000000029104,11.1,17.7,468.0
2025-03-29T15:00:00Z,0.018000000000029104,10.9,19.9,348.0
2025-03-29T16:00:00Z,0.01900000000023283,10.4,17.3,197.0
2025-03-29T17:00:00Z,0.018000000000029104,9.5,7.3,90.0
2025-03-29T18:00:00Z,0.018000000000029104,6.8,3.8,15.0
2025-03-29T19:00:00Z,0.018000000000029104,6.0,9.0,0.0
2025-03-29T20:00:00Z,0.018000000000029104,5.7,12.8,0.0
2025-03-29T21:00:00Z,0.7869999999998072,5.2,11.1,0.0
2025-03-29T22:00:00Z,0.5729999999998654,4.3,9.1,0.0
2025-03-29T23:00:00Z,0.5670000000000073,3.8,11.4,0.0
2025-03-30T00:00:00Z,1.2090000000002874,3.5,11.1,0.0
2025-03-30T01:00:00Z,1.4980000000000473,3.9,12.2,0.0
2025-03-30T02:00:00Z,0.9839999999999236,4.4,13.6,0.0
2025-03-30T03:00:00Z,1.1619999999998072,4.8,15.5,0.0
2025-03-30T04:00:00Z,0.8099999999999454,5.2,19.7,0.0
2025-03-30T05:00:00Z,0.021000000000185537,5.1,24.1,0.0
2025-03-30T06:00:00Z,0.13200000000006185,4.3,27.6,11.0
2025-03-30T07:00:00Z,0.08199999999987995,4.1,27.1,22.0
2025-03-30T08:00:00Z,0.016999999999825377,5.2,24.5,62.0
2025-03-30T09:00:00Z,0.23400000000037835,7.2,24.6,139.0
2025-03-30T10:00:00Z,0.26399999999966894,9.1,19.2,334.0
2025-03-30T11:00:00Z,0.018000000000029104,9.9,17.9,374.0
2025-03-30T12:00:00Z,0.017000000000280124,9.6,16.6,306.0
2025-03-30T13:00:00Z,0.018000000000029104,10.3,13.3,330.0
2025-03-30T14:00:00Z,0.22100000000000364,8.1,15.8,173.0
2025-03-30T15:00:00Z,0.02599999999983993,9.4,11.0,277.0
2025-03-30T16:00:00Z,0.018000000000029104,8.8,11.3,195.0
2025-03-30T17:00:00Z,0.018999999999778083,8.1,13.5,102.0
2025-03-30T18:00:00Z,0.018000000000029104,7.2,13.6,11.0
2025-03-30T19:00:00Z,0.018000000000029104,6.9,18.1,0.0
2025-03-30T20:00:00Z,0.5370000000002619,5.9,17.4,0.0
2025-03-30T21:00:00Z,0.2919999999999163,6.0,16.1,0.0
2025-03-30T22:00:00Z,0.6159999999999854,6.1,18.4,0.0
2025-03-30T23:00:00Z,1.1230000000000473,6.2,18.4,0.0
2025-03-31T00:00:00Z,0.9409999999998035,6.1,18.5,0.0
2025-03-31T01:00:00Z,0.7919999999999163,6.3,20.5,0.0
2025-03-31T02:00:00Z,0.7820000000001528,6.1,19.8,0.0
2025-03-31T03:00:00Z,0.7849999999998545,5.8,18.9,0.0
2025-03-31T04:00:00Z,0.7870000000002619,5.2,17.2,0.0
2025-03-31T05:00:00Z,0.021999999999934516,4.6,16.6,1.0
2025-03-31T06:00:00Z,0.018000000000029104,4.8,18.3,56.0
2025-03-31T07:00:00Z,0.018000000000029104,5.7,18.7,120.0
2025-03-31T08:00:00Z,0.07099999999991269,6.6,16.9,186.0
2025-03-31T09:00:00Z,0.018000000000029104,7.6,17.3,321.0
2025-03-31T10:00:00Z,0.07899999999972351,8.1,17.5,432.0
2025-03-31T11:00:00Z,0.13200000000006185,9.1,18.0,559.0
2025-03-31T12:00:00Z,0.018000000000029104,9.8,19.1,588.0
2025-03-31T13:00:00Z,0.018000000000029104,9.5,19.2,510.0
2025-03-31T14:00:00Z,0.018000000000029104,9.1,19.6,465.0
2025-03-31T15:00:00Z,0.018000000000029104,8.7,17.9,397.0
2025-03-31T16:00:00Z,0.018000000000029104,8.1,16.4,274.0
2025-03-31T17:00:00Z,0.016999999999825377,6.9,14.3,129.0
2025-03-31T18:00:00Z,0.017000000000280124,5.3,11.8,19.0
2025-03-31T19:00:00Z,0.016999999999825377,4.3,12.0,0.0
2025-03-31T20:00:00Z,0.6640000000002146,3.8,11.6,0.0
2025-03-31T21:00:00Z,0.5969999999997526,3.8,12.1,0.0
2025-03-31T22:00:00Z,0.5309999999999491,3.9,12.6,0.0
2025-03-31T23:00:00Z,1.5030000000001564,3.8,12.6,0.0
2025-04-01T00:00:00Z,1.3479999999999563,3.5,11.8,0.0
2025-04-01T01:00:00Z,1.2669999999998254,3.0,11.4,0.0
2025-04-01T02:00:00Z,1.2700000000004366,2.7,11.2,0.0
2025-04-01T03:00:00Z,1.08199999999988,2.4,10.2,0.0
2025-04-01T04:00:00Z,1.3479999999999563,2.1,9.0,0.0
2025-04-01T05:00:00Z,0.18100000000004002,1.6,7.1,1.0
2025-04-01T06:00:00Z,0.7739999999998872,2.8,8.3,67.0
2025-04-01T07:00:00Z,0.3560000000002219,5.0,7.5,204.0
2025-04-01T08:00:00Z,0.017999999999574356,7.5,5.5,349.0
2025-04-01T09:00:00Z,0.018000000000029104,9.6,5.2,476.0
2025-04-01T10:00:00Z,0.018000000000029104,11.2,5.5,572.0
2025-04-01T11:00:00Z,0.018000000000029104,12.4,6.4,627.0
2025-04-01T12:00:00Z,0.01900000000023283,13.1,6.8,638.0
2025-04-01T13:00:00Z,0.018000000000029104,13.4,5.8,602.0
2025-04-01T14:00:00Z,0.018000000000029104,13.4,6.4,524.0
2025-04-01T15:00:00Z,0.018999999999778083,13.1,8.7,411.0
2025-04-01T16:00:00Z,0.018000000000029104,12.4,11.4,274.0
2025-04-01T17:00:00Z,0.018000000000029104,10.6,11.8,131.0
2025-04-01T18:00:00Z,0.018000000000029104,8.4,12.2,21.0
2025-04-01T19:00:00Z,0.018000000000029104,7.0,13.3,0.0
2025-04-01T20:00:00Z,0.0729999999998654,6.2,11.0,0.0
2025-04-01T21:00:00Z,0.018000000000029104,5.6,9.0,0.0
2025-04-01T22:00:00Z,0.4230000000002292,4.7,6.6,0.0
2025-04-01T23:00:00Z,1.1839999999997417,3.9,5.8,0.0
2025-04-02T00:00:00Z,0.7220000000002074,3.8,4.6,0.0
2025-04-02T01:00:00Z,0.7469999999998436,2.9,3.2,0.0
2025-04-02T02:00:00Z,1.262000000000171,2.8,2.9,0.0
2025-04-02T03:00:00Z,1.0859999999997854,2.8,2.7,0.0
2025-04-02T04:00:00Z,1.1759999999999309,2.4,4.0,0.0
2025-04-02T05:00:00Z,0.40399999999999636,2.2,4.8,2.0
2025-04-02T06:00:00Z,0.9210000000002765,4.4,5.8,71.0
2025-04-02T07:00:00Z,0.03099999999994907,6.2,4.4,208.0
2025-04-02T08:00:00Z,0.018999999999778083,7.9,3.7,352.0
2025-04-02T09:00:00Z,0.01900000000023283,9.6,3.8,479.0
2025-04-02T10:00:00Z,0.018000000000029104,10.8,4.2,572.0
2025-04-02T11:00:00Z,0.018999999999778083,11.7,5.1,629.0
2025-04-02T12:00:00Z,0.018000000000029104,12.3,5.4,638.0
2025-04-02T13:00:00Z,0.018000000000029104,12.9,3.9,606.0
2025-04-02T14:00:00Z,0.018000000000029104,13.3,3.3,528.0
2025-04-02T15:00:00Z,0.018000000000029104,13.6,1.5,415.0
2025-04-02T16:00:00Z,0.018000000000029104,13.5,2.7,278.0
2025-04-02T17:00:00Z,0.018000000000029104,11.8,3.8,135.0
2025-04-02T18:00:00Z,0.018000000000029104,9.3,4.4,22.0
2025-04-02T19:00:00Z,0.016999999999825377,8.0,4.5,0.0
2025-04-02T20:00:00Z,0.5660000000002583,6.7,5.7,0.0
2025-04-02T21:00:00Z,0.20299999999997453,5.8,5.4,0.0
2025-04-02T22:00:00Z,0.44499999999970896,5.2,4.4,0.0
2025-04-02T23:00:00Z,1.0950000000002547,4.7,4.0,0.0
2025-04-03T00:00:00Z,0.7289999999998145,4.2,3.8,0.0
2025-04-03T01:00:00Z,0.7029999999999745,3.9,2.0,0.0
2025-04-03T02:00:00Z,1.012000000000171,3.8,1.1,0.0
2025-04-03T03:00:00Z,0.7669999999998254,3.8,0.7,0.0
2025-04-03T04:00:00Z,0.7710000000001855,3.9,0.8,0.0
2025-04-03T05:00:00Z,0.18299999999999272,4.2,0.9,3.0
2025-04-03T06:00:00Z,0.018999999999778083,6.2,2.8,73.0
2025-04-03T07:00:00Z,0.2250000000003638,8.1,2.7,207.0
2025-04-03T08:00:00Z,0.016999999999825377,10.4,2.8,348.0
2025-04-03T09:00:00Z,0.018999999999778083,12.1,3.3,472.0
2025-04-03T10:00:00Z,0.018000000000029104,13.2,5.0,567.0
2025-04-03T11:00:00Z,0.01900000000023283,13.9,6.4,622.0
2025-04-03T12:00:00Z,0.018000000000029104,14.2,7.1,633.0
2025-04-03T13:00:00Z,0.018999999999778083,14.8,8.5,599.0
2025-04-03T14:00:00Z,0.018000000000029104,14.8,9.3,524.0
2025-04-03T15:00:00Z,0.01900000000023283,14.5,8.7,413.0
2025-04-03T16:00:00Z,0.018000000000029104,14.1,8.1,279.0
2025-04-03T17:00:00Z,0.016999999999825377,12.9,8.3,137.0
2025-04-03T18:00:00Z,0.018999999999778083,11.1,9.2,24.0
2025-04-03T19:00:00Z,0.018000000000029104,9.8,8.6,0.0
2025-04-03T20:00:00Z,0.016000000000076398,8.7,7.7,0.0
2025-04-03T21:00:00Z,0.009000000000014552,7.7,6.3,0.0
2025-04-03T22:00:00Z,0.008000000000265572,6.9,5.8,0.0
2025-04-03T23:00:00Z,0.007999999999810825,6.3,6.1,0.0
2025-04-04T00:00:00Z,0.009000000000014552,6.7,8.5,0.0
2025-04-04T01:00:00Z,0.007999999999810825,6.0,8.3,0.0
2025-04-04T02:00:00Z,0.008000000000265572,6.2,9.6,0.0
2025-04-04T03:00:00Z,0.007999999999810825,6.1,10.4,0.0
2025-04-04T04:00:00Z,0.009000000000014552,6.1,11.0,0.0
2025-04-04T05:00:00Z,0.008000000000265572,6.1,11.4,3.0
2025-04-04T06:00:00Z,0.007999999999810825,7.6,12.0,79.0
2025-04-04T07:00:00Z,0.009000000000014552,9.2,12.2,217.0
2025-04-04T08:00:00Z,0.007999999999810825,10.4,10.2,365.0
2025-04-04T09:00:00Z,0.008000000000265572,11.4,11.7,494.0
2025-04-04T10:00:00Z,0.009000000000014552,12.1,10.2,581.0
2025-04-04T11:00:00Z,0.007999999999810825,13.1,10.0,633.0
2025-04-04T12:00:00Z,0.008000000000265572,13.2,12.6,621.0
2025-04-04T13:00:00Z,0.009000000000014552,12.9,17.1,571.0
2025-04-04T14:00:00Z,0.006999999999607098,12.6,16.6,446.0
2025-04-04T15:00:00Z,0.008000000000265572,12.4,17.5,410.0
2025-04-04T16:00:00Z,0.007999999999810825,11.6,17.2,294.0
2025-04-04T17:00:00Z,0.009000000000014552,9.9,14.5,145.0
2025-04-04T18:00:00Z,0.008000000000265572,7.9,15.1,27.0
2025-04-04T19:00:00Z,0.007999999999810825,6.4,6.5,0.0
2025-04-04T20:00:00Z,0.008000000000265572,5.2,3.4,0.0
2025-04-04T21:00:00Z,0.007999999999810825,4.7,6.8,0.0
2025-04-04T22:00:00Z,0.009000000000014552,5.2,14.3,0.0
2025-04-04T23:00:00Z,0.007999999999810825,5.0,16.2,0.0
2025-04-05T00:00:00Z,0.008000000000265572,4.6,14.7,0.0
2025-04-05T01:00:00Z,0.009000000000014552,4.1,14.1,0.0
2025-04-05T02:00:00Z,0.007999999999810825,3.5,13.7,0.0
2025-04-05T03:00:00Z,0.009000000000014552,3.3,14.2,0.0
2025-04-05T04:00:00Z,0.008000000000265572,3.2,15.7,0.0
2025-04-05T05:00:00Z,0.007999999999810825,3.0,16.3,4.0
2025-04-05T06:00:00Z,0.009000000000014552,3.7,17.7,72.0
2025-04-05T07:00:00Z,0.007999999999810825,4.7,16.3,210.0
2025-04-05T08:00:00Z,0.008000000000265572,5.7,16.4,366.0
2025-04-05T09:00:00Z,0.009000000000014552,6.7,15.4,501.0
2025-04-05T10:00:00Z,0.007999999999810825,7.5,14.6,597.0
2025-04-05T11:00:00Z,0.008000000000265572,8.2,15.9,634.0
2025-04-05T12:00:00Z,0.008999999999559805,9.0,14.5,579.0
2025-04-05T13:00:00Z,0.007000000000061846,9.2,16.0,595.0
2025-04-05T14:00:00Z,0.009000000000014552,9.0,16.6,513.0
2025-04-05T15:00:00Z,0.010999999999967258,8.6,17.2,427.0
2025-04-05T16:00:00Z,0.046000000000276486,7.7,16.4,295.0
2025-04-05T17:00:00Z,0.018000000000029104,6.6,15.8,153.0
2025-04-05T18:00:00Z,0.018000000000029104,5.1,16.1,31.0
2025-04-05T19:00:00Z,0.018000000000029104,4.2,14.4,0.0
2025-04-05T20:00:00Z,0.11299999999982901,4.0,15.7,0.0
2025-04-05T21:00:00Z,0.018000000000029104,3.6,13.3,0.0
2025-04-05T22:00:00Z,0.9850000000001273,2.5,7.6,0.0
2025-04-05T23:00:00Z,2.349999999999909,1.6,6.1,0.0
2025-04-06T00:00:00Z,2.3489999999997053,1.8,8.5,0.0
2025-04-06T01:00:00Z,2.331000000000131,0.0,2.3,0.0
2025-04-06T02:00:00Z,2.4839999999999236,-1.0,4.1,0.0
2025-04-06T03:00:00Z,2.355000000000018,-1.4,4.8,0.0
2025-04-06T04:00:00Z,2.343000000000302,-1.6,7.3,0.0
2025-04-06T05:00:00Z,0.8469999999997526,-1.6,8.5,6.0
2025-04-06T06:00:00Z,1.1330000000002656,0.2,9.5,92.0
2025-04-06T07:00:00Z,0.6729999999997744,2.6,7.2,235.0
2025-04-06T08:00:00Z,0.5900000000001455,4.8,7.8,378.0
2025-04-06T09:00:00Z,0.36999999999989086,6.3,9.8,507.0
2025-04-06T10:00:00Z,0.018000000000029104,7.7,12.5,603.0
2025-04-06T11:00:00Z,0.018999999999778083,8.4,15.1,639.0
2025-04-06T12:00:00Z,0.018000000000029104,8.7,15.7,633.0
2025-04-06T13:00:00Z,0.017000000000280124,8.5,19.2,635.0
2025-04-06T14:00:00Z,0.018000000000029104,8.4,20.1,558.0
2025-04-06T15:00:00Z,0.018000000000029104,8.1,19.3,400.0
2025-04-06T16:00:00Z,0.018999999999778083,7.8,17.9,292.0
2025-04-06T17:00:00Z,0.018000000000029104,7.0,13.6,146.0
2025-04-06T18:00:00Z,0.018000000000029104,5.8,11.7,27.0
2025-04-06T19:00:00Z,0.018000000000029104,4.6,12.0,0.0
2025-04-06T20:00:00Z,0.6599999999998545,3.8,11.8,0.0
2025-04-06T21:00:00Z,0.2640000000001237,3.3,10.3,0.0
2025-04-06T22:00:00Z,0.8130000000001019,2.8,10.0,0.0
2025-04-06T23:00:00Z,1.53899999999976,2.7,10.3,0.0
2025-04-07T00:00:00Z,1.2660000000000764,2.8,11.1,0.0
2025-04-07T01:00:00Z,1.3350000000000364,3.2,13.0,0.0
2025-04-07T02:00:00Z,1.2869999999998072,2.8,13.3,0.0
2025-04-07T03:00:00Z,1.211999999999989,2.5,13.6,0.0
2025-04-07T04:00:00Z,1.611000000000331,2.2,13.9,0.0
2025-04-07T05:00:00Z,0.027999999999792635,2.5,14.9,7.0
2025-04-07T06:00:00Z,0.14400000000023283,3.8,14.5,91.0
2025-04-07T07:00:00Z,0.018999999999778083,5.6,14.2,219.0
2025-04-07T08:00:00Z,0.018000000000029104,7.6,15.1,378.0
2025-04-07T09:00:00Z,0.018000000000029104,9.0,15.3,464.0
2025-04-07T10:00:00Z,0.018000000000029104,9.6,16.3,490.0
2025-04-07T11:00:00Z,0.018999999999778083,10.3,15.8,572.0
2025-04-07T12:00:00Z,0.018000000000029104,11.0,16.0,594.0
2025-04-07T13:00:00Z,0.01900000000023283,11.6,16.5,612.0
2025-04-07T14:00:00Z,0.018999999999778083,11.2,17.6,560.0
2025-04-07T15:00:00Z,0.017000000000280124,10.6,16.6,448.0
2025-04-07T16:00:00Z,0.018999999999778083,9.8,15.3,307.0
2025-04-07T17:00:00Z,0.018000000000029104,8.6,13.0,152.0
2025-04-07T18:00:00Z,0.018000000000029104,7.2,10.2,33.0
2025-04-07T19:00:00Z,0.018000000000029104,6.3,10.0,0.0
2025-04-07T20:00:00Z,0.6230000000000473,5.6,6.5,0.0
2025-04-07T21:00:00Z,0.2880000000000109,4.6,1.5,0.0
2025-04-07T22:00:00Z,0.018999999999778083,4.3,0.9,0.0
2025-04-07T23:00:00Z,1.7470000000002983,4.2,5.9,0.0
2025-04-08T00:00:00Z,1.3130000000001019,4.7,7.2,0.0
2025-04-08T01:00:00Z,1.125999999999749,4.0,5.0,0.0
2025-04-08T02:00:00Z,1.0540000000000873,4.1,2.6,0.0
2025-04-08T03:00:00Z,1.2139999999999418,4.1,3.1,0.0
2025-04-08T04:00:00Z,0.8170000000000073,4.7,6.7,0.0
2025-04-08T05:00:00Z,0.01999999999998181,4.9,8.0,6.0
2025-04-08T06:00:00Z,0.01900000000023283,5.8,7.6,67.0
2025-04-08T07:00:00Z,0.018999999999778083,6.8,6.7,182.0
2025-04-08T08:00:00Z,0.016999999999825377,7.9,7.3,352.0
2025-04-08T09:00:00Z,0.017000000000280124,8.8,8.4,455.0
2025-04-08T10:00:00Z,0.018000000000029104,9.5,9.2,528.0
2025-04-08T11:00:00Z,0.018000000000029104,10.1,9.5,548.0
2025-04-08T12:00:00Z,0.016999999999825377,10.1,9.8,383.0
2025-04-08T13:00:00Z,0.018000000000029104,10.5,8.2,361.0
2025-04-08T14:00:00Z,0.018000000000029104,10.4,7.7,222.0
2025-04-08T15:00:00Z,0.016999999999825377,10.5,6.6,198.0
2025-04-08T16:00:00Z,0.017000000000280124,10.4,4.1,108.0
2025-04-08T17:00:00Z,0.018999999999778083,9.8,1.7,48.0
2025-04-08T18:00:00Z,0.018000000000029104,8.2,1.2,22.0
2025-04-08T19:00:00Z,0.01900000000023283,6.4,4.6,0.0
2025-04-08T20:00:00Z,0.45499999999992724,6.1,5.1,0.0
2025-04-08T21:00:00Z,0.16699999999991633,5.9,1.1,0.0
2025-04-08T22:00:00Z,0.018000000000029104,4.4,2.7,0.0
2025-04-08T23:00:00Z,0.11900000000014188,3.3,3.9,0.0
2025-04-09T00:00:00Z,0.7359999999998763,3.0,5.4,0.0
2025-04-09T01:00:00Z,0.4099999999998545,2.2,5.7,0.0
2025-04-09T02:00:00Z,0.5840000000002874,1.9,6.2,0.0
2025-04-09T03:00:00Z,0.6549999999997453,2.0,7.0,0.0
2025-04-09T04:00:00Z,0.4279999999998836,2.2,8.0,0.0
2025-04-09T05:00:00Z,0.762000000000171,2.5,8.4,10.0
2025-04-09T06:00:00Z,0.5769999999997708,4.4,9.6,104.0
2025-04-09T07:00:00Z,0.06100000000014916,6.8,8.5,245.0
2025-04-09T08:00:00Z,0.01900000000023283,8.6,10.6,388.0
2025-04-09T09:00:00Z,0.018999999999778083,9.9,12.1,512.0
2025-04-09T10:00:00Z,0.01900000000023283,10.9,13.4,603.0
2025-04-09T11:00:00Z,0.01999999999998181,11.6,14.9,655.0
2025-04-09T12:00:00Z,0.018000000000029104,11.9,15.8,622.0
2025-04-09T13:00:00Z,0.018999999999778083,10.9,18.0,542.0
2025-04-09T14:00:00Z,0.01900000000023283,11.0,18.6,513.0
2025-04-09T15:00:00Z,0.018999999999778083,10.5,18.9,380.0
2025-04-09T16:00:00Z,0.01900000000023283,9.9,17.7,284.0
2025-04-09T17:00:00Z,0.018999999999778083,8.9,15.7,152.0
2025-04-09T18:00:00Z,0.01900000000023283,7.6,14.7,37.0
2025-04-09T19:00:00Z,0.016999999999825377,6.8,13.8,0.0
2025-04-09T20:00:00Z,0.6489999999998872,6.6,12.6,0.0
2025-04-09T21:00:00Z,0.5470000000000255,5.8,10.9,0.0
2025-04-09T22:00:00Z,0.5259999999998399,5.2,8.8,0.0
2025-04-09T23:00:00Z,0.5340000000001055,4.7,8.8,0.0
2025-04-10T00:00:00Z,0.5320000000001528,4.2,7.4,0.0
2025-04-10T01:00:00Z,0.6889999999998508,3.0,4.9,0.0
2025-04-10T02:00:00Z,0.5660000000002583,2.3,5.4,0.0
2025-04-10T03:00:00Z,0.5659999999998035,2.0,6.8,0.0
2025-04-10T04:00:00Z,0.56899999999996,1.2,5.9,0.0
2025-04-10T05:00:00Z,0.6190000000001419,1.4,6.8,12.0
2025-04-10T06:00:00Z,0.6169999999997344,2.8,8.1,100.0
2025-04-10T07:00:00Z,0.525000000000091,5.0,5.8,245.0
2025-04-10T08:00:00Z,0.2510000000002037,6.8,6.0,396.0
2025-04-10T09:00:00Z,0.04399999999986903,8.8,7.5,522.0
2025-04-10T10:00:00Z,0.07099999999991269,10.5,8.9,616.0
2025-04-10T11:00:00Z,0.018000000000029104,11.8,11.6,670.0
2025-04-10T12:00:00Z,0.01900000000023283,12.6,16.6,679.0
2025-04-10T13:00:00Z,0.018999999999778083,12.8,21.3,640.0
2025-04-10T14:00:00Z,0.01900000000023283,12.7,23.6,565.0
2025-04-10T15:00:00Z,0.018000000000029104,13.1,25.0,429.0
2025-04-10T16:00:00Z,0.018000000000029104,12.0,27.9,298.0
2025-04-10T17:00:00Z,0.018999999999778083,10.9,25.9,163.0
2025-04-10T18:00:00Z,0.018000000000029104,9.9,24.9,43.0
2025-04-10T19:00:00Z,0.016999999999825377,8.6,24.2,0.0
2025-04-10T20:00:00Z,0.07300000000032014,7.8,27.0,0.0
2025-04-10T21:00:00Z,0.4299999999998363,7.4,26.6,0.0
2025-04-10T22:00:00Z,0.31199999999989814,7.4,25.5,0.0
2025-04-10T23:00:00Z,0.12400000000025102,6.9,25.6,0.0
2025-04-11T00:00:00Z,0.30999999999994543,6.8,26.9,0.0
2025-04-11T01:00:00Z,0.4479999999998654,6.8,25.6,0.0
2025-04-11T02:00:00Z,0.125,6.8,25.3,0.0
2025-04-11T03:00:00Z,0.16400000000021464,6.7,24.9,0.0
2025-04-11T04:00:00Z,0.4980000000000473,6.7,24.2,0.0
2025-04-11T05:00:00Z,0.22799999999961074,6.9,24.2,13.0
2025-04-11T06:00:00Z,0.01900000000023283,8.2,25.7,108.0
2025-04-11T07:00:00Z,0.26299999999991996,9.1,30.1,157.0
2025-04-11T08:00:00Z,0.6399999999998727,9.6,27.8,151.0
2025-04-11T09:00:00Z,0.2800000000002001,10.5,25.2,245.0
2025-04-11T10:00:00Z,1.918999999999869,11.3,23.7,308.0
2025-04-11T11:00:00Z,1.2150000000001455,11.7,22.1,285.0
2025-04-11T12:00:00Z,0.018000000000029104,12.8,22.0,389.0
2025-04-11T13:00:00Z,0.018000000000029104,13.4,20.6,428.0
2025-04-11T14:00:00Z,0.018999999999778083,13.6,19.2,314.0
2025-04-11T15:00:00Z,0.9929999999999382,13.5,19.7,228.0
2025-04-11T16:00:00Z,0.018000000000029104,13.5,18.8,164.0
2025-04-11T17:00:00Z,0.016000000000076398,12.9,17.0,78.0
2025-04-11T18:00:00Z,0.018000000000029104,11.9,17.1,25.0
2025-04-11T19:00:00Z,0.018000000000029104,11.1,17.1,0.0
2025-04-11T20:00:00Z,0.016999999999825377,10.7,17.6,0.0
2025-04-11T21:00:00Z,0.018000000000029104,9.6,16.7,0.0
2025-04-11T22:00:00Z,0.018000000000029104,9.0,16.6,0.0
2025-04-11T23:00:00Z,0.017000000000280124,9.4,16.2,0.0
2025-04-12T00:00:00Z,0.018000000000029104,9.1,15.5,0.0
2025-04-12T01:00:00Z,0.016999999999825377,9.6,14.1,0.0
2025-04-12T02:00:00Z,0.018000000000029104,8.3,13.4,0.0
2025-04-12T03:00:00Z,0.016999999999825377,7.2,14.1,0.0
2025-04-12T04:00:00Z,0.017000000000280124,6.7,13.7,0.0
2025-04-12T05:00:00Z,0.016999999999825377,6.9,14.0,14.0
2025-04-12T06:00:00Z,0.018000000000029104,8.4,15.9,64.0
2025-04-12T07:00:00Z,0.016999999999825377,9.2,16.4,111.0
2025-04-12T08:00:00Z,0.017000000000280124,10.1,15.5,167.0
2025-04-12T09:00:00Z,0.018000000000029104,11.3,15.7,263.0
2025-04-12T10:00:00Z,0.018000000000029104,12.5,16.2,365.0
2025-04-12T11:00:00Z,0.016999999999825377,13.9,15.2,500.0
2025-04-12T12:00:00Z,0.018000000000029104,15.3,15.6,645.0
2025-04-12T13:00:00Z,0.018000000000029104,14.1,12.5,529.0
2025-04-12T14:00:00Z,0.016000000000076398,14.8,10.5,495.0
2025-04-12T15:00:00Z,0.018999999999778083,14.6,6.5,412.0
2025-04-12T16:00:00Z,0.018000000000029104,14.6,5.0,309.0
2025-04-12T17:00:00Z,0.018000000000029104,13.6,5.5,172.0
2025-04-12T18:00:00Z,0.016999999999825377,11.3,6.2,50.0
2025-04-12T19:00:00Z,0.017000000000280124,10.0,6.3,0.0
2025-04-12T20:00:00Z,0.5119999999997162,8.9,6.3,0.0
2025-04-12T21:00:00Z,0.31300000000010186,8.3,7.7,0.0
2025-04-12T22:00:00Z,0.6150000000002365,7.6,7.2,0.0
2025-04-12T23:00:00Z,0.362999999999829,7.1,8.4,0.0
2025-04-13T00:00:00Z,0.5570000000002437,6.8,8.7,0.0
2025-04-13T01:00:00Z,0.36599999999998545,6.0,11.1,0.0
2025-04-13T02:00:00Z,0.018999999999778083,6.1,13.1,0.0
2025-04-13T03:00:00Z,0.66800000000012,6.2,15.0,0.0
2025-04-13T04:00:00Z,0.24099999999998545,6.2,16.0,0.0
2025-04-13T05:00:00Z,0.5779999999999745,6.4,16.4,18.0
2025-04-13T06:00:00Z,0.23300000000017462,7.4,15.3,121.0
2025-04-13T07:00:00Z,0.12799999999970169,8.6,18.0,262.0
2025-04-13T08:00:00Z,0.40200000000004366,9.6,18.2,406.0
2025-04-13T09:00:00Z,1.6759999999999309,10.1,19.8,531.0
2025-04-13T10:00:00Z,1.356000000000222,10.5,21.2,629.0
2025-04-13T11:00:00Z,0.4739999999997053,11.4,20.2,609.0
2025-04-13T12:00:00Z,0.018000000000029104,11.4,17.0,352.0
2025-04-13T13:00:00Z,0.6220000000002983,12.7,14.9,281.0
2025-04-13T14:00:00Z,1.349999999999909,15.9,12.4,450.0
2025-04-13T15:00:00Z,0.18800000000010186,15.4,18.3,176.0
2025-04-13T16:00:00Z,0.018999999999778083,13.8,17.2,44.0
2025-04-13T17:00:00Z,0.017000000000280124,13.6,17.3,129.0
2025-04-13T18:00:00Z,0.017999999999574356,12.8,17.6,49.0
2025-04-13T19:00:00Z,0.017000000000280124,12.1,17.7,0.0
2025-04-13T20:00:00Z,0.018000000000029104,11.4,19.3,0.0
2025-04-13T21:00:00Z,0.018999999999778083,10.3,19.1,0.0
2025-04-13T22:00:00Z,0.017000000000280124,9.2,18.1,0.0
2025-04-13T23:00:00Z,0.018000000000029104,8.4,16.0,0.0
2025-04-14T00:00:00Z,0.06599999999980355,7.7,14.8,0.0
2025-04-14T01:00:00Z,0.018999999999778083,7.0,13.0,0.0
2025-04-14T02:00:00Z,0.01900000000023283,6.6,11.2,0.0
2025-04-14T03:00:00Z,0.3170000000000073,6.2,11.4,0.0
2025-04-14T04:00:00Z,0.5039999999999054,5.7,8.2,0.0
2025-04-14T05:00:00Z,0.11700000000018917,5.7,7.5,21.0
2025-04-14T06:00:00Z,0.018000000000029104,7.3,8.7,101.0
2025-04-14T07:00:00Z,0.018999999999778083,7.6,4.3,56.0
2025-04-14T08:00:00Z,0.018000000000029104,8.2,8.7,92.0
2025-04-14T09:00:00Z,0.01900000000023283,8.8,8.7,100.0
2025-04-14T10:00:00Z,0.018000000000029104,10.1,9.9,171.0
2025-04-14T11:00:00Z,0.017999999999574356,12.0,11.0,359.0
2025-04-14T12:00:00Z,0.01900000000023283,12.9,9.4,466.0
2025-04-14T13:00:00Z,0.018000000000029104,12.6,8.9,309.0
2025-04-14T14:00:00Z,0.018999999999778083,13.7,9.8,435.0
2025-04-14T15:00:00Z,0.01900000000023283,13.9,10.1,412.0
2025-04-14T16:00:00Z,0.018000000000029104,13.5,10.6,292.0
2025-04-14T17:00:00Z,0.018999999999778083,12.3,8.5,177.0
2025-04-14T18:00:00Z,0.018000000000029104,10.4,6.2,56.0
2025-04-14T19:00:00Z,0.01900000000023283,8.9,6.9,1.0
2025-04-14T20:00:00Z,0.5219999999999345,7.9,6.3,0.0
2025-04-14T21:00:00Z,0.25999999999976353,7.2,7.5,0.0
2025-04-14T22:00:00Z,0.6340000000000146,6.7,6.8,0.0
2025-04-14T23:00:00Z,0.318000000000211,6.6,7.6,0.0
2025-04-15T00:00:00Z,0.21900000000005093,6.7,10.1,0.0
2025-04-15T01:00:00Z,0.6269999999999527,6.1,9.2,0.0
2025-04-15T02:00:00Z,0.19299999999975626,6.2,10.6,0.0
2025-04-15T03:00:00Z,0.24099999999998545,6.1,12.1,0.0
2025-04-15T04:00:00Z,0.5990000000001601,6.1,14.6,0.0
2025-04-15T05:00:00Z,0.07799999999997453,6.6,15.1,23.0
2025-04-15T06:00:00Z,0.38799999999991996,7.9,14.0,134.0
2025-04-15T07:00:00Z,0.06300000000010186,9.6,16.9,281.0
2025-04-15T08:00:00Z,0.01900000000023283,11.1,20.5,420.0
2025-04-15T09:00:00Z,0.018999999999778083,12.6,22.2,508.0
2025-04-15T10:00:00Z,0.01900000000023283,13.3,21.1,432.0
2025-04-15T11:00:00Z,0.018999999999778083,15.1,22.2,676.0
2025-04-15T12:00:00Z,0.018000000000029104,15.7,21.7,685.0
2025-04-15T13:00:00Z,0.018000000000029104,16.1,25.0,642.0
2025-04-15T14:00:00Z,0.018999999999778083,15.9,23.8,566.0
2025-04-15T15:00:00Z,0.018000000000029104,15.8,23.1,461.0
2025-04-15T16:00:00Z,0.01900000000023283,15.2,22.3,325.0
2025-04-15T17:00:00Z,0.016999999999825377,14.0,22.3,180.0
2025-04-15T18:00:00Z,0.018000000000029104,12.6,27.0,57.0
2025-04-15T19:00:00Z,0.01900000000023283,11.8,26.1,1.0
2025-04-15T20:00:00Z,0.018000000000029104,11.5,23.5,0.0
2025-04-15T21:00:00Z,0.018000000000029104,11.6,21.9,0.0
2025-04-15T22:00:00Z,0.017999999999574356,11.1,20.9,0.0
2025-04-15T23:00:00Z,0.01900000000023283,10.8,20.8,0.0
2025-04-16T00:00:00Z,0.018000000000029104,10.6,19.7,0.0
2025-04-16T01:00:00Z,0.018000000000029104,10.6,16.9,0.0
2025-04-16T02:00:00Z,0.018000000000029104,10.6,15.9,0.0
2025-04-16T03:00:00Z,0.018000000000029104,10.1,14.5,0.0
2025-04-16T04:00:00Z,0.018000000000029104,10.1,13.0,0.0
2025-04-16T05:00:00Z,0.018000000000029104,10.1,12.1,7.0
2025-04-16T06:00:00Z,0.018000000000029104,10.4,11.9,65.0
2025-04-16T07:00:00Z,0.017999999999574356,11.6,10.7,214.0
2025-04-16T08:00:00Z,0.018000000000029104,13.2,10.5,413.0
2025-04-16T09:00:00Z,0.01900000000023283,14.2,10.7,534.0
2025-04-16T10:00:00Z,0.018000000000029104,15.2,11.5,600.0
2025-04-16T11:00:00Z,0.018999999999778083,15.4,12.3,542.0
2025-04-16T12:00:00Z,0.01900000000023283,15.5,13.9,588.0
2025-04-16T13:00:00Z,0.018000000000029104,14.9,16.1,583.0
2025-04-16T14:00:00Z,0.018999999999778083,14.8,13.3,472.0
2025-04-16T15:00:00Z,0.018000000000029104,14.1,13.0,396.0
2025-04-16T16:00:00Z,0.01900000000023283,12.9,11.0,289.0
2025-04-16T17:00:00Z,0.016999999999825377,11.8,9.8,176.0
2025-04-16T18:00:00Z,0.018000000000029104,10.1,11.3,55.0
2025-04-16T19:00:00Z,0.018999999999778083,8.9,10.5,1.0
2025-04-16T20:00:00Z,0.018000000000029104,7.9,9.9,0.0
2025-04-16T21:00:00Z,0.062000000000352884,7.8,10.8,0.0
2025-04-16T22:00:00Z,0.018999999999778083,8.0,10.7,0.0
2025-04-16T23:00:00Z,0.06199999999989814,8.2,12.4,0.0
2025-04-17T00:00:00Z,0.01900000000023283,8.2,13.2,0.0
2025-04-17T01:00:00Z,0.018999999999778083,9.2,13.2,0.0
2025-04-17T02:00:00Z,0.01900000000023283,9.5,14.0,0.0
2025-04-17T03:00:00Z,0.018000000000029104,9.8,14.0,0.0
2025-04-17T04:00:00Z,0.018999999999778083,9.6,16.8,0.0
2025-04-17T05:00:00Z,0.06500000000005457,9.6,19.3,15.0
2025-04-17T06:00:00Z,0.01900000000023283,10.3,19.8,87.0
2025-04-17T07:00:00Z,0.018999999999778083,11.4,18.0,250.0
2025-04-17T08:00:00Z,0.01999999999998181,12.2,17.9,379.0
2025-04-17T09:00:00Z,0.01900000000023283,13.4,16.8,477.0
2025-04-17T10:00:00Z,0.018000000000029104,14.6,17.4,601.0
2025-04-17T11:00:00Z,0.018999999999778083,14.6,15.1,677.0
2025-04-17T12:00:00Z,0.018999999999778083,15.2,13.7,685.0
2025-04-17T13:00:00Z,0.017000000000280124,16.6,13.3,662.0
2025-04-17T14:00:00Z,0.018999999999778083,16.4,11.5,583.0
2025-04-17T15:00:00Z,0.018000000000029104,15.9,8.8,470.0
2025-04-17T16:00:00Z,0.01900000000023283,15.3,7.3,338.0
2025-04-17T17:00:00Z,0.018000000000029104,14.7,4.9,190.0
2025-04-17T18:00:00Z,0.018999999999778083,13.2,2.8,58.0
2025-04-17T19:00:00Z,0.018000000000029104,12.3,3.1,2.0
2025-04-17T20:00:00Z,0.018000000000029104,11.9,6.0,0.0
2025-04-17T21:00:00Z,0.018000000000029104,11.6,7.2,0.0
2025-04-17T22:00:00Z,0.018000000000029104,10.8,14.3,0.0
2025-04-17T23:00:00Z,0.016999999999825377,9.9,15.8,0.0
2025-04-18T00:00:00Z,0.018000000000029104,9.8,15.7,0.0
2025-04-18T01:00:00Z,0.018000000000029104,9.2,17.0,0.0
2025-04-18T02:00:00Z,0.018000000000029104,9.4,15.7,0.0
2025-04-18T03:00:00Z,0.018000000000029104,9.4,19.9,0.0
2025-04-18T04:00:00Z,0.018000000000029104,9.0,20.1,0.0
2025-04-18T05:00:00Z,0.018000000000029104,9.1,21.0,16.0
2025-04-18T06:00:00Z,0.016999999999825377,9.9,22.1,94.0
2025-04-18T07:00:00Z,0.018000000000029104,10.3,21.6,168.0
2025-04-18T08:00:00Z,0.017000000000280124,10.9,21.7,291.0
2025-04-18T09:00:00Z,0.018000000000029104,10.6,23.1,259.0
2025-04-18T10:00:00Z,0.016999999999825377,11.3,23.2,379.0
2025-04-18T11:00:00Z,0.018000000000029104,12.5,23.5,584.0
2025-04-18T12:00:00Z,0.018000000000029104,12.9,24.7,648.0
2025-04-18T13:00:00Z,0.018999999999778083,10.4,22.6,220.0
2025-04-18T14:00:00Z,0.018000000000029104,10.6,21.9,252.0
2025-04-18T15:00:00Z,0.018000000000029104,10.4,22.2,245.0
2025-04-18T16:00:00Z,0.01900000000023283,10.1,20.8,162.0
2025-04-18T17:00:00Z,0.018000000000029104,9.8,20.8,75.0
2025-04-18T18:00:00Z,0.018000000000029104,9.4,18.1,39.0
2025-04-18T19:00:00Z,0.018000000000029104,9.2,16.8,1.0
2025-04-18T20:00:00Z,0.39299999999957436,9.1,17.9,0.0
2025-04-18T21:00:00Z,0.23800000000028376,9.4,18.6,0.0
2025-04-18T22:00:00Z,0.12100000000009459,9.5,19.2,0.0
2025-04-18T23:00:00Z,0.0729999999998654,9.4,19.8,0.0
2025-04-19T00:00:00Z,0.15999999999985448,9.1,17.3,0.0
2025-04-19T01:00:00Z,0.10600000000022192,9.4,16.9,0.0
2025-04-19T02:00:00Z,0.23799999999982901,9.1,14.1,0.0
2025-04-19T03:00:00Z,0.21700000000009823,8.9,11.5,0.0
2025-04-19T04:00:00Z,0.018999999999778083,8.6,14.6,0.0
2025-04-19T05:00:00Z,0.01900000000023283,8.5,14.4,7.0
2025-04-19T06:00:00Z,0.01999999999998181,8.4,12.5,16.0
2025-04-19T07:00:00Z,0.45600000000013097,8.6,9.6,41.0
2025-04-19T08:00:00Z,0.17499999999972715,9.2,7.6,87.0
2025-04-19T09:00:00Z,0.01900000000023283,9.8,10.7,155.0
2025-04-19T10:00:00Z,0.018000000000029104,10.1,12.6,205.0
2025-04-19T11:00:00Z,0.018000000000029104,10.6,9.8,259.0
2025-04-19T12:00:00Z,1.4539999999997235,10.3,11.0,192.0
2025-04-19T13:00:00Z,1.2710000000001855,9.4,13.1,133.0
2025-04-19T14:00:00Z,1.5989999999997053,9.4,13.6,167.0
2025-04-19T15:00:00Z,0.6069999999999709,9.6,13.9,151.0
2025-04-19T16:00:00Z,0.01900000000023283,9.4,13.7,60.0
2025-04-19T17:00:00Z,0.018000000000029104,8.9,13.9,29.0
2025-04-19T18:00:00Z,0.018999999999778083,8.9,12.8,15.0
2025-04-19T19:00:00Z,0.01900000000023283,8.7,13.4,1.0
2025-04-19T20:00:00Z,0.016999999999825377,8.6,13.9,0.0
2025-04-19T21:00:00Z,0.01900000000023283,8.4,14.2,0.0
2025-04-19T22:00:00Z,0.018999999999778083,8.1,13.7,0.0
2025-04-19T23:00:00Z,0.018000000000029104,8.0,13.5,0.0
2025-04-20T00:00:00Z,0.01900000000023283,7.9,13.6,0.0
2025-04-20T01:00:00Z,0.018999999999778083,7.8,13.5,0.0
2025-04-20T02:00:00Z,0.018000000000029104,7.6,12.6,0.0
2025-04-20T03:00:00Z,0.01900000000023283,7.6,12.4,0.0
2025-04-20T04:00:00Z,0.018000000000029104,7.7,13.0,0.0
2025-04-20T05:00:00Z,0.016999999999825377,7.7,12.8,6.0
2025-04-20T06:00:00Z,0.018999999999778083,7.8,12.5,26.0
2025-04-20T07:00:00Z,0.018000000000029104,7.9,10.5,49.0
2025-04-20T08:00:00Z,0.018000000000029104,8.2,10.8,90.0
2025-04-20T09:00:00Z,0.018000000000029104,8.4,9.2,105.0
2025-04-20T10:00:00Z,0.016000000000076398,9.1,7.6,183.0
2025-04-20T11:00:00Z,0.018000000000029104,9.3,9.6,176.0
2025-04-20T12:00:00Z,0.018000000000029104,9.6,9.0,181.0
2025-04-20T13:00:00Z,0.018999999999778083,9.4,6.5,114.0
2025-04-20T14:00:00Z,1.412000000000262,9.2,5.3,88.0
2025-04-20T15:00:00Z,1.3229999999998654,9.4,4.3,91.0
2025-04-20T16:00:00Z,0.01900000000023283,9.4,3.6,69.0
2025-04-20T17:00:00Z,0.018000000000029104,8.9,4.6,35.0
2025-04-20T18:00:00Z,0.018999999999778083,8.6,5.3,14.0
2025-04-20T19:00:00Z,0.018000000000029104,8.1,5.4,1.0
2025-04-20T20:00:00Z,0.018999999999778083,7.9,5.5,0.0
2025-04-20T21:00:00Z,0.08100000000013097,7.9,4.5,0.0
2025-04-20T22:00:00Z,0.1590000000001055,7.9,4.0,0.0
2025-04-20T23:00:00Z,0.016000000000076398,7.9,4.3,0.0
2025-04-21T00:00:00Z,0.018000000000029104,8.0,4.5,0.0
2025-04-21T01:00:00Z,0.018999999999778083,7.9,4.2,0.0
2025-04-21T02:00:00Z,0.018000000000029104,7.8,1.9,0.0
2025-04-21T03:00:00Z,0.3609999999998763,7.8,2.8,0.0
2025-04-21T04:00:00Z,0.4030000000002474,8.1,3.5,0.0
2025-04-21T05:00:00Z,0.10799999999971988,8.4,5.4,18.0
2025-04-21T06:00:00Z,0.017000000000280124,8.9,0.4,77.0
2025-04-21T07:00:00Z,0.016999999999825377,9.8,2.3,165.0
2025-04-21T08:00:00Z,0.2290000000002692,10.6,3.6,253.0
2025-04-21T09:00:00Z,0.06099999999969441,11.1,6.1,320.0
2025-04-21T10:00:00Z,0.01900000000023283,11.4,8.3,411.0
2025-04-21T11:00:00Z,0.018000000000029104,11.6,10.7,449.0
2025-04-21T12:00:00Z,0.018000000000029104,11.1,12.4,327.0
2025-04-21T13:00:00Z,0.018999999999778083,11.1,10.3,417.0
2025-04-21T14:00:00Z,0.018000000000029104,11.2,6.7,314.0
2025-04-21T15:00:00Z,0.018000000000029104,11.6,7.7,285.0
2025-04-21T16:00:00Z,0.01900000000023283,11.2,6.1,155.0
2025-04-21T17:00:00Z,0.017999999999574356,10.9,8.4,142.0
2025-04-21T18:00:00Z,0.018000000000029104,9.6,9.2,56.0
2025-04-21T19:00:00Z,0.017000000000280124,8.8,7.6,3.0
2025-04-21T20:00:00Z,0.4780000000000655,7.4,5.5,0.0
2025-04-21T21:00:00Z,0.32600000000002183,6.7,5.1,0.0
2025-04-21T22:00:00Z,0.018999999999778083,6.1,4.6,0.0
2025-04-21T23:00:00Z,0.01900000000023283,6.2,5.1,0.0
2025-04-22T00:00:00Z,0.4329999999999927,6.2,5.8,0.0
2025-04-22T01:00:00Z,0.45499999999992724,7.0,6.6,0.0
2025-04-22T02:00:00Z,0.018000000000029104,6.9,3.5,0.0
2025-04-22T03:00:00Z,0.018999999999778083,6.6,8.7,0.0
2025-04-22T04:00:00Z,0.018000000000029104,6.3,7.8,0.0
2025-04-22T05:00:00Z,0.5019999999999527,6.3,5.7,11.0
2025-04-22T06:00:00Z,0.31199999999989814,6.8,7.6,50.0
2025-04-22T07:00:00Z,0.2680000000000291,8.6,6.3,297.0
2025-04-22T08:00:00Z,0.06500000000005457,10.6,7.2,418.0
2025-04-22T09:00:00Z,0.1710000000002765,12.2,8.8,452.0
2025-04-22T10:00:00Z,0.018999999999778083,12.9,8.9,370.0
2025-04-22T11:00:00Z,0.01900000000023283,14.1,11.1,509.0
2025-04-22T12:00:00Z,0.018000000000029104,14.2,13.6,493.0
2025-04-22T13:00:00Z,0.018999999999778083,12.4,8.6,129.0
2025-04-22T14:00:00Z,0.01900000000023283,13.4,10.8,305.0
2025-04-22T15:00:00Z,0.018999999999778083,13.8,10.5,320.0
2025-04-22T16:00:00Z,0.018000000000029104,13.3,9.2,181.0
2025-04-22T17:00:00Z,0.018000000000029104,12.9,8.8,127.0
2025-04-22T18:00:00Z,0.018000000000029104,12.1,6.3,49.0
2025-04-22T19:00:00Z,0.018000000000029104,11.1,7.5,4.0
2025-04-22T20:00:00Z,0.5589999999997417,10.2,7.8,0.0
2025-04-22T21:00:00Z,0.3670000000001892,9.6,7.2,0.0
2025-04-22T22:00:00Z,0.650000000000091,9.2,7.5,0.0
2025-04-22T23:00:00Z,0.4980000000000473,8.6,8.4,0.0
2025-04-23T00:00:00Z,0.13599999999996726,7.9,8.3,0.0
2025-04-23T01:00:00Z,0.7280000000000655,7.2,9.2,0.0
2025-04-23T02:00:00Z,0.2519999999999527,6.7,8.3,0.0
2025-04-23T03:00:00Z,0.5399999999999636,6.1,7.4,0.0
2025-04-23T04:00:00Z,0.3369999999999891,5.5,6.0,0.0
2025-04-23T05:00:00Z,0.018999999999778083,6.2,7.4,48.0
2025-04-23T06:00:00Z,0.4610000000002401,7.8,6.9,168.0
2025-04-23T07:00:00Z,0.018999999999778083,9.6,6.7,296.0
2025-04-23T08:00:00Z,0.018000000000029104,10.7,5.4,379.0
2025-04-23T09:00:00Z,0.01900000000023283,11.6,3.9,442.0
2025-04-23T10:00:00Z,0.018000000000029104,12.4,2.3,530.0
2025-04-23T11:00:00Z,0.017999999999574356,12.7,2.7,498.0
2025-04-23T12:00:00Z,0.01900000000023283,12.8,4.7,524.0
2025-04-23T13:00:00Z,0.018000000000029104,13.2,5.9,507.0
2025-04-23T14:00:00Z,0.018999999999778083,12.9,6.5,355.0
2025-04-23T15:00:00Z,0.018000000000029104,12.7,8.3,292.0
2025-04-23T16:00:00Z,0.018000000000029104,11.8,11.7,229.0
2025-04-23T17:00:00Z,0.018000000000029104,10.8,11.5,154.0
2025-04-23T18:00:00Z,0.018000000000029104,9.9,8.4,69.0
2025-04-23T19:00:00Z,0.018000000000029104,8.4,7.9,6.0
2025-04-23T20:00:00Z,0.5340000000001055,7.8,8.7,0.0
2025-04-23T21:00:00Z,0.29599999999982174,7.1,8.6,0.0
2025-04-23T22:00:00Z,0.6739999999999782,6.6,7.3,0.0
2025-04-23T23:00:00Z,0.3690000000001419,6.3,8.4,0.0
2025-04-24T00:00:00Z,0.3350000000000364,6.2,9.3,0.0
2025-04-24T01:00:00Z,0.6329999999998108,6.0,9.3,0.0
2025-04-24T02:00:00Z,0.5480000000002292,5.8,8.7,0.0
2025-04-24T03:00:00Z,0.018999999999778083,5.9,10.2,0.0
2025-04-24T04:00:00Z,0.018000000000029104,6.1,11.2,1.0
2025-04-24T05:00:00Z,0.018000000000029104,6.9,11.4,47.0
2025-04-24T06:00:00Z,0.3830000000002656,8.6,12.3,154.0
2025-04-24T07:00:00Z,0.2199999999997999,10.1,10.3,295.0
2025-04-24T08:00:00Z,0.016999999999825377,11.8,10.3,422.0
2025-04-24T09:00:00Z,0.01900000000023283,12.6,8.1,511.0
2025-04-24T10:00:00Z,0.018000000000029104,12.9,7.1,527.0
2025-04-24T11:00:00Z,0.018999999999778083,13.1,6.5,628.0
2025-04-24T12:00:00Z,0.018000000000029104,13.3,5.9,606.0
2025-04-24T13:00:00Z,0.018000000000029104,13.1,8.1,513.0
2025-04-24T14:00:00Z,0.018000000000029104,11.8,10.2,460.0
2025-04-24T15:00:00Z,0.018000000000029104,11.1,11.4,382.0
2025-04-24T16:00:00Z,0.018000000000029104,9.9,12.4,195.0
2025-04-24T17:00:00Z,0.018000000000029104,9.4,11.9,134.0
2025-04-24T18:00:00Z,0.018000000000029104,8.8,10.9,52.0
2025-04-24T19:00:00Z,0.016999999999825377,8.2,9.1,5.0
2025-04-24T20:00:00Z,0.5140000000001237,7.7,9.4,0.0
2025-04-24T21:00:00Z,0.2359999999998763,7.2,8.5,0.0
2025-04-24T22:00:00Z,0.018000000000029104,7.6,7.1,0.0
2025-04-24T23:00:00Z,0.48800000000028376,7.7,7.1,0.0
2025-04-25T00:00:00Z,0.2739999999998872,7.4,5.7,0.0
2025-04-25T01:00:00Z,0.13099999999985812,6.8,6.0,0.0
2025-04-25T02:00:00Z,0.01900000000023283,6.0,5.3,0.0
2025-04-25T03:00:00Z,0.42399999999997817,5.4,5.3,0.0
2025-04-25T04:00:00Z,0.5969999999997526,5.5,5.0,1.0
2025-04-25T05:00:00Z,0.11400000000003274,6.2,6.5,44.0
2025-04-25T06:00:00Z,0.6199999999998909,7.1,5.6,148.0
2025-04-25T07:00:00Z,0.1910000000002583,8.1,4.3,313.0
2025-04-25T08:00:00Z,0.016999999999825377,9.4,4.2,459.0
2025-04-25T09:00:00Z,0.018000000000029104,10.4,6.0,586.0
2025-04-25T10:00:00Z,0.01900000000023283,10.8,8.3,575.0
2025-04-25T11:00:00Z,0.018999999999778083,10.9,9.4,514.0
2025-04-25T12:00:00Z,0.018000000000029104,10.6,10.8,418.0
2025-04-25T13:00:00Z,0.01900000000023283,10.1,9.7,381.0
2025-04-25T14:00:00Z,0.017999999999574356,10.8,9.0,457.0
2025-04-25T15:00:00Z,0.01900000000023283,10.8,9.1,370.0
2025-04-25T16:00:00Z,0.018000000000029104,9.8,9.2,170.0
2025-04-25T17:00:00Z,0.018000000000029104,9.1,9.7,131.0
2025-04-25T18:00:00Z,0.018000000000029104,8.1,9.9,63.0
2025-04-25T19:00:00Z,0.016999999999825377,7.2,10.0,6.0
2025-04-25T20:00:00Z,0.5170000000002801,6.7,9.5,0.0
2025-04-25T21:00:00Z,0.2899999999999636,6.4,9.1,0.0
2025-04-25T22:00:00Z,0.5939999999995962,6.1,8.2,0.0
2025-04-25T23:00:00Z,0.27500000000009095,5.8,7.9,0.0
2025-04-26T00:00:00Z,0.05600000000004002,5.7,7.4,0.0
2025-04-26T01:00:00Z,0.43600000000014916,6.0,7.7,0.0
2025-04-26T02:00:00Z,0.58199999999988,6.1,7.9,0.0
2025-04-26T03:00:00Z,0.1410000000000764,5.6,7.8,0.0
2025-04-26T04:00:00Z,0.016999999999825377,5.4,9.0,1.0
2025-04-26T05:00:00Z,0.017000000000280124,6.6,10.0,44.0
2025-04-26T06:00:00Z,0.016999999999825377,7.3,9.4,106.0
2025-04-26T07:00:00Z,0.4470000000001164,7.9,8.7,146.0
2025-04-26T08:00:00Z,0.3249999999998181,8.8,8.7,231.0
2025-04-26T09:00:00Z,0.12600000000020373,9.1,7.6,221.0
2025-04-26T10:00:00Z,1.7849999999998545,9.7,7.1,286.0
2025-04-26T11:00:00Z,0.5929999999998472,10.2,7.6,330.0
2025-04-26T12:00:00Z,0.018000000000029104,10.2,11.4,383.0
2025-04-26T13:00:00Z,1.1900000000000546,10.8,12.5,454.0
2025-04-26T14:00:00Z,0.9390000000003056,10.6,12.6,449.0
2025-04-26T15:00:00Z,0.018999999999778083,10.4,11.9,379.0
2025-04-26T16:00:00Z,0.01900000000023283,10.2,10.9,304.0
2025-04-26T17:00:00Z,0.016999999999825377,9.7,10.2,183.0
2025-04-26T18:00:00Z,0.018000000000029104,8.8,9.3,83.0
2025-04-26T19:00:00Z,0.018000000000029104,7.7,9.0,9.0
2025-04-26T20:00:00Z,0.018000000000029104,7.1,9.7,0.0
2025-04-26T21:00:00Z,0.016999999999825377,6.6,10.1,0.0
2025-04-26T22:00:00Z,0.5950000000002547,6.3,9.7,0.0
2025-04-26T23:00:00Z,0.3149999999995998,5.8,8.5,0.0
2025-04-27T00:00:00Z,0.5280000000002474,4.9,6.5,0.0
2025-04-27T01:00:00Z,0.5500000000001819,4.9,8.4,0.0
2025-04-27T02:00:00Z,0.14699999999993452,5.1,9.5,0.0
2025-04-27T03:00:00Z,0.8489999999997053,5.0,9.1,0.0
2025-04-27T04:00:00Z,0.5760000000000218,5.0,9.1,2.0
2025-04-27T05:00:00Z,0.5620000000003529,6.1,11.1,68.0
2025-04-27T06:00:00Z,0.2359999999998763,7.5,11.1,203.0
2025-04-27T07:00:00Z,0.018000000000029104,8.5,11.3,356.0
2025-04-27T08:00:00Z,0.016000000000076398,9.2,11.1,501.0
2025-04-27T09:00:00Z,0.016999999999825377,9.8,12.5,624.0
2025-04-27T10:00:00Z,0.018000000000029104,10.3,14.1,713.0
2025-04-27T11:00:00Z,0.018000000000029104,10.6,15.9,765.0
2025-04-27T12:00:00Z,0.018999999999778083,11.2,15.3,769.0
2025-04-27T13:00:00Z,0.018000000000029104,11.9,16.5,730.0
2025-04-27T14:00:00Z,0.017000000000280124,12.0,16.5,649.0
2025-04-27T15:00:00Z,0.018000000000029104,12.0,15.0,531.0
2025-04-27T16:00:00Z,0.016999999999825377,11.7,13.6,394.0
2025-04-27T17:00:00Z,0.016999999999825377,10.9,11.5,246.0
2025-04-27T18:00:00Z,0.018000000000029104,9.6,12.2,104.0
2025-04-27T19:00:00Z,0.018000000000029104,8.6,11.7,11.0
2025-04-27T20:00:00Z,0.07700000000022555,7.8,10.1,0.0
2025-04-27T21:00:00Z,0.1089999999999236,7.2,10.3,0.0
2025-04-27T22:00:00Z,0.5679999999997563,7.1,11.6,0.0
2025-04-27T23:00:00Z,0.54300000000012,6.6,8.3,0.0
2025-04-28T00:00:00Z,0.525000000000091,5.9,7.7,0.0
2025-04-28T01:00:00Z,0.5309999999999491,3.9,6.0,0.0
2025-04-28T02:00:00Z,0.5329999999999018,3.5,4.7,0.0
2025-04-28T03:00:00Z,0.5599999999999454,3.2,5.1,0.0
2025-04-28T04:00:00Z,0.55600000000004,3.0,5.4,3.0
2025-04-28T05:00:00Z,0.5579999999999927,5.3,5.9,70.0
2025-04-28T06:00:00Z,0.2780000000002474,7.7,5.3,198.0
2025-04-28T07:00:00Z,0.018999999999778083,10.2,4.8,325.0
2025-04-28T08:00:00Z,0.018000000000029104,12.9,6.2,494.0
2025-04-28T09:00:00Z,0.01900000000023283,14.4,7.9,614.0
2025-04-28T10:00:00Z,0.018999999999778083,15.3,9.6,691.0
2025-04-28T11:00:00Z,0.018000000000029104,15.9,11.5,719.0
2025-04-28T12:00:00Z,0.01900000000023283,16.3,13.8,699.0
2025-04-28T13:00:00Z,0.018000000000029104,17.1,16.0,701.0
2025-04-28T14:00:00Z,0.018999999999778083,16.9,17.3,596.0
2025-04-28T15:00:00Z,0.018000000000029104,16.5,17.3,503.0
2025-04-28T16:00:00Z,0.018999999999778083,15.9,14.3,292.0
2025-04-28T17:00:00Z,0.018000000000029104,15.5,13.9,212.0
2025-04-28T18:00:00Z,0.018000000000029104,14.4,14.7,99.0
2025-04-28T19:00:00Z,0.018000000000029104,13.4,15.9,11.0
2025-04-28T20:00:00Z,0.018000000000029104,12.5,17.1,0.0
2025-04-28T21:00:00Z,0.01900000000023283,11.6,17.6,0.0
2025-04-28T22:00:00Z,0.016999999999825377,11.0,17.4,0.0
2025-04-28T23:00:00Z,0.016999999999825377,10.6,18.0,0.0
2025-04-29T00:00:00Z,0.018000000000029104,10.2,18.2,0.0
2025-04-29T01:00:00Z,0.018000000000029104,10.4,17.8,0.0
2025-04-29T02:00:00Z,0.14800000000013824,10.0,17.4,0.0
2025-04-29T03:00:00Z,0.06199999999989814,9.8,17.8,0.0
2025-04-29T04:00:00Z,0.05900000000019645,9.6,18.3,3.0
2025-04-29T05:00:00Z,0.018999999999778083,10.3,19.2,65.0
2025-04-29T06:00:00Z,0.01900000000023283,11.4,18.6,187.0
2025-04-29T07:00:00Z,0.016999999999825377,12.4,21.5,325.0
2025-04-29T08:00:00Z,0.01900000000023283,13.1,21.7,481.0
2025-04-29T09:00:00Z,0.018000000000029104,13.8,20.5,605.0
2025-04-29T10:00:00Z,0.018999999999778083,14.3,19.5,693.0
2025-04-29T11:00:00Z,0.01900000000023283,14.9,18.0,743.0
2025-04-29T12:00:00Z,0.018999999999778083,15.4,17.5,749.0
2025-04-29T13:00:00Z,0.018000000000029104,15.9,16.9,713.0
2025-04-29T14:00:00Z,0.018000000000029104,15.9,16.9,623.0
2025-04-29T15:00:00Z,0.018000000000029104,15.9,16.4,496.0
2025-04-29T16:00:00Z,0.018999999999778083,15.6,15.8,346.0
2025-04-29T17:00:00Z,0.018000000000029104,15.1,14.4,220.0
2025-04-29T18:00:00Z,0.01900000000023283,13.9,13.2,105.0
2025-04-29T19:00:00Z,0.018000000000029104,12.6,12.7,13.0
2025-04-29T20:00:00Z,0.018000000000029104,11.6,12.2,0.0
2025-04-29T21:00:00Z,0.018999999999778083,11.1,12.3,0.0
2025-04-29T22:00:00Z,0.018000000000029104,10.6,12.1,0.0
2025-04-29T23:00:00Z,0.018000000000029104,10.3,12.8,0.0
2025-04-30T00:00:00Z,0.018000000000029104,9.9,14.0,0.0
2025-04-30T01:00:00Z,0.06700000000000728,9.6,14.7,0.0
2025-04-30T02:00:00Z,0.018999999999778083,9.5,15.8,0.0
2025-04-30T03:00:00Z,0.01900000000023283,9.4,16.1,0.0
2025-04-30T04:00:00Z,0.018999999999778083,9.4,16.4,4.0
2025-04-30T05:00:00Z,0.1020000000003165,10.2,16.4,72.0
2025-04-30T06:00:00Z,0.018000000000029104,11.6,14.9,199.0
2025-04-30T07:00:00Z,0.018999999999778083,13.1,15.0,343.0
2025-04-30T08:00:00Z,0.01999999999998181,14.6,15.8,484.0
2025-04-30T09:00:00Z,0.01900000000023283,15.9,17.1,597.0
2025-04-30T10:00:00Z,0.018000000000029104,16.8,19.6,688.0
2025-04-30T11:00:00Z,0.018999999999778083,17.4,20.4,729.0
2025-04-30T12:00:00Z,0.01999999999998181,17.6,19.3,692.0
2025-04-30T13:00:00Z,0.01900000000023283,17.8,20.0,671.0
2025-04-30T14:00:00Z,0.018999999999778083,17.5,18.8,566.0
2025-04-30T15:00:00Z,0.01900000000023283,17.6,17.9,488.0
2025-04-30T16:00:00Z,0.018999999999778083,17.5,17.1,337.0
2025-04-30T17:00:00Z,0.01900000000023283,17.0,13.8,210.0
2025-04-30T18:00:00Z,0.017999999999574356,16.0,9.8,94.0
2025-04-30T19:00:00Z,0.018000000000029104,14.7,7.8,13.0
2025-04-30T20:00:00Z,0.01900000000023283,13.1,6.6,0.0
2025-04-30T21:00:00Z,0.018000000000029104,12.0,5.8,0.0
2025-04-30T22:00:00Z,0.018000000000029104,11.2,4.3,0.0
2025-04-30T23:00:00Z,0.018000000000029104,10.1,3.2,0.0
2025-05-01T00:00:00Z,0.016999999999825377,9.2,2.1,0.0
2025-05-01T01:00:00Z,0.41200000000026193,8.1,2.6,0.0
2025-05-01T02:00:00Z,0.4169999999999163,8.0,2.1,0.0
2025-05-01T03:00:00Z,0.4659999999998945,8.1,1.0,0.0
2025-05-01T04:00:00Z,0.5979999999999563,7.7,3.2,5.0
2025-05-01T05:00:00Z,0.15200000000004366,9.4,6.1,78.0
2025-05-01T06:00:00Z,0.018999999999778083,11.2,6.6,208.0
2025-05-01T07:00:00Z,0.018000000000029104,12.6,8.1,353.0
2025-05-01T08:00:00Z,0.018000000000029104,14.1,9.4,481.0
2025-05-01T09:00:00Z,0.01900000000023283,15.8,10.1,579.0
2025-05-01T10:00:00Z,0.018999999999778083,17.2,10.6,684.0
2025-05-01T11:00:00Z,0.01900000000023283,18.1,10.7,730.0
2025-05-01T12:00:00Z,0.018000000000029104,18.7,10.2,737.0
2025-05-01T13:00:00Z,0.018999999999778083,19.1,9.4,697.0
2025-05-01T14:00:00Z,0.01900000000023283,19.2,9.4,641.0
2025-05-01T15:00:00Z,0.018000000000029104,19.0,10.0,524.0
2025-05-01T16:00:00Z,0.018999999999778083,18.6,9.6,396.0
2025-05-01T17:00:00Z,0.01900000000023283,17.9,9.0,241.0
2025-05-01T18:00:00Z,0.018000000000029104,16.6,8.6,107.0
2025-05-01T19:00:00Z,0.017999999999574356,14.8,9.5,16.0
2025-05-01T20:00:00Z,0.018000000000029104,14.2,11.2,0.0
2025-05-01T21:00:00Z,0.01900000000023283,13.9,13.4,0.0
2025-05-01T22:00:00Z,0.016999999999825377,13.8,15.5,0.0
2025-05-01T23:00:00Z,0.01900000000023283,14.1,15.3,0.0
2025-05-02T00:00:00Z,0.018000000000029104,14.6,16.5,0.0
2025-05-02T01:00:00Z,0.018999999999778083,14.4,15.3,0.0
2025-05-02T02:00:00Z,0.018000000000029104,13.9,15.1,0.0
2025-05-02T03:00:00Z,0.018000000000029104,12.7,13.6,0.0
2025-05-02T04:00:00Z,0.018000000000029104,11.9,12.5,6.0
2025-05-02T05:00:00Z,0.018000000000029104,12.6,12.3,78.0
2025-05-02T06:00:00Z,0.018000000000029104,14.1,12.1,207.0
2025-05-02T07:00:00Z,0.018000000000029104,15.8,12.1,323.0
2025-05-02T08:00:00Z,0.018999999999778083,16.6,18.1,433.0
2025-05-02T09:00:00Z,0.018000000000029104,15.8,18.7,428.0
2025-05-02T10:00:00Z,0.018000000000029104,14.8,16.1,400.0
2025-05-02T11:00:00Z,0.018000000000029104,14.9,18.7,538.0
2025-05-02T12:00:00Z,0.01900000000023283,15.0,16.5,551.0
2025-05-02T13:00:00Z,0.018000000000029104,15.4,16.5,624.0
2025-05-02T14:00:00Z,0.018999999999778083,15.4,19.0,602.0
2025-05-02T15:00:00Z,0.018000000000029104,14.9,20.0,475.0
2025-05-02T16:00:00Z,0.018999999999778083,14.3,20.0,363.0
2025-05-02T17:00:00Z,0.018000000000029104,13.7,18.8,258.0
2025-05-02T18:00:00Z,0.018000000000029104,12.6,15.8,120.0
2025-05-02T19:00:00Z,0.01900000000023283,11.1,15.4,19.0
2025-05-02T20:00:00Z,0.018000000000029104,10.1,15.5,0.0
2025-05-02T21:00:00Z,0.2680000000000291,9.4,16.2,0.0
2025-05-02T22:00:00Z,0.018999999999778083,9.1,17.3,0.0
2025-05-02T23:00:00Z,0.01999999999998181,8.6,17.6,0.0
2025-05-03T00:00:00Z,0.525000000000091,8.1,17.7,0.0
2025-05-03T01:00:00Z,0.5239999999998872,7.7,17.2,0.0
2025-05-03T02:00:00Z,0.4600000000000364,7.2,15.5,0.0
2025-05-03T03:00:00Z,0.568000000000211,7.1,15.7,0.0
2025-05-03T04:00:00Z,0.0909999999998945,7.7,16.4,5.0
2025-05-03T05:00:00Z,0.018999999999778083,8.5,17.8,60.0
2025-05-03T06:00:00Z,0.01900000000023283,9.5,18.0,156.0
2025-05-03T07:00:00Z,0.018999999999778083,10.2,20.1,274.0
2025-05-03T08:00:00Z,0.23100000000022192,10.8,19.9,358.0
2025-05-03T09:00:00Z,0.018999999999778083,11.5,21.3,406.0
2025-05-03T10:00:00Z,1.6380000000003747,12.4,21.5,481.0
2025-05-03T11:00:00Z,0.8989999999998872,13.4,19.3,584.0
2025-05-03T12:00:00Z,1.36200000000008,13.1,19.8,409.0
2025-05-03T13:00:00Z,0.81899999999996,13.2,18.5,428.0
2025-05-03T14:00:00Z,0.018000000000029104,11.6,18.3,155.0
2025-05-03T15:00:00Z,0.018000000000029104,11.1,17.0,120.0
2025-05-03T16:00:00Z,0.018000000000029104,10.4,15.4,101.0
2025-05-03T17:00:00Z,0.017999999999574356,9.9,13.0,54.0
2025-05-03T18:00:00Z,0.01900000000023283,9.4,12.5,23.0
2025-05-03T19:00:00Z,0.018000000000029104,8.9,11.5,4.0
2025-05-03T20:00:00Z,0.018000000000029104,8.6,13.1,0.0
2025-05-03T21:00:00Z,0.018000000000029104,8.1,17.5,0.0
2025-05-03T22:00:00Z,0.018000000000029104,7.5,15.4,0.0
2025-05-03T23:00:00Z,0.4169999999999163,7.3,13.0,0.0
2025-05-04T00:00:00Z,0.29500000000007276,6.4,13.5,0.0
2025-05-04T01:00:00Z,0.4490000000000691,5.8,13.7,0.0
2025-05-04T02:00:00Z,0.45100000000002183,5.4,13.0,0.0
2025-05-04T03:00:00Z,0.40499999999974534,5.3,13.6,0.0
2025-05-04T04:00:00Z,0.5239999999998872,5.3,14.5,8.0
2025-05-04T05:00:00Z,0.018000000000029104,6.1,15.8,69.0
2025-05-04T06:00:00Z,0.01900000000023283,7.8,15.5,163.0
2025-05-04T07:00:00Z,1.7699999999999818,9.4,18.2,332.0
2025-05-04T08:00:00Z,0.81899999999996,9.7,18.4,389.0
2025-05-04T09:00:00Z,0.018000000000029104,10.1,22.4,522.0
2025-05-04T10:00:00Z,0.018999999999778083,11.1,21.6,596.0
2025-05-04T11:00:00Z,0.01900000000023283,11.2,19.3,545.0
2025-05-04T12:00:00Z,0.018000000000029104,11.6,20.4,672.0
2025-05-04T13:00:00Z,0.018999999999778083,11.1,21.8,707.0
2025-05-04T14:00:00Z,0.018000000000029104,10.9,22.3,617.0
2025-05-04T15:00:00Z,0.01900000000023283,10.6,20.9,515.0
2025-05-04T16:00:00Z,0.018000000000029104,10.3,19.5,391.0
2025-05-04T17:00:00Z,0.018000000000029104,9.7,17.3,248.0
2025-05-04T18:00:00Z,0.018999999999778083,8.7,13.9,123.0
2025-05-04T19:00:00Z,0.018000000000029104,7.9,15.8,20.0
2025-05-04T20:00:00Z,0.3939999999997781,6.7,10.6,0.0
2025-05-04T21:00:00Z,0.3330000000000837,6.2,7.5,0.0
2025-05-04T22:00:00Z,0.13000000000010914,5.6,12.3,0.0
2025-05-04T23:00:00Z,0.018000000000029104,5.0,4.6,0.0
2025-05-05T00:00:00Z,0.16800000000012005,5.4,5.3,0.0
2025-05-05T01:00:00Z,0.6340000000000146,4.3,7.2,0.0
2025-05-05T02:00:00Z,0.5829999999996289,3.8,7.4,0.0
2025-05-05T03:00:00Z,0.5340000000001055,3.5,7.3,0.0
2025-05-05T04:00:00Z,0.5440000000003238,3.0,6.6,10.0
2025-05-05T05:00:00Z,0.5629999999996471,4.0,8.9,98.0
2025-05-05T06:00:00Z,0.3969999999999345,5.6,6.7,238.0
2025-05-05T07:00:00Z,0.018000000000029104,7.1,3.2,391.0
2025-05-05T08:00:00Z,0.01900000000023283,8.4,1.9,536.0
2025-05-05T09:00:00Z,0.018999999999778083,9.4,1.5,658.0
2025-05-05T10:00:00Z,0.01900000000023283,10.3,2.0,748.0
2025-05-05T11:00:00Z,0.018000000000029104,11.4,4.1,794.0
2025-05-05T12:00:00Z,0.018999999999778083,12.1,7.6,781.0
2025-05-05T13:00:00Z,0.01900000000023283,12.1,10.2,746.0
2025-05-05T14:00:00Z,0.018999999999778083,12.1,12.6,672.0
2025-05-05T15:00:00Z,0.018000000000029104,11.9,14.8,547.0
2025-05-05T16:00:00Z,0.018000000000029104,11.4,12.5,423.0
2025-05-05T17:00:00Z,0.018000000000029104,10.8,11.0,276.0
2025-05-05T18:00:00Z,0.018000000000029104,9.6,14.4,127.0
2025-05-05T19:00:00Z,0.018000000000029104,8.2,14.7,24.0
2025-05-05T20:00:00Z,0.26299999999991996,7.4,18.5,0.0
2025-05-05T21:00:00Z,0.5140000000001237,7.6,18.8,0.0
2025-05-05T22:00:00Z,0.2179999999998472,7.2,17.4,0.0
2025-05-05T23:00:00Z,0.70699999999988,6.8,15.7,0.0
2025-05-06T00:00:00Z,0.262000000000171,6.3,15.2,0.0
2025-05-06T01:00:00Z,0.01900000000023283,6.2,17.0,0.0
2025-05-06T02:00:00Z,0.40399999999999636,7.1,16.9,0.0
2025-05-06T03:00:00Z,0.5809999999996762,7.8,17.1,0.0
2025-05-06T04:00:00Z,0.11900000000014188,8.2,14.6,5.0
2025-05-06T05:00:00Z,0.018999999999778083,8.9,15.6,78.0
2025-05-06T06:00:00Z,0.01999999999998181,10.0,15.6,225.0
2025-05-06T07:00:00Z,0.01900000000023283,11.4,17.1,375.0
2025-05-06T08:00:00Z,0.018999999999778083,12.4,16.6,441.0
2025-05-06T09:00:00Z,0.01999999999998181,13.1,15.5,620.0
2025-05-06T10:00:00Z,0.020000000000436557,13.9,16.1,727.0
2025-05-06T11:00:00Z,0.018999999999778083,14.1,18.0,789.0
2025-05-06T12:00:00Z,0.01900000000023283,13.8,18.9,806.0
2025-05-06T13:00:00Z,0.01999999999998181,13.4,19.9,771.0
2025-05-06T14:00:00Z,0.018999999999778083,13.2,19.3,691.0
2025-05-06T15:00:00Z,0.01999999999998181,12.9,18.0,577.0
2025-05-06T16:00:00Z,0.01900000000023283,12.5,18.5,432.0
2025-05-06T17:00:00Z,0.018999999999778083,11.7,18.0,280.0
2025-05-06T18:00:00Z,0.018000000000029104,10.7,14.2,119.0
2025-05-06T19:00:00Z,0.018999999999778083,9.9,15.4,22.0
2025-05-06T20:00:00Z,0.16900000000032378,9.2,15.1,0.0
2025-05-06T21:00:00Z,0.5229999999996835,8.9,14.0,0.0
2025-05-06T22:00:00Z,0.23900000000003274,8.6,11.9,0.0
2025-05-06T23:00:00Z,0.5970000000002074,8.2,16.9,0.0
2025-05-07T00:00:00Z,0.023999999999887223,8.2,16.0,0.0
2025-05-07T01:00:00Z,0.07400000000006912,7.5,13.5,0.0
2025-05-07T02:00:00Z,0.01900000000023283,7.2,10.9,0.0
2025-05-07T03:00:00Z,0.42299999999977445,6.8,8.0,0.0
2025-05-07T04:00:00Z,0.6280000000001564,6.4,5.7,12.0
2025-05-07T05:00:00Z,0.2199999999997999,8.1,6.7,102.0
2025-05-07T06:00:00Z,0.5390000000002146,9.2,7.7,239.0
2025-05-07T07:00:00Z,0.018999999999778083,10.1,8.1,387.0
2025-05-07T08:00:00Z,0.01900000000023283,10.8,8.3,525.0
2025-05-07T09:00:00Z,0.018999999999778083,11.6,8.5,649.0
2025-05-07T10:00:00Z,0.01900000000023283,12.2,8.8,738.0
2025-05-07T11:00:00Z,0.018000000000029104,12.9,8.3,782.0
2025-05-07T12:00:00Z,0.016999999999825377,13.6,8.5,807.0
2025-05-07T13:00:00Z,0.018999999999778083,14.0,9.2,669.0
2025-05-07T14:00:00Z,0.01900000000023283,14.1,9.8,554.0
2025-05-07T15:00:00Z,0.018999999999778083,14.1,8.1,442.0
2025-05-07T16:00:00Z,0.018000000000029104,13.8,5.4,343.0
2025-05-07T17:00:00Z,0.018000000000029104,13.4,2.3,234.0
2025-05-07T18:00:00Z,0.01900000000023283,12.6,0.4,135.0
2025-05-07T19:00:00Z,0.016999999999825377,10.6,2.3,28.0
2025-05-07T20:00:00Z,0.13999999999987267,9.1,5.2,0.0
2025-05-07T21:00:00Z,0.01900000000023283,8.6,6.2,0.0
2025-05-07T22:00:00Z,0.5209999999997308,8.1,6.8,0.0
2025-05-07T23:00:00Z,0.6140000000000327,7.4,6.6,0.0
2025-05-08T00:00:00Z,0.5109999999999673,6.4,5.7,0.0
2025-05-08T01:00:00Z,0.5300000000002001,5.6,8.2,0.0
2025-05-08T02:00:00Z,0.07000000000016371,5.8,9.8,0.0
2025-05-08T03:00:00Z,0.3979999999996835,5.6,9.3,0.0
2025-05-08T04:00:00Z,0.4750000000003638,5.7,8.9,13.0
2025-05-08T05:00:00Z,0.018999999999778083,7.1,9.2,95.0
2025-05-08T06:00:00Z,0.01900000000023283,8.9,6.8,186.0
2025-05-08T07:00:00Z,0.018999999999778083,10.3,6.9,301.0
2025-05-08T08:00:00Z,0.018000000000029104,11.8,6.5,545.0
2025-05-08T09:00:00Z,0.018999999999778083,12.5,6.4,650.0
2025-05-08T10:00:00Z,0.01900000000023283,13.1,5.8,681.0
2025-05-08T11:00:00Z,0.018999999999778083,13.8,4.3,696.0
2025-05-08T12:00:00Z,0.01900000000023283,14.4,5.4,691.0
2025-05-08T13:00:00Z,0.018999999999778083,14.2,11.2,654.0
2025-05-08T14:00:00Z,0.017000000000280124,13.7,11.3,467.0
2025-05-08T15:00:00Z,0.018999999999778083,12.7,11.3,339.0
2025-05-08T16:00:00Z,0.018000000000029104,12.7,9.6,309.0
2025-05-08T17:00:00Z,0.01900000000023283,12.8,8.1,261.0
2025-05-08T18:00:00Z,0.018000000000029104,12.1,4.2,135.0
2025-05-08T19:00:00Z,0.018000000000029104,10.4,1.2,30.0
2025-05-08T20:00:00Z,0.0729999999998654,9.1,1.7,0.0
2025-05-08T21:00:00Z,0.018000000000029104,8.2,2.7,0.0
2025-05-08T22:00:00Z,0.2019999999997708,7.6,2.6,0.0
2025-05-08T23:00:00Z,0.66800000000012,6.8,4.9,0.0
2025-05-09T00:00:00Z,0.44399999999996,6.4,5.9,0.0
2025-05-09T01:00:00Z,0.01900000000023283,6.3,9.6,0.0
2025-05-09T02:00:00Z,0.7439999999996871,6.0,8.8,0.0
2025-05-09T03:00:00Z,0.6880000000001019,5.5,7.2,0.0
2025-05-09T04:00:00Z,0.5280000000002474,6.1,9.2,15.0
2025-05-09T05:00:00Z,0.14699999999993452,7.8,10.8,104.0
2025-05-09T06:00:00Z,0.018000000000029104,10.1,10.0,237.0
2025-05-09T07:00:00Z,0.018999999999778083,11.9,11.1,377.0
2025-05-09T08:00:00Z,0.01900000000023283,13.6,13.5,525.0
2025-05-09T09:00:00Z,0.018999999999778083,14.9,15.7,629.0
2025-05-09T10:00:00Z,0.01900000000023283,15.6,19.0,720.0
2025-05-09T11:00:00Z,0.018000000000029104,16.0,20.2,773.0
2025-05-09T12:00:00Z,0.018999999999778083,15.8,20.4,788.0
2025-05-09T13:00:00Z,0.018000000000029104,15.4,21.6,669.0
2025-05-09T14:00:00Z,0.018999999999778083,15.4,22.8,438.0
2025-05-09T15:00:00Z,0.018000000000029104,14.2,20.2,239.0
2025-05-09T16:00:00Z,0.018000000000029104,13.8,18.6,179.0
2025-05-09T17:00:00Z,0.01900000000023283,13.6,20.5,103.0
2025-05-09T18:00:00Z,0.018000000000029104,13.3,17.2,74.0
2025-05-09T19:00:00Z,0.018000000000029104,13.0,11.9,15.0
2025-05-09T20:00:00Z,0.018000000000029104,12.7,10.6,0.0
2025-05-09T21:00:00Z,0.018000000000029104,11.6,9.7,0.0
2025-05-09T22:00:00Z,0.017999999999574356,10.9,9.4,0.0
2025-05-09T23:00:00Z,0.018000000000029104,10.9,9.1,0.0
2025-05-10T00:00:00Z,0.018000000000029104,10.7,9.9,0.0
2025-05-10T01:00:00Z,0.017000000000280124,9.9,10.5,0.0
2025-05-10T02:00:00Z,0.018000000000029104,9.8,9.7,0.0
2025-05-10T03:00:00Z,0.018000000000029104,9.6,8.7,0.0
2025-05-10T04:00:00Z,0.018000000000029104,8.9,7.6,14.0
2025-05-10T05:00:00Z,0.017999999999574356,9.8,7.2,100.0
2025-05-10T06:00:00Z,0.018000000000029104,10.9,6.0,192.0
2025-05-10T07:00:00Z,0.018000000000029104,11.8,3.4,193.0
2025-05-10T08:00:00Z,0.018000000000029104,12.4,1.9,217.0
2025-05-10T09:00:00Z,0.018000000000029104,13.0,4.9,297.0
2025-05-10T10:00:00Z,0.018000000000029104,13.1,8.5,310.0
2025-05-10T11:00:00Z,0.13500000000021828,12.1,15.0,268.0
2025-05-10T12:00:00Z,1.806999999999789,12.1,15.0,292.0
2025-05-10T13:00:00Z,0.650000000000091,10.2,16.2,216.0
2025-05-10T14:00:00Z,0.018999999999778083,10.1,16.8,231.0
2025-05-10T15:00:00Z,0.018000000000029104,10.1,16.4,280.0
2025-05-10T16:00:00Z,0.01900000000023283,9.8,15.2,187.0
2025-05-10T17:00:00Z,0.018000000000029104,9.4,14.3,93.0
2025-05-10T18:00:00Z,0.018999999999778083,9.1,13.6,45.0
2025-05-10T19:00:00Z,0.018000000000029104,8.5,13.8,28.0
2025-05-10T20:00:00Z,0.21700000000009823,8.0,13.6,0.0
2025-05-10T21:00:00Z,0.016999999999825377,7.8,12.9,0.0
2025-05-10T22:00:00Z,0.018000000000029104,7.7,12.6,0.0
2025-05-10T23:00:00Z,0.01900000000023283,7.6,14.0,0.0
2025-05-11T00:00:00Z,0.018999999999778083,7.5,14.0,0.0
2025-05-11T01:00:00Z,0.1610000000000582,7.2,13.2,0.0
2025-05-11T02:00:00Z,0.5239999999998872,6.9,12.7,0.0
2025-05-11T03:00:00Z,0.2270000000003165,6.8,12.2,0.0
2025-05-11T04:00:00Z,0.6179999999999382,7.1,11.9,18.0
2025-05-11T05:00:00Z,0.17399999999997817,8.1,12.4,112.0
2025-05-11T06:00:00Z,0.018000000000029104,8.8,14.3,239.0
2025-05-11T07:00:00Z,0.018999999999778083,9.4,14.4,364.0
2025-05-11T08:00:00Z,0.018000000000029104,9.9,15.2,462.0
2025-05-11T09:00:00Z,0.01900000000023283,10.2,15.4,555.0
2025-05-11T10:00:00Z,0.018000000000029104,10.9,15.2,701.0
2025-05-11T11:00:00Z,0.38400000000001455,11.4,14.0,749.0
2025-05-11T12:00:00Z,1.7649999999998727,11.5,14.1,789.0
2025-05-11T13:00:00Z,0.40499999999974534,10.8,14.5,746.0
2025-05-11T14:00:00Z,0.018000000000029104,10.8,14.1,693.0
2025-05-11T15:00:00Z,0.01900000000023283,10.6,13.4,587.0
2025-05-11T16:00:00Z,0.018000000000029104,10.3,12.7,445.0
2025-05-11T17:00:00Z,0.018000000000029104,9.9,11.6,291.0
2025-05-11T18:00:00Z,0.018000000000029104,9.2,10.7,146.0
2025-05-11T19:00:00Z,0.018000000000029104,8.3,7.7,36.0
2025-05-11T20:00:00Z,0.018000000000029104,7.4,5.5,0.0
2025-05-11T21:00:00Z,0.2300000000000182,6.7,5.0,0.0
2025-05-11T22:00:00Z,0.63799999999992,6.6,5.5,0.0
2025-05-11T23:00:00Z,0.2519999999999527,6.5,5.5,0.0
2025-05-12T00:00:00Z,0.018000000000029104,5.9,5.3,0.0
2025-05-12T01:00:00Z,0.2899999999999636,5.3,6.0,0.0
2025-05-12T02:00:00Z,0.8449999999997999,5.3,6.1,0.0
2025-05-12T03:00:00Z,0.581000000000131,5.4,6.5,0.0
2025-05-12T04:00:00Z,0.5579999999999927,6.2,7.7,19.0
2025-05-12T05:00:00Z,0.5419999999999163,7.4,9.8,116.0
2025-05-12T06:00:00Z,0.5770000000002256,8.3,9.9,256.0
2025-05-12T07:00:00Z,0.04599999999982174,8.9,8.7,285.0
2025-05-12T08:00:00Z,0.018000000000029104,9.5,8.6,352.0
2025-05-12T09:00:00Z,0.018000000000029104,9.9,9.6,416.0
2025-05-12T10:00:00Z,0.018000000000029104,10.1,9.1,400.0
2025-05-12T11:00:00Z,0.018999999999778083,10.4,8.8,428.0
2025-05-12T12:00:00Z,0.018000000000029104,10.8,9.2,477.0
2025-05-12T13:00:00Z,0.01900000000023283,11.7,7.8,601.0
2025-05-12T14:00:00Z,0.018000000000029104,12.2,7.6,623.0
2025-05-12T15:00:00Z,0.018999999999778083,12.4,6.8,575.0
2025-05-12T16:00:00Z,0.018000000000029104,12.1,7.9,415.0
2025-05-12T17:00:00Z,0.018000000000029104,11.6,8.8,243.0
2025-05-12T18:00:00Z,0.018000000000029104,10.9,7.1,137.0
2025-05-12T19:00:00Z,0.01900000000023283,9.4,4.5,37.0
2025-05-12T20:00:00Z,0.23299999999971988,8.4,4.1,0.0
2025-05-12T21:00:00Z,0.5300000000002001,7.8,4.7,0.0
2025-05-12T22:00:00Z,0.20699999999987995,7.2,4.9,0.0
2025-05-12T23:00:00Z,0.016999999999825377,7.6,6.4,0.0
2025-05-13T00:00:00Z,0.018000000000029104,7.6,7.9,0.0
2025-05-13T01:00:00Z,0.15800000000035652,6.3,7.4,0.0
2025-05-13T02:00:00Z,0.5539999999996326,6.6,8.2,0.0
2025-05-13T03:00:00Z,0.3079999999999927,6.6,9.8,0.0
2025-05-13T04:00:00Z,0.018000000000029104,7.2,11.5,18.0
2025-05-13T05:00:00Z,0.018000000000029104,8.9,12.6,114.0
2025-05-13T06:00:00Z,0.01900000000023283,11.1,11.5,254.0
2025-05-13T07:00:00Z,0.018000000000029104,13.2,13.2,399.0
2025-05-13T08:00:00Z,0.018999999999778083,15.1,15.5,536.0
2025-05-13T09:00:00Z,0.018000000000029104,16.4,17.2,653.0
2025-05-13T10:00:00Z,0.5070000000000618,17.2,18.0,718.0
2025-05-13T11:00:00Z,1.5720000000001164,17.9,18.9,742.0
2025-05-13T12:00:00Z,0.25999999999976353,18.3,20.4,749.0
2025-05-13T13:00:00Z,0.018000000000029104,18.7,21.2,694.0
2025-05-13T14:00:00Z,0.01900000000023283,18.6,22.6,680.0
2025-05-13T15:00:00Z,0.018000000000029104,18.6,23.2,561.0
2025-05-13T16:00:00Z,0.01599999999962165,18.3,23.7,416.0
2025-05-13T17:00:00Z,0.018000000000029104,17.4,22.4,259.0
2025-05-13T18:00:00Z,0.018000000000029104,16.2,19.0,109.0
2025-05-13T19:00:00Z,0.017000000000280124,15.1,18.0,26.0
2025-05-13T20:00:00Z,0.018000000000029104,14.6,18.7,0.0
2025-05-13T21:00:00Z,0.017999999999574356,13.9,16.7,0.0
2025-05-13T22:00:00Z,0.018000000000029104,12.9,15.1,0.0
2025-05-13T23:00:00Z,0.018000000000029104,11.8,14.6,0.0
2025-05-14T00:00:00Z,0.018000000000029104,10.8,15.0,0.0
2025-05-14T01:00:00Z,0.018000000000029104,9.6,13.9,0.0
2025-05-14T02:00:00Z,0.018000000000029104,9.1,13.7,0.0
2025-05-14T03:00:00Z,0.12200000000029831,8.8,13.4,0.0
2025-05-14T04:00:00Z,0.5069999999996071,9.1,13.6,22.0
2025-05-14T05:00:00Z,0.16400000000021464,10.1,11.5,113.0
2025-05-14T06:00:00Z,0.018999999999778083,11.7,13.0,248.0
2025-05-14T07:00:00Z,0.01900000000023283,13.4,14.7,406.0
2025-05-14T08:00:00Z,0.018000000000029104,14.9,15.8,528.0
2025-05-14T09:00:00Z,0.018999999999778083,16.2,14.9,663.0
2025-05-14T10:00:00Z,0.018000000000029104,17.1,16.0,711.0
2025-05-14T11:00:00Z,0.01900000000023283,17.7,16.8,671.0
2025-05-14T12:00:00Z,0.018999999999778083,17.4,20.3,672.0
2025-05-14T13:00:00Z,0.01900000000023283,16.1,21.2,615.0
2025-05-14T14:00:00Z,0.018999999999778083,14.6,22.2,555.0
2025-05-14T15:00:00Z,0.018000000000029104,13.3,23.4,458.0
2025-05-14T16:00:00Z,0.018000000000029104,12.2,24.6,335.0
2025-05-14T17:00:00Z,0.01900000000023283,11.6,24.3,220.0
2025-05-14T18:00:00Z,0.017999999999574356,11.2,21.7,123.0
2025-05-14T19:00:00Z,0.018000000000029104,10.8,21.9,42.0
2025-05-14T20:00:00Z,0.018000000000029104,10.6,21.4,0.0
2025-05-14T21:00:00Z,0.01900000000023283,9.9,18.4,0.0
2025-05-14T22:00:00Z,0.5160000000000764,10.0,18.6,0.0
2025-05-14T23:00:00Z,0.36799999999993815,10.1,16.5,0.0
2025-05-15T00:00:00Z,0.018999999999778083,9.9,16.7,0.0
2025-05-15T01:00:00Z,0.6460000000001855,8.4,18.6,0.0
2025-05-15T02:00:00Z,0.581000000000131,7.9,18.0,0.0
2025-05-15T03:00:00Z,0.07600000000002183,7.6,18.4,0.0
2025-05-15T04:00:00Z,0.9639999999999418,7.6,18.3,25.0
2025-05-15T05:00:00Z,0.375999999999749,8.4,20.7,129.0
2025-05-15T06:00:00Z,0.13300000000026557,9.4,23.7,262.0
2025-05-15T07:00:00Z,0.018999999999778083,10.4,24.0,405.0
2025-05-15T08:00:00Z,0.01900000000023283,11.4,26.0,548.0
2025-05-15T09:00:00Z,0.018000000000029104,12.4,26.6,671.0
2025-05-15T10:00:00Z,0.018999999999778083,13.1,28.1,764.0
2025-05-15T11:00:00Z,0.01900000000023283,13.8,28.9,804.0
2025-05-15T12:00:00Z,0.018999999999778083,14.3,28.8,761.0
2025-05-15T13:00:00Z,0.01900000000023283,14.3,25.9,617.0
2025-05-15T14:00:00Z,0.016999999999825377,14.8,24.8,636.0
2025-05-15T15:00:00Z,0.01999999999998181,14.6,25.2,569.0
2025-05-15T16:00:00Z,0.018999999999778083,14.0,25.3,443.0
2025-05-15T17:00:00Z,0.01900000000023283,13.2,22.9,281.0
2025-05-15T18:00:00Z,0.018999999999778083,12.4,20.9,132.0
2025-05-15T19:00:00Z,0.01900000000023283,11.6,20.6,41.0
2025-05-15T20:00:00Z,0.018999999999778083,11.3,18.2,0.0
2025-05-15T21:00:00Z,0.018000000000029104,11.1,15.7,0.0
2025-05-15T22:00:00Z,0.018000000000029104,10.6,15.8,0.0
2025-05-15T23:00:00Z,0.01900000000023283,10.1,14.5,0.0
2025-05-16T00:00:00Z,0.44000000000005457,9.9,15.5,0.0
2025-05-16T01:00:00Z,0.11400000000003274,10.5,17.6,0.0
2025-05-16T02:00:00Z,0.018999999999778083,11.1,16.8,0.0
2025-05-16T03:00:00Z,0.01900000000023283,11.2,16.9,0.0
2025-05-16T04:00:00Z,0.016999999999825377,11.1,14.8,19.0
2025-05-16T05:00:00Z,0.018999999999778083,11.6,12.6,93.0
2025-05-16T06:00:00Z,0.017000000000280124,12.4,13.1,211.0
2025-05-16T07:00:00Z,0.018000000000029104,12.9,16.0,321.0
2025-05-16T08:00:00Z,0.018999999999778083,13.9,15.9,487.0
2025-05-16T09:00:00Z,0.01900000000023283,14.9,18.2,680.0
2025-05-16T10:00:00Z,0.018999999999778083,15.6,20.9,772.0
2025-05-16T11:00:00Z,0.01900000000023283,15.1,21.9,672.0
2025-05-16T12:00:00Z,0.018999999999778083,15.4,21.1,576.0
2025-05-16T13:00:00Z,0.01900000000023283,16.4,18.9,671.0
2025-05-16T14:00:00Z,0.018999999999778083,16.5,18.5,593.0
2025-05-16T15:00:00Z,0.01900000000023283,16.6,15.5,445.0
2025-05-16T16:00:00Z,0.018999999999778083,16.6,15.8,297.0
2025-05-16T17:00:00Z,0.01900000000023283,16.1,17.5,264.0
2025-05-16T18:00:00Z,0.018999999999778083,14.9,16.5,152.0
2025-05-16T19:00:00Z,0.018000000000029104,13.4,14.7,48.0
2025-05-16T20:00:00Z,0.018000000000029104,12.6,13.3,1.0
2025-05-16T21:00:00Z,0.018000000000029104,12.6,14.2,0.0
2025-05-16T22:00:00Z,0.018000000000029104,12.0,16.1,0.0
2025-05-16T23:00:00Z,0.018999999999778083,11.9,18.4,0.0
2025-05-17T00:00:00Z,0.018000000000029104,11.6,18.4,0.0
2025-05-17T01:00:00Z,0.01900000000023283,10.9,19.1,0.0
2025-05-17T02:00:00Z,0.018000000000029104,10.4,17.0,0.0
2025-05-17T03:00:00Z,0.018999999999778083,9.9,13.5,0.0
2025-05-17T04:00:00Z,0.01900000000023283,9.9,11.4,27.0
2025-05-17T05:00:00Z,0.018000000000029104,11.2,11.4,86.0
2025-05-17T06:00:00Z,0.018999999999778083,12.2,13.9,186.0
2025-05-17T07:00:00Z,0.018000000000029104,13.1,16.1,333.0
2025-05-17T08:00:00Z,0.018000000000029104,14.4,16.4,557.0
2025-05-17T09:00:00Z,0.018000000000029104,15.4,21.1,684.0
2025-05-17T10:00:00Z,0.018000000000029104,15.7,20.8,711.0
2025-05-17T11:00:00Z,0.018999999999778083,15.6,19.5,605.0
2025-05-17T12:00:00Z,0.018000000000029104,15.5,20.4,478.0
2025-05-17T13:00:00Z,0.01900000000023283,14.4,19.4,352.0
2025-05-17T14:00:00Z,0.018999999999778083,12.6,11.4,190.0
2025-05-17T15:00:00Z,0.018000000000029104,12.4,5.7,234.0
2025-05-17T16:00:00Z,0.018000000000029104,13.1,2.4,364.0
2025-05-17T17:00:00Z,0.01900000000023283,13.4,6.0,212.0
2025-05-17T18:00:00Z,0.018000000000029104,13.1,4.9,125.0
2025-05-17T19:00:00Z,0.018999999999778083,11.9,3.5,36.0
2025-05-17T20:00:00Z,0.18100000000004002,10.8,5.6,1.0
2025-05-17T21:00:00Z,0.5579999999999927,10.6,8.5,0.0
2025-05-17T22:00:00Z,0.31899999999996,10.0,10.7,0.0
2025-05-17T23:00:00Z,0.01900000000023283,9.6,12.6,0.0
2025-05-18T00:00:00Z,0.6829999999999927,9.4,12.3,0.0
2025-05-18T01:00:00Z,0.22499999999990905,7.9,11.4,0.0
2025-05-18T02:00:00Z,0.018999999999778083,8.2,12.5,0.0
2025-05-18T03:00:00Z,0.5630000000001019,7.9,14.6,0.0
2025-05-18T04:00:00Z,0.3850000000002183,7.9,15.1,30.0
2025-05-18T05:00:00Z,0.017999999999574356,9.2,16.8,122.0
2025-05-18T06:00:00Z,0.01900000000023283,10.6,16.0,264.0
2025-05-18T07:00:00Z,0.018000000000029104,12.1,17.1,413.0
2025-05-18T08:00:00Z,0.018999999999778083,13.1,17.8,502.0
2025-05-18T09:00:00Z,0.018000000000029104,13.6,15.8,493.0
2025-05-18T10:00:00Z,0.01900000000023283,13.8,12.7,478.0
2025-05-18T11:00:00Z,0.018999999999778083,13.5,12.6,258.0
2025-05-18T12:00:00Z,0.01900000000023283,13.8,16.1,260.0
2025-05-18T13:00:00Z,0.018000000000029104,13.2,17.4,232.0
2025-05-18T14:00:00Z,0.018999999999778083,13.8,17.2,293.0
2025-05-18T15:00:00Z,0.01900000000023283,13.4,19.5,187.0
2025-05-18T16:00:00Z,0.018999999999778083,13.8,17.3,155.0
2025-05-18T17:00:00Z,0.01900000000023283,13.9,15.2,76.0
2025-05-18T18:00:00Z,0.018000000000029104,14.2,15.0,83.0
2025-05-18T19:00:00Z,0.018999999999778083,13.7,13.5,22.0
2025-05-18T20:00:00Z,0.018000000000029104,13.4,15.5,0.0
2025-05-18T21:00:00Z,0.01900000000023283,12.9,16.1,0.0
2025-05-18T22:00:00Z,0.017999999999574356,12.6,15.3,0.0
2025-05-18T23:00:00Z,0.01900000000023283,12.1,16.7,0.0
2025-05-19T00:00:00Z,0.018000000000029104,11.4,14.5,0.0
2025-05-19T01:00:00Z,0.018999999999778083,11.0,13.7,0.0
2025-05-19T02:00:00Z,0.01900000000023283,11.1,17.3,0.0
2025-05-19T03:00:00Z,0.018999999999778083,10.6,16.2,0.0
2025-05-19T04:00:00Z,0.05999999999994543,10.2,14.3,12.0
2025-05-19T05:00:00Z,0.11300000000028376,10.6,15.1,47.0
2025-05-19T06:00:00Z,0.018999999999778083,11.4,13.5,114.0
2025-05-19T07:00:00Z,0.01900000000023283,12.5,15.5,255.0
2025-05-19T08:00:00Z,0.018999999999778083,13.8,14.8,458.0
2025-05-19T09:00:00Z,0.018000000000029104,15.1,13.0,593.0
2025-05-19T10:00:00Z,0.01900000000023283,16.5,13.2,742.0
2025-05-19T11:00:00Z,0.018999999999778083,17.4,13.7,804.0
2025-05-19T12:00:00Z,0.01900000000023283,18.1,13.5,809.0
2025-05-19T13:00:00Z,0.018999999999778083,19.5,13.7,784.0
2025-05-19T14:00:00Z,0.01900000000023283,19.4,15.2,707.0
2025-05-19T15:00:00Z,0.018999999999778083,18.9,15.9,601.0
2025-05-19T16:00:00Z,0.01900000000023283,18.3,15.3,465.0
2025-05-19T17:00:00Z,0.018000000000029104,17.3,14.6,318.0
2025-05-19T18:00:00Z,0.018000000000029104,16.0,13.4,175.0
2025-05-19T19:00:00Z,0.017999999999574356,14.4,11.3,57.0
2025-05-19T20:00:00Z,0.018000000000029104,12.8,10.2,2.0
2025-05-19T21:00:00Z,0.10800000000017462,11.6,8.8,0.0
2025-05-19T22:00:00Z,0.35399999999981446,10.9,11.4,0.0
2025-05-19T23:00:00Z,0.33100000000013097,10.7,11.1,0.0
2025-05-20T00:00:00Z,0.6060000000002219,10.4,11.4,0.0
2025-05-20T01:00:00Z,0.5099999999997635,8.8,11.2,0.0
2025-05-20T02:00:00Z,0.5080000000002656,8.4,11.3,0.0
2025-05-20T03:00:00Z,0.14899999999988722,8.4,12.2,0.0
2025-05-20T04:00:00Z,0.8339999999998327,9.5,14.8,35.0
2025-05-20T05:00:00Z,0.04399999999986903,11.1,15.0,144.0
2025-05-20T06:00:00Z,0.01900000000023283,12.9,15.1,285.0
2025-05-20T07:00:00Z,0.018999999999778083,14.8,16.6,434.0
2025-05-20T08:00:00Z,0.01900000000023283,16.5,17.4,573.0
2025-05-20T09:00:00Z,0.018000000000029104,17.9,18.4,690.0
2025-05-20T10:00:00Z,0.018999999999778083,19.0,19.6,776.0
2025-05-20T11:00:00Z,0.01900000000023283,19.9,20.1,823.0
2025-05-20T12:00:00Z,0.018999999999778083,20.4,20.6,827.0
2025-05-20T13:00:00Z,0.015000000000327418,21.1,21.2,791.0
2025-05-20T14:00:00Z,0.009000000000014552,20.8,21.4,713.0
2025-05-20T15:00:00Z,0.009000000000014552,20.5,20.3,602.0
2025-05-20T16:00:00Z,0.009000000000014552,19.9,20.1,467.0
2025-05-20T17:00:00Z,0.013999999999668944,19.1,19.0,320.0
2025-05-20T18:00:00Z,0.01900000000023283,18.0,16.0,177.0
2025-05-20T19:00:00Z,0.018999999999778083,16.5,13.7,59.0
2025-05-20T20:00:00Z,0.01900000000023283,14.8,13.8,2.0
2025-05-20T21:00:00Z,0.018000000000029104,13.4,14.9,0.0
2025-05-20T22:00:00Z,0.018999999999778083,12.1,14.5,0.0
2025-05-20T23:00:00Z,0.01900000000023283,11.1,14.7,0.0
2025-05-21T00:00:00Z,0.018000000000029104,10.3,14.3,0.0
2025-05-21T01:00:00Z,0.018999999999778083,10.1,13.3,0.0
2025-05-21T02:00:00Z,0.01900000000023283,10.7,14.8,0.0
2025-05-21T03:00:00Z,0.017999999999574356,10.7,16.3,0.0
2025-05-21T04:00:00Z,0.01900000000023283,10.5,18.0,16.0
2025-05-21T05:00:00Z,0.018000000000029104,10.8,17.9,64.0
2025-05-21T06:00:00Z,0.018999999999778083,11.4,20.8,134.0
2025-05-21T07:00:00Z,0.01900000000023283,13.2,20.2,335.0
2025-05-21T08:00:00Z,0.018000000000029104,14.4,21.5,578.0
2025-05-21T09:00:00Z,0.018999999999778083,15.2,22.0,684.0
2025-05-21T10:00:00Z,0.01900000000023283,16.1,22.2,756.0
2025-05-21T11:00:00Z,0.018999999999778083,16.9,23.1,805.0
2025-05-21T12:00:00Z,0.01900000000023283,17.5,24.1,834.0
2025-05-21T13:00:00Z,0.018999999999778083,16.6,27.2,748.0
2025-05-21T14:00:00Z,0.01900000000023283,15.9,27.4,615.0
2025-05-21T15:00:00Z,0.018000000000029104,15.9,30.3,428.0
2025-05-21T16:00:00Z,0.018000000000029104,13.6,27.5,254.0
2025-05-21T17:00:00Z,0.018999999999778083,13.1,17.8,176.0
2025-05-21T18:00:00Z,0.018000000000029104,12.8,15.8,140.0
2025-05-21T19:00:00Z,0.018000000000029104,12.3,12.1,47.0
2025-05-21T20:00:00Z,0.018000000000029104,11.7,12.0,2.0
2025-05-21T21:00:00Z,0.018000000000029104,11.1,14.1,0.0
2025-05-21T22:00:00Z,0.11099999999987631,10.1,22.7,0.0
2025-05-21T23:00:00Z,0.4960000000000946,8.5,21.5,0.0
2025-05-22T00:00:00Z,0.47299999999995634,8.0,18.4,0.0
2025-05-22T01:00:00Z,0.20400000000017826,7.3,18.5,0.0
2025-05-22T02:00:00Z,0.7590000000000146,6.8,19.1,0.0
2025-05-22T03:00:00Z,0.36599999999998545,6.8,17.8,0.0
2025-05-22T04:00:00Z,0.018000000000029104,7.3,19.9,37.0
2025-05-22T05:00:00Z,0.017999999999574356,8.4,20.1,137.0
2025-05-22T06:00:00Z,0.2980000000002292,8.9,26.5,242.0
2025-05-22T07:00:00Z,0.5070000000000618,8.8,30.7,340.0
2025-05-22T08:00:00Z,0.16899999999986903,9.6,27.9,443.0
2025-05-22T09:00:00Z,1.9949999999998909,9.1,26.7,512.0
2025-05-22T10:00:00Z,0.7170000000000982,10.9,24.8,496.0
2025-05-22T11:00:00Z,1.0450000000000728,11.0,23.1,631.0
2025-05-22T12:00:00Z,1.3260000000000218,11.5,19.9,715.0
2025-05-22T13:00:00Z,0.018000000000029104,9.5,25.3,526.0
2025-05-22T14:00:00Z,0.018999999999778083,9.6,26.4,503.0
2025-05-22T15:00:00Z,0.018000000000029104,9.3,28.4,402.0
2025-05-22T16:00:00Z,0.01900000000023283,9.5,28.7,372.0
2025-05-22T17:00:00Z,0.018000000000029104,9.1,26.6,286.0
2025-05-22T18:00:00Z,0.018000000000029104,8.8,23.6,143.0
2025-05-22T19:00:00Z,0.016999999999825377,8.0,21.0,48.0
2025-05-22T20:00:00Z,0.018000000000029104,7.2,19.6,2.0
2025-05-22T21:00:00Z,0.5540000000000873,6.3,16.9,0.0
2025-05-22T22:00:00Z,0.4359999999996944,6.3,12.9,0.0
2025-05-22T23:00:00Z,0.01900000000023283,5.9,13.3,0.0
2025-05-23T00:00:00Z,0.018999999999778083,5.8,11.9,0.0
2025-05-23T01:00:00Z,0.455000000000382,4.9,17.4,0.0
2025-05-23T02:00:00Z,0.569999999999709,5.0,15.6,0.0
2025-05-23T03:00:00Z,0.07099999999991269,5.6,16.4,0.0
2025-05-23T04:00:00Z,0.5820000000003347,5.9,14.3,29.0
2025-05-23T05:00:00Z,0.4339999999997417,6.9,17.5,101.0
2025-05-23T06:00:00Z,0.01900000000023283,7.3,20.3,201.0
2025-05-23T07:00:00Z,0.018999999999778083,8.0,22.0,344.0
2025-05-23T08:00:00Z,0.01900000000023283,9.7,20.2,455.0
2025-05-23T09:00:00Z,0.018999999999778083,10.6,19.7,604.0
2025-05-23T10:00:00Z,0.20400000000017826,11.9,19.4,654.0
2025-05-23T11:00:00Z,0.018999999999778083,12.6,21.8,723.0
2025-05-23T12:00:00Z,0.01900000000023283,13.1,24.1,714.0
2025-05-23T13:00:00Z,0.018999999999778083,8.8,16.3,341.0
2025-05-23T14:00:00Z,0.07300000000032014,10.1,14.8,428.0
2025-05-23T15:00:00Z,0.06299999999964712,10.6,19.9,416.0
2025-05-23T16:00:00Z,0.018000000000029104,10.7,16.7,364.0
2025-05-23T17:00:00Z,0.01900000000023283,10.5,15.7,234.0
2025-05-23T18:00:00Z,0.018000000000029104,10.1,13.1,122.0
2025-05-23T19:00:00Z,0.018999999999778083,9.5,10.2,42.0
2025-05-23T20:00:00Z,0.5480000000002292,8.9,10.2,3.0
2025-05-23T21:00:00Z,0.31199999999989814,8.4,4.8,0.0
2025-05-23T22:00:00Z,0.5839999999998327,7.2,2.2,0.0
2025-05-23T23:00:00Z,0.2899999999999636,7.5,10.2,0.0
2025-05-24T00:00:00Z,0.4790000000002692,7.4,13.0,0.0
2025-05-24T01:00:00Z,0.2709999999997308,6.1,9.7,0.0
2025-05-24T02:00:00Z,0.14000000000032742,5.6,10.2,0.0
2025-05-24T03:00:00Z,0.018000000000029104,5.3,9.2,0.0
2025-05-24T04:00:00Z,0.51299999999992,5.7,9.8,40.0
2025-05-24T05:00:00Z,0.4800000000000182,7.1,9.7,148.0
2025-05-24T06:00:00Z,0.018000000000029104,8.7,11.8,257.0
2025-05-24T07:00:00Z,0.018000000000029104,9.9,11.9,387.0
2025-05-24T08:00:00Z,0.06199999999989814,10.4,12.9,427.0
2025-05-24T09:00:00Z,0.018999999999778083,11.0,14.2,443.0
2025-05-24T10:00:00Z,0.01900000000023283,11.9,14.6,507.0
2025-05-24T11:00:00Z,0.018999999999778083,12.4,14.5,579.0
2025-05-24T12:00:00Z,0.017000000000280124,12.6,15.2,591.0
2025-05-24T13:00:00Z,0.018000000000029104,12.7,15.0,337.0
2025-05-24T14:00:00Z,0.3089999999997417,13.1,14.8,325.0
2025-05-24T15:00:00Z,1.6829999999999927,13.7,13.5,406.0
2025-05-24T16:00:00Z,0.023999999999887223,14.2,11.1,396.0
2025-05-24T17:00:00Z,0.018000000000029104,14.1,11.0,243.0
2025-05-24T18:00:00Z,0.018000000000029104,13.2,11.7,163.0
2025-05-24T19:00:00Z,0.01900000000023283,12.3,12.9,48.0
2025-05-24T20:00:00Z,0.018000000000029104,11.6,14.8,3.0
2025-05-24T21:00:00Z,0.016999999999825377,11.1,17.6,0.0
2025-05-24T22:00:00Z,0.018000000000029104,10.9,14.3,0.0
2025-05-24T23:00:00Z,0.018000000000029104,10.8,11.2,0.0
2025-05-25T00:00:00Z,0.018000000000029104,11.1,13.2,0.0
2025-05-25T01:00:00Z,0.018000000000029104,10.9,13.8,0.0
2025-05-25T02:00:00Z,0.016999999999825377,11.4,16.4,0.0
2025-05-25T03:00:00Z,0.018000000000029104,11.6,16.6,0.0
2025-05-25T04:00:00Z,0.018000000000029104,11.6,19.4,14.0
2025-05-25T05:00:00Z,0.018000000000029104,11.0,19.5,22.0
2025-05-25T06:00:00Z,0.018000000000029104,11.2,19.0,40.0
2025-05-25T07:00:00Z,0.018000000000029104,11.6,18.5,92.0
2025-05-25T08:00:00Z,1.6179999999999382,11.8,19.1,106.0
2025-05-25T09:00:00Z,0.8829999999998108,11.9,17.2,93.0
2025-05-25T10:00:00Z,0.01900000000023283,12.6,18.7,179.0
2025-05-25T11:00:00Z,0.018000000000029104,13.8,18.0,229.0
2025-05-25T12:00:00Z,0.018000000000029104,14.6,20.1,184.0
2025-05-25T13:00:00Z,0.018999999999778083,14.9,17.4,174.0
2025-05-25T14:00:00Z,1.3720000000002983,14.4,22.2,139.0
2025-05-25T15:00:00Z,0.8129999999996471,14.1,18.6,61.0
2025-05-25T16:00:00Z,0.01900000000023283,14.2,20.6,118.0
2025-05-25T17:00:00Z,0.018000000000029104,14.4,20.9,98.0
2025-05-25T18:00:00Z,0.018000000000029104,14.4,18.4,136.0
2025-05-25T19:00:00Z,0.018999999999778083,13.6,17.0,57.0
2025-05-25T20:00:00Z,0.017000000000280124,12.9,16.2,4.0
2025-05-25T21:00:00Z,0.018000000000029104,12.4,16.3,0.0
2025-05-25T22:00:00Z,0.018999999999778083,12.1,17.1,0.0
2025-05-25T23:00:00Z,0.018000000000029104,11.4,16.2,0.0
2025-05-26T00:00:00Z,0.018000000000029104,10.6,15.1,0.0
2025-05-26T01:00:00Z,0.018000000000029104,10.1,14.5,0.0
2025-05-26T02:00:00Z,0.018000000000029104,9.6,13.9,0.0
2025-05-26T03:00:00Z,0.30999999999994543,9.2,13.9,0.0
2025-05-26T04:00:00Z,0.43100000000004,9.6,14.0,44.0
2025-05-26T05:00:00Z,0.018000000000029104,10.6,12.3,154.0
2025-05-26T06:00:00Z,0.018000000000029104,12.1,14.5,291.0
2025-05-26T07:00:00Z,0.018999999999778083,13.4,15.9,427.0
2025-05-26T08:00:00Z,0.018000000000029104,14.8,18.6,570.0
2025-05-26T09:00:00Z,0.01900000000023283,15.3,18.9,595.0
2025-05-26T10:00:00Z,0.018999999999778083,14.9,23.6,718.0
2025-05-26T11:00:00Z,0.018000000000029104,14.8,19.2,505.0
2025-05-26T12:00:00Z,0.018000000000029104,15.0,18.6,679.0
2025-05-26T13:00:00Z,0.8730000000000473,15.4,22.0,579.0
2025-05-26T14:00:00Z,1.336999999999989,15.6,20.8,597.0
2025-05-26T15:00:00Z,0.047000000000025466,15.1,18.7,488.0
2025-05-26T16:00:00Z,0.018999999999778083,15.1,19.8,457.0
2025-05-26T17:00:00Z,0.01900000000023283,14.4,17.1,280.0
2025-05-26T18:00:00Z,0.018000000000029104,13.6,14.8,165.0
2025-05-26T19:00:00Z,0.018000000000029104,12.6,13.8,64.0
2025-05-26T20:00:00Z,0.018999999999778083,11.6,14.0,5.0
2025-05-26T21:00:00Z,0.018000000000029104,10.9,14.7,0.0
2025-05-26T22:00:00Z,0.018000000000029104,10.1,13.2,0.0
2025-05-26T23:00:00Z,0.016999999999825377,9.8,12.9,0.0
2025-05-27T00:00:00Z,0.018000000000029104,9.8,13.6,0.0
2025-05-27T01:00:00Z,0.018000000000029104,9.4,12.4,0.0
2025-05-27T02:00:00Z,0.018000000000029104,10.1,15.3,0.0
2025-05-27T03:00:00Z,0.062000000000352884,10.4,14.6,0.0
2025-05-27T04:00:00Z,0.018999999999778083,10.4,14.7,14.0
2025-05-27T05:00:00Z,0.018999999999778083,11.2,17.8,55.0
2025-05-27T06:00:00Z,0.01900000000023283,12.6,19.6,180.0
2025-05-27T07:00:00Z,0.01999999999998181,13.5,22.9,287.0
2025-05-27T08:00:00Z,0.016999999999825377,13.9,22.2,205.0
2025-05-27T09:00:00Z,0.01900000000023283,14.0,28.4,360.0
2025-05-27T10:00:00Z,0.018999999999778083,13.1,24.2,142.0
2025-05-27T11:00:00Z,0.018000000000029104,13.6,25.9,206.0
2025-05-27T12:00:00Z,0.01900000000023283,13.9,25.9,192.0
2025-05-27T13:00:00Z,0.018999999999778083,13.8,28.9,138.0
2025-05-27T14:00:00Z,0.018000000000029104,14.4,23.8,219.0
2025-05-27T15:00:00Z,0.01900000000023283,15.4,23.8,368.0
2025-05-27T16:00:00Z,0.018999999999778083,15.8,21.8,315.0
2025-05-27T17:00:00Z,0.01900000000023283,14.7,15.0,184.0
2025-05-27T18:00:00Z,0.018000000000029104,14.3,18.5,128.0
2025-05-27T19:00:00Z,0.016999999999825377,13.6,15.3,42.0
2025-05-27T20:00:00Z,0.018999999999778083,13.1,13.3,3.0
2025-05-27T21:00:00Z,0.01900000000023283,12.9,11.9,0.0
2025-05-27T22:00:00Z,0.018000000000029104,12.4,9.8,0.0
2025-05-27T23:00:00Z,0.018999999999778083,11.9,4.7,0.0
2025-05-28T00:00:00Z,0.018000000000029104,11.9,0.7,0.0
2025-05-28T01:00:00Z,0.01900000000023283,11.1,3.1,0.0
2025-05-28T02:00:00Z,0.018000000000029104,10.9,6.1,0.0
2025-05-28T03:00:00Z,0.018999999999778083,10.9,6.8,0.0
2025-05-28T04:00:00Z,0.018000000000029104,11.2,8.9,10.0
2025-05-28T05:00:00Z,0.2290000000002692,11.5,10.9,47.0
2025-05-28T06:00:00Z,1.7909999999997126,11.4,11.9,95.0
2025-05-28T07:00:00Z,0.5770000000002256,11.9,12.1,164.0
2025-05-28T08:00:00Z,1.1050000000000182,12.8,11.0,247.0
2025-05-28T09:00:00Z,1.168999999999869,14.1,13.7,467.0
2025-05-28T10:00:00Z,1.2970000000000255,14.7,13.5,513.0
2025-05-28T11:00:00Z,0.5529999999998836,15.2,14.8,621.0
2025-05-28T12:00:00Z,0.018000000000029104,15.6,15.7,674.0
2025-05-28T13:00:00Z,0.01900000000023283,14.4,15.7,411.0
2025-05-28T14:00:00Z,0.018000000000029104,14.1,16.0,379.0
2025-05-28T15:00:00Z,0.017999999999574356,14.3,15.6,413.0
2025-05-28T16:00:00Z,0.01900000000023283,13.4,16.9,206.0
2025-05-28T17:00:00Z,0.018000000000029104,13.2,16.3,244.0
2025-05-28T18:00:00Z,0.018000000000029104,12.8,16.0,147.0
2025-05-28T19:00:00Z,0.018999999999778083,11.8,14.8,67.0
2025-05-28T20:00:00Z,0.018000000000029104,10.8,13.7,6.0
2025-05-28T21:00:00Z,0.018000000000029104,10.2,12.8,0.0
2025-05-28T22:00:00Z,0.018000000000029104,9.9,12.8,0.0
2025-05-28T23:00:00Z,0.018000000000029104,9.8,13.4,0.0
2025-05-29T00:00:00Z,0.018000000000029104,9.7,14.1,0.0
2025-05-29T01:00:00Z,0.018000000000029104,9.4,15.5,0.0
2025-05-29T02:00:00Z,0.0729999999998654,9.1,15.6,0.0
2025-05-29T03:00:00Z,0.06199999999989814,8.5,14.1,1.0
2025-05-29T04:00:00Z,0.018000000000029104,8.8,16.1,49.0
2025-05-29T05:00:00Z,0.01900000000023283,9.9,16.3,163.0
2025-05-29T06:00:00Z,0.018999999999778083,11.0,20.0,286.0
2025-05-29T07:00:00Z,0.01900000000023283,11.9,19.0,392.0
2025-05-29T08:00:00Z,0.018999999999778083,12.9,18.6,515.0
2025-05-29T09:00:00Z,0.018000000000029104,13.6,17.5,575.0
2025-05-29T10:00:00Z,0.01900000000023283,14.4,17.6,654.0
2025-05-29T11:00:00Z,0.018999999999778083,14.9,16.4,698.0
2025-05-29T12:00:00Z,0.01900000000023283,15.4,16.6,718.0
2025-05-29T13:00:00Z,0.018000000000029104,15.9,16.4,584.0
2025-05-29T14:00:00Z,0.018999999999778083,15.6,13.8,422.0
2025-05-29T15:00:00Z,0.01900000000023283,15.2,14.7,357.0
2025-05-29T16:00:00Z,0.018000000000029104,14.8,13.8,269.0
2025-05-29T17:00:00Z,0.018999999999778083,14.0,11.0,86.0
2025-05-29T18:00:00Z,0.018000000000029104,13.8,9.5,73.0
2025-05-29T19:00:00Z,0.018000000000029104,13.1,10.0,13.0
2025-05-29T20:00:00Z,0.018000000000029104,12.5,12.1,1.0
2025-05-29T21:00:00Z,0.018000000000029104,12.4,14.8,0.0
2025-05-29T22:00:00Z,0.018999999999778083,12.1,17.1,0.0
2025-05-29T23:00:00Z,0.017000000000280124,12.1,18.0,0.0
2025-05-30T00:00:00Z,0.018000000000029104,12.1,18.5,0.0
2025-05-30T01:00:00Z,0.018000000000029104,12.8,17.4,0.0
2025-05-30T02:00:00Z,0.016999999999825377,13.1,16.6,0.0
2025-05-30T03:00:00Z,0.018999999999778083,13.7,17.3,0.0
2025-05-30T04:00:00Z,0.017000000000280124,14.4,18.1,16.0
2025-05-30T05:00:00Z,0.018000000000029104,14.9,18.9,84.0
2025-05-30T06:00:00Z,0.016999999999825377,15.6,21.8,181.0
2025-05-30T07:00:00Z,0.018000000000029104,16.4,22.6,361.0
2025-05-30T08:00:00Z,0.016999999999825377,17.4,25.6,518.0
2025-05-30T09:00:00Z,0.018000000000029104,18.2,26.0,566.0
2025-05-30T10:00:00Z,0.01900000000023283,18.5,25.0,489.0
2025-05-30T11:00:00Z,0.018000000000029104,18.9,27.5,467.0
2025-05-30T12:00:00Z,0.018000000000029104,19.1,25.5,454.0
2025-05-30T13:00:00Z,0.018000000000029104,18.8,29.8,533.0
2025-05-30T14:00:00Z,0.018000000000029104,18.4,30.2,439.0
2025-05-30T15:00:00Z,0.018000000000029104,17.7,29.9,347.0
2025-05-30T16:00:00Z,0.018000000000029104,17.0,24.2,219.0
2025-05-30T17:00:00Z,0.017999999999574356,16.6,24.2,227.0
2025-05-30T18:00:00Z,0.01900000000023283,15.9,21.8,145.0
2025-05-30T19:00:00Z,0.018000000000029104,15.2,20.1,57.0
2025-05-30T20:00:00Z,0.018000000000029104,14.6,19.3,6.0
2025-05-30T21:00:00Z,0.018999999999778083,13.9,19.8,0.0
2025-05-30T22:00:00Z,0.018000000000029104,13.4,19.9,0.0
2025-05-30T23:00:00Z,0.018000000000029104,13.2,19.3,0.0
2025-05-31T00:00:00Z,0.01900000000023283,13.3,18.6,0.0
2025-05-31T01:00:00Z,0.018000000000029104,13.4,18.3,0.0
2025-05-31T02:00:00Z,0.018000000000029104,13.3,16.6,0.0
2025-05-31T03:00:00Z,0.018999999999778083,13.2,15.7,1.0
2025-05-31T04:00:00Z,0.018000000000029104,13.4,16.0,20.0
2025-05-31T05:00:00Z,0.018000000000029104,13.4,16.3,81.0
2025-05-31T06:00:00Z,0.018000000000029104,13.9,18.3,240.0
2025-05-31T07:00:00Z,0.018000000000029104,14.6,16.7,344.0
2025-05-31T08:00:00Z,0.018000000000029104,15.4,15.0,504.0
2025-05-31T09:00:00Z,0.018000000000029104,16.2,14.6,650.0
2025-05-31T10:00:00Z,0.018999999999778083,17.0,13.2,759.0
2025-05-31T11:00:00Z,0.018000000000029104,17.9,16.3,819.0
2025-05-31T12:00:00Z,0.018000000000029104,18.4,17.6,792.0
2025-05-31T13:00:00Z,0.018999999999778083,18.1,18.7,615.0
2025-05-31T14:00:00Z,0.018000000000029104,17.6,16.1,403.0
2025-05-31T15:00:00Z,0.01900000000023283,17.7,12.6,374.0
2025-05-31T16:00:00Z,0.018000000000029104,18.0,10.9,342.0
2025-05-31T17:00:00Z,0.018999999999778083,17.6,9.3,220.0
2025-05-31T18:00:00Z,0.018000000000029104,17.1,5.7,165.0
2025-05-31T19:00:00Z,0.018000000000029104,15.4,4.3,76.0
2025-05-31T20:00:00Z,0.018000000000029104,14.0,4.5,8.0
2025-05-31T21:00:00Z,0.018000000000029104,13.4,6.3,0.0
2025-05-31T22:00:00Z,0.018000000000029104,13.1,7.1,0.0
2025-05-31T23:00:00Z,0.018000000000029104,12.3,6.2,0.0
2025-06-01T00:00:00Z,0.018000000000029104,12.2,8.1,0.0
2025-06-01T01:00:00Z,0.018000000000029104,11.6,8.3,0.0
2025-06-01T02:00:00Z,0.018000000000029104,11.9,10.8,0.0
2025-06-01T03:00:00Z,0.018000000000029104,12.6,11.6,1.0
2025-06-01T04:00:00Z,0.018000000000029104,13.4,14.4,24.0
2025-06-01T05:00:00Z,0.018000000000029104,13.5,16.8,72.0
2025-06-01T06:00:00Z,0.018999999999778083,14.3,17.3,190.0
2025-06-01T07:00:00Z,0.018000000000029104,14.8,17.2,235.0
2025-06-01T08:00:00Z,0.018000000000029104,15.6,19.2,452.0
2025-06-01T09:00:00Z,0.018000000000029104,16.7,15.4,458.0
2025-06-01T10:00:00Z,0.6860000000001492,17.9,15.6,518.0
2025-06-01T11:00:00Z,1.5149999999998727,20.6,13.0,718.0
2025-06-01T12:00:00Z,0.16800000000012005,21.3,14.6,795.0
2025-06-01T13:00:00Z,0.017999999999574356,21.2,13.8,703.0
2025-06-01T14:00:00Z,0.013000000000374712,20.6,13.3,529.0
2025-06-01T15:00:00Z,0.009000000000014552,20.5,10.5,481.0
2025-06-01T16:00:00Z,0.009999999999763531,18.3,15.3,387.0
2025-06-01T17:00:00Z,0.01900000000023283,18.1,15.5,146.0
2025-06-01T18:00:00Z,0.018999999999778083,16.9,14.5,78.0
2025-06-01T19:00:00Z,0.018000000000029104,16.5,14.4,28.0
2025-06-01T20:00:00Z,0.01900000000023283,15.8,16.2,5.0
2025-06-01T21:00:00Z,0.017999999999574356,14.6,18.0,0.0
2025-06-01T22:00:00Z,0.018000000000029104,13.4,18.7,0.0
2025-06-01T23:00:00Z,0.01900000000023283,12.2,18.3,0.0
2025-06-02T00:00:00Z,0.018000000000029104,11.6,18.1,0.0
2025-06-02T01:00:00Z,0.018000000000029104,11.0,16.7,0.0
2025-06-02T02:00:00Z,0.018000000000029104,10.8,16.2,0.0
2025-06-02T03:00:00Z,0.018999999999778083,10.6,15.9,2.0
2025-06-02T04:00:00Z,0.018000000000029104,11.0,16.0,53.0
2025-06-02T05:00:00Z,0.018000000000029104,12.0,13.9,165.0
2025-06-02T06:00:00Z,0.01900000000023283,13.5,15.5,301.0
2025-06-02T07:00:00Z,0.017999999999574356,14.9,18.7,413.0
2025-06-02T08:00:00Z,0.01900000000023283,16.0,18.5,519.0
2025-06-02T09:00:00Z,0.018000000000029104,14.6,19.9,386.0
2025-06-02T10:00:00Z,0.018999999999778083,16.1,19.7,451.0
2025-06-02T11:00:00Z,0.018000000000029104,16.4,24.9,620.0
2025-06-02T12:00:00Z,0.018000000000029104,16.6,21.9,574.0
2025-06-02T13:00:00Z,0.018000000000029104,17.5,21.3,645.0
2025-06-02T14:00:00Z,0.01900000000023283,17.1,19.8,585.0
2025-06-02T15:00:00Z,0.018000000000029104,16.9,21.4,568.0
2025-06-02T16:00:00Z,0.018000000000029104,15.9,14.6,338.0
2025-06-02T17:00:00Z,0.018000000000029104,16.0,15.7,306.0
2025-06-02T18:00:00Z,0.018999999999778083,15.4,14.0,188.0
2025-06-02T19:00:00Z,0.018999999999778083,14.2,11.2,75.0
2025-06-02T20:00:00Z,0.018000000000029104,12.9,8.7,8.0
2025-06-02T21:00:00Z,0.01900000000023283,12.1,8.9,0.0
2025-06-02T22:00:00Z,0.018000000000029104,11.4,9.0,0.0
2025-06-02T23:00:00Z,0.018000000000029104,10.9,8.3,0.0
2025-06-03T00:00:00Z,0.018000000000029104,10.1,7.7,0.0
2025-06-03T01:00:00Z,0.2179999999998472,9.1,7.9,0.0
2025-06-03T02:00:00Z,0.5509999999999309,8.5,6.8,0.0
2025-06-03T03:00:00Z,0.11099999999987631,7.8,5.6,2.0
2025-06-03T04:00:00Z,0.6100000000001273,8.6,5.8,55.0
2025-06-03T05:00:00Z,0.32600000000002183,10.1,6.6,170.0
2025-06-03T06:00:00Z,0.01900000000023283,11.4,6.6,314.0
2025-06-03T07:00:00Z,0.01999999999998181,12.4,7.4,463.0
2025-06-03T08:00:00Z,0.018999999999778083,13.4,8.9,601.0
2025-06-03T09:00:00Z,0.01900000000023283,14.8,9.7,713.0
2025-06-03T10:00:00Z,0.018000000000029104,15.9,11.3,795.0
2025-06-03T11:00:00Z,0.018999999999778083,16.6,13.6,843.0
2025-06-03T12:00:00Z,0.01900000000023283,18.0,15.3,845.0
2025-06-03T13:00:00Z,0.018000000000029104,17.6,16.7,721.0
2025-06-03T14:00:00Z,0.018999999999778083,17.9,17.0,579.0
2025-06-03T15:00:00Z,0.016999999999825377,18.1,21.3,508.0
2025-06-03T16:00:00Z,0.018000000000029104,18.2,16.3,380.0
2025-06-03T17:00:00Z,0.018000000000029104,18.0,15.1,296.0
2025-06-03T18:00:00Z,0.018000000000029104,16.2,15.1,168.0
2025-06-03T19:00:00Z,0.018000000000029104,14.4,17.1,67.0
2025-06-03T20:00:00Z,0.01900000000023283,13.8,17.1,8.0
2025-06-03T21:00:00Z,0.018000000000029104,13.6,18.4,0.0
2025-06-03T22:00:00Z,0.017999999999574356,13.6,18.9,0.0
2025-06-03T23:00:00Z,0.01900000000023283,13.6,18.3,0.0
2025-06-04T00:00:00Z,0.018000000000029104,14.2,18.6,0.0
2025-06-04T01:00:00Z,0.016999999999825377,14.0,19.1,0.0
2025-06-04T02:00:00Z,0.018000000000029104,14.2,16.7,0.0
2025-06-04T03:00:00Z,0.01900000000023283,14.6,16.4,1.0
2025-06-04T04:00:00Z,0.016999999999825377,15.1,16.1,32.0
2025-06-04T05:00:00Z,0.018000000000029104,15.8,14.8,65.0
2025-06-04T06:00:00Z,0.01900000000023283,16.4,14.0,134.0
2025-06-04T07:00:00Z,0.016999999999825377,17.5,13.8,327.0
2025-06-04T08:00:00Z,0.018999999999778083,18.9,14.3,515.0
2025-06-04T09:00:00Z,0.017000000000280124,19.9,15.2,629.0
2025-06-04T10:00:00Z,0.018000000000029104,20.0,18.8,742.0
2025-06-04T11:00:00Z,0.018999999999778083,20.2,15.8,533.0
2025-06-04T12:00:00Z,0.018000000000029104,21.3,18.8,752.0
2025-06-04T13:00:00Z,0.012000000000170985,21.5,17.2,702.0
2025-06-04T14:00:00Z,0.009000000000014552,21.5,17.3,645.0
2025-06-04T15:00:00Z,0.009000000000014552,18.7,18.7,413.0
2025-06-04T16:00:00Z,0.011999999999716238,19.1,17.8,354.0
2025-06-04T17:00:00Z,0.018000000000029104,18.0,18.2,210.0
2025-06-04T18:00:00Z,0.018000000000029104,17.1,17.1,156.0
2025-06-04T19:00:00Z,0.01900000000023283,16.2,15.7,49.0
2025-06-04T20:00:00Z,0.016999999999825377,15.6,14.0,4.0
2025-06-04T21:00:00Z,0.018000000000029104,14.1,14.8,0.0
2025-06-04T22:00:00Z,0.018000000000029104,12.9,13.6,0.0
2025-06-04T23:00:00Z,0.018000000000029104,11.9,12.1,0.0
2025-06-05T00:00:00Z,0.018000000000029104,11.2,11.1,0.0
2025-06-05T01:00:00Z,0.016999999999825377,10.2,9.5,0.0
2025-06-05T02:00:00Z,0.017000000000280124,9.7,9.7,0.0
2025-06-05T03:00:00Z,0.018000000000029104,9.6,10.6,2.0
2025-06-05T04:00:00Z,0.017999999999574356,10.4,9.7,56.0
2025-06-05T05:00:00Z,0.018000000000029104,11.9,7.9,168.0
2025-06-05T06:00:00Z,0.018000000000029104,13.3,8.9,259.0
2025-06-05T07:00:00Z,0.018000000000029104,14.5,9.7,331.0
2025-06-05T08:00:00Z,0.017000000000280124,15.2,12.8,365.0
2025-06-05T09:00:00Z,0.018000000000029104,15.1,14.7,333.0
2025-06-05T10:00:00Z,0.018000000000029104,16.4,16.0,580.0
2025-06-05T11:00:00Z,0.017999999999574356,17.5,15.4,657.0
2025-06-05T12:00:00Z,0.018000000000029104,18.2,16.6,697.0
2025-06-05T13:00:00Z,0.01900000000023283,18.4,16.9,614.0
2025-06-05T14:00:00Z,0.018000000000029104,18.5,18.7,557.0
2025-06-05T15:00:00Z,0.018999999999778083,17.0,13.0,182.0
2025-06-05T16:00:00Z,0.018000000000029104,18.1,14.1,409.0
2025-06-05T17:00:00Z,0.018000000000029104,17.7,16.5,273.0
2025-06-05T18:00:00Z,0.018000000000029104,16.1,12.6,51.0
2025-06-05T19:00:00Z,0.018000000000029104,15.0,13.4,29.0
2025-06-05T20:00:00Z,0.018000000000029104,14.1,13.7,6.0
2025-06-05T21:00:00Z,0.018000000000029104,13.9,14.9,0.0
2025-06-05T22:00:00Z,0.018000000000029104,13.7,15.8,0.0
2025-06-05T23:00:00Z,0.018000000000029104,13.1,15.2,0.0
2025-06-06T00:00:00Z,0.018000000000029104,12.8,15.1,0.0
2025-06-06T01:00:00Z,0.016999999999825377,12.8,13.2,0.0
2025-06-06T02:00:00Z,0.018000000000029104,12.4,9.7,0.0
2025-06-06T03:00:00Z,0.01900000000023283,12.4,11.9,2.0
2025-06-06T04:00:00Z,0.017999999999574356,13.1,12.9,46.0
2025-06-06T05:00:00Z,0.018000000000029104,13.7,17.6,42.0
2025-06-06T06:00:00Z,0.018000000000029104,13.8,22.4,57.0
2025-06-06T07:00:00Z,0.018000000000029104,13.6,23.2,79.0
2025-06-06T08:00:00Z,0.018000000000029104,13.6,24.9,64.0
2025-06-06T09:00:00Z,0.018000000000029104,14.5,22.3,170.0
2025-06-06T10:00:00Z,0.018000000000029104,15.1,25.0,185.0
2025-06-06T11:00:00Z,0.01900000000023283,17.2,29.6,742.0
2025-06-06T12:00:00Z,0.018000000000029104,17.5,33.8,756.0
2025-06-06T13:00:00Z,0.018999999999778083,17.5,33.2,733.0
2025-06-06T14:00:00Z,0.018000000000029104,16.9,34.5,603.0
2025-06-06T15:00:00Z,0.018999999999778083,17.0,32.5,573.0
2025-06-06T16:00:00Z,0.018000000000029104,16.5,32.7,451.0
2025-06-06T17:00:00Z,0.01900000000023283,15.9,29.1,330.0
2025-06-06T18:00:00Z,0.018000000000029104,15.1,25.6,198.0
2025-06-06T19:00:00Z,0.018999999999778083,14.3,21.3,85.0
2025-06-06T20:00:00Z,0.017000000000280124,13.6,19.3,11.0
2025-06-06T21:00:00Z,0.018000000000029104,13.1,19.7,0.0
2025-06-06T22:00:00Z,0.018999999999778083,12.9,19.4,0.0
2025-06-06T23:00:00Z,0.016999999999825377,12.1,18.8,0.0
2025-06-07T00:00:00Z,0.01900000000023283,11.8,18.4,0.0
2025-06-07T01:00:00Z,0.018000000000029104,10.6,15.3,0.0
2025-06-07T02:00:00Z,0.48099999999976717,9.9,13.6,0.0
2025-06-07T03:00:00Z,0.3340000000002874,9.6,13.5,3.0
2025-06-07T04:00:00Z,0.44000000000005457,10.1,13.6,45.0
2025-06-07T05:00:00Z,0.018999999999778083,11.1,12.0,165.0
2025-06-07T06:00:00Z,0.017000000000280124,12.1,15.9,230.0
2025-06-07T07:00:00Z,0.018999999999778083,13.2,15.7,340.0
2025-06-07T08:00:00Z,0.018000000000029104,14.4,15.1,481.0
2025-06-07T09:00:00Z,0.018999999999778083,15.4,15.0,561.0
2025-06-07T10:00:00Z,0.01900000000023283,16.4,14.5,692.0
2025-06-07T11:00:00Z,0.01999999999998181,17.0,14.1,732.0
2025-06-07T12:00:00Z,0.018999999999778083,17.3,12.0,658.0
2025-06-07T13:00:00Z,0.01900000000023283,17.0,11.2,460.0
2025-06-07T14:00:00Z,0.018999999999778083,16.8,11.7,454.0
2025-06-07T15:00:00Z,0.018000000000029104,15.8,13.7,226.0
2025-06-07T16:00:00Z,0.01900000000023283,14.2,12.0,117.0
2025-06-07T17:00:00Z,0.018999999999778083,14.1,8.6,65.0
2025-06-07T18:00:00Z,0.01900000000023283,13.8,4.1,37.0
2025-06-07T19:00:00Z,0.018999999999778083,13.4,4.2,19.0
2025-06-07T20:00:00Z,0.018000000000029104,13.0,2.4,4.0
2025-06-07T21:00:00Z,0.01900000000023283,12.9,5.6,0.0
2025-06-07T22:00:00Z,0.018999999999778083,12.2,5.2,0.0
2025-06-07T23:00:00Z,0.01900000000023283,11.4,6.1,0.0
2025-06-08T00:00:00Z,0.018000000000029104,10.6,7.0,0.0
2025-06-08T01:00:00Z,0.018999999999778083,10.6,6.2,0.0
2025-06-08T02:00:00Z,0.01900000000023283,10.4,6.9,0.0
2025-06-08T03:00:00Z,0.3649999999997817,10.2,7.2,3.0
2025-06-08T04:00:00Z,0.24499999999989086,10.6,8.0,48.0
2025-06-08T05:00:00Z,0.01900000000023283,11.6,3.8,134.0
2025-06-08T06:00:00Z,0.018999999999778083,12.7,4.5,236.0
2025-06-08T07:00:00Z,0.018000000000029104,13.4,6.9,261.0
2025-06-08T08:00:00Z,0.01900000000023283,13.9,8.8,274.0
2025-06-08T09:00:00Z,0.018000000000029104,13.8,10.3,301.0
2025-06-08T10:00:00Z,0.018999999999778083,13.6,10.6,266.0
2025-06-08T11:00:00Z,0.01900000000023283,13.3,7.0,167.0
2025-06-08T12:00:00Z,0.018000000000029104,13.5,4.0,159.0
2025-06-08T13:00:00Z,0.018999999999778083,13.1,6.7,126.0
2025-06-08T14:00:00Z,0.018000000000029104,12.7,12.9,132.0
2025-06-08T15:00:00Z,0.018000000000029104,12.4,13.5,71.0
2025-06-08T16:00:00Z,0.018999999999778083,12.4,14.8,92.0
2025-06-08T17:00:00Z,0.01900000000023283,11.9,19.6,102.0
2025-06-08T18:00:00Z,0.018999999999778083,11.9,15.7,103.0
2025-06-08T19:00:00Z,0.016000000000076398,11.6,16.7,65.0
2025-06-08T20:00:00Z,0.01900000000023283,11.4,17.0,10.0
2025-06-08T21:00:00Z,0.018000000000029104,11.2,19.4,0.0
2025-06-08T22:00:00Z,0.018999999999778083,10.5,19.1,0.0
2025-06-08T23:00:00Z,0.19200000000000728,9.8,20.3,0.0
2025-06-09T00:00:00Z,0.47699999999986176,9.3,21.5,0.0
2025-06-09T01:00:00Z,0.2840000000001055,9.2,21.7,0.0
2025-06-09T02:00:00Z,0.5480000000002292,9.1,22.2,0.0
2025-06-09T03:00:00Z,0.14199999999982538,9.1,22.1,3.0
2025-06-09T04:00:00Z,0.4450000000001637,9.4,22.7,59.0
2025-06-09T05:00:00Z,0.26399999999966894,10.1,21.3,175.0
2025-06-09T06:00:00Z,0.01900000000023283,11.0,24.1,308.0
2025-06-09T07:00:00Z,0.018000000000029104,11.9,26.3,441.0
2025-06-09T08:00:00Z,0.018999999999778083,12.6,28.1,559.0
2025-06-09T09:00:00Z,0.018000000000029104,13.0,27.6,638.0
2025-06-09T10:00:00Z,0.01900000000023283,13.3,26.3,652.0
2025-06-09T11:00:00Z,0.018999999999778083,14.1,25.8,707.0
2025-06-09T12:00:00Z,0.01900000000023283,14.6,27.3,752.0
2025-06-09T13:00:00Z,0.018999999999778083,15.1,25.6,686.0
2025-06-09T14:00:00Z,0.01900000000023283,15.3,24.1,653.0
2025-06-09T15:00:00Z,0.018999999999778083,15.4,22.4,596.0
2025-06-09T16:00:00Z,0.018000000000029104,15.2,21.2,494.0
2025-06-09T17:00:00Z,0.01900000000023283,14.9,17.7,367.0
2025-06-09T18:00:00Z,0.018999999999778083,14.4,15.8,209.0
2025-06-09T19:00:00Z,0.017000000000280124,13.2,14.5,87.0
2025-06-09T20:00:00Z,0.018999999999778083,12.5,12.5,11.0
2025-06-09T21:00:00Z,0.018000000000029104,11.8,13.5,0.0
2025-06-09T22:00:00Z,0.016999999999825377,11.1,13.2,0.0
2025-06-09T23:00:00Z,0.1020000000003165,10.9,11.9,0.0
2025-06-10T00:00:00Z,0.018999999999778083,10.6,10.8,0.0
2025-06-10T01:00:00Z,0.032000000000152795,10.6,11.7,0.0
2025-06-10T02:00:00Z,0.08999999999969077,11.1,13.9,0.0
2025-06-10T03:00:00Z,0.01900000000023283,10.9,12.1,1.0
2025-06-10T04:00:00Z,0.016999999999825377,11.2,11.1,28.0
2025-06-10T05:00:00Z,0.017000000000280124,11.9,13.2,41.0
2025-06-10T06:00:00Z,0.018999999999778083,12.2,15.6,46.0
2025-06-10T07:00:00Z,0.01900000000023283,12.2,17.3,60.0
2025-06-10T08:00:00Z,0.018999999999778083,12.1,15.8,102.0
2025-06-10T09:00:00Z,0.017000000000280124,12.8,18.0,141.0
2025-06-10T10:00:00Z,0.018999999999778083,12.9,19.2,199.0
2025-06-10T11:00:00Z,0.01900000000023283,13.1,18.0,125.0
2025-06-10T12:00:00Z,0.017999999999574356,13.1,18.7,217.0
2025-06-10T13:00:00Z,0.01900000000023283,13.8,16.3,216.0
2025-06-10T14:00:00Z,0.018999999999778083,14.3,15.9,264.0
2025-06-10T15:00:00Z,0.018000000000029104,14.2,14.9,269.0
2025-06-10T16:00:00Z,0.01900000000023283,14.4,16.1,242.0
2025-06-10T17:00:00Z,0.018999999999778083,13.9,15.8,103.0
2025-06-10T18:00:00Z,0.018000000000029104,13.6,15.3,69.0
2025-06-10T19:00:00Z,0.01900000000023283,13.4,9.9,56.0
2025-06-10T20:00:00Z,0.018999999999778083,12.9,11.9,9.0
2025-06-10T21:00:00Z,0.01900000000023283,12.4,15.0,0.0
2025-06-10T22:00:00Z,0.018000000000029104,12.2,21.2,0.0
2025-06-10T23:00:00Z,0.018999999999778083,11.9,23.8,0.0
2025-06-11T00:00:00Z,0.018000000000029104,11.5,22.4,0.0
2025-06-11T01:00:00Z,0.018000000000029104,11.2,21.7,0.0
2025-06-11T02:00:00Z,0.018000000000029104,11.1,20.8,0.0
2025-06-11T03:00:00Z,0.018999999999778083,11.1,20.6,2.0
2025-06-11T04:00:00Z,0.018000000000029104,11.2,21.4,49.0
2025-06-11T05:00:00Z,0.01900000000023283,11.8,20.1,157.0
2025-06-11T06:00:00Z,0.018000000000029104,12.4,22.7,275.0
2025-06-11T07:00:00Z,0.018999999999778083,13.0,24.7,422.0
2025-06-11T08:00:00Z,0.01900000000023283,13.8,24.3,556.0
2025-06-11T09:00:00Z,0.018000000000029104,14.6,23.6,681.0
2025-06-11T10:00:00Z,0.018999999999778083,15.1,22.8,779.0
2025-06-11T11:00:00Z,0.01900000000023283,15.5,23.2,819.0
2025-06-11T12:00:00Z,0.018999999999778083,16.0,24.9,837.0
2025-06-11T13:00:00Z,0.01900000000023283,16.8,24.3,771.0
2025-06-11T14:00:00Z,0.018999999999778083,16.9,22.6,701.0
2025-06-11T15:00:00Z,0.01999999999998181,16.6,21.9,610.0
2025-06-11T16:00:00Z,0.01900000000023283,16.2,20.7,488.0
2025-06-11T17:00:00Z,0.018999999999778083,15.7,20.1,344.0
2025-06-11T18:00:00Z,0.01900000000023283,15.1,15.0,202.0
2025-06-11T19:00:00Z,0.018999999999778083,14.0,11.7,93.0
2025-06-11T20:00:00Z,0.01900000000023283,12.5,10.4,15.0
2025-06-11T21:00:00Z,0.018999999999778083,11.6,11.3,0.0
2025-06-11T22:00:00Z,0.10199999999986176,10.9,11.1,0.0
2025-06-11T23:00:00Z,0.01900000000023283,10.4,10.6,0.0
2025-06-12T00:00:00Z,0.36999999999989086,10.0,10.2,0.0
2025-06-12T01:00:00Z,0.28900000000021464,9.4,10.2,0.0
2025-06-12T02:00:00Z,0.018000000000029104,8.9,8.7,0.0
2025-06-12T03:00:00Z,0.6720000000000255,8.6,7.9,3.0
2025-06-12T04:00:00Z,0.26299999999991996,9.4,8.2,61.0
2025-06-12T05:00:00Z,0.018999999999778083,11.1,6.7,175.0
2025-06-12T06:00:00Z,0.018000000000029104,12.9,5.6,313.0
2025-06-12T07:00:00Z,0.01900000000023283,14.4,4.6,456.0
2025-06-12T08:00:00Z,0.018999999999778083,15.8,2.2,591.0
2025-06-12T09:00:00Z,0.018000000000029104,16.9,3.8,706.0
2025-06-12T10:00:00Z,0.01900000000023283,17.6,6.6,791.0
2025-06-12T11:00:00Z,0.018999999999778083,18.0,8.0,839.0
2025-06-12T12:00:00Z,0.01900000000023283,18.5,7.5,850.0
2025-06-12T13:00:00Z,0.018000000000029104,19.0,7.3,814.0
2025-06-12T14:00:00Z,0.018999999999778083,19.0,7.2,744.0
2025-06-12T15:00:00Z,0.01900000000023283,19.0,6.9,637.0
2025-06-12T16:00:00Z,0.018999999999778083,18.7,5.5,511.0
2025-06-12T17:00:00Z,0.018000000000029104,18.3,4.0,368.0
2025-06-12T18:00:00Z,0.018000000000029104,17.5,3.4,224.0
2025-06-12T19:00:00Z,0.018999999999778083,15.7,4.0,99.0
2025-06-12T20:00:00Z,0.018000000000029104,14.2,2.8,16.0
2025-06-12T21:00:00Z,0.018000000000029104,13.7,1.4,0.0
2025-06-12T22:00:00Z,0.018000000000029104,13.1,0.4,0.0
2025-06-12T23:00:00Z,0.018000000000029104,12.4,0.4,0.0
2025-06-13T00:00:00Z,0.016999999999825377,11.6,1.5,0.0
2025-06-13T01:00:00Z,0.018000000000029104,11.0,9.1,0.0
2025-06-13T02:00:00Z,0.018000000000029104,10.8,9.3,0.0
2025-06-13T03:00:00Z,0.018000000000029104,10.9,10.3,4.0
2025-06-13T04:00:00Z,0.018000000000029104,12.0,12.2,62.0
2025-06-13T05:00:00Z,0.018000000000029104,13.2,13.0,177.0
2025-06-13T06:00:00Z,0.01900000000023283,14.2,14.2,318.0
2025-06-13T07:00:00Z,0.018000000000029104,15.0,16.0,464.0
2025-06-13T08:00:00Z,0.018000000000029104,15.6,17.8,600.0
2025-06-13T09:00:00Z,0.018999999999778083,15.9,18.6,716.0
2025-06-13T10:00:00Z,0.018000000000029104,16.2,20.0,802.0
2025-06-13T11:00:00Z,0.018000000000029104,16.2,22.1,854.0
2025-06-13T12:00:00Z,0.018999999999778083,16.1,22.0,865.0
2025-06-13T13:00:00Z,0.018000000000029104,17.0,23.0,830.0
2025-06-13T14:00:00Z,0.018000000000029104,16.8,22.7,756.0
2025-06-13T15:00:00Z,0.01900000000023283,16.6,21.5,650.0
2025-06-13T16:00:00Z,0.01999999999998181,16.3,20.3,518.0
2025-06-13T17:00:00Z,0.018000000000029104,15.9,18.7,369.0
2025-06-13T18:00:00Z,0.018999999999778083,15.2,16.8,223.0
2025-06-13T19:00:00Z,0.018000000000029104,14.4,15.6,96.0
2025-06-13T20:00:00Z,0.01900000000023283,13.8,14.5,16.0
2025-06-13T21:00:00Z,0.016999999999825377,13.6,14.3,0.0
2025-06-13T22:00:00Z,0.018999999999778083,13.4,15.1,0.0
2025-06-13T23:00:00Z,0.018000000000029104,13.2,15.8,0.0
2025-06-14T00:00:00Z,0.018000000000029104,13.1,15.8,0.0
2025-06-14T01:00:00Z,0.018000000000029104,12.2,15.2,0.0
2025-06-14T02:00:00Z,0.017000000000280124,12.3,15.2,0.0
2025-06-14T03:00:00Z,0.018000000000029104,12.4,15.9,4.0
2025-06-14T04:00:00Z,0.018999999999778083,13.2,17.5,61.0
2025-06-14T05:00:00Z,0.018000000000029104,14.1,15.9,173.0
2025-06-14T06:00:00Z,0.018000000000029104,15.1,18.9,310.0
2025-06-14T07:00:00Z,0.018999999999778083,15.8,21.9,452.0
2025-06-14T08:00:00Z,0.018000000000029104,16.6,21.9,585.0
2025-06-14T09:00:00Z,0.018000000000029104,17.1,23.0,699.0
2025-06-14T10:00:00Z,0.018000000000029104,17.5,24.6,784.0
2025-06-14T11:00:00Z,0.018000000000029104,17.6,25.4,832.0
2025-06-14T12:00:00Z,0.01900000000023283,17.9,25.3,841.0
2025-06-14T13:00:00Z,0.018000000000029104,18.2,25.7,809.0
2025-06-14T14:00:00Z,0.018000000000029104,18.2,25.7,738.0
2025-06-14T15:00:00Z,0.018999999999778083,18.1,25.3,635.0
2025-06-14T16:00:00Z,0.018000000000029104,17.8,23.2,507.0
2025-06-14T17:00:00Z,0.018999999999778083,17.2,21.8,360.0
2025-06-14T18:00:00Z,0.018000000000029104,16.6,19.6,222.0
2025-06-14T19:00:00Z,0.01900000000023283,15.9,17.7,93.0
2025-06-14T20:00:00Z,0.018000000000029104,15.4,19.0,16.0
2025-06-14T21:00:00Z,0.018999999999778083,15.1,19.1,0.0
2025-06-14T22:00:00Z,0.018000000000029104,15.0,17.6,0.0
2025-06-14T23:00:00Z,0.018000000000029104,14.9,17.2,0.0
2025-06-15T00:00:00Z,0.01900000000023283,14.9,16.2,0.0
2025-06-15T01:00:00Z,0.018000000000029104,13.8,12.2,0.0
2025-06-15T02:00:00Z,0.018000000000029104,13.9,11.2,0.0
2025-06-15T03:00:00Z,0.018999999999778083,14.4,12.9,3.0
2025-06-15T04:00:00Z,0.018000000000029104,15.0,13.5,56.0
2025-06-15T05:00:00Z,0.018000000000029104,16.1,11.1,161.0
2025-06-15T06:00:00Z,0.018000000000029104,17.4,13.2,273.0
2025-06-15T07:00:00Z,0.018000000000029104,18.2,12.8,349.0
2025-06-15T08:00:00Z,0.018000000000029104,19.8,12.2,482.0
2025-06-15T09:00:00Z,0.018000000000029104,20.4,10.6,456.0
2025-06-15T10:00:00Z,0.018999999999778083,19.8,10.7,281.0
2025-06-15T11:00:00Z,0.017000000000280124,22.0,11.1,694.0
2025-06-15T12:00:00Z,0.016999999999825377,23.2,9.8,812.0
2025-06-15T13:00:00Z,0.018999999999778083,22.6,9.6,724.0
2025-06-15T14:00:00Z,0.01900000000023283,23.0,8.9,638.0
2025-06-15T15:00:00Z,0.018000000000029104,22.7,5.1,514.0
2025-06-15T16:00:00Z,0.018999999999778083,22.9,11.2,442.0
2025-06-15T17:00:00Z,0.01900000000023283,21.8,12.5,173.0
2025-06-15T18:00:00Z,0.018000000000029104,20.5,13.9,79.0
2025-06-15T19:00:00Z,0.018999999999778083,18.4,16.0,20.0
2025-06-15T20:00:00Z,0.018000000000029104,17.0,15.2,4.0
2025-06-15T21:00:00Z,0.018000000000029104,16.5,14.5,0.0
2025-06-15T22:00:00Z,0.018000000000029104,16.3,15.5,0.0
2025-06-15T23:00:00Z,0.01900000000023283,16.2,16.4,0.0
2025-06-16T00:00:00Z,0.017999999999574356,15.9,15.5,0.0
2025-06-16T01:00:00Z,0.01900000000023283,15.7,16.6,0.0
2025-06-16T02:00:00Z,0.018000000000029104,14.7,17.2,0.0
2025-06-16T03:00:00Z,0.018999999999778083,13.6,17.4,3.0
2025-06-16T04:00:00Z,0.018000000000029104,13.5,17.8,43.0
2025-06-16T05:00:00Z,0.018000000000029104,14.1,19.0,101.0
2025-06-16T06:00:00Z,0.018000000000029104,14.8,20.7,165.0
2025-06-16T07:00:00Z,0.017000000000280124,15.4,21.5,236.0
2025-06-16T08:00:00Z,0.018999999999778083,16.6,23.0,438.0
2025-06-16T09:00:00Z,0.018000000000029104,17.3,23.3,458.0
2025-06-16T10:00:00Z,0.018999999999778083,18.4,24.9,608.0
2025-06-16T11:00:00Z,0.018000000000029104,18.3,24.6,482.0
2025-06-16T12:00:00Z,0.01900000000023283,19.1,25.6,471.0
2025-06-16T13:00:00Z,0.018000000000029104,20.2,24.8,635.0
2025-06-16T14:00:00Z,0.018999999999778083,20.5,25.4,559.0
2025-06-16T15:00:00Z,0.01900000000023283,19.8,25.5,488.0
2025-06-16T16:00:00Z,0.018000000000029104,20.0,27.6,468.0
2025-06-16T17:00:00Z,0.018000000000029104,19.5,25.0,300.0
2025-06-16T18:00:00Z,0.018999999999778083,18.5,23.1,188.0
2025-06-16T19:00:00Z,0.018000000000029104,17.4,21.0,97.0
2025-06-16T20:00:00Z,0.018000000000029104,16.1,20.1,16.0
2025-06-16T21:00:00Z,0.018000000000029104,15.2,19.5,0.0
2025-06-16T22:00:00Z,0.018000000000029104,14.6,18.2,0.0
2025-06-16T23:00:00Z,0.018000000000029104,14.1,18.2,0.0
2025-06-17T00:00:00Z,0.018000000000029104,13.6,18.0,0.0
2025-06-17T01:00:00Z,0.018000000000029104,13.4,18.6,0.0
2025-06-17T02:00:00Z,0.018000000000029104,13.2,17.9,0.0
2025-06-17T03:00:00Z,0.018999999999778083,13.1,17.1,3.0
2025-06-17T04:00:00Z,0.018000000000029104,13.5,17.7,39.0
2025-06-17T05:00:00Z,0.018000000000029104,14.5,15.9,131.0
2025-06-17T06:00:00Z,0.018000000000029104,15.8,15.9,284.0
2025-06-17T07:00:00Z,0.018000000000029104,17.2,15.1,414.0
2025-06-17T08:00:00Z,0.018999999999778083,18.5,16.2,504.0
2025-06-17T09:00:00Z,0.018000000000029104,19.9,17.9,661.0
2025-06-17T10:00:00Z,0.01900000000023283,21.1,19.2,765.0
2025-06-17T11:00:00Z,0.018000000000029104,21.9,19.5,793.0
2025-06-17T12:00:00Z,0.018999999999778083,22.1,20.5,731.0
2025-06-17T13:00:00Z,0.010000000000218279,22.2,21.4,765.0
2025-06-17T14:00:00Z,0.009000000000014552,22.0,22.6,691.0
2025-06-17T15:00:00Z,0.009000000000014552,22.0,23.7,578.0
2025-06-17T16:00:00Z,0.009000000000014552,21.6,23.3,394.0
2025-06-17T17:00:00Z,0.009000000000014552,21.2,22.0,278.0
2025-06-17T18:00:00Z,0.009000000000014552,20.6,20.5,191.0
2025-06-17T19:00:00Z,0.01499999999987267,19.6,20.6,93.0
2025-06-17T20:00:00Z,0.018999999999778083,18.7,20.1,14.0
2025-06-17T21:00:00Z,0.01900000000023283,17.8,19.8,0.0
2025-06-17T22:00:00Z,0.018999999999778083,16.8,19.7,0.0
2025-06-17T23:00:00Z,0.01900000000023283,15.9,19.3,0.0
2025-06-18T00:00:00Z,0.018999999999778083,15.1,19.1,0.0
2025-06-18T01:00:00Z,0.01900000000023283,15.2,18.7,0.0
2025-06-18T02:00:00Z,0.018999999999778083,14.9,17.1,0.0
2025-06-18T03:00:00Z,0.018000000000029104,14.6,17.5,2.0
2025-06-18T04:00:00Z,0.01900000000023283,14.9,20.3,29.0
2025-06-18T05:00:00Z,0.018999999999778083,15.2,19.5,50.0
2025-06-18T06:00:00Z,0.01900000000023283,16.1,20.5,181.0
2025-06-18T07:00:00Z,0.018999999999778083,17.1,21.4,437.0
2025-06-18T08:00:00Z,0.01900000000023283,18.0,21.5,579.0
2025-06-18T09:00:00Z,0.018999999999778083,18.9,20.5,697.0
2025-06-18T10:00:00Z,0.01900000000023283,19.8,19.4,789.0
2025-06-18T11:00:00Z,0.01999999999998181,20.5,19.6,838.0
2025-06-18T12:00:00Z,0.018999999999778083,21.5,24.1,843.0
2025-06-18T13:00:00Z,0.014000000000123691,21.2,25.3,642.0
2025-06-18T14:00:00Z,0.009000000000014552,20.2,22.9,518.0
2025-06-18T15:00:00Z,0.007999999999810825,20.5,25.5,570.0
2025-06-18T16:00:00Z,0.009000000000014552,20.0,26.6,386.0
2025-06-18T17:00:00Z,0.009000000000014552,19.2,24.8,335.0
2025-06-18T18:00:00Z,0.01900000000023283,18.3,23.0,201.0
2025-06-18T19:00:00Z,0.018999999999778083,17.1,20.6,89.0
2025-06-18T20:00:00Z,0.01900000000023283,15.9,20.8,17.0
2025-06-18T21:00:00Z,0.018999999999778083,14.9,20.0,0.0
2025-06-18T22:00:00Z,0.018000000000029104,13.9,19.1,0.0
2025-06-18T23:00:00Z,0.01900000000023283,13.3,20.9,0.0
2025-06-19T00:00:00Z,0.018000000000029104,12.8,21.2,0.0
2025-06-19T01:00:00Z,0.017999999999574356,13.4,22.9,0.0
2025-06-19T02:00:00Z,0.018000000000029104,13.1,23.7,0.0
2025-06-19T03:00:00Z,0.018000000000029104,12.5,23.0,3.0
2025-06-19T04:00:00Z,0.01900000000023283,12.6,24.0,57.0
2025-06-19T05:00:00Z,0.018000000000029104,13.1,28.0,170.0
2025-06-19T06:00:00Z,0.018000000000029104,13.9,31.3,273.0
2025-06-19T07:00:00Z,0.018000000000029104,14.8,33.1,411.0
2025-06-19T08:00:00Z,0.018000000000029104,15.6,33.0,516.0
2025-06-19T09:00:00Z,0.018999999999778083,16.4,31.9,506.0
2025-06-19T10:00:00Z,0.018000000000029104,17.2,30.5,561.0
2025-06-19T11:00:00Z,0.018000000000029104,18.1,28.9,719.0
2025-06-19T12:00:00Z,0.018999999999778083,18.6,29.2,801.0
2025-06-19T13:00:00Z,0.018000000000029104,18.1,28.4,529.0
2025-06-19T14:00:00Z,0.018000000000029104,17.8,26.6,423.0
2025-06-19T15:00:00Z,0.01900000000023283,18.3,25.9,538.0
2025-06-19T16:00:00Z,0.018999999999778083,18.0,24.2,401.0
2025-06-19T17:00:00Z,0.018000000000029104,17.4,22.6,289.0
2025-06-19T18:00:00Z,0.018000000000029104,16.8,19.8,176.0
2025-06-19T19:00:00Z,0.018000000000029104,15.8,16.4,100.0
2025-06-19T20:00:00Z,0.018000000000029104,14.6,15.7,18.0
2025-06-19T21:00:00Z,0.018000000000029104,13.7,15.8,0.0
2025-06-19T22:00:00Z,0.018000000000029104,12.9,15.6,0.0
2025-06-19T23:00:00Z,0.018000000000029104,12.2,16.8,0.0
2025-06-20T00:00:00Z,0.018999999999778083,11.6,16.2,0.0
2025-06-20T01:00:00Z,0.018000000000029104,10.6,15.0,0.0
2025-06-20T02:00:00Z,0.018000000000029104,10.1,14.2,0.0
2025-06-20T03:00:00Z,0.018000000000029104,9.9,14.1,4.0
2025-06-20T04:00:00Z,0.018000000000029104,10.6,14.3,61.0
2025-06-20T05:00:00Z,0.018000000000029104,11.9,13.8,174.0
2025-06-20T06:00:00Z,0.018000000000029104,13.6,14.7,312.0
2025-06-20T07:00:00Z,0.018999999999778083,15.1,13.5,456.0
2025-06-20T08:00:00Z,0.018000000000029104,16.6,12.6,592.0
2025-06-20T09:00:00Z,0.018000000000029104,18.0,12.2,708.0
2025-06-20T10:00:00Z,0.01900000000023283,19.1,12.3,794.0
2025-06-20T11:00:00Z,0.018000000000029104,19.9,11.9,842.0
2025-06-20T12:00:00Z,0.018999999999778083,20.5,11.3,850.0
2025-06-20T13:00:00Z,0.01499999999987267,20.9,12.7,817.0
2025-06-20T14:00:00Z,0.009000000000014552,20.9,13.3,745.0
2025-06-20T15:00:00Z,0.009000000000014552,20.6,12.8,641.0
2025-06-20T16:00:00Z,0.009000000000014552,20.2,10.9,513.0
2025-06-20T17:00:00Z,0.010999999999967258,19.6,11.2,373.0
2025-06-20T18:00:00Z,0.01900000000023283,18.9,12.0,231.0
2025-06-20T19:00:00Z,0.018999999999778083,18.0,9.2,104.0
2025-06-20T20:00:00Z,0.01900000000023283,16.4,6.9,18.0
2025-06-20T21:00:00Z,0.018999999999778083,15.6,9.7,0.0
2025-06-20T22:00:00Z,0.01900000000023283,14.9,11.3,0.0
2025-06-20T23:00:00Z,0.018000000000029104,14.3,10.9,0.0
2025-06-21T00:00:00Z,0.018999999999778083,13.8,10.4,0.0
2025-06-21T01:00:00Z,0.01900000000023283,12.2,10.3,0.0
2025-06-21T02:00:00Z,0.018000000000029104,11.9,11.2,0.0
2025-06-21T03:00:00Z,0.018000000000029104,11.9,12.3,3.0
2025-06-21T04:00:00Z,0.018999999999778083,12.7,12.2,57.0
2025-06-21T05:00:00Z,0.01900000000023283,14.0,11.1,163.0
2025-06-21T06:00:00Z,0.018000000000029104,15.6,12.2,302.0
2025-06-21T07:00:00Z,0.018999999999778083,17.5,13.6,443.0
2025-06-21T08:00:00Z,0.018000000000029104,19.0,15.2,556.0
2025-06-21T09:00:00Z,0.018999999999778083,20.3,16.9,674.0
2025-06-21T10:00:00Z,0.01900000000023283,21.1,17.5,728.0
2025-06-21T11:00:00Z,0.018000000000029104,21.8,17.6,772.0
2025-06-21T12:00:00Z,0.012999999999919964,22.8,18.2,825.0
2025-06-21T13:00:00Z,0.009000000000014552,23.8,18.6,790.0
2025-06-21T14:00:00Z,0.009000000000014552,24.1,18.9,716.0
2025-06-21T15:00:00Z,0.009000000000014552,24.2,18.9,610.0
2025-06-21T16:00:00Z,0.009000000000014552,24.1,19.3,500.0
2025-06-21T17:00:00Z,0.009000000000014552,23.5,19.6,358.0
2025-06-21T18:00:00Z,0.009000000000014552,22.9,18.5,216.0
2025-06-21T19:00:00Z,0.009000000000014552,21.8,15.0,100.0
2025-06-21T20:00:00Z,0.012999999999919964,20.5,13.8,18.0
2025-06-21T21:00:00Z,0.01900000000023283,19.3,13.6,0.0
2025-06-21T22:00:00Z,0.018999999999778083,18.2,12.4,0.0
2025-06-21T23:00:00Z,0.01900000000023283,17.5,10.4,0.0
2025-06-22T00:00:00Z,0.018999999999778083,16.7,8.2,0.0
2025-06-22T01:00:00Z,0.01999999999998181,14.4,5.1,0.0
2025-06-22T02:00:00Z,0.018000000000029104,13.6,2.3,0.0
2025-06-22T03:00:00Z,0.018999999999778083,13.6,0.6,3.0
2025-06-22T04:00:00Z,0.01900000000023283,14.6,2.6,56.0
2025-06-22T05:00:00Z,0.018999999999778083,16.3,5.4,156.0
2025-06-22T06:00:00Z,0.01900000000023283,17.9,7.3,281.0
2025-06-22T07:00:00Z,0.018999999999778083,19.2,10.7,426.0
2025-06-22T08:00:00Z,0.01900000000023283,20.1,13.9,570.0
2025-06-22T09:00:00Z,0.018999999999778083,20.9,15.8,691.0
2025-06-22T10:00:00Z,0.01900000000023283,21.0,17.7,779.0
2025-06-22T11:00:00Z,0.018999999999778083,21.2,18.9,831.0
2025-06-22T12:00:00Z,0.01900000000023283,21.1,20.3,823.0
2025-06-22T13:00:00Z,0.018999999999778083,20.6,20.9,726.0
2025-06-22T14:00:00Z,0.01900000000023283,20.2,20.6,630.0
2025-06-22T15:00:00Z,0.018999999999778083,19.5,20.3,462.0
2025-06-22T16:00:00Z,0.018000000000029104,18.6,19.5,304.0
2025-06-22T17:00:00Z,0.01900000000023283,18.0,18.7,157.0
2025-06-22T18:00:00Z,0.018000000000029104,17.3,21.6,57.0
2025-06-22T19:00:00Z,0.018000000000029104,17.1,19.3,48.0
2025-06-22T20:00:00Z,0.018000000000029104,17.1,23.7,16.0
2025-06-22T21:00:00Z,0.017999999999574356,17.0,17.7,0.0
2025-06-22T22:00:00Z,0.01900000000023283,17.2,8.2,0.0
2025-06-22T23:00:00Z,0.018000000000029104,17.5,6.6,0.0
2025-06-23T00:00:00Z,0.018999999999778083,17.8,9.7,0.0
2025-06-23T01:00:00Z,0.018000000000029104,17.0,10.6,0.0
2025-06-23T02:00:00Z,0.018000000000029104,16.8,10.1,0.0
2025-06-23T03:00:00Z,0.018000000000029104,16.3,10.8,2.0
2025-06-23T04:00:00Z,0.01900000000023283,16.4,14.7,50.0
2025-06-23T05:00:00Z,0.018000000000029104,17.0,14.0,170.0
2025-06-23T06:00:00Z,0.018999999999778083,18.2,14.5,307.0
2025-06-23T07:00:00Z,0.018000000000029104,19.5,23.2,425.0
2025-06-23T08:00:00Z,0.01900000000023283,19.4,23.4,320.0
2025-06-23T09:00:00Z,0.018999999999778083,19.5,22.3,378.0
2025-06-23T10:00:00Z,0.01900000000023283,19.1,24.3,434.0
2025-06-23T11:00:00Z,0.017999999999574356,19.6,27.1,509.0
2025-06-23T12:00:00Z,0.01900000000023283,18.2,25.3,496.0
2025-06-23T13:00:00Z,0.018999999999778083,17.2,25.6,200.0
2025-06-23T14:00:00Z,0.018000000000029104,17.9,30.6,560.0
2025-06-23T15:00:00Z,0.018000000000029104,17.0,30.2,442.0
2025-06-23T16:00:00Z,0.01900000000023283,16.4,30.6,329.0
2025-06-23T17:00:00Z,0.018999999999778083,15.4,27.5,293.0
2025-06-23T18:00:00Z,0.01900000000023283,14.7,27.0,207.0
2025-06-23T19:00:00Z,0.018999999999778083,14.2,26.6,93.0
2025-06-23T20:00:00Z,0.018000000000029104,13.8,24.7,17.0
2025-06-23T21:00:00Z,0.01900000000023283,13.6,24.0,0.0
2025-06-23T22:00:00Z,0.018999999999778083,13.4,25.1,0.0
2025-06-23T23:00:00Z,0.018000000000029104,13.5,25.7,0.0
2025-06-24T00:00:00Z,0.018000000000029104,13.8,27.8,0.0
2025-06-24T01:00:00Z,0.018000000000029104,13.8,27.3,0.0
2025-06-24T02:00:00Z,0.018000000000029104,13.4,25.3,0.0
2025-06-24T03:00:00Z,0.018000000000029104,13.5,25.1,3.0
2025-06-24T04:00:00Z,0.018999999999778083,13.9,25.5,56.0
2025-06-24T05:00:00Z,0.018000000000029104,14.4,25.2,132.0
2025-06-24T06:00:00Z,0.018000000000029104,15.2,29.3,254.0
2025-06-24T07:00:00Z,0.01900000000023283,15.6,28.4,287.0
2025-06-24T08:00:00Z,0.018000000000029104,15.6,27.0,309.0
2025-06-24T09:00:00Z,0.018000000000029104,17.0,32.6,576.0
2025-06-24T10:00:00Z,0.018000000000029104,17.6,32.1,583.0
2025-06-24T11:00:00Z,0.017999999999574356,18.1,31.9,564.0
2025-06-24T12:00:00Z,0.01900000000023283,18.4,31.3,591.0
2025-06-24T13:00:00Z,0.018000000000029104,18.2,34.5,645.0
2025-06-24T14:00:00Z,0.018999999999778083,18.2,32.6,490.0
2025-06-24T15:00:00Z,0.018000000000029104,17.2,25.2,269.0
2025-06-24T16:00:00Z,0.01900000000023283,16.6,22.9,217.0
2025-06-24T17:00:00Z,0.018000000000029104,15.9,24.0,76.0
2025-06-24T18:00:00Z,0.018000000000029104,15.4,22.0,28.0
2025-06-24T19:00:00Z,0.018000000000029104,15.3,19.4,21.0
2025-06-24T20:00:00Z,0.018000000000029104,14.9,18.5,5.0
2025-06-24T21:00:00Z,0.017999999999574356,14.8,18.8,0.0
2025-06-24T22:00:00Z,0.018000000000029104,14.8,18.4,0.0
2025-06-24T23:00:00Z,0.018000000000029104,14.4,18.8,0.0
2025-06-25T00:00:00Z,0.01900000000023283,14.2,18.6,0.0
2025-06-25T01:00:00Z,0.018000000000029104,14.5,18.8,0.0
2025-06-25T02:00:00Z,0.018999999999778083,14.4,18.4,0.0
2025-06-25T03:00:00Z,0.018000000000029104,14.2,18.8,2.0
2025-06-25T04:00:00Z,0.01900000000023283,14.3,21.3,31.0
2025-06-25T05:00:00Z,0.018000000000029104,14.4,22.1,123.0
2025-06-25T06:00:00Z,0.018000000000029104,15.1,22.5,242.0
2025-06-25T07:00:00Z,0.018999999999778083,15.9,24.2,383.0
2025-06-25T08:00:00Z,0.018000000000029104,16.6,24.4,489.0
2025-06-25T09:00:00Z,0.018000000000029104,16.5,26.4,534.0
2025-06-25T10:00:00Z,0.018000000000029104,17.4,26.4,612.0
2025-06-25T11:00:00Z,0.018000000000029104,18.4,30.6,717.0
2025-06-25T12:00:00Z,0.018000000000029104,18.2,30.9,597.0
2025-06-25T13:00:00Z,0.018000000000029104,18.0,26.5,539.0
2025-06-25T14:00:00Z,0.018999999999778083,18.2,24.1,415.0
2025-06-25T15:00:00Z,0.01900000000023283,18.5,22.6,421.0
2025-06-25T16:00:00Z,0.018000000000029104,18.3,20.0,325.0
2025-06-25T17:00:00Z,0.018999999999778083,18.2,18.2,299.0
2025-06-25T18:00:00Z,0.018000000000029104,17.9,14.1,185.0
2025-06-25T19:00:00Z,0.018000000000029104,16.6,9.1,101.0
2025-06-25T20:00:00Z,0.018000000000029104,14.8,6.3,19.0
2025-06-25T21:00:00Z,0.018000000000029104,14.0,8.5,0.0
2025-06-25T22:00:00Z,0.018999999999778083,13.4,10.5,0.0
2025-06-25T23:00:00Z,0.018000000000029104,12.9,10.5,0.0
2025-06-26T00:00:00Z,0.018000000000029104,12.4,9.8,0.0
2025-06-26T01:00:00Z,0.018000000000029104,10.9,6.5,0.0
2025-06-26T02:00:00Z,0.01900000000023283,10.0,5.2,0.0
2025-06-26T03:00:00Z,0.018000000000029104,9.6,4.5,3.0
2025-06-26T04:00:00Z,0.017999999999574356,11.2,5.3,58.0
2025-06-26T05:00:00Z,0.018000000000029104,12.9,2.2,166.0
2025-06-26T06:00:00Z,0.018000000000029104,14.6,3.6,299.0
2025-06-26T07:00:00Z,0.018000000000029104,16.0,6.8,426.0
2025-06-26T08:00:00Z,0.018000000000029104,17.4,10.1,559.0
2025-06-26T09:00:00Z,0.01900000000023283,19.0,9.7,661.0
2025-06-26T10:00:00Z,0.018000000000029104,20.3,9.2,704.0
2025-06-26T11:00:00Z,0.018999999999778083,21.0,12.5,773.0
2025-06-26T12:00:00Z,0.01900000000023283,20.4,14.8,689.0
2025-06-26T13:00:00Z,0.018000000000029104,19.1,17.6,596.0
2025-06-26T14:00:00Z,0.018999999999778083,18.5,16.2,469.0
2025-06-26T15:00:00Z,0.018000000000029104,18.0,14.8,347.0
2025-06-26T16:00:00Z,0.018999999999778083,16.6,12.2,124.0
2025-06-26T17:00:00Z,0.018000000000029104,16.5,11.3,93.0
2025-06-26T18:00:00Z,0.01900000000023283,15.7,11.5,20.0
2025-06-26T19:00:00Z,0.018000000000029104,15.1,12.2,22.0
2025-06-26T20:00:00Z,0.018000000000029104,15.2,10.9,4.0
2025-06-26T21:00:00Z,0.018999999999778083,15.4,8.5,0.0
2025-06-26T22:00:00Z,0.018000000000029104,15.0,9.3,0.0
2025-06-26T23:00:00Z,0.017000000000280124,14.9,10.0,0.0
2025-06-27T00:00:00Z,0.017999999999574356,14.4,9.6,0.0
2025-06-27T01:00:00Z,0.018000000000029104,14.9,11.8,0.0
2025-06-27T02:00:00Z,0.018000000000029104,15.8,16.6,0.0
2025-06-27T03:00:00Z,0.018000000000029104,16.2,18.6,2.0
2025-06-27T04:00:00Z,0.018000000000029104,16.4,17.7,25.0
2025-06-27T05:00:00Z,0.018000000000029104,16.5,17.5,59.0
2025-06-27T06:00:00Z,0.01900000000023283,16.9,18.0,176.0
2025-06-27T07:00:00Z,0.018000000000029104,17.6,24.2,384.0
2025-06-27T08:00:00Z,0.018000000000029104,17.6,24.1,403.0
2025-06-27T09:00:00Z,0.018999999999778083,17.1,21.6,244.0
2025-06-27T10:00:00Z,0.018000000000029104,18.0,22.7,442.0
2025-06-27T11:00:00Z,0.018999999999778083,18.8,25.2,760.0
2025-06-27T12:00:00Z,0.018000000000029104,19.1,25.4,834.0
2025-06-27T13:00:00Z,0.01900000000023283,19.4,28.3,629.0
2025-06-27T14:00:00Z,0.018000000000029104,19.8,27.5,564.0
2025-06-27T15:00:00Z,0.018999999999778083,19.8,27.7,561.0
2025-06-27T16:00:00Z,0.018000000000029104,19.1,25.9,279.0
2025-06-27T17:00:00Z,0.01900000000023283,19.0,24.6,348.0
2025-06-27T18:00:00Z,0.018000000000029104,18.2,24.3,222.0
2025-06-27T19:00:00Z,0.018999999999778083,17.2,21.1,84.0
2025-06-27T20:00:00Z,0.018000000000029104,16.1,19.4,17.0
2025-06-27T21:00:00Z,0.018000000000029104,15.5,18.6,0.0
2025-06-27T22:00:00Z,0.018000000000029104,14.9,15.8,0.0
2025-06-27T23:00:00Z,0.018000000000029104,14.4,16.3,0.0
2025-06-28T00:00:00Z,0.018000000000029104,14.1,15.0,0.0
2025-06-28T01:00:00Z,0.018000000000029104,14.0,15.0,0.0
2025-06-28T02:00:00Z,0.018000000000029104,14.6,15.4,0.0
2025-06-28T03:00:00Z,0.018000000000029104,14.8,14.4,1.0
2025-06-28T04:00:00Z,0.018000000000029104,14.9,14.2,13.0
2025-06-28T05:00:00Z,0.017999999999574356,15.5,15.4,39.0
2025-06-28T06:00:00Z,0.018000000000029104,16.0,16.8,46.0
2025-06-28T07:00:00Z,0.01900000000023283,16.8,18.6,82.0
2025-06-28T08:00:00Z,0.018000000000029104,19.0,23.6,228.0
2025-06-28T09:00:00Z,0.018000000000029104,21.9,24.0,505.0
2025-06-28T10:00:00Z,0.018999999999778083,23.0,24.2,723.0
2025-06-28T11:00:00Z,0.018000000000029104,23.8,29.0,710.0
2025-06-28T12:00:00Z,0.009000000000014552,23.4,27.7,332.0
2025-06-28T13:00:00Z,0.008000000000265572,23.0,28.2,345.0
2025-06-28T14:00:00Z,0.009000000000014552,23.1,29.8,452.0
2025-06-28T15:00:00Z,0.009000000000014552,22.5,25.0,292.0
2025-06-28T16:00:00Z,0.008999999999559805,22.2,25.4,304.0
2025-06-28T17:00:00Z,0.009000000000014552,21.2,24.4,148.0
2025-06-28T18:00:00Z,0.012000000000170985,20.4,21.9,61.0
2025-06-28T19:00:00Z,0.01900000000023283,19.7,21.9,24.0
2025-06-28T20:00:00Z,0.018999999999778083,19.4,22.2,5.0
2025-06-28T21:00:00Z,0.01900000000023283,19.0,22.4,0.0
2025-06-28T22:00:00Z,0.018999999999778083,18.7,23.1,0.0
2025-06-28T23:00:00Z,0.01900000000023283,18.0,23.2,0.0
2025-06-29T00:00:00Z,0.018999999999778083,17.6,21.8,0.0
2025-06-29T01:00:00Z,0.01999999999998181,17.5,22.5,0.0
2025-06-29T02:00:00Z,0.01900000000023283,17.6,21.8,0.0
2025-06-29T03:00:00Z,0.018999999999778083,17.6,20.7,1.0
2025-06-29T04:00:00Z,0.01900000000023283,17.9,20.7,33.0
2025-06-29T05:00:00Z,0.01999999999998181,18.0,22.6,144.0
2025-06-29T06:00:00Z,0.018999999999778083,18.4,23.3,208.0
2025-06-29T07:00:00Z,0.01900000000023283,19.0,22.4,431.0
2025-06-29T08:00:00Z,0.016999999999825377,19.4,21.9,574.0
2025-06-29T09:00:00Z,0.01999999999998181,19.8,22.5,696.0
2025-06-29T10:00:00Z,0.018000000000029104,20.2,25.0,771.0
2025-06-29T11:00:00Z,0.018999999999778083,20.5,28.1,817.0
2025-06-29T12:00:00Z,0.01900000000023283,20.8,28.9,807.0
2025-06-29T13:00:00Z,0.01999999999998181,20.6,30.8,776.0
2025-06-29T14:00:00Z,0.018999999999778083,20.2,31.3,743.0
2025-06-29T15:00:00Z,0.01900000000023283,19.9,30.5,645.0
2025-06-29T16:00:00Z,0.018000000000029104,19.2,30.1,517.0
2025-06-29T17:00:00Z,0.018999999999778083,18.5,29.4,371.0
2025-06-29T18:00:00Z,0.018000000000029104,17.5,28.6,224.0
2025-06-29T19:00:00Z,0.018000000000029104,16.6,24.6,102.0
2025-06-29T20:00:00Z,0.01900000000023283,15.5,23.5,18.0
2025-06-29T21:00:00Z,0.018000000000029104,14.9,22.0,0.0
2025-06-29T22:00:00Z,0.018999999999778083,14.2,21.7,0.0
2025-06-29T23:00:00Z,0.01900000000023283,13.6,21.5,0.0
2025-06-30T00:00:00Z,0.018000000000029104,13.4,20.7,0.0
2025-06-30T01:00:00Z,0.018999999999778083,12.9,19.9,0.0
2025-06-30T02:00:00Z,0.018000000000029104,12.7,20.1,0.0
2025-06-30T03:00:00Z,0.018000000000029104,12.6,19.8,2.0
2025-06-30T04:00:00Z,0.018999999999778083,13.1,19.9,53.0
2025-06-30T05:00:00Z,0.017000000000280124,14.1,20.3,154.0
2025-06-30T06:00:00Z,0.018999999999778083,15.1,24.1,258.0
2025-06-30T07:00:00Z,0.018000000000029104,15.9,21.3,340.0
2025-06-30T08:00:00Z,0.018000000000029104,17.1,16.7,470.0
2025-06-30T09:00:00Z,0.01900000000023283,18.0,13.8,616.0
2025-06-30T10:00:00Z,0.018999999999778083,19.0,12.7,754.0
2025-06-30T11:00:00Z,0.01900000000023283,19.8,12.4,818.0
2025-06-30T12:00:00Z,0.018000000000029104,20.5,12.5,825.0
2025-06-30T13:00:00Z,0.018999999999778083,21.3,12.5,807.0
2025-06-30T14:00:00Z,0.012999999999919964,21.5,12.4,736.0
2025-06-30T15:00:00Z,0.009000000000014552,21.4,11.6,628.0
2025-06-30T16:00:00Z,0.009000000000014552,21.0,10.8,488.0
2025-06-30T17:00:00Z,0.010000000000218279,20.5,10.2,357.0
2025-06-30T18:00:00Z,0.018999999999778083,19.8,9.2,218.0
2025-06-30T19:00:00Z,0.01900000000023283,18.8,5.6,102.0
2025-06-30T20:00:00Z,0.018999999999778083,16.8,4.4,18.0
2025-06-30T21:00:00Z,0.018000000000029104,16.1,3.6,0.0
2025-06-30T22:00:00Z,0.01900000000023283,15.4,2.8,0.0
2025-06-30T23:00:00Z,0.018999999999778083,15.1,1.2,0.0
2025-07-01T00:00:00Z,0.018000000000029104,14.6,0.5,0.0
2025-07-01T01:00:00Z,0.018999999999778083,12.6,0.4,0.0
2025-07-01T02:00:00Z,0.018000000000029104,12.0,1.9,0.0
2025-07-01T03:00:00Z,0.018000000000029104,11.8,3.3,2.0
2025-07-01T04:00:00Z,0.01900000000023283,13.1,4.0,54.0
2025-07-01T05:00:00Z,0.018000000000029104,15.3,5.4,164.0
2025-07-01T06:00:00Z,0.018999999999778083,17.0,6.6,299.0
2025-07-01T07:00:00Z,0.01900000000023283,18.8,7.9,442.0
2025-07-01T08:00:00Z,0.01999999999998181,20.3,8.9,576.0
2025-07-01T09:00:00Z,0.018999999999778083,21.6,7.4,690.0
2025-07-01T10:00:00Z,0.01999999999998181,22.9,7.0,775.0
2025-07-01T11:00:00Z,0.01900000000023283,23.5,9.3,825.0
2025-07-01T12:00:00Z,0.01999999999998181,23.6,14.1,835.0
2025-07-01T13:00:00Z,0.009999999999763531,23.1,15.6,801.0
2025-07-01T14:00:00Z,0.009000000000014552,23.2,15.8,731.0
2025-07-01T15:00:00Z,0.009000000000014552,23.0,15.0,632.0
2025-07-01T16:00:00Z,0.009000000000014552,22.8,12.4,505.0
2025-07-01T17:00:00Z,0.009000000000014552,22.1,12.7,369.0
2025-07-01T18:00:00Z,0.009000000000014552,21.2,11.7,229.0
2025-07-01T19:00:00Z,0.01499999999987267,20.2,9.7,103.0
2025-07-01T20:00:00Z,0.01900000000023283,18.9,9.0,18.0
2025-07-01T21:00:00Z,0.01999999999998181,17.8,8.7,0.0
2025-07-01T22:00:00Z,0.018999999999778083,17.3,9.4,0.0
2025-07-01T23:00:00Z,0.01900000000023283,17.1,9.5,0.0
2025-07-02T00:00:00Z,0.018999999999778083,17.0,9.1,0.0
2025-07-02T01:00:00Z,0.01900000000023283,15.4,8.5,0.0
2025-07-02T02:00:00Z,0.01999999999998181,15.5,9.0,0.0
2025-07-02T03:00:00Z,0.018999999999778083,15.6,9.8,2.0
2025-07-02T04:00:00Z,0.01900000000023283,16.7,11.3,53.0
2025-07-02T05:00:00Z,0.018999999999778083,18.4,11.0,160.0
2025-07-02T06:00:00Z,0.01900000000023283,20.5,9.7,291.0
2025-07-02T07:00:00Z,0.018999999999778083,23.0,9.8,422.0
2025-07-02T08:00:00Z,0.01999999999998181,25.1,10.3,542.0
2025-07-02T09:00:00Z,0.01900000000023283,26.8,9.8,639.0
2025-07-02T10:00:00Z,0.014000000000123691,28.0,11.0,722.0
2025-07-02T11:00:00Z,0.009999999999763531,28.9,13.0,796.0
2025-07-02T12:00:00Z,0.009000000000014552,29.6,13.4,800.0
2025-07-02T13:00:00Z,0.009000000000014552,30.9,12.1,648.0
2025-07-02T14:00:00Z,0.009000000000014552,31.5,15.1,658.0
2025-07-02T15:00:00Z,0.009000000000014552,31.2,11.5,599.0
2025-07-02T16:00:00Z,0.009000000000014552,31.0,12.2,493.0
2025-07-02T17:00:00Z,0.009000000000014552,30.5,15.5,350.0
2025-07-02T18:00:00Z,0.007999999999810825,29.3,17.5,215.0
2025-07-02T19:00:00Z,0.009000000000014552,26.1,14.0,67.0
2025-07-02T20:00:00Z,0.009000000000014552,25.7,10.9,11.0
2025-07-02T21:00:00Z,0.0010000000002037268,25.0,14.8,0.0
2025-07-02T22:00:00Z,0.0,23.8,15.3,0.0
2025-09-13T11:00:00Z,0.057999999999992724,17.9,22.0,498.0
2025-09-13T12:00:00Z,0.018000000000029104,18.2,21.4,460.0
2025-09-13T13:00:00Z,0.018999999999778083,18.7,19.9,415.0
2025-09-13T14:00:00Z,0.018000000000029104,18.1,19.1,220.0
2025-09-13T15:00:00Z,0.018000000000029104,18.1,17.2,187.0
2025-09-13T16:00:00Z,0.018000000000029104,16.8,19.3,130.0
2025-09-13T17:00:00Z,0.018000000000029104,15.6,16.7,61.0
2025-09-13T18:00:00Z,0.018000000000029104,14.9,19.5,5.0
2025-09-13T19:00:00Z,0.018000000000029104,14.1,13.6,0.0
2025-09-13T20:00:00Z,0.018000000000029104,13.6,12.3,0.0
2025-09-13T21:00:00Z,0.018000000000029104,13.4,13.6,0.0
2025-09-13T22:00:00Z,0.018000000000029104,13.4,14.4,0.0
2025-09-13T23:00:00Z,0.018000000000029104,13.1,12.9,0.0
2025-09-14T00:00:00Z,0.016999999999825377,12.9,11.7,0.0
2025-09-14T01:00:00Z,0.018000000000029104,13.9,13.0,0.0
2025-09-14T02:00:00Z,0.018000000000029104,14.2,13.5,0.0
2025-09-14T03:00:00Z,0.018000000000029104,14.9,16.3,0.0
2025-09-14T04:00:00Z,0.018000000000029104,14.6,13.8,0.0
2025-09-14T05:00:00Z,0.018999999999778083,14.1,12.2,1.0
2025-09-14T06:00:00Z,0.018000000000029104,13.9,14.5,50.0
2025-09-14T07:00:00Z,0.017000000000280124,13.7,9.0,45.0
2025-09-14T08:00:00Z,0.018000000000029104,14.1,8.3,77.0
2025-09-14T09:00:00Z,0.13899999999966894,14.2,9.3,98.0
2025-09-14T10:00:00Z,1.83600000000024,14.5,11.2,122.0
2025-09-14T11:00:00Z,0.5799999999999272,14.8,10.3,192.0
2025-09-14T12:00:00Z,0.3420000000000982,16.4,12.2,446.0
2025-09-14T13:00:00Z,0.8599999999996726,16.5,13.6,479.0
2025-09-14T14:00:00Z,0.018000000000029104,16.8,11.3,320.0
2025-09-14T15:00:00Z,0.017000000000280124,17.0,12.5,334.0
2025-09-14T16:00:00Z,0.016999999999825377,16.1,13.4,206.0
2025-09-14T17:00:00Z,0.017000000000280124,14.9,10.5,85.0
2025-09-14T18:00:00Z,0.016999999999825377,13.6,9.8,6.0
2025-09-14T19:00:00Z,0.016999999999825377,12.9,9.8,0.0
2025-09-14T20:00:00Z,0.018000000000029104,12.3,9.8,0.0
2025-09-14T21:00:00Z,0.017000000000280124,11.9,10.4,0.0
2025-09-14T22:00:00Z,0.016999999999825377,11.5,8.4,0.0
2025-09-14T23:00:00Z,0.018000000000029104,11.1,8.6,0.0
2025-09-15T00:00:00Z,0.018000000000029104,11.1,9.7,0.0
2025-09-15T01:00:00Z,0.016999999999825377,11.1,8.1,0.0
2025-09-15T02:00:00Z,0.018000000000029104,11.5,9.7,0.0
2025-09-15T03:00:00Z,0.018000000000029104,12.9,13.0,0.0
2025-09-15T04:00:00Z,0.018000000000029104,14.0,19.5,0.0
2025-09-15T05:00:00Z,0.016999999999825377,15.1,24.4,0.0
2025-09-15T06:00:00Z,0.017000000000280124,15.6,26.9,13.0
2025-09-15T07:00:00Z,0.016999999999825377,16.3,32.2,95.0
2025-09-15T08:00:00Z,0.017000000000280124,15.7,30.7,185.0
2025-09-15T09:00:00Z,0.018000000000029104,16.3,32.6,316.0
2025-09-15T10:00:00Z,0.016999999999825377,16.2,25.3,84.0
2025-09-15T11:00:00Z,0.016999999999825377,18.2,29.9,434.0
2025-09-15T12:00:00Z,0.63799999999992,18.1,28.8,409.0
2025-09-15T13:00:00Z,1.5289999999999964,18.6,31.9,456.0
2025-09-15T14:00:00Z,0.1910000000002583,16.5,21.7,287.0
2025-09-15T15:00:00Z,0.016999999999825377,16.4,25.0,258.0
2025-09-15T16:00:00Z,0.018000000000029104,15.9,20.6,154.0
2025-09-15T17:00:00Z,0.017000000000280124,14.6,29.4,78.0
2025-09-15T18:00:00Z,0.016999999999825377,14.0,23.7,3.0
2025-09-15T19:00:00Z,0.016999999999825377,13.9,27.1,0.0
2025-09-15T20:00:00Z,0.016000000000076398,13.8,26.8,0.0
2025-09-15T21:00:00Z,0.018000000000029104,14.2,25.5,0.0
2025-09-15T22:00:00Z,0.017000000000280124,13.8,27.5,0.0
2025-09-15T23:00:00Z,0.017999999999574356,13.8,26.9,0.0
2025-09-16T00:00:00Z,0.018000000000029104,13.2,27.4,0.0
2025-09-16T01:00:00Z,0.017000000000280124,13.2,27.9,0.0
2025-09-16T02:00:00Z,0.018000000000029104,13.4,30.1,0.0
2025-09-16T03:00:00Z,0.016999999999825377,13.4,30.1,0.0
2025-09-16T04:00:00Z,0.016999999999825377,13.4,31.1,0.0
2025-09-16T05:00:00Z,0.018000000000029104,13.4,31.5,0.0
2025-09-16T06:00:00Z,0.017000000000280124,13.9,30.4,30.0
2025-09-16T07:00:00Z,0.016999999999825377,15.0,21.8,127.0
2025-09-16T08:00:00Z,0.017000000000280124,16.0,27.2,252.0
2025-09-16T09:00:00Z,0.016999999999825377,16.5,36.1,303.0
2025-09-16T10:00:00Z,0.016999999999825377,17.3,38.3,383.0
2025-09-16T11:00:00Z,0.018000000000029104,16.9,39.5,432.0
2025-09-16T12:00:00Z,0.017000000000280124,17.5,32.8,398.0
2025-09-16T13:00:00Z,0.018000000000029104,17.7,33.1,418.0
2025-09-16T14:00:00Z,0.016999999999825377,17.5,29.4,411.0
2025-09-16T15:00:00Z,0.018000000000029104,17.3,27.2,315.0
2025-09-16T16:00:00Z,0.016999999999825377,16.7,24.3,190.0
2025-09-16T17:00:00Z,0.017000000000280124,15.6,21.9,75.0
2025-09-16T18:00:00Z,0.018000000000029104,14.9,20.0,3.0
2025-09-16T19:00:00Z,0.016999999999825377,14.5,21.1,0.0
2025-09-16T20:00:00Z,0.018000000000029104,14.1,20.7,0.0
2025-09-16T21:00:00Z,0.016999999999825377,13.6,20.1,0.0
2025-09-16T22:00:00Z,0.018000000000029104,13.2,21.2,0.0
2025-09-16T23:00:00Z,0.017000000000280124,13.0,21.7,0.0
2025-09-17T00:00:00Z,0.018000000000029104,12.9,23.0,0.0
2025-09-17T01:00:00Z,0.018999999999778083,13.1,23.7,0.0
2025-09-17T02:00:00Z,0.018000000000029104,13.2,24.7,0.0
2025-09-17T03:00:00Z,0.018000000000029104,13.4,24.5,0.0
2025-09-17T04:00:00Z,0.018000000000029104,13.1,23.7,0.0
2025-09-17T05:00:00Z,0.018000000000029104,12.7,22.0,0.0
2025-09-17T06:00:00Z,0.016999999999825377,13.4,22.1,51.0
2025-09-17T07:00:00Z,0.01900000000023283,14.5,21.8,159.0
2025-09-17T08:00:00Z,0.018000000000029104,15.5,30.1,283.0
2025-09-17T09:00:00Z,0.018999999999778083,16.4,32.4,386.0
2025-09-17T10:00:00Z,0.018000000000029104,17.1,29.7,453.0
2025-09-17T11:00:00Z,0.018000000000029104,17.5,29.7,498.0
2025-09-17T12:00:00Z,0.016999999999825377,17.9,28.3,468.0
2025-09-17T13:00:00Z,0.018000000000029104,17.8,28.0,460.0
2025-09-17T14:00:00Z,0.017000000000280124,17.7,26.4,396.0
2025-09-17T15:00:00Z,0.016999999999825377,17.4,25.2,318.0
2025-09-17T16:00:00Z,0.016999999999825377,16.8,21.1,189.0
2025-09-17T17:00:00Z,0.018000000000029104,15.9,18.2,72.0
2025-09-17T18:00:00Z,0.017000000000280124,15.1,18.5,2.0
2025-09-17T19:00:00Z,0.016999999999825377,14.4,17.6,0.0
2025-09-17T20:00:00Z,0.018000000000029104,14.1,15.1,0.0
2025-09-17T21:00:00Z,0.016999999999825377,13.4,15.2,0.0
2025-09-17T22:00:00Z,0.01900000000023283,13.2,14.9,0.0
2025-09-17T23:00:00Z,0.016999999999825377,13.9,14.4,0.0
2025-09-18T00:00:00Z,0.017000000000280124,14.1,14.1,0.0
2025-09-18T01:00:00Z,0.016999999999825377,14.1,15.2,0.0
2025-09-18T02:00:00Z,0.018000000000029104,13.8,16.3,0.0
2025-09-18T03:00:00Z,0.018000000000029104,14.0,17.9,0.0
2025-09-18T04:00:00Z,0.018000000000029104,14.4,19.7,0.0
2025-09-18T05:00:00Z,0.016999999999825377,15.2,18.0,0.0
2025-09-18T06:00:00Z,0.017000000000280124,16.1,18.3,22.0
2025-09-18T07:00:00Z,0.018000000000029104,17.0,17.3,115.0
2025-09-18T08:00:00Z,0.016999999999825377,18.2,21.0,263.0
2025-09-18T09:00:00Z,0.016999999999825377,19.1,24.1,339.0
2025-09-18T10:00:00Z,0.018000000000029104,20.0,25.3,430.0
2025-09-18T11:00:00Z,0.017000000000280124,20.4,25.5,473.0
2025-09-18T12:00:00Z,0.016999999999825377,20.5,25.4,457.0
2025-09-18T13:00:00Z,0.018000000000029104,20.0,26.8,415.0
2025-09-18T14:00:00Z,0.016999999999825377,19.9,26.1,403.0
2025-09-18T15:00:00Z,0.018000000000029104,19.4,25.1,300.0
2025-09-18T16:00:00Z,0.018000000000029104,18.6,23.1,159.0
2025-09-18T17:00:00Z,0.017000000000280124,17.8,23.1,62.0
2025-09-18T18:00:00Z,0.016999999999825377,17.5,23.6,1.0
2025-09-18T19:00:00Z,0.018000000000029104,16.6,22.4,0.0
2025-09-18T20:00:00Z,0.018000000000029104,16.1,21.5,0.0
2025-09-18T21:00:00Z,0.016999999999825377,15.9,21.5,0.0
2025-09-18T22:00:00Z,0.017000000000280124,15.6,20.3,0.0
2025-09-18T23:00:00Z,0.018000000000029104,15.4,18.5,0.0
2025-09-19T00:00:00Z,0.016999999999825377,14.9,17.5,0.0
2025-09-19T01:00:00Z,0.016000000000076398,14.9,17.6,0.0
2025-09-19T02:00:00Z,0.018000000000029104,15.1,17.8,0.0
2025-09-19T03:00:00Z,0.016999999999825377,15.3,17.1,0.0
2025-09-19T04:00:00Z,0.017000000000280124,16.0,16.1,0.0
2025-09-19T05:00:00Z,0.016999999999825377,16.8,17.1,0.0
2025-09-19T06:00:00Z,0.018000000000029104,17.7,18.9,17.0
2025-09-19T07:00:00Z,0.016999999999825377,18.3,19.5,69.0
2025-09-19T08:00:00Z,0.018000000000029104,19.2,25.6,205.0
2025-09-19T09:00:00Z,0.018000000000029104,20.0,24.0,271.0
2025-09-19T10:00:00Z,1.6610000000000582,20.9,23.6,395.0
2025-09-19T11:00:00Z,0.6509999999998399,21.3,23.6,408.0
2025-09-19T12:00:00Z,0.018000000000029104,21.9,24.5,461.0
2025-09-19T13:00:00Z,0.017000000000280124,21.4,25.6,357.0
2025-09-19T14:00:00Z,0.018000000000029104,21.0,23.8,254.0
2025-09-19T15:00:00Z,0.016999999999825377,20.5,20.5,204.0
2025-09-19T16:00:00Z,0.018000000000029104,19.6,18.9,166.0
2025-09-19T17:00:00Z,0.016999999999825377,18.6,17.2,53.0
2025-09-19T18:00:00Z,0.017000000000280124,18.0,15.8,1.0
2025-09-19T19:00:00Z,0.016999999999825377,17.5,13.6,0.0
2025-09-19T20:00:00Z,0.018000000000029104,16.7,11.6,0.0
2025-09-19T21:00:00Z,0.016999999999825377,16.2,12.1,0.0
2025-09-19T22:00:00Z,0.018000000000029104,16.0,12.5,0.0
2025-09-19T23:00:00Z,0.017000000000280124,15.7,12.6,0.0
2025-09-20T00:00:00Z,0.018000000000029104,15.4,12.0,0.0
2025-09-20T01:00:00Z,0.018000000000029104,14.9,10.8,0.0
2025-09-20T02:00:00Z,0.016999999999825377,14.6,10.2,0.0
2025-09-20T03:00:00Z,0.018000000000029104,14.5,10.9,0.0
2025-09-20T04:00:00Z,0.016999999999825377,14.4,10.9,0.0
2025-09-20T05:00:00Z,0.017000000000280124,14.1,10.2,0.0
2025-09-20T06:00:00Z,0.018000000000029104,14.6,10.8,46.0
2025-09-20T07:00:00Z,0.01599999999962165,16.0,11.3,161.0
2025-09-20T08:00:00Z,0.017000000000280124,17.6,11.1,245.0
2025-09-20T09:00:00Z,0.016999999999825377,19.5,12.1,375.0
2025-09-20T10:00:00Z,0.017000000000280124,20.6,11.5,439.0
2025-09-20T11:00:00Z,0.016999999999825377,20.9,13.1,355.0
2025-09-20T12:00:00Z,0.016999999999825377,21.0,12.6,311.0
2025-09-20T13:00:00Z,0.017000000000280124,23.6,16.2,499.0
2025-09-20T14:00:00Z,0.009000000000014552,23.8,16.8,375.0
2025-09-20T15:00:00Z,0.009000000000014552,23.2,17.3,265.0
2025-09-20T16:00:00Z,0.009000000000014552,22.5,18.8,62.0
2025-09-20T17:00:00Z,0.005999999999858119,21.5,18.1,39.0
2025-09-20T18:00:00Z,0.0,21.0,16.6,0.0
2025-09-21T17:00:00Z,0.43100000000004,13.9,23.3,16.0
2025-09-21T18:00:00Z,0.016999999999825377,13.8,22.8,0.0
2025-09-21T19:00:00Z,0.018000000000029104,13.1,20.2,0.0
2025-09-21T20:00:00Z,0.017000000000280124,12.5,20.3,0.0
2025-09-21T21:00:00Z,0.018000000000029104,11.8,19.5,0.0
2025-09-21T22:00:00Z,0.016999999999825377,11.4,18.7,0.0
2025-09-21T23:00:00Z,0.018000000000029104,11.6,20.9,0.0
2025-09-22T00:00:00Z,0.016000000000076398,11.9,21.1,0.0
2025-09-22T01:00:00Z,0.016999999999825377,10.8,21.6,0.0
2025-09-22T02:00:00Z,0.018000000000029104,10.6,21.3,0.0
2025-09-22T03:00:00Z,0.06399999999985084,10.4,20.3,0.0
2025-09-22T04:00:00Z,0.1950000000001637,10.2,19.3,0.0
2025-09-22T05:00:00Z,0.06500000000005457,10.1,19.7,0.0
2025-09-22T06:00:00Z,0.018999999999778083,10.6,19.5,34.0
2025-09-22T07:00:00Z,0.018000000000029104,11.6,17.2,148.0
2025-09-22T08:00:00Z,0.01900000000023283,12.2,23.8,230.0
2025-09-22T09:00:00Z,0.016999999999825377,12.6,24.3,283.0
2025-09-22T10:00:00Z,0.01900000000023283,13.1,24.7,365.0
2025-09-22T11:00:00Z,0.018000000000029104,13.7,25.8,448.0
2025-09-22T12:00:00Z,0.018999999999778083,13.8,25.6,453.0
2025-09-22T13:00:00Z,0.018000000000029104,14.0,23.7,384.0
2025-09-22T14:00:00Z,0.018999999999778083,13.9,23.9,310.0
2025-09-22T15:00:00Z,0.018000000000029104,13.7,23.9,245.0
2025-09-22T16:00:00Z,0.018000000000029104,12.6,18.3,146.0
2025-09-22T17:00:00Z,0.018000000000029104,11.6,13.9,43.0
2025-09-22T18:00:00Z,0.018000000000029104,11.1,12.4,0.0
2025-09-22T19:00:00Z,0.018000000000029104,10.6,12.7,0.0
2025-09-22T20:00:00Z,0.018000000000029104,10.5,11.9,0.0
2025-09-22T21:00:00Z,0.018000000000029104,10.1,12.1,0.0
2025-09-22T22:00:00Z,0.16800000000012005,10.1,14.8,0.0
2025-09-22T23:00:00Z,0.5340000000001055,9.9,14.5,0.0
2025-09-23T00:00:00Z,0.11999999999989086,9.4,11.1,0.0
2025-09-23T01:00:00Z,0.018999999999778083,8.5,11.6,0.0
2025-09-23T02:00:00Z,0.018000000000029104,8.2,10.6,0.0
2025-09-23T03:00:00Z,0.5640000000003056,7.9,10.3,0.0
2025-09-23T04:00:00Z,0.5729999999998654,7.9,10.7,0.0
2025-09-23T05:00:00Z,0.32799999999997453,7.8,10.6,0.0
2025-09-23T06:00:00Z,0.5670000000000073,8.6,11.1,34.0
2025-09-23T07:00:00Z,0.1069999999999709,10.2,11.0,146.0
2025-09-23T08:00:00Z,0.018000000000029104,12.3,9.8,283.0
2025-09-23T09:00:00Z,0.018999999999778083,13.5,11.5,383.0
2025-09-23T10:00:00Z,0.018000000000029104,14.1,10.9,454.0
2025-09-23T11:00:00Z,0.018000000000029104,14.6,10.0,497.0
2025-09-23T12:00:00Z,0.018000000000029104,15.1,9.4,504.0
2025-09-23T13:00:00Z,0.018000000000029104,15.1,9.5,463.0
2025-09-23T14:00:00Z,0.01900000000023283,15.3,10.4,401.0
2025-09-23T15:00:00Z,0.018000000000029104,14.6,13.7,304.0
2025-09-23T16:00:00Z,0.017999999999574356,13.4,11.2,177.0
2025-09-23T17:00:00Z,0.018000000000029104,11.6,9.4,48.0
2025-09-23T18:00:00Z,0.018000000000029104,10.4,10.1,0.0
2025-09-23T19:00:00Z,0.018000000000029104,9.8,9.5,0.0
2025-09-23T20:00:00Z,0.5860000000002401,8.9,7.3,0.0
2025-09-23T21:00:00Z,0.4679999999998472,8.2,7.2,0.0
2025-09-23T22:00:00Z,0.018000000000029104,7.8,6.5,0.0
2025-09-23T23:00:00Z,0.6840000000001965,7.6,6.7,0.0
2025-09-24T00:00:00Z,0.3170000000000073,7.6,6.8,0.0
2025-09-24T01:00:00Z,0.7279999999996107,5.8,7.0,0.0
2025-09-24T02:00:00Z,0.3010000000003856,5.9,7.5,0.0
2025-09-24T03:00:00Z,0.13299999999981083,6.0,7.9,0.0
2025-09-24T04:00:00Z,0.018000000000029104,5.8,6.9,0.0
2025-09-24T05:00:00Z,0.018999999999778083,5.5,5.9,0.0
2025-09-24T06:00:00Z,0.018000000000029104,7.1,7.3,34.0
2025-09-24T07:00:00Z,0.3040000000000873,9.1,7.5,155.0
2025-09-24T08:00:00Z,0.32700000000022555,10.9,6.0,289.0
2025-09-24T09:00:00Z,0.018000000000029104,12.4,6.8,407.0
2025-09-24T10:00:00Z,0.018999999999778083,13.6,7.1,492.0
2025-09-24T11:00:00Z,0.018000000000029104,14.2,7.6,538.0
2025-09-24T12:00:00Z,0.018000000000029104,14.6,7.7,540.0
2025-09-24T13:00:00Z,0.018000000000029104,14.8,8.0,499.0
2025-09-24T14:00:00Z,0.018999999999778083,14.6,7.4,415.0
2025-09-24T15:00:00Z,0.018000000000029104,14.3,7.6,301.0
2025-09-24T16:00:00Z,0.018000000000029104,13.4,7.4,167.0
2025-09-24T17:00:00Z,0.01900000000023283,11.5,7.4,43.0
2025-09-24T18:00:00Z,0.018000000000029104,10.5,8.1,0.0
2025-09-24T19:00:00Z,0.018000000000029104,9.9,8.5,0.0
2025-09-24T20:00:00Z,0.49299999999993815,9.4,7.5,0.0
2025-09-24T21:00:00Z,0.05999999999994543,9.2,7.5,0.0
2025-09-24T22:00:00Z,0.018999999999778083,9.4,8.1,0.0
2025-09-24T23:00:00Z,0.018000000000029104,9.6,8.9,0.0
2025-09-25T00:00:00Z,0.018000000000029104,9.4,8.2,0.0
2025-09-25T01:00:00Z,0.01900000000023283,8.1,8.9,0.0
2025-09-25T02:00:00Z,0.018000000000029104,8.0,9.6,0.0
2025-09-25T03:00:00Z,0.018999999999778083,8.1,9.4,0.0
2025-09-25T04:00:00Z,0.018000000000029104,8.1,10.0,0.0
2025-09-25T05:00:00Z,0.01900000000023283,7.9,9.7,0.0
2025-09-25T06:00:00Z,0.017999999999574356,8.4,9.6,31.0
2025-09-25T07:00:00Z,0.018000000000029104,10.0,9.1,148.0
2025-09-25T08:00:00Z,0.10900000000037835,11.4,9.6,280.0
2025-09-25T09:00:00Z,0.018999999999778083,12.4,10.7,397.0
2025-09-25T10:00:00Z,0.018000000000029104,13.2,11.1,483.0
2025-09-25T11:00:00Z,0.018000000000029104,14.1,11.9,534.0
2025-09-25T12:00:00Z,0.018000000000029104,14.6,12.7,519.0
2025-09-25T13:00:00Z,0.018999999999778083,15.2,15.7,300.0
2025-09-25T14:00:00Z,0.018000000000029104,15.3,16.9,262.0
2025-09-25T15:00:00Z,0.01900000000023283,14.9,14.6,144.0
2025-09-25T16:00:00Z,0.018000000000029104,14.6,16.4,122.0
2025-09-25T17:00:00Z,0.018000000000029104,13.9,17.6,31.0
2025-09-25T18:00:00Z,0.018000000000029104,13.2,18.3,0.0
2025-09-25T19:00:00Z,0.018000000000029104,12.9,18.6,0.0
2025-09-25T20:00:00Z,0.017999999999574356,12.6,18.6,0.0
2025-09-25T21:00:00Z,0.018000000000029104,12.4,18.0,0.0
2025-09-25T22:00:00Z,0.018000000000029104,12.4,18.0,0.0
2025-09-25T23:00:00Z,0.018000000000029104,12.4,17.0,0.0
2025-09-26T00:00:00Z,0.018000000000029104,12.4,17.1,0.0
2025-09-26T01:00:00Z,0.018000000000029104,10.9,16.5,0.0
2025-09-26T02:00:00Z,0.018000000000029104,10.9,16.5,0.0
2025-09-26T03:00:00Z,0.018000000000029104,11.1,16.2,0.0
2025-09-26T04:00:00Z,0.018000000000029104,10.9,16.0,0.0
2025-09-26T05:00:00Z,0.018000000000029104,10.8,17.1,0.0
2025-09-26T06:00:00Z,0.018000000000029104,11.4,19.0,28.0
2025-09-26T07:00:00Z,0.016999999999825377,12.6,21.4,143.0
2025-09-26T08:00:00Z,0.018000000000029104,13.5,20.4,270.0
2025-09-26T09:00:00Z,0.018000000000029104,14.4,26.4,370.0
2025-09-26T10:00:00Z,0.01900000000023283,14.8,26.7,446.0
2025-09-26T11:00:00Z,0.018000000000029104,14.9,25.9,497.0
2025-09-26T12:00:00Z,0.017999999999574356,14.9,25.3,517.0
2025-09-26T13:00:00Z,0.018000000000029104,15.1,23.9,477.0
2025-09-26T14:00:00Z,0.01900000000023283,15.1,23.6,398.0
2025-09-26T15:00:00Z,0.016999999999825377,14.7,24.0,280.0
2025-09-26T16:00:00Z,0.018000000000029104,14.1,24.0,149.0
2025-09-26T17:00:00Z,0.018000000000029104,13.4,24.2,34.0
2025-09-26T18:00:00Z,0.018000000000029104,13.2,24.2,0.0
2025-09-26T19:00:00Z,0.018000000000029104,13.3,25.7,0.0
2025-09-26T20:00:00Z,0.018000000000029104,13.4,24.9,0.0
2025-09-26T21:00:00Z,0.016999999999825377,13.5,23.8,0.0
2025-09-26T22:00:00Z,0.018000000000029104,13.6,22.8,0.0
2025-09-26T23:00:00Z,0.01900000000023283,13.6,22.7,0.0
2025-09-27T00:00:00Z,0.018000000000029104,13.4,21.4,0.0
2025-09-27T01:00:00Z,0.018000000000029104,12.5,19.7,0.0
2025-09-27T02:00:00Z,0.018000000000029104,11.9,20.2,0.0
2025-09-27T03:00:00Z,0.018999999999778083,11.8,21.8,0.0
2025-09-27T04:00:00Z,0.018000000000029104,11.7,21.4,0.0
2025-09-27T05:00:00Z,0.018000000000029104,11.6,20.3,0.0
2025-09-27T06:00:00Z,0.018000000000029104,11.9,20.7,27.0
2025-09-27T07:00:00Z,0.018999999999778083,12.8,22.5,143.0
2025-09-27T08:00:00Z,0.018000000000029104,13.7,23.7,278.0
2025-09-27T09:00:00Z,0.018000000000029104,14.4,25.8,395.0
2025-09-27T10:00:00Z,0.018000000000029104,14.9,26.7,481.0
2025-09-27T11:00:00Z,0.009000000000014552,15.1,26.4,527.0
2025-09-27T12:00:00Z,0.0,15.2,25.9,529.0
2025-09-27T22:00:00Z,0.21000000000003638,12.6,17.0,0.0
2025-09-27T23:00:00Z,0.018000000000029104,12.6,16.1,0.0
2025-09-28T00:00:00Z,0.018000000000029104,12.4,15.3,0.0
2025-09-28T01:00:00Z,0.018999999999778083,11.9,14.5,0.0
2025-09-28T02:00:00Z,0.018000000000029104,11.8,14.1,0.0
2025-09-28T03:00:00Z,0.018000000000029104,11.7,14.2,0.0
2025-09-28T04:00:00Z,0.01900000000023283,11.6,14.8,0.0
2025-09-28T05:00:00Z,0.018000000000029104,11.6,14.2,0.0
2025-09-28T06:00:00Z,0.018000000000029104,11.9,13.7,23.0
2025-09-28T07:00:00Z,0.018000000000029104,12.9,13.9,134.0
2025-09-28T08:00:00Z,0.018000000000029104,13.9,17.0,257.0
2025-09-28T09:00:00Z,0.018999999999778083,14.6,17.4,354.0
2025-09-28T10:00:00Z,0.018000000000029104,15.2,18.9,422.0
2025-09-28T11:00:00Z,0.018000000000029104,15.8,20.4,401.0
2025-09-28T12:00:00Z,0.018000000000029104,15.9,19.8,381.0
2025-09-28T13:00:00Z,0.018000000000029104,15.9,17.9,305.0
2025-09-28T14:00:00Z,0.018999999999778083,16.0,15.0,295.0
2025-09-28T15:00:00Z,0.018000000000029104,15.7,12.5,214.0
2025-09-28T16:00:00Z,0.018000000000029104,14.9,10.5,121.0
2025-09-28T17:00:00Z,0.01900000000023283,13.6,10.5,24.0
2025-09-28T18:00:00Z,0.018000000000029104,13.6,13.1,0.0
2025-09-28T19:00:00Z,0.017999999999574356,13.6,15.9,0.0
2025-09-28T20:00:00Z,0.01900000000023283,13.2,16.6,0.0
2025-09-28T21:00:00Z,0.018000000000029104,12.9,16.7,0.0
2025-09-28T22:00:00Z,0.018000000000029104,13.1,16.8,0.0
2025-09-28T23:00:00Z,0.018999999999778083,12.9,16.4,0.0
2025-09-29T00:00:00Z,0.018000000000029104,12.3,16.4,0.0
2025-09-29T01:00:00Z,0.018000000000029104,12.4,15.7,0.0
2025-09-29T02:00:00Z,0.018000000000029104,12.1,14.2,0.0
2025-09-29T03:00:00Z,0.018000000000029104,12.1,13.1,0.0
2025-09-29T04:00:00Z,0.018000000000029104,11.9,12.6,0.0
2025-09-29T05:00:00Z,0.018000000000029104,11.6,11.8,0.0
2025-09-29T06:00:00Z,0.018000000000029104,11.6,11.7,17.0
2025-09-29T07:00:00Z,0.018000000000029104,12.8,14.8,113.0
2025-09-29T08:00:00Z,0.018000000000029104,13.2,17.3,223.0
2025-09-29T09:00:00Z,0.018000000000029104,14.1,18.7,278.0
2025-09-29T10:00:00Z,0.018000000000029104,14.6,19.2,373.0
2025-09-29T11:00:00Z,0.018000000000029104,14.6,20.0,397.0
2025-09-29T12:00:00Z,0.018999999999778083,14.4,19.9,414.0
2025-09-29T13:00:00Z,0.018000000000029104,13.8,18.2,165.0
2025-09-29T14:00:00Z,0.018000000000029104,13.9,19.2,256.0
2025-09-29T15:00:00Z,0.018000000000029104,13.6,18.6,209.0
2025-09-29T16:00:00Z,0.018000000000029104,12.9,18.1,118.0
2025-09-29T17:00:00Z,0.018000000000029104,12.1,19.2,22.0
2025-09-29T18:00:00Z,0.018000000000029104,11.9,22.7,0.0
2025-09-29T19:00:00Z,0.018999999999778083,11.6,22.6,0.0
2025-09-29T20:00:00Z,0.018000000000029104,11.4,20.9,0.0
2025-09-29T21:00:00Z,0.018000000000029104,10.9,17.7,0.0
2025-09-29T22:00:00Z,0.018000000000029104,10.6,17.5,0.0
2025-09-29T23:00:00Z,0.018000000000029104,10.4,18.2,0.0
2025-09-30T00:00:00Z,0.018000000000029104,10.5,17.8,0.0
2025-09-30T01:00:00Z,0.018000000000029104,9.6,12.8,0.0
2025-09-30T02:00:00Z,0.23700000000008004,9.1,12.8,0.0
2025-09-30T03:00:00Z,0.5829999999996289,9.0,12.7,0.0
2025-09-30T04:00:00Z,0.32700000000022555,8.9,13.1,0.0
2025-09-30T05:00:00Z,0.018999999999778083,9.1,14.3,0.0
2025-09-30T06:00:00Z,0.49099999999998545,9.6,15.0,18.0
2025-09-30T07:00:00Z,0.24900000000025102,10.6,14.3,108.0
2025-09-30T08:00:00Z,0.018000000000029104,11.8,15.0,217.0
2025-09-30T09:00:00Z,0.018000000000029104,12.5,18.0,317.0
2025-09-30T10:00:00Z,0.018000000000029104,13.0,17.6,401.0
2025-09-30T11:00:00Z,0.018000000000029104,13.3,17.6,448.0
2025-09-30T12:00:00Z,0.018000000000029104,13.6,17.3,455.0
2025-09-30T13:00:00Z,0.017999999999574356,13.4,16.4,413.0
2025-09-30T14:00:00Z,0.01900000000023283,13.0,14.7,334.0
2025-09-30T15:00:00Z,0.018000000000029104,12.6,13.2,235.0
2025-09-30T16:00:00Z,0.018000000000029104,11.9,10.1,120.0
2025-09-30T17:00:00Z,0.018000000000029104,10.9,8.3,19.0
2025-09-30T18:00:00Z,0.018000000000029104,10.6,8.4,0.0
2025-09-30T19:00:00Z,0.018000000000029104,10.1,7.7,0.0
2025-09-30T20:00:00Z,0.018000000000029104,9.9,8.6,0.0
2025-09-30T21:00:00Z,0.018000000000029104,9.7,8.7,0.0
2025-09-30T22:00:00Z,0.3089999999997417,9.5,9.2,0.0
2025-09-30T23:00:00Z,0.48500000000012733,9.4,9.2,0.0
2025-10-01T00:00:00Z,0.2199999999997999,8.7,9.6,0.0
2025-10-01T01:00:00Z,0.5660000000002583,8.5,8.5,0.0
2025-10-01T02:00:00Z,0.13699999999971624,8.2,6.5,0.0
2025-10-01T03:00:00Z,0.5540000000000873,7.4,5.2,0.0
2025-10-01T04:00:00Z,0.2719999999999345,7.2,5.0,0.0
2025-10-01T05:00:00Z,0.018000000000029104,7.2,5.1,0.0
2025-10-01T06:00:00Z,0.018000000000029104,8.1,4.0,14.0
2025-10-01T07:00:00Z,0.018000000000029104,9.0,5.2,89.0
2025-10-01T08:00:00Z,0.018000000000029104,10.2,5.6,168.0
2025-10-01T09:00:00Z,0.018000000000029104,11.4,5.6,274.0
2025-10-01T10:00:00Z,0.018000000000029104,12.4,4.6,402.0
2025-10-01T11:00:00Z,0.018000000000029104,12.8,5.8,430.0
2025-10-01T12:00:00Z,0.018000000000029104,13.2,5.5,428.0
2025-10-01T13:00:00Z,0.018999999999778083,13.2,6.7,393.0
2025-10-01T14:00:00Z,0.018000000000029104,12.9,7.3,297.0
2025-10-01T15:00:00Z,0.018000000000029104,12.6,7.4,226.0
2025-10-01T16:00:00Z,0.018000000000029104,11.8,6.3,113.0
2025-10-01T17:00:00Z,0.018000000000029104,9.9,5.2,17.0
2025-10-01T18:00:00Z,0.018000000000029104,9.6,6.1,0.0
2025-10-01T19:00:00Z,0.018000000000029104,8.9,5.8,0.0
2025-10-01T20:00:00Z,0.5850000000000364,8.6,5.7,0.0
2025-10-01T21:00:00Z,0.49699999999984357,8.4,4.9,0.0
2025-10-01T22:00:00Z,0.5329999999999018,8.6,4.2,0.0
2025-10-01T23:00:00Z,0.5570000000002437,8.6,4.5,0.0
2025-10-02T00:00:00Z,0.3930000000000291,8.5,3.5,0.0
2025-10-02T01:00:00Z,0.29999999999972715,8.1,5.3,0.0
2025-10-02T02:00:00Z,0.018000000000029104,8.3,5.6,0.0
2025-10-02T03:00:00Z,0.017000000000280124,8.1,5.6,0.0
2025-10-02T04:00:00Z,0.018000000000029104,7.9,5.4,0.0
2025-10-02T05:00:00Z,0.016999999999825377,7.8,5.9,0.0
2025-10-02T06:00:00Z,0.016999999999825377,8.9,6.6,13.0
2025-10-02T07:00:00Z,0.017000000000280124,10.1,7.9,110.0
2025-10-02T08:00:00Z,0.018000000000029104,11.4,8.0,234.0
2025-10-02T09:00:00Z,0.016999999999825377,12.2,9.3,350.0
2025-10-02T10:00:00Z,0.018000000000029104,12.6,10.1,389.0
2025-10-02T11:00:00Z,0.018000000000029104,13.0,10.2,371.0
2025-10-02T12:00:00Z,0.018000000000029104,13.5,12.0,411.0
2025-10-02T13:00:00Z,0.016999999999825377,13.4,11.6,376.0
2025-10-02T14:00:00Z,0.018000000000029104,13.4,10.7,323.0
2025-10-02T15:00:00Z,0.018000000000029104,12.9,9.9,222.0
2025-10-02T16:00:00Z,0.018000000000029104,12.1,8.4,112.0
2025-10-02T17:00:00Z,0.016999999999825377,10.8,7.3,15.0
2025-10-02T18:00:00Z,0.018000000000029104,10.1,7.7,0.0
2025-10-02T19:00:00Z,0.017000000000280124,9.7,8.5,0.0
2025-10-02T20:00:00Z,0.5479999999997744,9.8,9.3,0.0
2025-10-02T21:00:00Z,0.3350000000000364,9.9,11.2,0.0
2025-10-02T22:00:00Z,0.018000000000029104,10.1,12.1,0.0
2025-10-02T23:00:00Z,0.01900000000023283,10.2,12.2,0.0
2025-10-03T00:00:00Z,0.018000000000029104,9.6,10.5,0.0
2025-10-03T01:00:00Z,0.2579999999998108,9.5,11.3,0.0
2025-10-03T02:00:00Z,0.6860000000001492,9.5,11.6,0.0
2025-10-03T03:00:00Z,0.24599999999963984,9.4,11.7,0.0
2025-10-03T04:00:00Z,0.017000000000280124,9.1,10.9,0.0
2025-10-03T05:00:00Z,0.4859999999998763,9.0,11.3,0.0
2025-10-03T06:00:00Z,0.7159999999998945,8.9,9.1,12.0
2025-10-03T07:00:00Z,0.4819999999999709,10.5,12.7,102.0
2025-10-03T08:00:00Z,0.01900000000023283,12.1,14.1,227.0
2025-10-03T09:00:00Z,0.018000000000029104,12.9,18.3,347.0
2025-10-03T10:00:00Z,0.018000000000029104,13.2,19.8,406.0
2025-10-03T11:00:00Z,0.016999999999825377,13.4,20.6,469.0
2025-10-03T12:00:00Z,0.01900000000023283,13.6,21.9,480.0
2025-10-03T13:00:00Z,0.018000000000029104,13.4,21.4,432.0
2025-10-03T14:00:00Z,0.017999999999574356,13.1,21.3,354.0
2025-10-03T15:00:00Z,0.018000000000029104,12.8,20.8,241.0
2025-10-03T16:00:00Z,0.018000000000029104,12.2,19.5,112.0
2025-10-03T17:00:00Z,0.018000000000029104,11.6,21.4,13.0
2025-10-03T18:00:00Z,0.018000000000029104,11.6,23.7,0.0
2025-10-03T19:00:00Z,0.018000000000029104,11.4,24.9,0.0
2025-10-03T20:00:00Z,0.018000000000029104,11.6,27.6,0.0
2025-10-03T21:00:00Z,0.016999999999825377,11.6,30.0,0.0
2025-10-03T22:00:00Z,0.018000000000029104,11.5,32.0,0.0
2025-10-03T23:00:00Z,0.017000000000280124,11.3,32.0,0.0
2025-10-04T00:00:00Z,0.018000000000029104,11.4,33.2,0.0
2025-10-04T01:00:00Z,0.016999999999825377,11.6,35.6,0.0
2025-10-04T02:00:00Z,0.05900000000019645,11.5,37.7,0.0
2025-10-04T03:00:00Z,0.018000000000029104,11.2,40.8,0.0
2025-10-04T04:00:00Z,0.058999999999741704,10.6,42.0,0.0
2025-10-04T05:00:00Z,0.32600000000002183,9.8,42.4,0.0
2025-10-04T06:00:00Z,0.2600000000002183,9.8,42.7,1.0
2025-10-04T07:00:00Z,0.10799999999971988,9.6,42.8,6.0
2025-10-04T08:00:00Z,0.018000000000029104,9.3,40.5,14.0
2025-10-04T09:00:00Z,0.018000000000029104,9.4,36.3,20.0
2025-10-04T10:00:00Z,0.25500000000010914,9.6,32.2,27.0
2025-10-04T11:00:00Z,0.016999999999825377,9.9,29.2,24.0
2025-10-04T12:00:00Z,0.09400000000005093,9.7,22.1,43.0
2025-10-04T13:00:00Z,0.15399999999999636,10.0,20.6,36.0
2025-10-04T14:00:00Z,0.017000000000280124,10.8,18.0,43.0
2025-10-04T15:00:00Z,0.017999999999574356,11.2,22.6,25.0
2025-10-04T16:00:00Z,0.017000000000280124,11.4,22.9,16.0
2025-10-04T17:00:00Z,0.018999999999778083,10.7,22.0,7.0
2025-10-04T18:00:00Z,0.018000000000029104,10.3,21.0,0.0
2025-10-04T19:00:00Z,0.018000000000029104,9.9,21.1,0.0
2025-10-04T20:00:00Z,0.07099999999991269,9.6,22.2,0.0
2025-10-04T21:00:00Z,0.01900000000023283,9.8,23.7,0.0
2025-10-04T22:00:00Z,0.018000000000029104,9.9,24.2,0.0
2025-10-04T23:00:00Z,0.018000000000029104,10.1,21.1,0.0
2025-10-05T00:00:00Z,1.5909999999998945,10.1,21.8,0.0
2025-10-05T01:00:00Z,1.79300000000012,10.1,22.1,0.0
2025-10-05T02:00:00Z,1.6179999999999382,10.2,22.7,0.0
2025-10-05T03:00:00Z,1.1089999999999236,10.3,22.4,0.0
2025-10-05T04:00:00Z,0.018000000000029104,10.4,24.2,0.0
2025-10-05T05:00:00Z,0.016999999999825377,10.6,23.6,0.0
2025-10-05T06:00:00Z,0.017000000000280124,10.1,23.7,7.0
2025-10-05T07:00:00Z,0.018000000000029104,10.8,22.6,47.0
2025-10-05T08:00:00Z,0.016999999999825377,12.0,25.9,170.0
2025-10-05T09:00:00Z,0.018000000000029104,12.6,29.2,287.0
2025-10-05T10:00:00Z,0.016999999999825377,13.7,28.5,335.0
2025-10-05T11:00:00Z,0.017000000000280124,14.1,28.7,417.0
2025-10-05T12:00:00Z,0.018000000000029104,13.8,29.9,349.0
2025-10-05T13:00:00Z,0.5369999999998072,13.7,30.8,264.0
2025-10-05T14:00:00Z,1.6640000000002146,13.5,30.4,186.0
2025-10-05T15:00:00Z,1.069999999999709,12.7,25.0,137.0
2025-10-05T16:00:00Z,0.018000000000029104,12.4,27.3,64.0
2025-10-05T17:00:00Z,0.017000000000280124,12.0,27.6,6.0
2025-10-05T18:00:00Z,0.016999999999825377,11.6,27.9,0.0
2025-10-05T19:00:00Z,0.018000000000029104,11.8,29.3,0.0
2025-10-05T20:00:00Z,0.016999999999825377,11.3,30.8,0.0
2025-10-05T21:00:00Z,0.018000000000029104,11.5,29.1,0.0
2025-10-05T22:00:00Z,0.017000000000280124,12.7,35.6,0.0
2025-10-05T23:00:00Z,0.17099999999982174,12.6,35.6,0.0
2025-10-06T00:00:00Z,0.018000000000029104,12.4,34.3,0.0
2025-10-06T01:00:00Z,0.016999999999825377,12.6,32.5,0.0
2025-10-06T02:00:00Z,0.01900000000023283,12.6,29.3,0.0
2025-10-06T03:00:00Z,0.06199999999989814,12.3,28.5,0.0
2025-10-06T04:00:00Z,0.018000000000029104,12.2,29.1,0.0
2025-10-06T05:00:00Z,0.018000000000029104,12.1,28.1,0.0
2025-10-06T06:00:00Z,0.018999999999778083,11.9,25.1,4.0
2025-10-06T07:00:00Z,0.018000000000029104,12.1,24.4,30.0
2025-10-06T08:00:00Z,0.018000000000029104,12.8,24.3,116.0
2025-10-06T09:00:00Z,0.01900000000023283,13.3,25.4,207.0
2025-10-06T10:00:00Z,0.016999999999825377,14.1,26.3,282.0
2025-10-06T11:00:00Z,0.01900000000023283,14.4,25.7,276.0
2025-10-06T12:00:00Z,0.018000000000029104,14.4,25.4,263.0
2025-10-06T13:00:00Z,0.018000000000029104,14.6,23.7,275.0
2025-10-06T14:00:00Z,0.017999999999574356,14.5,21.9,220.0
2025-10-06T15:00:00Z,0.018000000000029104,14.1,19.0,143.0
2025-10-06T16:00:00Z,0.018000000000029104,13.4,14.1,79.0
2025-10-06T17:00:00Z,0.01900000000023283,11.9,10.7,7.0
2025-10-06T18:00:00Z,0.018000000000029104,11.4,7.1,0.0
2025-10-06T19:00:00Z,0.018000000000029104,10.9,5.9,0.0
2025-10-06T20:00:00Z,0.28399999999965075,10.5,5.6,0.0
2025-10-06T21:00:00Z,0.2480000000000473,10.1,6.3,0.0
2025-10-06T22:00:00Z,0.017000000000280124,9.9,7.4,0.0
2025-10-06T23:00:00Z,0.7829999999999018,10.2,7.0,0.0
2025-10-07T00:00:00Z,0.3809999999998581,10.9,7.3,0.0
2025-10-07T01:00:00Z,0.27700000000004366,11.0,7.6,0.0
2025-10-07T02:00:00Z,0.6089999999999236,11.2,8.2,0.0
2025-10-07T03:00:00Z,0.12900000000036016,11.4,6.3,0.0
2025-10-07T04:00:00Z,0.018000000000029104,11.5,4.8,0.0
2025-10-07T05:00:00Z,0.017999999999574356,11.6,6.2,0.0
2025-10-07T06:00:00Z,0.018000000000029104,11.0,8.0,5.0
2025-10-07T07:00:00Z,0.017000000000280124,11.7,7.7,66.0
2025-10-07T08:00:00Z,0.018000000000029104,12.9,9.3,156.0
2025-10-07T09:00:00Z,0.018000000000029104,14.1,11.5,203.0
2025-10-07T10:00:00Z,0.018999999999778083,14.9,11.1,159.0
2025-10-07T11:00:00Z,0.018000000000029104,14.2,9.3,58.0
2025-10-07T12:00:00Z,0.018000000000029104,14.1,11.4,98.0
2025-10-07T13:00:00Z,0.018000000000029104,14.1,12.3,70.0
2025-10-07T14:00:00Z,0.018000000000029104,13.9,14.2,40.0
2025-10-07T15:00:00Z,0.018000000000029104,14.1,14.4,41.0
2025-10-07T16:00:00Z,0.018000000000029104,13.9,13.7,11.0
2025-10-07T17:00:00Z,0.018999999999778083,13.9,12.9,1.0
2025-10-07T18:00:00Z,0.018000000000029104,14.2,15.0,0.0
2025-10-07T19:00:00Z,0.018000000000029104,14.1,15.4,0.0
2025-10-07T20:00:00Z,0.018000000000029104,14.2,16.1,0.0
2025-10-07T21:00:00Z,0.018000000000029104,14.2,16.1,0.0
2025-10-07T22:00:00Z,0.018000000000029104,14.1,15.9,0.0
2025-10-07T23:00:00Z,0.06700000000000728,13.9,16.1,0.0
2025-10-08T00:00:00Z,0.016999999999825377,13.5,13.5,0.0
2025-10-08T01:00:00Z,0.018000000000029104,13.2,12.5,0.0
2025-10-08T02:00:00Z,0.018000000000029104,12.9,11.7,0.0
2025-10-08T03:00:00Z,0.018000000000029104,12.4,12.6,0.0
2025-10-08T04:00:00Z,0.01900000000023283,12.1,12.8,0.0
2025-10-08T05:00:00Z,0.2019999999997708,12.2,13.4,0.0
2025-10-08T06:00:00Z,0.4580000000000837,12.6,14.3,2.0
2025-10-08T07:00:00Z,0.016999999999825377,12.9,14.5,15.0
2025-10-08T08:00:00Z,0.018000000000029104,13.2,13.8,34.0
2025-10-08T09:00:00Z,0.01900000000023283,13.8,13.7,64.0
2025-10-08T10:00:00Z,0.018000000000029104,14.1,14.1,79.0
2025-10-08T11:00:00Z,0.018000000000029104,14.4,14.5,91.0
2025-10-08T12:00:00Z,0.018000000000029104,14.1,11.1,162.0
2025-10-08T13:00:00Z,0.018999999999778083,15.0,11.9,225.0
2025-10-08T14:00:00Z,0.018000000000029104,15.1,11.3,168.0
2025-10-08T15:00:00Z,0.018000000000029104,14.7,11.9,143.0
2025-10-08T16:00:00Z,0.016999999999825377,13.3,8.6,77.0
2025-10-08T17:00:00Z,0.018000000000029104,11.6,6.7,4.0
2025-10-08T18:00:00Z,0.018000000000029104,10.4,5.3,0.0
2025-10-08T19:00:00Z,0.018000000000029104,9.6,5.1,0.0
2025-10-08T20:00:00Z,0.10300000000006548,9.6,4.9,0.0
2025-10-08T21:00:00Z,0.018999999999778083,10.2,6.2,0.0
2025-10-08T22:00:00Z,0.01900000000023283,10.7,6.6,0.0
2025-10-08T23:00:00Z,0.5,10.5,7.4,0.0
2025-10-09T00:00:00Z,0.5650000000000546,9.5,7.1,0.0
2025-10-09T01:00:00Z,0.31300000000010186,9.2,8.7,0.0
2025-10-09T02:00:00Z,0.75,8.8,8.6,0.0
2025-10-09T03:00:00Z,0.5469999999995707,8.4,10.0,0.0
2025-10-09T04:00:00Z,0.5060000000003129,8.1,9.9,0.0
2025-10-09T05:00:00Z,0.032999999999901775,7.9,11.2,0.0
2025-10-09T06:00:00Z,0.3560000000002219,8.1,11.2,5.0
2025-10-09T07:00:00Z,0.43899999999985084,9.4,12.3,85.0
2025-10-09T08:00:00Z,0.018000000000029104,11.0,11.1,204.0
2025-10-09T09:00:00Z,0.018000000000029104,12.5,13.3,312.0
2025-10-09T10:00:00Z,0.018999999999778083,13.6,17.6,373.0
2025-10-09T11:00:00Z,0.018000000000029104,14.1,20.0,351.0
2025-10-09T12:00:00Z,0.01900000000023283,14.4,21.7,204.0
2025-10-09T13:00:00Z,0.018000000000029104,14.2,22.7,130.0
2025-10-09T14:00:00Z,0.018000000000029104,14.1,20.3,98.0
2025-10-09T15:00:00Z,0.017999999999574356,13.8,18.6,31.0
2025-10-09T16:00:00Z,0.018000000000029104,13.8,19.5,21.0
2025-10-09T17:00:00Z,0.01900000000023283,13.6,21.3,0.0
2025-10-09T18:00:00Z,0.018000000000029104,13.1,24.3,0.0
2025-10-09T19:00:00Z,0.018000000000029104,13.1,25.1,0.0
2025-10-09T20:00:00Z,0.016999999999825377,12.6,23.8,0.0
2025-10-09T21:00:00Z,0.018000000000029104,12.1,24.9,0.0
2025-10-09T22:00:00Z,0.01900000000023283,12.1,26.9,0.0
2025-10-09T23:00:00Z,0.06599999999980355,12.0,27.2,0.0
2025-10-10T00:00:00Z,0.018000000000029104,11.6,25.4,0.0
2025-10-10T01:00:00Z,0.08100000000013097,11.6,26.6,0.0
2025-10-10T02:00:00Z,0.018000000000029104,11.3,26.9,0.0
2025-10-10T03:00:00Z,0.018999999999778083,11.1,25.7,0.0
2025-10-10T04:00:00Z,0.018000000000029104,11.1,24.8,0.0
2025-10-10T05:00:00Z,0.018999999999778083,11.2,23.9,0.0
2025-10-10T06:00:00Z,0.018000000000029104,11.2,23.2,4.0
2025-10-10T07:00:00Z,0.01900000000023283,12.2,23.2,69.0
2025-10-10T08:00:00Z,0.018000000000029104,13.3,20.6,175.0
2025-10-10T09:00:00Z,0.018999999999778083,14.3,33.2,274.0
2025-10-10T10:00:00Z,0.018000000000029104,14.9,32.2,271.0
2025-10-10T11:00:00Z,0.01900000000023283,15.2,30.0,276.0
2025-10-10T12:00:00Z,0.018000000000029104,15.1,30.2,184.0
2025-10-10T13:00:00Z,0.018000000000029104,15.0,29.0,129.0
2025-10-10T14:00:00Z,0.018000000000029104,14.8,25.8,116.0
2025-10-10T15:00:00Z,0.018999999999778083,14.4,24.7,77.0
2025-10-10T16:00:00Z,0.018000000000029104,14.1,24.1,18.0
2025-10-10T17:00:00Z,0.018000000000029104,13.8,24.1,1.0
2025-10-10T18:00:00Z,0.018000000000029104,13.7,26.7,0.0
2025-10-10T19:00:00Z,0.018000000000029104,13.6,27.2,0.0
2025-10-10T20:00:00Z,0.018000000000029104,13.4,28.1,0.0
2025-10-10T21:00:00Z,0.018000000000029104,13.6,28.3,0.0
2025-10-10T22:00:00Z,0.018999999999778083,13.7,28.0,0.0
2025-10-10T23:00:00Z,0.07099999999991269,13.6,28.7,0.0
2025-10-11T00:00:00Z,0.017000000000280124,13.6,29.1,0.0
2025-10-11T01:00:00Z,0.018999999999778083,13.2,29.1,0.0
2025-10-11T02:00:00Z,0.018000000000029104,13.0,29.2,0.0
2025-10-11T03:00:00Z,0.018000000000029104,12.6,28.7,0.0
2025-10-11T04:00:00Z,0.018000000000029104,11.9,27.3,0.0
2025-10-11T05:00:00Z,0.018000000000029104,11.7,27.0,0.0
2025-10-11T06:00:00Z,0.016999999999825377,11.7,24.3,4.0
2025-10-11T07:00:00Z,0.018000000000029104,12.3,24.4,75.0
2025-10-11T08:00:00Z,0.018000000000029104,13.2,29.9,191.0
2025-10-11T09:00:00Z,0.018000000000029104,13.8,32.0,216.0
2025-10-11T10:00:00Z,0.01900000000023283,14.2,29.6,298.0
2025-10-11T11:00:00Z,0.018000000000029104,14.8,27.6,327.0
2025-10-11T12:00:00Z,0.018000000000029104,13.9,25.8,327.0
2025-10-11T13:00:00Z,0.017999999999574356,14.2,24.3,162.0
2025-10-11T14:00:00Z,0.017000000000280124,14.3,23.8,132.0
2025-10-11T15:00:00Z,0.018000000000029104,14.0,21.1,83.0
2025-10-11T16:00:00Z,0.018000000000029104,13.6,20.0,42.0
2025-10-11T17:00:00Z,0.018000000000029104,12.6,19.5,2.0
2025-10-11T18:00:00Z,0.018000000000029104,12.4,20.5,0.0
2025-10-11T19:00:00Z,0.01599999999962165,12.1,20.9,0.0
2025-10-11T20:00:00Z,0.05500000000029104,11.8,20.4,0.0
2025-10-11T21:00:00Z,0.018999999999778083,11.6,19.7,0.0
2025-10-11T22:00:00Z,0.01900000000023283,12.1,20.1,0.0
2025-10-11T23:00:00Z,0.6309999999998581,12.4,19.7,0.0
2025-10-12T00:00:00Z,0.3829999999998108,12.4,17.5,0.0
2025-10-12T01:00:00Z,0.43000000000029104,12.3,17.7,0.0
2025-10-12T02:00:00Z,0.45499999999992724,12.4,18.8,0.0
2025-10-12T03:00:00Z,0.31899999999996,12.6,19.1,0.0
2025-10-12T04:00:00Z,0.30900000000019645,13.0,19.4,0.0
2025-10-12T05:00:00Z,0.018000000000029104,13.0,20.2,0.0
2025-10-12T06:00:00Z,0.018999999999778083,12.6,19.1,1.0
2025-10-12T07:00:00Z,0.016999999999825377,12.9,18.9,16.0
2025-10-12T08:00:00Z,0.018000000000029104,13.3,19.0,69.0
2025-10-12T09:00:00Z,0.018000000000029104,14.4,21.9,211.0
2025-10-12T10:00:00Z,0.018000000000029104,15.2,19.7,301.0
2025-10-12T11:00:00Z,0.018000000000029104,15.4,16.8,290.0
2025-10-12T12:00:00Z,0.01900000000023283,15.6,11.8,275.0
2025-10-12T13:00:00Z,0.016999999999825377,16.0,11.2,292.0
2025-10-12T14:00:00Z,0.018000000000029104,16.0,11.6,257.0
2025-10-12T15:00:00Z,0.018000000000029104,15.3,12.7,175.0
2025-10-12T16:00:00Z,0.016999999999825377,13.4,12.8,63.0
2025-10-12T17:00:00Z,0.018000000000029104,11.8,12.5,1.0
2025-10-12T18:00:00Z,0.018000000000029104,10.6,12.1,0.0
2025-10-12T19:00:00Z,0.018000000000029104,9.9,12.3,0.0
2025-10-12T20:00:00Z,0.09999999999990905,9.4,11.9,0.0
2025-10-12T21:00:00Z,0.2460000000000946,8.6,9.9,0.0
2025-10-12T22:00:00Z,0.5500000000001819,7.9,8.3,0.0
2025-10-12T23:00:00Z,0.7469999999998436,6.7,6.3,0.0
2025-10-13T00:00:00Z,0.6550000000002001,6.2,6.8,0.0
2025-10-13T01:00:00Z,0.6589999999996508,4.9,5.7,0.0
2025-10-13T02:00:00Z,0.6610000000000582,4.6,5.2,0.0
2025-10-13T03:00:00Z,0.6720000000000255,4.1,5.5,0.0
2025-10-13T04:00:00Z,0.6690000000003238,3.7,5.8,0.0
2025-10-13T05:00:00Z,0.556999999999789,3.7,6.3,0.0
2025-10-13T06:00:00Z,0.6770000000001346,3.4,6.9,2.0
2025-10-13T07:00:00Z,0.4669999999996435,5.0,8.8,71.0
2025-10-13T08:00:00Z,0.01900000000023283,7.6,8.6,190.0
2025-10-13T09:00:00Z,0.018000000000029104,9.9,7.3,297.0
2025-10-13T10:00:00Z,0.018999999999778083,11.4,8.5,374.0
2025-10-13T11:00:00Z,0.018000000000029104,12.6,9.1,413.0
2025-10-13T12:00:00Z,0.01900000000023283,13.8,9.0,409.0
2025-10-13T13:00:00Z,0.018000000000029104,13.9,9.8,321.0
2025-10-13T14:00:00Z,0.018000000000029104,13.6,10.1,238.0
2025-10-13T15:00:00Z,0.018000000000029104,12.9,9.0,147.0
2025-10-13T16:00:00Z,0.018000000000029104,11.3,7.9,56.0
2025-10-13T17:00:00Z,0.017999999999574356,10.1,8.4,1.0
2025-10-13T18:00:00Z,0.018000000000029104,9.6,11.1,0.0
2025-10-13T19:00:00Z,0.018000000000029104,9.4,11.7,0.0
2025-10-13T20:00:00Z,0.018000000000029104,9.6,11.0,0.0
2025-10-13T21:00:00Z,0.018000000000029104,9.8,11.2,0.0
2025-10-13T22:00:00Z,0.017000000000280124,10.4,10.4,0.0
2025-10-13T23:00:00Z,0.5099999999997635,11.0,9.2,0.0
2025-10-14T00:00:00Z,0.4079999999999018,10.6,6.7,0.0
2025-10-14T01:00:00Z,0.30900000000019645,10.9,7.2,0.0
2025-10-14T02:00:00Z,0.45499999999992724,11.0,7.4,0.0
2025-10-14T03:00:00Z,0.4259999999999309,11.2,7.0,0.0
2025-10-14T04:00:00Z,0.1910000000002583,11.4,7.1,0.0
2025-10-14T05:00:00Z,0.018000000000029104,11.2,7.5,0.0
2025-10-14T06:00:00Z,0.016999999999825377,10.8,5.3,1.0
2025-10-14T07:00:00Z,0.018000000000029104,11.1,7.3,44.0
2025-10-14T08:00:00Z,0.018999999999778083,11.9,7.3,125.0
2025-10-14T09:00:00Z,0.018000000000029104,12.5,5.0,152.0
2025-10-14T10:00:00Z,0.018000000000029104,13.1,4.9,233.0
2025-10-14T11:00:00Z,0.018000000000029104,14.0,7.1,273.0
2025-10-14T12:00:00Z,0.018000000000029104,14.4,6.2,352.0
2025-10-14T13:00:00Z,0.018000000000029104,14.6,7.5,277.0
2025-10-14T14:00:00Z,0.018000000000029104,14.2,9.0,232.0
2025-10-14T15:00:00Z,0.018000000000029104,13.6,9.7,147.0
2025-10-14T16:00:00Z,0.018000000000029104,11.9,9.7,51.0
2025-10-14T17:00:00Z,0.018000000000029104,10.9,9.2,0.0
2025-10-14T18:00:00Z,0.016999999999825377,10.5,5.8,0.0
2025-10-14T19:00:00Z,0.018000000000029104,10.6,6.4,0.0
2025-10-14T20:00:00Z,0.018000000000029104,10.9,6.8,0.0
2025-10-14T21:00:00Z,0.05600000000004002,10.4,6.8,0.0
2025-10-14T22:00:00Z,0.018999999999778083,9.4,5.9,0.0
2025-10-14T23:00:00Z,0.9460000000003674,8.8,6.6,0.0
2025-10-15T00:00:00Z,0.6079999999997199,8.2,8.8,0.0
2025-10-15T01:00:00Z,0.5100000000002183,8.1,9.3,0.0
2025-10-15T02:00:00Z,0.5140000000001237,8.1,9.1,0.0
2025-10-15T03:00:00Z,0.5159999999996217,8.1,8.8,0.0
2025-10-15T04:00:00Z,0.5160000000000764,8.1,9.6,0.0
2025-10-15T05:00:00Z,0.028999999999996362,8.3,10.2,0.0
2025-10-15T06:00:00Z,0.10500000000001819,8.2,9.9,1.0
2025-10-15T07:00:00Z,0.018000000000029104,8.6,11.0,48.0
2025-10-15T08:00:00Z,0.01900000000023283,10.1,12.0,109.0
2025-10-15T09:00:00Z,0.018000000000029104,11.8,14.1,188.0
2025-10-15T10:00:00Z,0.017999999999574356,12.9,17.9,212.0
2025-10-15T11:00:00Z,0.01900000000023283,13.4,16.4,189.0
2025-10-15T12:00:00Z,0.018000000000029104,13.2,15.8,152.0
2025-10-15T13:00:00Z,0.018000000000029104,13.2,15.6,102.0
2025-10-15T14:00:00Z,0.018000000000029104,13.2,15.3,83.0
2025-10-15T15:00:00Z,0.018000000000029104,12.8,14.3,44.0
2025-10-15T16:00:00Z,0.018000000000029104,12.2,15.2,18.0
2025-10-15T17:00:00Z,0.018000000000029104,11.8,13.6,0.0
2025-10-15T18:00:00Z,0.018000000000029104,11.4,14.5,0.0
2025-10-15T19:00:00Z,0.018999999999778083,11.1,14.3,0.0
2025-10-15T20:00:00Z,0.018000000000029104,10.9,16.2,0.0
2025-10-15T21:00:00Z,0.056999999999789,11.4,15.5,0.0
2025-10-15T22:00:00Z,0.018000000000029104,11.2,13.4,0.0
2025-10-15T23:00:00Z,0.5990000000001601,11.1,13.3,0.0
2025-10-16T00:00:00Z,0.6430000000000291,11.1,12.6,0.0
2025-10-16T01:00:00Z,0.29500000000007276,10.2,14.3,0.0
2025-10-16T02:00:00Z,0.7529999999997017,9.4,13.8,0.0
2025-10-16T03:00:00Z,0.5440000000003238,8.8,13.1,0.0
2025-10-16T04:00:00Z,0.4839999999999236,8.4,13.3,0.0
2025-10-16T05:00:00Z,0.03600000000005821,8.6,14.0,0.0
2025-10-16T06:00:00Z,0.018000000000029104,9.1,15.2,1.0
2025-10-16T07:00:00Z,0.181999999999789,9.8,15.3,57.0
2025-10-16T08:00:00Z,0.01900000000023283,11.1,15.1,166.0
2025-10-16T09:00:00Z,0.018999999999778083,12.4,17.8,272.0
2025-10-16T10:00:00Z,0.01900000000023283,13.6,16.5,343.0
2025-10-16T11:00:00Z,0.018999999999778083,14.6,17.4,360.0
2025-10-16T12:00:00Z,0.01900000000023283,14.6,18.2,251.0
2025-10-16T13:00:00Z,0.018999999999778083,14.1,20.0,234.0
2025-10-16T14:00:00Z,0.018000000000029104,13.9,19.7,170.0
2025-10-16T15:00:00Z,0.018000000000029104,13.4,16.0,117.0
2025-10-16T16:00:00Z,0.018000000000029104,12.9,14.3,35.0
2025-10-16T17:00:00Z,0.018000000000029104,12.4,16.2,0.0
2025-10-16T18:00:00Z,0.018000000000029104,11.4,15.7,0.0
2025-10-16T19:00:00Z,0.018000000000029104,10.6,15.9,0.0
2025-10-16T20:00:00Z,0.10500000000001819,10.4,17.5,0.0
2025-10-16T21:00:00Z,0.018000000000029104,10.1,17.0,0.0
2025-10-16T22:00:00Z,0.40599999999994907,10.0,16.3,0.0
2025-10-16T23:00:00Z,1.0659999999998035,10.0,16.7,0.0
2025-10-17T00:00:00Z,0.6469999999999345,9.4,14.8,0.0
2025-10-17T01:00:00Z,0.593000000000302,9.1,14.9,0.0
2025-10-17T02:00:00Z,0.5270000000000437,8.6,15.0,0.0
2025-10-17T03:00:00Z,0.5149999999998727,8.2,15.3,0.0
2025-10-17T04:00:00Z,0.5169999999998254,8.0,15.8,0.0
2025-10-17T05:00:00Z,0.02500000000009095,7.8,15.5,0.0
2025-10-17T06:00:00Z,0.38400000000001455,7.4,13.8,0.0
2025-10-17T07:00:00Z,0.3389999999999418,8.1,13.3,46.0
2025-10-17T08:00:00Z,0.018000000000029104,9.9,13.4,106.0
2025-10-17T09:00:00Z,0.018000000000029104,10.7,14.1,167.0
2025-10-17T10:00:00Z,0.018999999999778083,10.9,12.6,232.0
2025-10-17T11:00:00Z,0.018000000000029104,11.4,13.9,307.0
2025-10-17T12:00:00Z,0.01900000000023283,10.9,11.1,340.0
2025-10-17T13:00:00Z,0.018999999999778083,10.6,12.1,192.0
2025-10-17T14:00:00Z,0.06300000000010186,9.1,15.6,94.0
2025-10-17T15:00:00Z,0.4250000000001819,8.4,15.3,67.0
2025-10-17T16:00:00Z,0.021999999999934516,7.6,15.7,25.0
2025-10-17T17:00:00Z,0.018000000000029104,7.3,16.6,0.0
2025-10-17T18:00:00Z,0.018000000000029104,6.3,16.7,0.0
2025-10-17T19:00:00Z,0.018999999999778083,5.8,16.2,0.0
2025-10-17T20:00:00Z,0.9230000000002292,5.0,15.7,0.0
2025-10-17T21:00:00Z,0.6449999999999818,4.9,15.7,0.0
2025-10-17T22:00:00Z,0.5199999999999818,4.8,14.4,0.0
2025-10-17T23:00:00Z,1.0419999999999163,4.3,13.0,0.0
2025-10-18T00:00:00Z,1.0610000000001492,3.6,12.6,0.0
2025-10-18T01:00:00Z,1.768999999999778,3.2,11.1,0.0
2025-10-18T02:00:00Z,1.7739999999998872,3.0,10.2,0.0
2025-10-18T03:00:00Z,1.9100000000003092,3.0,10.7,0.0
2025-10-18T04:00:00Z,1.7839999999996508,3.3,11.8,0.0
2025-10-18T05:00:00Z,0.08300000000008367,3.7,12.0,0.0
2025-10-18T06:00:00Z,1.1820000000002437,2.7,11.5,0.0
2025-10-18T07:00:00Z,0.81899999999996,3.5,11.4,53.0
2025-10-18T08:00:00Z,0.806999999999789,5.2,9.9,170.0
2025-10-18T09:00:00Z,0.30600000000004,7.0,9.2,279.0
2025-10-18T10:00:00Z,0.01900000000023283,8.1,10.5,360.0
2025-10-18T11:00:00Z,0.018000000000029104,8.9,9.6,399.0
2025-10-18T12:00:00Z,0.018999999999778083,9.7,8.4,396.0
2025-10-18T13:00:00Z,0.018000000000029104,9.8,8.7,344.0
2025-10-18T14:00:00Z,0.01900000000023283,9.6,8.4,260.0
2025-10-18T15:00:00Z,0.017999999999574356,8.8,5.7,151.0
2025-10-18T16:00:00Z,0.018000000000029104,6.2,4.5,39.0
2025-10-18T17:00:00Z,0.018000000000029104,5.3,3.7,0.0
2025-10-18T18:00:00Z,0.018000000000029104,4.3,3.4,0.0
2025-10-18T19:00:00Z,0.017000000000280124,3.2,2.7,0.0
2025-10-18T20:00:00Z,1.0969999999997526,2.6,3.6,0.0
2025-10-18T21:00:00Z,0.8800000000001091,2.2,4.0,0.0
2025-10-18T22:00:00Z,0.875,1.8,3.3,0.0
2025-10-18T23:00:00Z,1.856999999999971,1.4,3.5,0.0
2025-10-19T00:00:00Z,1.7829999999999018,1.4,2.4,0.0
2025-10-19T01:00:00Z,1.7860000000000582,0.3,4.7,0.0
2025-10-19T02:00:00Z,2.030999999999949,0.2,5.5,0.0
2025-10-19T03:00:00Z,1.8659999999999854,0.2,5.2,0.0
2025-10-19T04:00:00Z,1.849999999999909,0.2,5.5,0.0
2025-10-19T05:00:00Z,0.05300000000033833,0.4,6.9,0.0
2025-10-19T06:00:00Z,0.04599999999982174,1.1,7.1,0.0
2025-10-19T07:00:00Z,0.8130000000001019,2.7,8.1,50.0
2025-10-19T08:00:00Z,0.8220000000001164,4.9,8.8,154.0
2025-10-19T09:00:00Z,0.13699999999971624,7.0,9.4,253.0
2025-10-19T10:00:00Z,0.01900000000023283,8.3,12.7,330.0
2025-10-19T11:00:00Z,0.018000000000029104,8.9,17.2,392.0
2025-10-19T12:00:00Z,0.018999999999778083,9.2,17.6,394.0
2025-10-19T13:00:00Z,0.018000000000029104,9.1,18.1,350.0
2025-10-19T14:00:00Z,0.018000000000029104,8.8,17.6,264.0
2025-10-19T15:00:00Z,0.018000000000029104,8.1,17.8,150.0
2025-10-19T16:00:00Z,0.018000000000029104,7.4,18.1,37.0
2025-10-19T17:00:00Z,0.018000000000029104,7.5,19.0,0.0
2025-10-19T18:00:00Z,0.018000000000029104,7.7,20.2,0.0
2025-10-19T19:00:00Z,0.016999999999825377,7.8,21.2,0.0
2025-10-19T20:00:00Z,0.07700000000022555,7.9,21.0,0.0
2025-10-19T21:00:00Z,0.018000000000029104,8.0,21.2,0.0
2025-10-19T22:00:00Z,0.018000000000029104,7.9,21.1,0.0
2025-10-19T23:00:00Z,1.33199999999988,7.9,21.7,0.0
2025-10-20T00:00:00Z,0.7799999999997453,7.8,21.0,0.0
2025-10-20T01:00:00Z,0.6470000000003893,8.0,21.3,0.0
2025-10-20T02:00:00Z,0.5509999999999309,8.1,22.4,0.0
2025-10-20T03:00:00Z,0.5349999999998545,8.1,23.4,0.0
2025-10-20T04:00:00Z,0.5360000000000582,8.1,24.4,0.0
2025-10-20T05:00:00Z,0.021999999999934516,8.0,24.7,0.0
2025-10-20T06:00:00Z,0.018000000000029104,8.2,25.5,0.0
2025-10-20T07:00:00Z,0.018999999999778083,8.8,26.4,45.0
2025-10-20T08:00:00Z,0.018000000000029104,9.4,28.5,157.0
2025-10-20T09:00:00Z,0.01900000000023283,9.8,28.6,263.0
2025-10-20T10:00:00Z,0.018000000000029104,10.0,29.1,338.0
2025-10-20T11:00:00Z,0.018999999999778083,10.1,28.4,374.0
2025-10-20T12:00:00Z,0.018000000000029104,10.9,27.9,355.0
2025-10-20T13:00:00Z,0.018000000000029104,11.1,27.2,308.0
2025-10-20T14:00:00Z,0.01900000000023283,11.1,26.6,217.0
2025-10-20T15:00:00Z,0.018000000000029104,10.8,25.8,107.0
2025-10-20T16:00:00Z,0.018000000000029104,10.8,26.0,21.0
2025-10-20T17:00:00Z,0.017999999999574356,11.1,26.5,0.0
2025-10-20T18:00:00Z,0.018000000000029104,11.2,26.9,0.0
2025-10-20T19:00:00Z,0.018000000000029104,11.1,25.6,0.0
2025-10-20T20:00:00Z,0.018000000000029104,10.8,24.0,0.0
2025-10-20T21:00:00Z,0.07000000000016371,10.6,23.4,0.0
2025-10-20T22:00:00Z,0.018000000000029104,10.8,22.7,0.0
2025-10-20T23:00:00Z,1.106999999999971,10.7,21.3,0.0
2025-10-21T00:00:00Z,0.5960000000000036,11.0,20.8,0.0
2025-10-21T01:00:00Z,0.5219999999999345,10.8,20.6,0.0
2025-10-21T02:00:00Z,0.5270000000000437,10.6,20.9,0.0
2025-10-21T03:00:00Z,0.262000000000171,10.1,21.5,0.0
2025-10-21T04:00:00Z,0.6299999999996544,10.2,21.0,0.0
2025-10-21T05:00:00Z,0.021999999999934516,10.4,22.1,0.0
2025-10-21T06:00:00Z,0.018000000000029104,10.6,20.1,0.0
2025-10-21T07:00:00Z,0.018000000000029104,10.9,24.8,26.0
2025-10-21T08:00:00Z,0.017000000000280124,11.1,25.3,121.0
2025-10-21T09:00:00Z,0.018000000000029104,11.5,24.6,203.0
2025-10-21T10:00:00Z,0.018000000000029104,11.7,25.4,225.0
2025-10-21T11:00:00Z,0.018000000000029104,12.0,25.2,227.0
2025-10-21T12:00:00Z,0.017999999999574356,11.4,23.7,248.0
2025-10-21T13:00:00Z,0.018000000000029104,12.4,20.5,201.0
2025-10-21T14:00:00Z,0.018000000000029104,12.6,21.2,190.0
2025-10-21T15:00:00Z,0.018000000000029104,12.4,22.9,84.0
2025-10-21T16:00:00Z,0.018000000000029104,12.2,21.7,16.0
2025-10-21T17:00:00Z,0.018000000000029104,11.8,21.8,0.0
2025-10-21T18:00:00Z,0.017000000000280124,12.2,21.8,0.0
2025-10-21T19:00:00Z,0.017999999999574356,11.9,19.9,0.0
2025-10-21T20:00:00Z,0.018000000000029104,11.6,19.3,0.0
2025-10-21T21:00:00Z,0.018000000000029104,11.4,19.9,0.0
2025-10-21T22:00:00Z,0.018000000000029104,11.2,19.8,0.0
2025-10-21T23:00:00Z,0.0860000000002401,11.1,18.8,0.0
2025-10-22T00:00:00Z,0.018000000000029104,11.6,17.8,0.0
2025-10-22T01:00:00Z,0.016999999999825377,11.5,18.2,0.0
2025-10-22T02:00:00Z,0.018000000000029104,11.6,17.7,0.0
2025-10-22T03:00:00Z,0.018999999999778083,11.4,16.9,0.0
2025-10-22T04:00:00Z,0.018000000000029104,11.1,17.1,0.0
2025-10-22T05:00:00Z,0.018000000000029104,10.8,17.4,0.0
2025-10-22T06:00:00Z,0.01900000000023283,10.6,17.3,0.0
2025-10-22T07:00:00Z,0.018000000000029104,10.9,19.0,29.0
2025-10-22T08:00:00Z,0.018999999999778083,11.4,18.3,93.0
2025-10-22T09:00:00Z,0.018000000000029104,12.6,16.8,185.0
2025-10-22T10:00:00Z,0.018000000000029104,13.0,19.6,176.0
2025-10-22T11:00:00Z,0.01900000000023283,13.9,18.2,224.0
2025-10-22T12:00:00Z,0.016999999999825377,13.9,18.5,203.0
2025-10-22T13:00:00Z,0.01900000000023283,13.6,17.3,204.0
2025-10-22T14:00:00Z,0.017999999999574356,13.8,17.5,186.0
2025-10-22T15:00:00Z,0.01900000000023283,12.6,16.4,65.0
2025-10-22T16:00:00Z,0.018000000000029104,11.9,15.1,13.0
2025-10-22T17:00:00Z,0.018000000000029104,11.1,13.6,0.0
2025-10-22T18:00:00Z,0.018999999999778083,10.9,12.2,0.0
2025-10-22T19:00:00Z,0.018000000000029104,10.6,12.7,0.0
2025-10-22T20:00:00Z,0.16300000000001091,9.9,10.5,0.0
2025-10-22T21:00:00Z,0.018000000000029104,9.4,8.8,0.0
2025-10-22T22:00:00Z,0.01900000000023283,8.8,8.9,0.0
2025-10-22T23:00:00Z,1.469000000000051,8.4,8.0,0.0
2025-10-23T00:00:00Z,0.9699999999997999,8.4,6.2,0.0
2025-10-23T01:00:00Z,0.9369999999998981,7.3,5.6,0.0
2025-10-23T02:00:00Z,0.9450000000001637,7.1,5.6,0.0
2025-10-23T03:00:00Z,0.7689999999997781,7.2,6.0,0.0
2025-10-23T04:00:00Z,1.05600000000004,8.6,10.0,0.0
2025-10-23T05:00:00Z,0.021000000000185537,9.7,13.5,0.0
2025-10-23T06:00:00Z,0.018000000000029104,10.4,18.8,0.0
2025-10-23T07:00:00Z,0.018000000000029104,11.2,22.7,13.0
2025-10-23T08:00:00Z,0.018000000000029104,12.1,25.7,79.0
2025-10-23T09:00:00Z,0.018000000000029104,12.6,28.3,80.0
2025-10-23T10:00:00Z,0.017999999999574356,13.0,32.5,195.0
2025-10-23T11:00:00Z,0.018000000000029104,12.8,29.7,115.0
2025-10-23T12:00:00Z,0.018000000000029104,12.1,33.5,83.0
2025-10-23T13:00:00Z,0.017000000000280124,11.8,33.0,23.0
2025-10-23T14:00:00Z,0.018000000000029104,12.1,34.3,21.0
2025-10-23T15:00:00Z,0.018000000000029104,12.2,32.7,21.0
2025-10-23T16:00:00Z,0.018000000000029104,12.2,30.6,2.0
2025-10-23T17:00:00Z,0.017999999999574356,12.8,27.9,0.0
2025-10-23T18:00:00Z,0.018000000000029104,13.1,22.9,0.0
2025-10-23T19:00:00Z,0.018000000000029104,12.9,16.2,0.0
2025-10-23T20:00:00Z,0.017000000000280124,12.6,17.2,0.0
2025-10-23T21:00:00Z,0.018000000000029104,12.4,17.5,0.0
2025-10-23T22:00:00Z,0.016999999999825377,12.5,21.9,0.0
2025-10-23T23:00:00Z,0.9200000000000728,12.0,21.9,0.0
2025-10-24T00:00:00Z,0.5839999999998327,11.7,19.9,0.0
2025-10-24T01:00:00Z,0.03600000000005821,11.7,20.8,0.0
2025-10-24T02:00:00Z,0.8200000000001637,11.7,21.5,0.0
2025-10-24T03:00:00Z,0.5529999999998836,11.7,21.6,0.0
2025-10-24T04:00:00Z,0.20600000000013097,11.4,17.0,0.0
2025-10-24T05:00:00Z,0.018000000000029104,10.8,18.1,0.0
2025-10-24T06:00:00Z,0.018000000000029104,10.4,19.7,0.0
2025-10-24T07:00:00Z,0.018000000000029104,11.0,21.8,19.0
2025-10-24T08:00:00Z,0.018000000000029104,11.5,23.8,51.0
2025-10-24T09:00:00Z,0.017999999999574356,11.4,24.5,78.0
2025-10-24T10:00:00Z,0.018000000000029104,12.2,27.7,194.0
2025-10-24T11:00:00Z,0.018000000000029104,11.9,29.2,172.0
2025-10-24T12:00:00Z,0.018000000000029104,11.8,29.5,267.0
2025-10-24T13:00:00Z,0.018000000000029104,12.2,36.1,262.0
2025-10-24T14:00:00Z,0.017000000000280124,11.6,37.2,145.0
2025-10-24T15:00:00Z,0.018000000000029104,10.9,34.3,54.0
2025-10-24T16:00:00Z,0.017999999999574356,10.4,30.1,12.0
2025-10-24T17:00:00Z,0.018000000000029104,10.6,31.3,0.0
2025-10-24T18:00:00Z,0.017000000000280124,10.4,29.1,0.0
2025-10-24T19:00:00Z,0.018000000000029104,10.4,28.8,0.0
2025-10-24T20:00:00Z,0.0729999999998654,10.1,29.0,0.0
2025-10-24T21:00:00Z,0.018000000000029104,9.7,28.6,0.0
2025-10-24T22:00:00Z,0.016999999999825377,9.4,28.3,0.0
2025-10-24T23:00:00Z,2.25400000000036,9.0,27.4,0.0
2025-10-25T00:00:00Z,2.3869999999997162,8.8,24.6,0.0
2025-10-25T01:00:00Z,2.7510000000002037,8.6,24.6,0.0
2025-10-25T02:00:00Z,2.4980000000000473,8.9,24.2,0.0
2025-10-25T03:00:00Z,1.7369999999996253,8.8,23.6,0.0
2025-10-25T04:00:00Z,0.48800000000028376,8.7,23.0,0.0
2025-10-25T05:00:00Z,0.021999999999934516,8.5,22.5,0.0
2025-10-25T06:00:00Z,0.018000000000029104,8.4,23.1,0.0
2025-10-25T07:00:00Z,0.2829999999999018,8.9,23.3,14.0
2025-10-25T08:00:00Z,1.7480000000000473,9.4,19.5,121.0
2025-10-25T09:00:00Z,1.3800000000001091,10.2,27.4,216.0
2025-10-25T10:00:00Z,0.7010000000000218,10.5,26.5,277.0
2025-10-25T11:00:00Z,0.028999999999996362,10.4,25.8,276.0
2025-10-25T12:00:00Z,1.569999999999709,10.4,24.8,229.0
2025-10-25T13:00:00Z,0.5230000000001382,9.3,23.4,68.0
2025-10-25T14:00:00Z,0.7010000000000218,8.9,24.1,18.0
2025-10-25T15:00:00Z,1.1790000000000873,9.1,24.0,11.0
2025-10-25T16:00:00Z,0.018999999999778083,9.2,23.1,3.0
2025-10-25T17:00:00Z,0.017000000000280124,9.1,19.1,0.0
2025-10-25T18:00:00Z,0.018000000000029104,9.4,23.1,0.0
2025-10-25T19:00:00Z,0.018000000000029104,9.8,21.5,0.0
2025-10-25T20:00:00Z,0.017999999999574356,9.4,23.6,0.0
2025-10-25T21:00:00Z,0.017000000000280124,9.1,23.5,0.0
2025-10-25T22:00:00Z,0.016999999999825377,9.0,23.5,0.0
2025-10-25T23:00:00Z,1.0579999999999927,8.9,22.7,0.0
2025-10-26T00:00:00Z,0.6280000000001564,8.9,23.8,0.0
2025-10-26T01:00:00Z,0.543999999999869,8.8,24.5,0.0
2025-10-26T02:00:00Z,0.5450000000000728,8.6,23.8,0.0
2025-10-26T03:00:00Z,0.3360000000002401,8.4,24.6,0.0
2025-10-26T04:00:00Z,0.8819999999996071,8.0,23.6,0.0
2025-10-26T05:00:00Z,0.5670000000000073,7.5,23.0,0.0
2025-10-26T06:00:00Z,0.021000000000185537,7.8,23.2,0.0
2025-10-26T07:00:00Z,0.016999999999825377,7.7,23.2,14.0
2025-10-26T08:00:00Z,0.018000000000029104,7.8,25.1,50.0
2025-10-26T09:00:00Z,0.018000000000029104,8.1,23.7,80.0
2025-10-26T10:00:00Z,0.017000000000280124,8.2,23.7,87.0
2025-10-26T11:00:00Z,0.07099999999991269,8.1,21.0,74.0
2025-10-26T12:00:00Z,0.06700000000000728,7.6,17.0,87.0
2025-10-26T13:00:00Z,0.10500000000001819,7.4,14.8,59.0
2025-10-26T14:00:00Z,0.44499999999970896,7.1,10.5,43.0
2025-10-26T15:00:00Z,0.5190000000002328,7.0,5.7,22.0
2025-10-26T16:00:00Z,1.3579999999997199,6.9,4.8,3.0
2025-10-26T17:00:00Z,0.018000000000029104,7.1,6.9,0.0
2025-10-26T18:00:00Z,0.017000000000280124,7.2,8.7,0.0
2025-10-26T19:00:00Z,0.018000000000029104,7.2,13.3,0.0
2025-10-26T20:00:00Z,0.018000000000029104,8.2,19.5,0.0
2025-10-26T21:00:00Z,0.018000000000029104,7.9,16.5,0.0
2025-10-26T22:00:00Z,0.016999999999825377,7.3,15.1,0.0
2025-10-26T23:00:00Z,0.5019999999999527,7.1,13.3,0.0
2025-10-27T00:00:00Z,1.0979999999999563,7.0,13.3,0.0
2025-10-27T01:00:00Z,0.6730000000002292,7.2,13.7,0.0
2025-10-27T02:00:00Z,0.5380000000000109,7.8,20.2,0.0
2025-10-27T03:00:00Z,0.5339999999996508,7.9,21.2,0.0
2025-10-27T04:00:00Z,0.5310000000004038,7.6,21.3,0.0
2025-10-27T05:00:00Z,0.5369999999998072,7.2,19.2,0.0
2025-10-27T06:00:00Z,0.021000000000185537,6.8,18.3,0.0
2025-10-27T07:00:00Z,0.016999999999825377,6.8,16.1,16.0
2025-10-27T08:00:00Z,0.018999999999778083,7.4,14.9,59.0
2025-10-27T09:00:00Z,0.018000000000029104,8.7,12.9,157.0
2025-10-27T10:00:00Z,0.018000000000029104,9.7,14.8,249.0
2025-10-27T11:00:00Z,0.018000000000029104,10.0,17.6,279.0
2025-10-27T12:00:00Z,0.017000000000280124,8.6,15.9,196.0
2025-10-27T13:00:00Z,0.016999999999825377,8.9,17.6,111.0
2025-10-27T14:00:00Z,0.016999999999825377,9.1,18.4,108.0
2025-10-27T15:00:00Z,0.018000000000029104,9.0,18.4,64.0
2025-10-27T16:00:00Z,0.017000000000280124,8.1,18.0,9.0
2025-10-27T17:00:00Z,0.016999999999825377,7.7,17.4,0.0
2025-10-27T18:00:00Z,0.016999999999825377,7.9,18.1,0.0
2025-10-27T19:00:00Z,0.017000000000280124,7.7,16.5,0.0
2025-10-27T20:00:00Z,0.016999999999825377,7.4,13.9,0.0
2025-10-27T21:00:00Z,0.5419999999999163,6.9,13.0,0.0
2025-10-27T22:00:00Z,0.39800000000013824,7.0,14.1,0.0
2025-10-27T23:00:00Z,0.13599999999996726,7.2,15.2,0.0
2025-10-28T00:00:00Z,2.39200000000028,7.7,17.6,0.0
2025-10-28T01:00:00Z,2.369999999999891,7.8,18.2,0.0
2025-10-28T02:00:00Z,2.656999999999698,7.7,19.9,0.0
2025-10-28T03:00:00Z,2.1350000000002183,7.9,21.0,0.0
2025-10-28T04:00:00Z,1.4989999999997963,7.8,21.6,0.0
2025-10-28T05:00:00Z,0.4060000000004038,7.9,22.7,0.0
2025-10-28T06:00:00Z,0.021999999999934516,7.8,21.2,0.0
2025-10-28T07:00:00Z,0.018000000000029104,7.6,20.5,20.0
2025-10-28T08:00:00Z,0.016999999999825377,8.1,18.3,106.0
2025-10-28T09:00:00Z,0.018000000000029104,8.8,17.5,169.0
2025-10-28T10:00:00Z,0.018000000000029104,8.8,16.6,191.0
2025-10-28T11:00:00Z,0.018000000000029104,8.9,18.3,179.0
2025-10-28T12:00:00Z,0.018000000000029104,8.1,15.3,144.0
2025-10-28T13:00:00Z,0.018999999999778083,8.6,15.0,165.0
2025-10-28T14:00:00Z,0.018000000000029104,7.8,12.0,27.0
2025-10-28T15:00:00Z,0.018000000000029104,7.6,10.1,72.0
2025-10-28T16:00:00Z,0.07099999999991269,6.4,10.8,10.0
2025-10-28T17:00:00Z,0.01900000000023283,6.2,11.6,0.0
2025-10-28T18:00:00Z,0.018000000000029104,6.3,13.3,0.0
2025-10-28T19:00:00Z,0.016999999999825377,6.0,14.0,0.0
2025-10-28T20:00:00Z,0.018000000000029104,6.3,12.3,0.0
2025-10-28T21:00:00Z,0.6410000000000764,5.8,11.6,0.0
2025-10-28T22:00:00Z,0.31799999999975626,6.2,11.4,0.0
2025-10-28T23:00:00Z,0.12200000000029831,7.0,16.3,0.0
2025-10-29T00:00:00Z,2.375,7.8,10.4,0.0
2025-10-29T01:00:00Z,2.436999999999898,8.6,20.6,0.0
2025-10-29T02:00:00Z,2.438999999999851,8.6,23.8,0.0
2025-10-29T03:00:00Z,2.0900000000001455,8.6,21.7,0.0
2025-10-29T04:00:00Z,1.5149999999998727,8.7,20.5,0.0
2025-10-29T05:00:00Z,0.018000000000029104,8.9,21.8,0.0
2025-10-29T06:00:00Z,0.018000000000029104,9.3,22.0,0.0
2025-10-29T07:00:00Z,0.018000000000029104,9.4,21.1,16.0
2025-10-29T08:00:00Z,0.018000000000029104,10.3,21.0,96.0
2025-10-29T09:00:00Z,0.018000000000029104,11.4,19.3,179.0
2025-10-29T10:00:00Z,0.016000000000076398,11.9,22.2,178.0
2025-10-29T11:00:00Z,0.018000000000029104,11.6,24.6,207.0
2025-10-29T12:00:00Z,0.018000000000029104,11.3,19.7,159.0
2025-10-29T13:00:00Z,0.018000000000029104,11.4,19.9,124.0
2025-10-29T14:00:00Z,0.018000000000029104,10.9,21.4,66.0
2025-10-29T15:00:00Z,0.017999999999574356,10.6,18.1,25.0
2025-10-29T16:00:00Z,0.018000000000029104,10.5,18.3,3.0
2025-10-29T17:00:00Z,0.018000000000029104,10.1,20.2,0.0
2025-10-29T18:00:00Z,0.018000000000029104,10.8,22.3,0.0
2025-10-29T19:00:00Z,0.018000000000029104,10.8,21.8,0.0
2025-10-29T20:00:00Z,0.018000000000029104,10.8,21.0,0.0
2025-10-29T21:00:00Z,0.017000000000280124,10.7,19.8,0.0
2025-10-29T22:00:00Z,0.017999999999574356,10.5,15.5,0.0
2025-10-29T23:00:00Z,0.018000000000029104,10.2,14.6,0.0
2025-10-30T00:00:00Z,1.0390000000002146,10.0,12.8,0.0
2025-10-30T01:00:00Z,0.5729999999998654,9.9,14.9,0.0
2025-10-30T02:00:00Z,0.34400000000005093,9.8,14.7,0.0
2025-10-30T03:00:00Z,0.7690000000002328,9.6,14.8,0.0
2025-10-30T04:00:00Z,0.3469999999997526,9.6,15.4,0.0
2025-10-30T05:00:00Z,0.33199999999987995,9.4,13.8,0.0
2025-10-30T06:00:00Z,0.022000000000389264,9.6,13.3,0.0
2025-10-30T07:00:00Z,0.018000000000029104,9.7,11.5,2.0
2025-10-30T08:00:00Z,0.017999999999574356,9.6,5.1,14.0
2025-10-30T09:00:00Z,0.018000000000029104,9.4,11.8,22.0
2025-10-30T10:00:00Z,0.018000000000029104,9.4,26.8,17.0
2025-10-30T11:00:00Z,0.018000000000029104,9.1,28.7,18.0
2025-10-30T12:00:00Z,0.017000000000280124,9.3,30.0,76.0
2025-10-30T13:00:00Z,0.018000000000029104,9.8,29.0,88.0
2025-10-30T14:00:00Z,0.018000000000029104,10.2,30.0,125.0
2025-10-30T15:00:00Z,0.017999999999574356,9.6,26.4,76.0
2025-10-30T16:00:00Z,0.017000000000280124,9.0,26.2,8.0
2025-10-30T17:00:00Z,0.018000000000029104,8.7,24.9,0.0
2025-10-30T18:00:00Z,0.018000000000029104,8.4,23.3,0.0
2025-10-30T19:00:00Z,0.018000000000029104,8.0,22.0,0.0
2025-10-30T20:00:00Z,0.016999999999825377,7.8,21.1,0.0
2025-10-30T21:00:00Z,0.08199999999987995,7.7,19.9,0.0
2025-10-30T22:00:00Z,0.47200000000020736,7.6,19.5,0.0
2025-10-30T23:00:00Z,0.33599999999978536,7.2,16.9,0.0
2025-10-31T00:00:00Z,1.5199999999999818,6.5,13.1,0.0
2025-10-31T01:00:00Z,1.0399999999999636,6.2,11.9,0.0
2025-10-31T02:00:00Z,0.9770000000003165,5.8,10.5,0.0
2025-10-31T03:00:00Z,0.8789999999999054,5.8,10.1,0.0
2025-10-31T04:00:00Z,0.8159999999998035,5.3,7.4,0.0
2025-10-31T05:00:00Z,0.8240000000000691,4.4,5.4,0.0
2025-10-31T06:00:00Z,0.023000000000138243,4.6,5.6,0.0
2025-10-31T07:00:00Z,0.018000000000029104,4.4,4.8,14.0
2025-10-31T08:00:00Z,0.4619999999999891,6.2,6.5,92.0
2025-10-31T09:00:00Z,0.018999999999778083,7.8,7.3,179.0
2025-10-31T10:00:00Z,0.018000000000029104,9.2,4.4,216.0
2025-10-31T11:00:00Z,0.018000000000029104,10.4,6.2,263.0
2025-10-31T12:00:00Z,0.01900000000023283,11.1,10.5,185.0
2025-10-31T13:00:00Z,0.018000000000029104,11.4,11.9,205.0
2025-10-31T14:00:00Z,0.018000000000029104,10.7,10.9,136.0
2025-10-31T15:00:00Z,0.018000000000029104,9.6,12.1,61.0
2025-10-31T16:00:00Z,0.018999999999778083,8.8,13.4,6.0
2025-10-31T17:00:00Z,0.018000000000029104,8.9,15.0,0.0
2025-10-31T18:00:00Z,0.018000000000029104,9.4,18.1,0.0
2025-10-31T19:00:00Z,0.018999999999778083,9.6,20.1,0.0
2025-10-31T20:00:00Z,0.018000000000029104,9.8,20.0,0.0
2025-10-31T21:00:00Z,0.06300000000010186,9.8,19.3,0.0
2025-10-31T22:00:00Z,0.018000000000029104,9.6,19.2,0.0
2025-10-31T23:00:00Z,0.01900000000023283,9.4,17.0,0.0
2025-11-01T00:00:00Z,1.1839999999997417,9.4,16.7,0.0
2025-11-01T01:00:00Z,0.7409999999999854,8.8,14.0,0.0
2025-11-01T02:00:00Z,0.6260000000002037,8.5,13.2,0.0
2025-11-01T03:00:00Z,0.5270000000000437,8.0,11.9,0.0
2025-11-01T04:00:00Z,0.5299999999997453,7.9,13.0,0.0
2025-11-01T05:00:00Z,0.5300000000002001,8.2,14.5,0.0
2025-11-01T06:00:00Z,0.021999999999934516,8.2,15.0,0.0
2025-11-01T07:00:00Z,0.01999999999998181,8.4,15.1,12.0
2025-11-01T08:00:00Z,0.018000000000029104,9.4,16.1,96.0
2025-11-01T09:00:00Z,0.018999999999778083,10.0,16.4,140.0
2025-11-01T10:00:00Z,0.05999999999994543,10.4,17.4,176.0
2025-11-01T11:00:00Z,0.01900000000023283,10.6,17.2,169.0
2025-11-01T12:00:00Z,0.018000000000029104,10.9,18.8,198.0
2025-11-01T13:00:00Z,0.018000000000029104,10.8,18.1,145.0
2025-11-01T14:00:00Z,0.018000000000029104,10.6,16.1,81.0
2025-11-01T15:00:00Z,1.4849999999996726,11.1,20.6,29.0
2025-11-01T16:00:00Z,1.0410000000001673,11.6,22.9,2.0
2025-11-01T17:00:00Z,0.016999999999825377,11.3,23.1,0.0
2025-11-01T18:00:00Z,0.018000000000029104,11.5,19.8,0.0
2025-11-01T19:00:00Z,0.017000000000280124,11.8,19.2,0.0
2025-11-01T20:00:00Z,0.018000000000029104,11.8,17.1,0.0
2025-11-01T21:00:00Z,0.018000000000029104,11.4,15.1,0.0
2025-11-01T22:00:00Z,0.018000000000029104,10.4,13.2,0.0
2025-11-01T23:00:00Z,0.016999999999825377,9.9,14.6,0.0
2025-11-02T00:00:00Z,1.0279999999997926,10.0,13.8,0.0
2025-11-02T01:00:00Z,0.6010000000001128,9.7,13.1,0.0
2025-11-02T02:00:00Z,0.5239999999998872,9.4,14.6,0.0
2025-11-02T03:00:00Z,0.5280000000002474,9.9,16.1,0.0
2025-11-02T04:00:00Z,0.5289999999999964,10.4,15.6,0.0
2025-11-02T05:00:00Z,0.03999999999996362,10.6,15.7,0.0
2025-11-02T06:00:00Z,0.018999999999778083,10.3,14.8,0.0
2025-11-02T07:00:00Z,0.018000000000029104,10.1,15.6,7.0
2025-11-02T08:00:00Z,0.01900000000023283,10.3,18.1,43.0
2025-11-02T09:00:00Z,0.018000000000029104,10.5,18.3,75.0
2025-11-02T10:00:00Z,0.018000000000029104,11.1,18.1,103.0
2025-11-02T11:00:00Z,0.018000000000029104,11.2,19.7,119.0
2025-11-02T12:00:00Z,0.018000000000029104,10.6,16.6,89.0
2025-11-02T13:00:00Z,0.018000000000029104,11.1,17.8,158.0
2025-11-02T14:00:00Z,0.016999999999825377,10.9,14.5,89.0
2025-11-02T15:00:00Z,0.018000000000029104,10.4,14.0,41.0
2025-11-02T16:00:00Z,0.018999999999778083,9.7,13.1,3.0
2025-11-02T17:00:00Z,0.018000000000029104,9.2,12.2,0.0
2025-11-02T18:00:00Z,0.01900000000023283,8.8,10.0,0.0
2025-11-02T19:00:00Z,0.018000000000029104,8.2,9.6,0.0
2025-11-02T20:00:00Z,0.018000000000029104,7.7,9.3,0.0
2025-11-02T21:00:00Z,0.6759999999999309,7.4,9.2,0.0
2025-11-02T22:00:00Z,0.5659999999998035,7.1,9.1,0.0
2025-11-02T23:00:00Z,0.05900000000019645,6.4,7.2,0.0
2025-11-03T00:00:00Z,1.8409999999998945,6.3,7.4,0.0
2025-11-03T01:00:00Z,1.1829999999999927,5.9,7.1,0.0
2025-11-03T02:00:00Z,1.3859999999999673,6.1,8.2,0.0
2025-11-03T03:00:00Z,0.943000000000211,6.1,9.2,0.0
2025-11-03T04:00:00Z,0.8739999999997963,6.2,9.9,0.0
2025-11-03T05:00:00Z,0.8789999999999054,6.2,11.6,0.0
2025-11-03T06:00:00Z,0.021999999999934516,6.7,12.8,0.0
2025-11-03T07:00:00Z,0.01900000000023283,7.6,15.0,7.0
2025-11-03T08:00:00Z,0.018000000000029104,8.5,14.7,65.0
2025-11-03T09:00:00Z,0.018999999999778083,9.7,15.4,166.0
2025-11-03T10:00:00Z,0.017000000000280124,10.6,17.0,229.0
2025-11-03T11:00:00Z,0.018000000000029104,11.4,17.8,280.0
2025-11-03T12:00:00Z,0.018999999999778083,11.3,19.6,217.0
2025-11-03T13:00:00Z,0.018000000000029104,10.9,17.1,150.0
2025-11-03T14:00:00Z,0.018000000000029104,10.6,16.4,109.0
2025-11-03T15:00:00Z,0.06700000000000728,10.1,17.3,45.0
2025-11-03T16:00:00Z,0.01900000000023283,9.8,18.1,1.0
2025-11-03T17:00:00Z,0.017999999999574356,9.5,21.7,0.0
2025-11-03T18:00:00Z,0.018000000000029104,9.6,24.5,0.0
2025-11-03T19:00:00Z,0.018000000000029104,9.6,26.0,0.0
2025-11-03T20:00:00Z,0.01900000000023283,9.9,27.5,0.0
2025-11-03T21:00:00Z,0.06199999999989814,10.4,26.1,0.0
2025-11-03T22:00:00Z,0.018000000000029104,10.8,25.7,0.0
2025-11-03T23:00:00Z,0.018000000000029104,11.1,26.0,0.0
2025-11-04T00:00:00Z,0.9470000000001164,11.1,24.8,0.0
2025-11-04T01:00:00Z,0.5929999999998472,11.5,24.9,0.0
2025-11-04T02:00:00Z,0.1550000000002001,11.6,24.5,0.0
2025-11-04T03:00:00Z,0.5649999999995998,11.8,23.8,0.0
2025-11-04T04:00:00Z,0.5480000000002292,11.9,23.7,0.0
2025-11-04T05:00:00Z,0.2179999999998472,12.1,24.0,0.0
2025-11-04T06:00:00Z,0.021999999999934516,12.1,22.7,0.0
2025-11-04T07:00:00Z,0.01900000000023283,12.3,23.4,3.0
2025-11-04T08:00:00Z,0.018999999999778083,12.7,22.0,32.0
2025-11-04T09:00:00Z,0.018000000000029104,13.2,22.4,65.0
2025-11-04T10:00:00Z,0.01900000000023283,13.5,18.6,95.0
2025-11-04T11:00:00Z,0.018999999999778083,13.4,19.1,89.0
2025-11-04T12:00:00Z,0.018000000000029104,13.4,23.1,101.0
2025-11-04T13:00:00Z,0.01900000000023283,13.4,19.5,71.0
2025-11-04T14:00:00Z,0.018999999999778083,13.4,21.5,39.0
2025-11-04T15:00:00Z,0.018000000000029104,13.4,21.0,23.0
2025-11-04T16:00:00Z,0.018000000000029104,12.9,19.6,2.0
2025-11-04T17:00:00Z,0.018000000000029104,12.1,17.6,0.0
2025-11-04T18:00:00Z,0.018000000000029104,11.4,14.5,0.0
2025-11-04T19:00:00Z,0.018999999999778083,11.3,14.6,0.0
2025-11-04T20:00:00Z,0.018000000000029104,11.1,15.4,0.0
2025-11-04T21:00:00Z,0.018000000000029104,11.2,16.5,0.0
2025-11-04T22:00:00Z,0.018000000000029104,11.7,15.8,0.0
2025-11-04T23:00:00Z,0.01900000000023283,12.2,16.6,0.0
2025-11-05T00:00:00Z,0.9079999999999018,11.1,14.8,0.0
2025-11-05T01:00:00Z,0.4960000000000946,11.1,16.2,0.0
2025-11-05T02:00:00Z,0.4149999999999636,10.7,17.3,0.0
2025-11-05T03:00:00Z,0.7979999999997744,10.8,17.0,0.0
2025-11-05T04:00:00Z,0.5460000000002765,10.9,16.4,0.0
2025-11-05T05:00:00Z,0.5219999999999345,10.9,15.8,0.0
2025-11-05T06:00:00Z,0.02099999999973079,10.8,14.1,0.0
2025-11-05T07:00:00Z,0.01900000000023283,10.3,12.6,3.0
2025-11-05T08:00:00Z,0.016999999999825377,10.9,14.3,65.0
2025-11-05T09:00:00Z,0.018000000000029104,11.9,13.0,104.0
2025-11-05T10:00:00Z,0.01900000000023283,12.4,13.0,139.0
2025-11-05T11:00:00Z,0.018000000000029104,12.4,12.2,128.0
2025-11-05T12:00:00Z,0.018000000000029104,12.6,13.3,161.0
2025-11-05T13:00:00Z,0.018000000000029104,12.8,12.5,149.0
2025-11-05T14:00:00Z,0.017999999999574356,12.4,14.7,86.0
2025-11-05T15:00:00Z,0.018000000000029104,12.0,12.5,20.0
2025-11-05T16:00:00Z,0.017000000000280124,11.2,10.1,2.0
2025-11-05T17:00:00Z,0.018999999999778083,11.8,11.6,0.0
2025-11-05T18:00:00Z,0.018000000000029104,10.9,10.9,0.0
2025-11-05T19:00:00Z,0.018000000000029104,11.6,8.9,0.0
2025-11-05T20:00:00Z,0.018000000000029104,11.4,7.1,0.0
2025-11-05T21:00:00Z,0.018000000000029104,11.1,8.8,0.0
2025-11-05T22:00:00Z,0.018000000000029104,10.1,5.9,0.0
2025-11-05T23:00:00Z,0.018000000000029104,9.9,7.9,0.0
2025-11-06T00:00:00Z,1.1979999999998654,9.6,7.7,0.0
2025-11-06T01:00:00Z,0.6860000000001492,9.8,8.3,0.0
2025-11-06T02:00:00Z,0.5949999999997999,9.4,8.2,0.0
2025-11-06T03:00:00Z,0.5460000000002765,9.0,6.9,0.0
2025-11-06T04:00:00Z,0.5199999999999818,9.1,8.5,0.0
2025-11-06T05:00:00Z,0.5239999999998872,9.3,10.2,0.0
2025-11-06T06:00:00Z,0.021000000000185537,9.4,10.6,0.0
2025-11-06T07:00:00Z,0.018000000000029104,9.4,10.3,5.0
2025-11-06T08:00:00Z,0.017999999999574356,9.9,11.2,53.0
2025-11-06T09:00:00Z,0.01900000000023283,10.7,10.5,126.0
2025-11-06T10:00:00Z,0.018000000000029104,11.9,10.4,220.0
2025-11-06T11:00:00Z,0.018999999999778083,12.5,11.2,264.0
2025-11-06T12:00:00Z,0.018000000000029104,12.8,11.4,272.0
2025-11-06T13:00:00Z,0.01900000000023283,11.9,13.0,228.0
2025-11-06T14:00:00Z,0.018000000000029104,10.9,12.3,152.0
2025-11-06T15:00:00Z,0.018000000000029104,10.1,13.5,59.0
2025-11-06T16:00:00Z,0.018999999999778083,9.7,14.3,2.0
2025-11-06T17:00:00Z,0.018000000000029104,9.8,14.6,0.0
2025-11-06T18:00:00Z,0.018000000000029104,9.6,13.7,0.0
2025-11-06T19:00:00Z,0.016000000000076398,9.4,12.9,0.0
2025-11-06T20:00:00Z,0.018000000000029104,9.2,13.0,0.0
2025-11-06T21:00:00Z,0.5039999999999054,8.9,12.0,0.0
2025-11-06T22:00:00Z,0.2480000000000473,8.9,11.9,0.0
2025-11-06T23:00:00Z,0.07900000000017826,8.8,11.5,0.0
2025-11-07T00:00:00Z,1.4149999999999636,8.2,9.9,0.0
2025-11-07T01:00:00Z,0.7909999999997126,8.1,10.2,0.0
2025-11-07T02:00:00Z,0.6289999999999054,8.2,12.1,0.0
2025-11-07T03:00:00Z,0.5289999999999964,8.4,13.3,0.0
2025-11-07T04:00:00Z,0.5310000000004038,8.5,13.1,0.0
2025-11-07T05:00:00Z,0.5309999999999491,8.4,13.4,0.0
2025-11-07T06:00:00Z,0.02099999999973079,8.1,13.9,0.0
2025-11-07T07:00:00Z,0.018000000000029104,7.8,14.0,5.0
2025-11-07T08:00:00Z,0.018000000000029104,8.4,15.2,74.0
2025-11-07T09:00:00Z,0.01900000000023283,8.9,14.7,169.0
2025-11-07T10:00:00Z,0.06299999999964712,9.4,14.6,243.0
2025-11-07T11:00:00Z,0.01900000000023283,9.8,13.0,282.0
2025-11-07T12:00:00Z,0.018000000000029104,9.9,12.6,275.0
2025-11-07T13:00:00Z,0.018999999999778083,9.8,11.2,222.0
2025-11-07T14:00:00Z,0.018000000000029104,9.2,10.2,136.0
2025-11-07T15:00:00Z,0.068000000000211,8.2,8.9,50.0
2025-11-07T16:00:00Z,0.018000000000029104,7.5,8.7,1.0
2025-11-07T17:00:00Z,0.018999999999778083,7.2,8.7,0.0
2025-11-07T18:00:00Z,0.018000000000029104,7.6,8.3,0.0
2025-11-07T19:00:00Z,0.018000000000029104,7.2,8.1,0.0
2025-11-07T20:00:00Z,0.018000000000029104,7.3,7.7,0.0
2025-11-07T21:00:00Z,0.5480000000002292,6.8,5.9,0.0
2025-11-07T22:00:00Z,0.31999999999970896,6.4,4.3,0.0
2025-11-07T23:00:00Z,0.45100000000002183,6.3,3.6,0.0
2025-11-08T00:00:00Z,1.2789999999999964,5.8,1.9,0.0
2025-11-08T01:00:00Z,0.6920000000000073,6.0,0.8,0.0
2025-11-08T02:00:00Z,0.63799999999992,6.1,0.6,0.0
2025-11-08T03:00:00Z,0.6200000000003456,6.1,0.5,0.0
2025-11-08T04:00:00Z,0.6219999999998436,6.2,1.2,0.0
2025-11-08T05:00:00Z,0.6590000000001055,5.8,2.0,0.0
2025-11-08T06:00:00Z,0.02099999999973079,6.2,2.2,0.0
2025-11-08T07:00:00Z,0.12600000000020373,6.6,4.7,2.0
2025-11-08T08:00:00Z,0.018999999999778083,6.8,5.5,27.0
2025-11-08T09:00:00Z,0.2159999999998945,7.4,5.8,79.0
2025-11-08T10:00:00Z,0.3720000000002983,8.2,3.9,137.0
2025-11-08T11:00:00Z,0.018000000000029104,9.0,0.4,179.0
2025-11-08T12:00:00Z,0.018999999999778083,8.9,7.0,172.0
2025-11-08T13:00:00Z,0.018000000000029104,9.1,7.2,123.0
2025-11-08T14:00:00Z,0.0660000000002583,8.9,6.2,66.0
2025-11-08T15:00:00Z,0.018000000000029104,8.4,4.6,26.0
2025-11-08T16:00:00Z,0.017999999999574356,7.9,5.6,0.0
2025-11-08T17:00:00Z,0.018000000000029104,7.8,6.7,0.0
2025-11-08T18:00:00Z,0.01900000000023283,7.5,7.4,0.0
2025-11-08T19:00:00Z,0.018000000000029104,7.4,6.5,0.0
2025-11-08T20:00:00Z,0.018000000000029104,7.4,4.9,0.0
2025-11-08T21:00:00Z,0.5309999999999491,7.3,4.0,0.0
2025-11-08T22:00:00Z,0.2480000000000473,7.2,4.8,0.0
2025-11-08T23:00:00Z,0.018999999999778083,7.1,5.6,0.0
2025-11-09T00:00:00Z,1.3209999999999127,6.9,6.6,0.0
2025-11-09T01:00:00Z,0.7860000000000582,6.8,7.6,0.0
2025-11-09T02:00:00Z,0.568000000000211,6.4,7.3,0.0
2025-11-09T03:00:00Z,0.6039999999998145,6.2,6.6,0.0
2025-11-09T04:00:00Z,0.6390000000001237,6.2,5.7,0.0
2025-11-09T05:00:00Z,0.599999999999909,6.2,4.3,0.0
2025-11-09T06:00:00Z,0.03500000000030923,6.2,5.8,0.0
2025-11-09T07:00:00Z,0.11999999999989086,6.3,6.0,1.0
2025-11-09T08:00:00Z,0.018000000000029104,6.6,6.0,35.0
2025-11-09T09:00:00Z,0.018000000000029104,7.2,7.7,88.0
2025-11-09T10:00:00Z,0.018000000000029104,7.4,7.1,102.0
2025-11-09T11:00:00Z,0.018000000000029104,7.8,5.7,129.0
2025-11-09T12:00:00Z,0.017999999999574356,7.7,4.9,105.0
2025-11-09T13:00:00Z,0.018000000000029104,7.8,5.4,80.0
2025-11-09T14:00:00Z,0.2430000000003929,7.8,6.2,51.0
2025-11-09T15:00:00Z,0.6069999999999709,7.4,4.6,16.0
2025-11-09T16:00:00Z,0.018000000000029104,7.2,4.0,0.0
2025-11-09T17:00:00Z,0.017999999999574356,7.1,4.1,0.0
2025-11-09T18:00:00Z,0.018000000000029104,7.2,4.7,0.0
2025-11-09T19:00:00Z,0.018000000000029104,7.0,5.3,0.0
2025-11-09T20:00:00Z,0.01900000000023283,6.8,5.7,0.0
2025-11-09T21:00:00Z,0.5409999999997126,6.6,6.6,0.0
2025-11-09T22:00:00Z,0.261000000000422,6.7,6.5,0.0
2025-11-09T23:00:00Z,0.018999999999778083,6.7,5.2,0.0
2025-11-10T00:00:00Z,1.3980000000001382,6.7,4.2,0.0
2025-11-10T01:00:00Z,0.8229999999998654,6.9,3.5,0.0
2025-11-10T02:00:00Z,0.6210000000000946,6.8,2.4,0.0
2025-11-10T03:00:00Z,0.5779999999999745,7.0,0.7,0.0
2025-11-10T04:00:00Z,0.5799999999999272,6.9,0.6,0.0
2025-11-10T05:00:00Z,0.6539999999999964,6.9,2.7,0.0
2025-11-10T06:00:00Z,0.021000000000185537,6.6,4.7,0.0
2025-11-10T07:00:00Z,0.125,6.6,3.9,1.0
2025-11-10T08:00:00Z,0.018999999999778083,6.8,3.4,29.0
2025-11-10T09:00:00Z,0.018000000000029104,7.2,3.1,76.0
2025-11-10T10:00:00Z,0.018000000000029104,7.8,3.1,124.0
2025-11-10T11:00:00Z,0.5189999999997781,8.2,2.0,154.0
2025-11-10T12:00:00Z,0.15100000000029468,8.0,5.4,148.0
2025-11-10T13:00:00Z,0.018999999999778083,8.2,3.5,81.0
2025-11-10T14:00:00Z,0.018000000000029104,8.1,2.8,53.0
2025-11-10T15:00:00Z,0.01900000000023283,7.4,2.8,25.0
2025-11-10T16:00:00Z,0.1839999999997417,6.3,3.0,0.0
2025-11-10T17:00:00Z,0.021000000000185537,5.9,2.0,0.0
2025-11-10T18:00:00Z,0.018999999999778083,5.9,0.8,0.0
2025-11-10T19:00:00Z,0.01900000000023283,5.9,1.0,0.0
2025-11-10T20:00:00Z,0.018999999999778083,5.2,0.6,0.0
2025-11-10T21:00:00Z,0.7010000000000218,4.9,1.1,0.0
2025-11-10T22:00:00Z,0.43200000000024374,4.4,3.1,0.0
2025-11-10T23:00:00Z,0.45699999999987995,3.8,3.3,0.0
2025-11-11T00:00:00Z,1.3969999999999345,5.4,4.4,0.0
2025-11-11T01:00:00Z,0.9690000000000509,6.2,5.6,0.0
2025-11-11T02:00:00Z,0.8980000000001382,5.8,5.6,0.0
2025-11-11T03:00:00Z,0.8079999999999927,7.3,7.9,0.0
2025-11-11T04:00:00Z,0.6419999999998254,7.3,7.9,0.0
2025-11-11T05:00:00Z,0.5639999999998508,6.9,10.1,0.0
2025-11-11T06:00:00Z,0.022000000000389264,7.1,11.8,0.0
2025-11-11T07:00:00Z,0.018000000000029104,7.4,8.5,1.0
2025-11-11T08:00:00Z,0.38499999999976353,8.2,10.4,22.0
2025-11-11T09:00:00Z,0.13099999999985812,8.6,11.0,42.0
2025-11-11T10:00:00Z,0.018000000000029104,8.9,13.0,96.0
2025-11-11T11:00:00Z,0.07500000000027285,8.8,13.4,92.0
2025-11-11T12:00:00Z,0.42000000000007276,8.2,11.6,38.0
2025-11-11T13:00:00Z,0.2539999999999054,8.1,12.8,28.0
2025-11-11T14:00:00Z,0.4299999999998363,8.2,12.6,30.0
2025-11-11T15:00:00Z,0.13200000000006185,8.3,11.8,12.0
2025-11-11T16:00:00Z,0.03699999999980719,8.6,12.5,0.0
2025-11-11T17:00:00Z,0.01900000000023283,8.4,12.7,0.0
2025-11-11T18:00:00Z,0.018000000000029104,8.7,13.6,0.0
2025-11-11T19:00:00Z,0.018999999999778083,8.4,14.1,0.0
2025-11-11T20:00:00Z,0.01900000000023283,8.4,13.4,0.0
2025-11-11T21:00:00Z,0.018000000000029104,7.8,12.4,0.0
2025-11-11T22:00:00Z,0.018999999999778083,7.7,14.4,0.0
2025-11-11T23:00:00Z,0.018000000000029104,7.6,15.5,0.0
2025-11-12T00:00:00Z,0.09300000000030195,7.8,14.8,0.0
2025-11-12T01:00:00Z,0.018999999999778083,7.5,13.5,0.0
2025-11-12T02:00:00Z,0.018000000000029104,7.2,12.5,0.0
2025-11-12T03:00:00Z,0.016999999999825377,7.1,14.1,0.0
2025-11-12T04:00:00Z,0.018000000000029104,7.2,15.5,0.0
2025-11-12T05:00:00Z,0.17200000000002547,7.6,17.5,0.0
2025-11-12T06:00:00Z,0.6060000000002219,8.1,17.8,0.0
2025-11-12T07:00:00Z,1.7429999999999382,8.5,22.0,1.0
2025-11-12T08:00:00Z,1.530999999999949,8.8,23.6,20.0
2025-11-12T09:00:00Z,0.018000000000029104,9.2,23.6,49.0
2025-11-12T10:00:00Z,0.018000000000029104,10.0,25.0,51.0
2025-11-12T11:00:00Z,0.018000000000029104,10.6,25.5,99.0
2025-11-12T12:00:00Z,0.1089999999999236,10.9,22.3,86.0
2025-11-12T13:00:00Z,0.018000000000029104,11.6,24.7,84.0
2025-11-12T14:00:00Z,0.018000000000029104,11.7,22.2,58.0
2025-11-12T15:00:00Z,1.7260000000001128,11.4,23.6,9.0
2025-11-12T16:00:00Z,1.668999999999869,11.5,24.9,0.0
2025-11-12T17:00:00Z,1.6329999999998108,11.2,20.1,0.0
2025-11-12T18:00:00Z,0.14800000000013824,11.1,19.6,0.0
2025-11-12T19:00:00Z,1.6019999999998618,10.8,21.7,0.0
2025-11-12T20:00:00Z,1.4839999999999236,10.8,22.4,0.0
2025-11-12T21:00:00Z,0.9440000000004147,11.1,20.9,0.0
2025-11-12T22:00:00Z,0.017999999999574356,11.2,21.0,0.0
2025-11-12T23:00:00Z,0.018000000000029104,11.1,20.9,0.0
2025-11-13T00:00:00Z,0.018000000000029104,10.4,18.4,0.0
2025-11-13T01:00:00Z,0.017000000000280124,10.1,19.3,0.0
2025-11-13T02:00:00Z,0.016999999999825377,10.2,19.9,0.0
2025-11-13T03:00:00Z,0.018000000000029104,10.2,20.1,0.0
2025-11-13T04:00:00Z,0.018000000000029104,9.8,19.0,0.0
2025-11-13T05:00:00Z,0.06399999999985084,9.6,18.3,0.0
2025-11-13T06:00:00Z,0.05999999999994543,8.9,17.4,0.0
2025-11-13T07:00:00Z,0.01900000000023283,8.7,18.0,1.0
2025-11-13T08:00:00Z,0.01999999999998181,9.4,17.7,39.0
2025-11-13T09:00:00Z,0.018999999999778083,10.6,19.8,109.0
2025-11-13T10:00:00Z,0.01900000000023283,11.6,18.2,183.0
2025-11-13T11:00:00Z,0.018000000000029104,12.2,20.5,216.0
2025-11-13T12:00:00Z,0.018999999999778083,12.2,19.9,194.0
2025-11-13T13:00:00Z,0.01900000000023283,12.5,24.6,104.0
2025-11-13T14:00:00Z,0.018999999999778083,13.2,29.3,106.0
2025-11-13T15:00:00Z,0.01900000000023283,13.4,30.3,14.0
2025-11-13T16:00:00Z,0.018000000000029104,12.6,30.7,0.0
2025-11-13T17:00:00Z,0.018999999999778083,12.4,30.4,0.0
2025-11-13T18:00:00Z,0.01900000000023283,12.4,31.9,0.0
2025-11-13T19:00:00Z,0.018000000000029104,12.4,29.0,0.0
2025-11-13T20:00:00Z,0.2519999999999527,9.3,25.2,0.0
2025-11-13T21:00:00Z,0.5039999999999054,7.3,21.9,0.0
2025-11-13T22:00:00Z,0.33100000000013097,6.9,18.8,0.0
2025-11-13T23:00:00Z,0.4559999999996762,6.9,16.4,0.0
2025-11-14T00:00:00Z,0.16000000000030923,6.1,13.0,0.0
2025-11-14T01:00:00Z,0.6959999999999127,5.7,11.2,0.0
2025-11-14T02:00:00Z,0.5740000000000691,5.6,11.0,0.0
2025-11-14T03:00:00Z,0.49299999999993815,5.6,9.7,0.0
2025-11-14T04:00:00Z,0.018000000000029104,5.4,6.0,0.0
2025-11-14T05:00:00Z,0.018999999999778083,5.2,3.5,0.0
2025-11-14T06:00:00Z,0.01900000000023283,5.2,2.2,0.0
2025-11-14T07:00:00Z,0.3809999999998581,4.8,1.4,0.0
2025-11-14T08:00:00Z,0.7080000000000837,5.7,2.1,18.0
2025-11-14T09:00:00Z,0.2460000000000946,6.4,3.9,48.0
2025-11-14T10:00:00Z,0.15999999999985448,6.7,5.2,62.0
2025-11-14T11:00:00Z,0.3580000000001746,6.9,5.6,69.0
2025-11-14T12:00:00Z,0.5960000000000036,7.2,10.0,76.0
2025-11-14T13:00:00Z,0.08500000000003638,6.8,12.2,64.0
2025-11-14T14:00:00Z,0.6849999999999454,6.3,10.4,31.0
2025-11-14T15:00:00Z,0.3930000000000291,5.6,10.4,16.0
2025-11-14T16:00:00Z,0.6579999999999018,4.9,11.8,0.0
2025-11-14T17:00:00Z,0.5859999999997854,4.6,11.5,0.0
2025-11-14T18:00:00Z,0.027000000000043656,4.1,10.4,0.0
2025-11-14T19:00:00Z,0.6359999999999673,3.9,11.4,0.0
2025-11-14T20:00:00Z,0.7300000000000182,3.7,11.8,0.0
2025-11-14T21:00:00Z,0.5590000000001965,3.2,11.0,0.0
2025-11-14T22:00:00Z,0.5499999999997272,2.8,12.0,0.0
2025-11-14T23:00:00Z,0.5860000000002401,2.5,14.1,0.0
2025-11-15T00:00:00Z,0.6590000000001055,2.7,13.5,0.0
2025-11-15T01:00:00Z,1.0809999999996762,2.0,13.2,0.0
2025-11-15T02:00:00Z,0.8380000000001928,1.3,11.4,0.0
2025-11-15T03:00:00Z,0.9540000000001783,1.1,12.3,0.0
2025-11-15T04:00:00Z,1.1589999999996508,0.8,13.5,0.0
2025-11-15T05:00:00Z,0.8960000000001855,0.2,11.9,0.0
2025-11-15T06:00:00Z,1.43100000000004,-0.3,8.7,0.0
2025-11-15T07:00:00Z,1.2899999999999636,-0.3,9.1,0.0
2025-11-15T08:00:00Z,1.0369999999998072,0.6,11.2,48.0
2025-11-15T09:00:00Z,0.9020000000000437,1.9,10.2,139.0
2025-11-15T10:00:00Z,0.93100000000004,2.8,10.1,213.0
2025-11-15T11:00:00Z,0.5599999999999454,3.4,10.1,252.0
2025-11-15T12:00:00Z,0.1390000000001237,4.2,10.4,248.0
2025-11-15T13:00:00Z,0.1430000000000291,4.8,9.3,181.0
2025-11-15T14:00:00Z,0.11099999999987631,4.5,8.1,118.0
2025-11-15T15:00:00Z,0.7880000000000109,3.2,8.8,33.0
2025-11-15T16:00:00Z,0.5979999999999563,2.8,9.6,0.0
2025-11-15T17:00:00Z,0.5730000000003201,2.8,10.3,0.0
2025-11-15T18:00:00Z,0.5739999999996144,2.0,9.4,0.0
2025-11-15T19:00:00Z,0.5779999999999745,2.0,9.8,0.0
2025-11-15T20:00:00Z,0.5740000000000691,2.2,9.4,0.0
2025-11-15T21:00:00Z,0.5730000000003201,2.5,8.6,0.0
2025-11-15T22:00:00Z,0.7929999999996653,2.3,7.4,0.0
2025-11-15T23:00:00Z,1.2270000000003165,2.0,6.7,0.0
2025-11-16T00:00:00Z,1.2869999999998072,1.5,9.1,0.0
2025-11-16T01:00:00Z,1.2770000000000437,1.1,8.1,0.0
2025-11-16T02:00:00Z,1.300000000000182,1.1,7.9,0.0
2025-11-16T03:00:00Z,1.2519999999999527,0.9,6.2,0.0
2025-11-16T04:00:00Z,1.2849999999998545,1.2,8.2,0.0
2025-11-16T05:00:00Z,1.30600000000004,0.9,8.5,0.0
2025-11-16T06:00:00Z,1.2789999999999964,-0.1,6.5,0.0
2025-11-16T07:00:00Z,1.3009999999999309,-1.9,4.9,0.0
2025-11-16T08:00:00Z,1.2910000000001673,-0.7,7.4,43.0
2025-11-16T09:00:00Z,1.3350000000000364,0.8,7.7,126.0
2025-11-16T10:00:00Z,0.6269999999999527,2.0,7.0,175.0
2025-11-16T11:00:00Z,0.29500000000007276,3.2,7.1,210.0
2025-11-16T12:00:00Z,0.016999999999825377,4.2,7.3,212.0
2025-11-16T13:00:00Z,0.29700000000002547,4.2,9.9,141.0
2025-11-16T14:00:00Z,0.7699999999999818,3.8,11.9,75.0
2025-11-16T15:00:00Z,0.5889999999999418,3.6,13.6,18.0
2025-11-16T16:00:00Z,0.5570000000002437,3.2,14.9,0.0
2025-11-16T17:00:00Z,0.556999999999789,3.5,16.4,0.0
2025-11-16T18:00:00Z,0.5579999999999927,3.9,16.9,0.0
2025-11-16T19:00:00Z,0.5549999999998363,3.8,17.6,0.0
2025-11-16T20:00:00Z,0.5530000000003383,4.3,18.3,0.0
2025-11-16T21:00:00Z,0.5509999999999309,4.4,18.3,0.0
2025-11-16T22:00:00Z,0.5489999999999782,4.3,16.1,0.0
2025-11-16T23:00:00Z,0.5639999999998508,4.1,15.3,0.0
2025-11-17T00:00:00Z,0.5799999999999272,3.5,17.0,0.0
2025-11-17T01:00:00Z,0.5770000000002256,3.2,16.5,0.0
2025-11-17T02:00:00Z,0.5789999999997235,2.8,16.0,0.0
2025-11-17T03:00:00Z,0.5780000000004293,2.2,14.3,0.0
2025-11-17T04:00:00Z,0.5789999999997235,1.9,14.3,0.0
2025-11-17T05:00:00Z,0.5799999999999272,1.6,12.7,0.0
2025-11-17T06:00:00Z,0.7270000000003165,1.6,11.8,0.0
2025-11-17T07:00:00Z,1.2029999999999745,0.9,12.4,0.0
2025-11-17T08:00:00Z,1.1169999999997344,2.2,15.9,36.0
2025-11-17T09:00:00Z,0.7680000000000291,3.4,16.1,119.0
2025-11-17T10:00:00Z,0.5509999999999309,3.8,16.8,179.0
2025-11-17T11:00:00Z,0.5480000000002292,4.5,17.6,219.0
2025-11-17T12:00:00Z,0.22399999999970532,4.9,19.4,223.0
2025-11-17T13:00:00Z,0.018000000000029104,5.2,19.3,181.0
2025-11-17T14:00:00Z,0.5109999999999673,4.5,17.3,108.0
2025-11-17T15:00:00Z,0.6480000000001382,3.3,15.7,28.0
2025-11-17T16:00:00Z,0.6030000000000655,2.8,12.4,0.0
2025-11-17T17:00:00Z,0.7359999999998763,2.0,13.0,0.0
2025-11-17T18:00:00Z,0.66800000000012,2.5,15.4,0.0
2025-11-17T19:00:00Z,0.9090000000001055,2.2,12.4,0.0
2025-11-17T20:00:00Z,1.0499999999997272,2.1,12.7,0.0
2025-11-17T21:00:00Z,0.7910000000001673,1.5,9.9,0.0
2025-11-17T22:00:00Z,1.262000000000171,1.0,9.9,0.0
2025-11-17T23:00:00Z,1.268000000000029,1.2,12.5,0.0
2025-11-18T00:00:00Z,1.125999999999749,1.5,13.0,0.0
2025-11-18T01:00:00Z,1.2789999999999964,1.7,13.9,0.0
2025-11-18T02:00:00Z,0.8969999999999345,1.9,14.8,0.0
2025-11-18T03:00:00Z,1.0460000000002765,2.2,15.7,0.0
2025-11-18T04:00:00Z,0.88799999999992,2.6,16.0,0.0
2025-11-18T05:00:00Z,0.6639999999997599,3.1,17.6,0.0
2025-11-18T06:00:00Z,0.7270000000003165,2.9,17.2,0.0
2025-11-18T07:00:00Z,0.8409999999998945,2.7,16.2,0.0
2025-11-18T08:00:00Z,0.9279999999998836,3.2,16.0,26.0
2025-11-18T09:00:00Z,0.8710000000000946,4.2,16.3,89.0
2025-11-18T10:00:00Z,0.4499999999998181,5.2,18.3,161.0
2025-11-18T11:00:00Z,0.2090000000002874,5.5,18.6,186.0
2025-11-18T12:00:00Z,0.5589999999997417,5.2,18.7,163.0
2025-11-18T13:00:00Z,0.016000000000076398,5.1,18.1,139.0
2025-11-18T14:00:00Z,0.018000000000029104,4.6,16.5,76.0
2025-11-18T15:00:00Z,0.08100000000013097,3.6,15.2,20.0
2025-11-18T16:00:00Z,0.31199999999989814,3.2,14.1,0.0
2025-11-18T17:00:00Z,0.6449999999999818,3.1,12.6,0.0
2025-11-18T18:00:00Z,0.5900000000001455,2.8,13.6,0.0
2025-11-18T19:00:00Z,0.6189999999996871,2.5,11.7,0.0
2025-11-18T20:00:00Z,0.8630000000002838,2.2,10.4,0.0
2025-11-18T21:00:00Z,0.862999999999829,2.2,9.2,0.0
2025-11-18T22:00:00Z,1.0579999999999927,1.7,8.0,0.0
2025-11-18T23:00:00Z,0.94399999999996,1.3,8.0,0.0
2025-11-19T00:00:00Z,1.0399999999999636,1.3,7.5,0.0
2025-11-19T01:00:00Z,1.0590000000001965,1.1,7.8,0.0
2025-11-19T02:00:00Z,1.125,0.9,7.1,0.0
2025-11-19T03:00:00Z,1.1990000000000691,0.6,6.1,0.0
2025-11-19T04:00:00Z,1.2289999999998145,0.4,6.9,0.0
2025-11-19T05:00:00Z,1.2460000000000946,-0.1,7.8,0.0
2025-11-19T06:00:00Z,1.2130000000001928,-0.3,8.0,0.0
2025-11-19T07:00:00Z,1.2339999999999236,-1.5,5.5,0.0
2025-11-19T08:00:00Z,1.225999999999658,-0.6,6.6,31.0
2025-11-19T09:00:00Z,1.1020000000003165,1.1,6.9,109.0
2025-11-19T10:00:00Z,0.900000000000091,2.2,5.3,161.0
2025-11-19T11:00:00Z,0.6340000000000146,2.7,4.5,147.0
2025-11-19T12:00:00Z,0.6969999999996617,2.8,1.8,119.0
2025-11-19T13:00:00Z,0.42200000000002547,2.7,1.0,112.0
2025-11-19T14:00:00Z,0.018000000000029104,2.0,0.6,41.0
2025-11-19T15:00:00Z,0.3369999999999891,1.9,1.0,5.0
2025-11-19T16:00:00Z,0.805000000000291,1.1,3.4,0.0
2025-11-19T17:00:00Z,0.6469999999999345,0.8,5.2,0.0
2025-11-19T18:00:00Z,0.8550000000000182,0.6,8.8,0.0
2025-11-19T19:00:00Z,0.9299999999998363,0.6,9.3,0.0
2025-11-19T20:00:00Z,1.0549999999998363,0.5,9.9,0.0
2025-11-19T21:00:00Z,1.1010000000001128,0.5,11.7,0.0
2025-11-19T22:00:00Z,1.0830000000000837,0.7,14.0,0.0
2025-11-19T23:00:00Z,1.0630000000001019,0.6,14.3,0.0
2025-11-20T00:00:00Z,1.0529999999998836,0.9,14.2,0.0
2025-11-20T01:00:00Z,1.0630000000001019,0.8,14.6,0.0
2025-11-20T02:00:00Z,0.7639999999996689,0.9,15.4,0.0
2025-11-20T03:00:00Z,0.7380000000002838,0.8,14.5,0.0
2025-11-20T04:00:00Z,0.9549999999999272,0.6,16.1,0.0
2025-11-20T05:00:00Z,0.9899999999997817,0.6,18.4,0.0
2025-11-20T06:00:00Z,0.8480000000004111,0.6,19.1,0.0
2025-11-20T07:00:00Z,0.9479999999998654,0.4,19.7,0.0
2025-11-20T08:00:00Z,1.1190000000001419,0.6,20.0,14.0
2025-11-20T09:00:00Z,1.100999999999658,0.8,20.4,42.0
2025-11-20T10:00:00Z,1.0530000000003383,0.9,21.8,64.0
2025-11-20T11:00:00Z,1.0099999999997635,0.8,22.6,69.0
2025-11-20T12:00:00Z,1.0230000000001382,0.9,23.9,83.0
2025-11-20T13:00:00Z,1.03899999999976,0.6,23.3,32.0
2025-11-20T14:00:00Z,1.037000000000262,0.5,23.0,27.0
2025-11-20T15:00:00Z,1.0340000000001055,0.3,21.8,7.0
2025-11-20T16:00:00Z,1.1209999999996398,0.4,20.8,0.0
2025-11-20T17:00:00Z,0.9570000000003347,0.3,18.4,0.0
2025-11-20T18:00:00Z,1.1179999999999382,0.4,17.3,0.0
2025-11-20T19:00:00Z,1.06899999999996,0.2,15.8,0.0
2025-11-20T20:00:00Z,1.0960000000000036,0.5,15.7,0.0
2025-11-20T21:00:00Z,0.9890000000000327,0.5,17.0,0.0
2025-11-20T22:00:00Z,1.0329999999999018,0.6,16.3,0.0
2025-11-20T23:00:00Z,1.000999999999749,0.5,16.1,0.0
2025-11-21T00:00:00Z,0.9690000000000509,0.9,19.4,0.0
2025-11-21T01:00:00Z,0.8569999999999709,1.1,19.3,0.0
2025-11-21T02:00:00Z,0.6090000000003783,1.0,18.0,0.0
2025-11-21T03:00:00Z,0.8009999999999309,0.4,16.4,0.0
2025-11-21T04:00:00Z,1.237999999999829,0.1,15.4,0.0
2025-11-21T05:00:00Z,1.137000000000171,-0.4,15.5,0.0
2025-11-21T06:00:00Z,1.3109999999996944,-0.3,15.2,0.0
2025-11-21T07:00:00Z,1.275000000000091,-0.9,12.6,0.0
2025-11-21T08:00:00Z,1.2690000000002328,-0.9,10.3,28.0
2025-11-21T09:00:00Z,1.530999999999949,-0.2,8.4,109.0
2025-11-21T10:00:00Z,0.9290000000000873,1.8,10.2,181.0
2025-11-21T11:00:00Z,0.7279999999996107,2.5,11.6,224.0
2025-11-21T12:00:00Z,0.6390000000001237,2.7,9.3,220.0
2025-11-21T13:00:00Z,0.5850000000000364,2.7,8.9,172.0
2025-11-21T14:00:00Z,0.58199999999988,2.0,7.6,82.0
2025-11-21T15:00:00Z,1.012000000000171,1.5,11.0,14.0
2025-11-21T16:00:00Z,0.8580000000001746,0.1,10.6,0.0
2025-11-21T17:00:00Z,0.7300000000000182,-0.8,9.5,0.0
2025-11-21T18:00:00Z,1.2449999999998909,-1.5,8.7,0.0
2025-11-21T19:00:00Z,1.4940000000001419,-1.7,9.7,0.0
2025-11-21T20:00:00Z,2.4599999999995816,-1.6,13.2,0.0
2025-11-21T21:00:00Z,1.3350000000000364,-1.4,13.5,0.0
2025-11-21T22:00:00Z,1.71100000000024,-1.5,12.3,0.0
2025-11-21T23:00:00Z,1.5119999999997162,-1.5,13.5,0.0
2025-11-22T00:00:00Z,1.3770000000004075,-1.4,14.0,0.0
2025-11-22T01:00:00Z,1.3129999999996471,-0.9,14.8,0.0
2025-11-22T02:00:00Z,1.3670000000001892,-0.6,15.0,0.0
2025-11-22T03:00:00Z,1.3890000000001237,-0.2,15.3,0.0
2025-11-22T04:00:00Z,1.3559999999997672,0.4,15.1,0.0
2025-11-22T05:00:00Z,0.9720000000002074,1.0,15.4,0.0
2025-11-22T06:00:00Z,0.8820000000000618,0.9,15.2,0.0
2025-11-22T07:00:00Z,1.0239999999998872,1.2,16.2,0.0
2025-11-22T08:00:00Z,1.0529999999998836,1.6,16.8,24.0
2025-11-22T09:00:00Z,0.81899999999996,2.3,18.7,93.0
2025-11-22T10:00:00Z,0.47699999999986176,3.0,20.0,150.0
2025-11-22T11:00:00Z,0.5940000000000509,3.3,20.7,137.0
2025-11-22T12:00:00Z,0.44399999999996,3.5,18.5,114.0
2025-11-22T13:00:00Z,0.018000000000029104,3.7,18.9,69.0
2025-11-22T14:00:00Z,0.6780000000003383,3.3,18.0,69.0
2025-11-22T15:00:00Z,0.55600000000004,2.5,17.5,18.0
2025-11-22T16:00:00Z,0.01599999999962165,2.0,17.3,0.0
2025-11-22T17:00:00Z,1.0030000000001564,1.9,17.9,0.0
2025-11-22T18:00:00Z,0.8960000000001855,2.1,19.2,0.0
2025-11-22T19:00:00Z,0.8179999999997563,2.0,19.1,0.0
2025-11-22T20:00:00Z,0.7449999999998909,1.9,19.3,0.0
2025-11-22T21:00:00Z,0.8510000000001128,1.5,19.6,0.0
2025-11-22T22:00:00Z,0.6889999999998508,1.2,19.3,0.0
2025-11-22T23:00:00Z,1.0650000000000546,1.0,19.9,0.0
2025-11-23T00:00:00Z,2.211999999999989,0.9,20.1,0.0
2025-11-23T01:00:00Z,1.8020000000001346,0.9,19.7,0.0
2025-11-23T02:00:00Z,2.3530000000000655,1.0,19.9,0.0
2025-11-23T03:00:00Z,1.4909999999999854,0.9,20.4,0.0
2025-11-23T04:00:00Z,0.9200000000000728,1.0,20.9,0.0
2025-11-23T05:00:00Z,0.7989999999999782,0.9,21.3,0.0
2025-11-23T06:00:00Z,0.6419999999998254,0.8,20.2,0.0
2025-11-23T07:00:00Z,0.6430000000000291,0.9,19.6,0.0
2025-11-23T08:00:00Z,0.6420000000002801,1.4,20.3,24.0
2025-11-23T09:00:00Z,0.7399999999997817,2.2,21.5,103.0
2025-11-23T10:00:00Z,0.7280000000000655,2.8,21.0,151.0
2025-11-23T11:00:00Z,0.33199999999987995,3.0,19.7,191.0
2025-11-23T12:00:00Z,0.68100000000004,3.2,18.0,202.0
2025-11-23T13:00:00Z,0.38599999999996726,2.8,17.4,161.0
2025-11-23T14:00:00Z,0.018000000000029104,2.0,17.5,91.0
2025-11-23T15:00:00Z,1.0419999999999163,1.3,17.8,19.0
2025-11-23T16:00:00Z,0.6820000000002437,1.4,19.3,0.0
2025-11-23T17:00:00Z,0.5779999999999745,1.9,20.9,0.0
2025-11-23T18:00:00Z,0.581000000000131,2.2,22.7,0.0
2025-11-23T19:00:00Z,0.5769999999997708,2.1,23.7,0.0
2025-11-23T20:00:00Z,0.5760000000000218,2.2,23.8,0.0
2025-11-23T21:00:00Z,0.5779999999999745,2.0,22.9,0.0
2025-11-23T22:00:00Z,1.0140000000001237,1.5,22.3,0.0
2025-11-23T23:00:00Z,0.7959999999998217,1.5,23.2,0.0
2025-11-24T00:00:00Z,0.5869999999999891,1.7,24.7,0.0
2025-11-24T01:00:00Z,0.5779999999999745,2.0,25.3,0.0
2025-11-24T02:00:00Z,0.5880000000001928,1.9,25.8,0.0
2025-11-24T03:00:00Z,0.6300000000001091,1.1,24.9,0.0
2025-11-24T04:00:00Z,0.6459999999997308,0.4,22.3,0.0
2025-11-24T05:00:00Z,0.8730000000000473,0.6,21.5,0.0
2025-11-24T06:00:00Z,1.0659999999998035,0.8,22.7,0.0
2025-11-24T07:00:00Z,0.9860000000003311,0.7,20.4,0.0
2025-11-24T08:00:00Z,0.8919999999998254,0.8,17.4,3.0
2025-11-24T09:00:00Z,1.0149999999998727,1.1,15.7,16.0
2025-11-24T10:00:00Z,1.0510000000003856,1.6,16.2,31.0
2025-11-24T11:00:00Z,0.9869999999996253,1.9,16.1,60.0
2025-11-24T12:00:00Z,0.9410000000002583,1.6,14.9,54.0
2025-11-24T13:00:00Z,1.0540000000000873,2.0,14.0,78.0
2025-11-24T14:00:00Z,0.8739999999997963,1.5,11.9,29.0
2025-11-24T15:00:00Z,0.6620000000002619,2.0,12.1,3.0
2025-11-24T16:00:00Z,0.8679999999999382,2.5,7.1,0.0
2025-11-24T17:00:00Z,0.8249999999998181,2.2,5.3,0.0
2025-11-24T18:00:00Z,0.612999999999829,3.0,7.6,0.0
2025-11-24T19:00:00Z,0.1610000000000582,3.0,6.8,0.0
2025-11-24T20:00:00Z,2.019000000000233,3.3,9.4,0.0
2025-11-24T21:00:00Z,1.712999999999738,3.6,14.1,0.0
2025-11-24T22:00:00Z,0.017000000000280124,3.8,14.8,0.0
2025-11-24T23:00:00Z,0.6489999999998872,3.8,14.8,0.0
2025-11-25T00:00:00Z,0.49499999999989086,3.5,10.9,0.0
2025-11-25T01:00:00Z,0.017000000000280124,3.5,10.6,0.0
2025-11-25T02:00:00Z,0.018000000000029104,3.5,9.6,0.0
2025-11-25T03:00:00Z,0.9159999999997126,3.2,6.8,0.0
2025-11-25T04:00:00Z,0.5830000000000837,2.8,5.5,0.0
2025-11-25T05:00:00Z,0.5700000000001637,3.2,3.6,0.0
2025-11-25T06:00:00Z,0.7179999999998472,2.8,5.1,0.0
2025-11-25T07:00:00Z,0.6309999999998581,2.8,5.9,0.0
2025-11-25T08:00:00Z,0.09799999999995634,3.1,7.4,13.0
2025-11-25T09:00:00Z,0.8150000000000546,3.8,10.7,66.0
2025-11-25T10:00:00Z,0.5280000000002474,4.3,11.2,116.0
2025-11-25T11:00:00Z,0.018999999999778083,4.3,11.8,130.0
2025-11-25T12:00:00Z,0.018000000000029104,4.2,10.2,110.0
2025-11-25T13:00:00Z,0.017000000000280124,4.1,8.7,83.0
2025-11-25T14:00:00Z,0.39099999999962165,3.7,9.7,52.0
2025-11-25T15:00:00Z,0.7560000000003129,2.9,9.7,10.0
2025-11-25T16:00:00Z,0.5459999999998217,2.5,11.1,0.0
2025-11-25T17:00:00Z,0.5399999999999636,2.5,12.3,0.0
2025-11-25T18:00:00Z,0.543999999999869,3.2,12.2,0.0
2025-11-25T19:00:00Z,0.5400000000004184,3.1,10.7,0.0
2025-11-25T20:00:00Z,0.5559999999995853,2.8,10.1,0.0
2025-11-25T21:00:00Z,0.5590000000001965,2.4,10.3,0.0
2025-11-25T22:00:00Z,0.5650000000000546,1.8,10.1,0.0
2025-11-25T23:00:00Z,0.7919999999999163,1.5,9.4,0.0
2025-11-26T00:00:00Z,0.9259999999999309,2.2,7.7,0.0
2025-11-26T01:00:00Z,0.8980000000001382,1.2,7.4,0.0
2025-11-26T02:00:00Z,0.8099999999999454,0.7,8.0,0.0
2025-11-26T03:00:00Z,0.9090000000001055,0.5,6.8,0.0
2025-11-26T04:00:00Z,0.900000000000091,0.2,7.6,0.0
2025-11-26T05:00:00Z,0.8139999999998508,-0.1,7.6,0.0
2025-11-26T06:00:00Z,0.8930000000000291,0.5,7.1,0.0
2025-11-26T07:00:00Z,0.9409999999998035,0.2,7.7,0.0
2025-11-26T08:00:00Z,0.8710000000000946,-0.1,6.0,13.0
2025-11-26T09:00:00Z,0.9169999999999163,0.2,5.3,61.0
2025-11-26T10:00:00Z,0.7840000000001055,1.0,5.2,116.0
2025-11-26T11:00:00Z,1.4470000000001164,1.5,6.3,121.0
2025-11-26T12:00:00Z,2.5659999999998035,1.9,7.4,112.0
2025-11-26T13:00:00Z,0.2580000000002656,1.9,7.6,85.0
2025-11-26T14:00:00Z,0.1679999999996653,1.9,7.1,35.0
2025-11-26T15:00:00Z,0.7029999999999745,1.6,4.2,6.0
2025-11-26T16:00:00Z,0.899000000000342,1.0,2.6,0.0
2025-11-26T17:00:00Z,0.8219999999996617,0.7,2.3,0.0
2025-11-26T18:00:00Z,0.8670000000001892,1.5,4.1,0.0
2025-11-26T19:00:00Z,0.9420000000000073,1.1,3.5,0.0
2025-11-26T20:00:00Z,2.4589999999998327,1.5,2.8,0.0
2025-11-26T21:00:00Z,0.9740000000001601,1.4,0.6,0.0
2025-11-26T22:00:00Z,1.5540000000000873,0.7,1.8,0.0
2025-11-26T23:00:00Z,1.4159999999997126,0.3,2.2,0.0
2025-11-27T00:00:00Z,1.4260000000003856,-0.6,7.3,0.0
2025-11-27T01:00:00Z,1.4729999999999563,-0.9,7.5,0.0
2025-11-27T02:00:00Z,1.6059999999997672,-0.8,9.3,0.0
2025-11-27T03:00:00Z,1.231999999999971,-0.3,11.8,0.0
2025-11-27T04:00:00Z,1.1790000000000873,-0.1,15.4,0.0
2025-11-27T05:00:00Z,0.8890000000001237,0.6,17.6,0.0
2025-11-27T06:00:00Z,0.9969999999998436,1.8,18.7,0.0
2025-11-27T07:00:00Z,0.8110000000001492,2.2,18.3,0.0
2025-11-27T08:00:00Z,0.6979999999998654,2.0,20.5,11.0
2025-11-27T09:00:00Z,0.6999999999998181,2.2,21.3,43.0
2025-11-27T10:00:00Z,0.581000000000131,2.5,22.9,51.0
2025-11-27T11:00:00Z,0.1770000000001346,2.9,23.7,50.0
2025-11-27T12:00:00Z,0.27999999999974534,3.7,25.4,24.0
2025-11-27T13:00:00Z,0.7090000000002874,3.5,26.7,20.0
2025-11-27T14:00:00Z,0.3429999999998472,3.6,26.2,15.0
2025-11-27T15:00:00Z,2.425999999999931,3.6,25.9,2.0
2025-11-27T16:00:00Z,2.4660000000003492,3.8,25.6,0.0
2025-11-27T17:00:00Z,2.3929999999995744,4.2,25.2,0.0
2025-11-27T18:00:00Z,0.01900000000023283,4.3,23.9,0.0
2025-11-27T19:00:00Z,0.125,4.7,23.9,0.0
2025-11-27T20:00:00Z,0.018000000000029104,5.2,24.7,0.0
2025-11-27T21:00:00Z,0.08599999999978536,5.7,24.5,0.0
2025-11-27T22:00:00Z,0.01900000000023283,5.9,23.8,0.0
2025-11-27T23:00:00Z,0.018999999999778083,6.4,23.7,0.0
2025-11-28T00:00:00Z,0.018000000000029104,6.8,24.6,0.0
2025-11-28T01:00:00Z,0.01900000000023283,6.9,24.2,0.0
2025-11-28T02:00:00Z,0.018000000000029104,7.0,22.8,0.0
2025-11-28T03:00:00Z,0.018000000000029104,7.2,24.0,0.0
2025-11-28T04:00:00Z,0.018000000000029104,7.3,24.7,0.0
2025-11-28T05:00:00Z,0.4420000000000073,7.4,25.5,0.0
2025-11-28T06:00:00Z,0.38699999999971624,7.6,23.7,0.0
2025-11-28T07:00:00Z,0.3690000000001419,7.6,24.0,0.0
2025-11-28T08:00:00Z,0.6729999999997744,7.7,23.8,2.0
2025-11-28T09:00:00Z,0.17000000000007276,7.8,23.1,12.0
2025-11-28T10:00:00Z,0.7640000000001237,7.8,21.9,21.0
2025-11-28T11:00:00Z,2.0450000000000728,8.2,20.6,52.0
2025-11-28T12:00:00Z,2.856999999999971,8.2,19.3,60.0
2025-11-28T13:00:00Z,2.4209999999998217,8.4,19.1,51.0
2025-11-28T14:00:00Z,0.1910000000002583,8.1,18.6,32.0
2025-11-28T15:00:00Z,0.018000000000029104,8.0,18.7,4.0
2025-11-28T16:00:00Z,0.018000000000029104,7.8,18.3,0.0
2025-11-28T17:00:00Z,0.06199999999989814,7.7,17.2,0.0
2025-11-28T18:00:00Z,0.63799999999992,7.8,16.8,0.0
2025-11-28T19:00:00Z,0.21500000000014552,7.8,18.0,0.0
2025-11-28T20:00:00Z,0.2579999999998108,7.8,18.3,0.0
2025-11-28T21:00:00Z,0.43200000000024374,7.7,18.8,0.0
2025-11-28T22:00:00Z,0.07199999999966167,7.7,20.0,0.0
2025-11-28T23:00:00Z,0.01900000000023283,7.2,20.3,0.0
2025-11-29T00:00:00Z,0.018999999999778083,7.4,20.7,0.0
2025-11-29T01:00:00Z,0.01900000000023283,7.8,21.1,0.0
2025-11-29T02:00:00Z,0.018000000000029104,8.0,20.8,0.0
2025-11-29T03:00:00Z,0.018999999999778083,8.4,21.8,0.0
2025-11-29T04:00:00Z,0.018000000000029104,7.6,20.2,0.0
2025-11-29T05:00:00Z,0.01900000000023283,7.1,19.7,0.0
2025-11-29T06:00:00Z,0.018999999999778083,7.1,19.0,0.0
2025-11-29T07:00:00Z,0.0860000000002401,6.8,18.3,0.0
2025-11-29T08:00:00Z,0.5889999999999418,7.1,17.7,9.0
2025-11-29T09:00:00Z,0.28199999999969805,7.7,19.2,39.0
2025-11-29T10:00:00Z,0.43400000000019645,7.9,20.2,56.0
2025-11-29T11:00:00Z,0.04899999999997817,8.1,18.1,71.0
2025-11-29T12:00:00Z,0.13400000000001455,8.3,18.3,91.0
2025-11-29T13:00:00Z,0.018999999999778083,8.2,18.6,77.0
2025-11-29T14:00:00Z,0.01900000000023283,8.1,15.3,39.0
2025-11-29T15:00:00Z,0.018000000000029104,7.0,13.8,10.0
2025-11-29T16:00:00Z,0.018999999999778083,6.4,13.1,0.0
2025-11-29T17:00:00Z,0.01900000000023283,6.8,13.5,0.0
2025-11-29T18:00:00Z,0.3579999999997199,7.4,13.9,0.0
2025-11-29T19:00:00Z,0.5910000000003492,7.9,15.1,0.0
2025-11-29T20:00:00Z,1.1649999999999636,7.7,17.0,0.0
2025-11-29T21:00:00Z,2.617999999999938,7.6,19.4,0.0
2025-11-29T22:00:00Z,0.0340000000001055,7.4,19.3,0.0
2025-11-29T23:00:00Z,0.018000000000029104,7.0,20.7,0.0
2025-11-30T00:00:00Z,0.016999999999825377,6.8,18.9,0.0
2025-11-30T01:00:00Z,0.018000000000029104,7.1,17.7,0.0
2025-11-30T02:00:00Z,0.4490000000000691,6.9,19.6,0.0
2025-11-30T03:00:00Z,0.2729999999996835,7.1,20.4,0.0
2025-11-30T04:00:00Z,0.25600000000031287,6.8,21.7,0.0
2025-11-30T05:00:00Z,0.5239999999998872,7.0,21.7,0.0
2025-11-30T06:00:00Z,0.11700000000018917,6.8,21.3,0.0
2025-11-30T07:00:00Z,0.018999999999778083,6.8,20.9,0.0
2025-11-30T08:00:00Z,0.016999999999825377,6.9,21.1,4.0
2025-11-30T09:00:00Z,0.01900000000023283,7.2,20.9,8.0
2025-11-30T10:00:00Z,0.018999999999778083,7.6,19.7,20.0
2025-11-30T11:00:00Z,0.01900000000023283,8.2,18.7,52.0
2025-11-30T12:00:00Z,1.1579999999999018,8.4,16.4,60.0
2025-11-30T13:00:00Z,2.65099999999984,8.1,17.9,82.0
2025-11-30T14:00:00Z,2.1200000000003456,7.6,19.0,43.0
2025-11-30T15:00:00Z,2.3040000000000873,6.6,18.1,8.0
2025-11-30T16:00:00Z,0.4849999999996726,5.8,18.6,0.0
2025-11-30T17:00:00Z,0.018000000000029104,5.9,20.8,0.0
2025-11-30T18:00:00Z,0.01900000000023283,6.1,22.2,0.0
2025-11-30T19:00:00Z,0.13799999999991996,6.3,24.1,0.0
2025-11-30T20:00:00Z,0.018000000000029104,6.6,26.9,0.0
2025-11-30T21:00:00Z,0.3209999999999127,6.8,26.6,0.0
2025-11-30T22:00:00Z,0.6900000000000546,6.1,24.8,0.0
2025-11-30T23:00:00Z,0.2480000000000473,6.1,23.5,0.0
2025-12-01T00:00:00Z,0.8969999999999345,6.1,24.0,0.0
2025-12-01T01:00:00Z,0.6359999999999673,5.8,23.5,0.0
2025-12-01T02:00:00Z,0.543999999999869,5.6,22.4,0.0
2025-12-01T03:00:00Z,0.5399999999999636,5.3,22.4,0.0
2025-12-01T04:00:00Z,0.5410000000001673,5.1,20.8,0.0
2025-12-01T05:00:00Z,0.5459999999998217,4.9,20.1,0.0
2025-12-01T06:00:00Z,0.443000000000211,4.8,19.6,0.0
2025-12-01T07:00:00Z,0.018999999999778083,4.7,18.7,0.0
2025-12-01T08:00:00Z,0.8090000000001965,4.7,17.1,9.0
2025-12-01T09:00:00Z,0.48900000000003274,5.2,18.0,73.0
2025-12-01T10:00:00Z,0.1289999999999054,6.1,18.2,140.0
2025-12-01T11:00:00Z,0.018000000000029104,6.1,18.5,154.0
2025-12-01T12:00:00Z,0.24499999999989086,5.8,21.2,160.0
2025-12-01T13:00:00Z,0.5509999999999309,6.1,19.3,85.0
2025-12-01T14:00:00Z,0.1710000000002765,5.4,14.9,71.0
2025-12-01T15:00:00Z,0.018000000000029104,5.1,16.5,8.0
2025-12-01T16:00:00Z,0.018999999999778083,4.8,18.0,0.0
2025-12-01T17:00:00Z,0.7600000000002183,4.3,18.4,0.0
2025-12-01T18:00:00Z,0.3979999999996835,4.4,20.9,0.0
2025-12-01T19:00:00Z,0.8840000000000146,4.8,22.7,0.0
2025-12-01T20:00:00Z,2.2850000000003092,5.2,22.9,0.0
2025-12-01T21:00:00Z,0.3609999999998763,5.1,22.5,0.0
2025-12-01T22:00:00Z,0.13400000000001455,5.3,22.4,0.0
2025-12-01T23:00:00Z,0.016999999999825377,5.3,21.6,0.0
2025-12-02T00:00:00Z,0.017000000000280124,5.2,20.9,0.0
2025-12-02T01:00:00Z,0.22599999999965803,5.2,20.7,0.0
2025-12-02T02:00:00Z,0.6780000000003383,5.1,20.5,0.0
2025-12-02T03:00:00Z,0.2660000000000764,4.9,19.7,0.0
2025-12-02T04:00:00Z,0.5989999999997053,4.9,20.6,0.0
2025-12-02T05:00:00Z,0.6289999999999054,4.7,20.5,0.0
2025-12-02T06:00:00Z,1.1539999999999964,4.2,19.4,0.0
2025-12-02T07:00:00Z,2.1200000000003456,4.8,20.6,0.0
2025-12-02T08:00:00Z,0.7869999999998072,4.8,20.6,5.0
2025-12-02T09:00:00Z,0.7980000000002292,4.9,20.2,34.0
2025-12-02T10:00:00Z,0.75,4.8,21.1,58.0
2025-12-02T11:00:00Z,0.750999999999749,4.9,18.5,124.0
2025-12-02T12:00:00Z,0.3760000000002037,4.9,16.1,71.0
2025-12-02T13:00:00Z,0.24099999999998545,4.8,15.9,74.0
2025-12-02T14:00:00Z,0.7669999999998254,4.8,17.2,37.0
2025-12-02T15:00:00Z,0.15300000000024738,4.7,15.0,4.0
2025-12-02T16:00:00Z,0.6989999999996144,4.4,14.6,0.0
2025-12-02T17:00:00Z,0.5790000000001783,4.3,15.3,0.0
2025-12-02T18:00:00Z,0.18400000000019645,4.6,14.1,0.0
2025-12-02T19:00:00Z,0.7869999999998072,4.8,13.9,0.0
2025-12-02T20:00:00Z,0.3170000000000073,4.8,13.1,0.0
2025-12-02T21:00:00Z,0.8130000000001019,5.0,12.0,0.0
2025-12-02T22:00:00Z,0.5380000000000109,5.1,11.5,0.0
2025-12-02T23:00:00Z,0.5670000000000073,5.2,11.2,0.0
2025-12-03T00:00:00Z,0.11400000000003274,5.0,9.3,0.0
2025-12-03T01:00:00Z,0.6189999999996871,5.2,8.8,0.0
2025-12-03T02:00:00Z,0.14800000000013824,5.1,10.1,0.0
2025-12-03T03:00:00Z,0.01900000000023283,5.2,11.4,0.0
2025-12-03T04:00:00Z,0.5099999999997635,5.2,10.8,0.0
2025-12-03T05:00:00Z,0.6309999999998581,4.8,9.5,0.0
2025-12-03T06:00:00Z,0.15100000000029468,4.8,10.1,0.0
2025-12-03T07:00:00Z,0.6050000000000182,4.7,9.8,0.0
2025-12-03T08:00:00Z,0.569999999999709,4.7,11.7,7.0
2025-12-03T09:00:00Z,0.5820000000003347,5.3,11.5,47.0
2025-12-03T10:00:00Z,0.51299999999992,5.7,12.4,62.0
2025-12-03T11:00:00Z,0.5769999999997708,5.7,13.0,54.0
2025-12-03T12:00:00Z,0.5709999999999127,5.4,12.9,37.0
2025-12-03T13:00:00Z,0.34300000000030195,5.3,12.4,32.0
2025-12-03T14:00:00Z,0.6900000000000546,5.2,12.8,25.0
2025-12-03T15:00:00Z,0.3089999999997417,5.0,12.7,2.0
2025-12-03T16:00:00Z,0.7310000000002219,4.9,12.9,0.0
2025-12-03T17:00:00Z,0.43899999999985084,4.9,12.7,0.0
2025-12-03T18:00:00Z,0.5740000000000691,5.1,12.6,0.0
2025-12-03T19:00:00Z,0.42399999999997817,5.1,11.9,0.0
2025-12-03T20:00:00Z,0.1410000000000764,5.1,11.0,0.0
2025-12-03T21:00:00Z,0.5839999999998327,5.2,11.2,0.0
2025-12-03T22:00:00Z,0.499000000000251,5.2,11.4,0.0
2025-12-03T23:00:00Z,0.5549999999998363,5.1,10.5,0.0
2025-12-04T00:00:00Z,0.38799999999991996,5.0,8.6,0.0
2025-12-04T01:00:00Z,0.7260000000001128,5.2,8.4,0.0
2025-12-04T02:00:00Z,0.3919999999998254,5.2,9.8,0.0
2025-12-04T03:00:00Z,0.4190000000003238,5.1,10.6,0.0
2025-12-04T04:00:00Z,0.45499999999992724,4.7,10.5,0.0
2025-12-04T05:00:00Z,0.46099999999978536,4.8,10.8,0.0
2025-12-04T06:00:00Z,0.43699999999989814,5.2,11.4,0.0
2025-12-04T07:00:00Z,0.01900000000023283,5.1,11.6,0.0
2025-12-04T08:00:00Z,0.018000000000029104,5.1,12.3,3.0
2025-12-04T09:00:00Z,0.018999999999778083,5.2,13.9,13.0
2025-12-04T10:00:00Z,0.01900000000023283,5.4,14.4,59.0
2025-12-04T11:00:00Z,0.018999999999778083,5.2,13.9,30.0
2025-12-04T12:00:00Z,0.01900000000023283,5.2,13.5,44.0
2025-12-04T13:00:00Z,0.018000000000029104,5.2,14.2,46.0
2025-12-04T14:00:00Z,0.018999999999778083,4.8,14.7,19.0
2025-12-04T15:00:00Z,0.017000000000280124,4.6,13.4,2.0
2025-12-04T16:00:00Z,0.018999999999778083,4.6,13.7,0.0
2025-12-04T17:00:00Z,0.018000000000029104,4.5,15.3,0.0
2025-12-04T18:00:00Z,0.018000000000029104,4.8,15.4,0.0
2025-12-04T19:00:00Z,0.018999999999778083,5.1,16.9,0.0
2025-12-04T20:00:00Z,0.07300000000032014,5.1,18.1,0.0
2025-12-04T21:00:00Z,0.018999999999778083,5.1,17.6,0.0
2025-12-04T22:00:00Z,0.017000000000280124,4.9,16.9,0.0
2025-12-04T23:00:00Z,0.018999999999778083,4.8,16.5,0.0
2025-12-05T00:00:00Z,0.018000000000029104,4.9,17.0,0.0
2025-12-05T01:00:00Z,0.01900000000023283,4.9,17.3,0.0
2025-12-05T02:00:00Z,0.018000000000029104,4.9,18.2,0.0
2025-12-05T03:00:00Z,0.017999999999574356,4.9,18.5,0.0
2025-12-05T04:00:00Z,0.01900000000023283,4.9,18.9,0.0
2025-12-05T05:00:00Z,0.018999999999778083,5.1,18.2,0.0
2025-12-05T06:00:00Z,0.017000000000280124,4.9,16.1,0.0
2025-12-05T07:00:00Z,0.018999999999778083,5.3,15.8,0.0
2025-12-05T08:00:00Z,0.018000000000029104,5.2,15.8,4.0
2025-12-05T09:00:00Z,0.01900000000023283,5.6,16.4,30.0
2025-12-05T10:00:00Z,0.018000000000029104,5.8,16.2,34.0
2025-12-05T11:00:00Z,0.018000000000029104,5.9,15.3,36.0
2025-12-05T12:00:00Z,0.018999999999778083,5.8,13.3,18.0
2025-12-05T13:00:00Z,0.018000000000029104,6.0,10.9,24.0
2025-12-05T14:00:00Z,0.018999999999778083,5.9,12.6,12.0
2025-12-05T15:00:00Z,0.018000000000029104,5.8,13.0,1.0
2025-12-05T16:00:00Z,0.018000000000029104,5.6,12.8,0.0
2025-12-05T17:00:00Z,0.08300000000008367,5.5,12.8,0.0
2025-12-05T18:00:00Z,0.01900000000023283,5.9,11.6,0.0
2025-12-05T19:00:00Z,0.018000000000029104,5.8,8.9,0.0
2025-12-05T20:00:00Z,0.8689999999996871,5.7,7.3,0.0
2025-12-05T21:00:00Z,0.9960000000000946,5.5,6.5,0.0
2025-12-05T22:00:00Z,0.6530000000002474,5.3,7.4,0.0
2025-12-05T23:00:00Z,0.6059999999997672,5.1,9.3,0.0
2025-12-06T00:00:00Z,0.6140000000000327,4.9,8.6,0.0
2025-12-06T01:00:00Z,0.6170000000001892,4.7,11.0,0.0
2025-12-06T02:00:00Z,0.6229999999995925,4.1,13.6,0.0
2025-12-06T03:00:00Z,0.6200000000003456,3.8,13.0,0.0
2025-12-06T04:00:00Z,0.625,3.6,11.1,0.0
2025-12-06T05:00:00Z,0.625,3.3,11.9,0.0
2025-12-06T06:00:00Z,0.625,3.8,12.8,0.0
2025-12-06T07:00:00Z,0.6099999999996726,4.2,12.4,0.0
2025-12-06T08:00:00Z,0.555000000000291,4.7,15.8,2.0
2025-12-06T09:00:00Z,0.5070000000000618,4.8,17.3,24.0
2025-12-06T10:00:00Z,0.5049999999996544,5.1,19.3,56.0
2025-12-06T11:00:00Z,0.5109999999999673,5.2,20.2,64.0
2025-12-06T12:00:00Z,0.5100000000002183,4.8,20.0,71.0
2025-12-06T13:00:00Z,0.5579999999999927,4.4,20.3,55.0
2025-12-06T14:00:00Z,0.543999999999869,4.2,20.4,27.0
2025-12-06T15:00:00Z,0.5460000000002765,4.3,19.5,3.0
2025-12-06T16:00:00Z,0.6099999999996726,4.4,19.6,0.0
2025-12-06T17:00:00Z,0.5880000000001928,4.6,20.4,0.0
2025-12-06T18:00:00Z,0.5340000000001055,4.7,20.3,0.0
2025-12-06T19:00:00Z,0.5479999999997744,4.8,18.6,0.0
2025-12-06T20:00:00Z,0.5480000000002292,4.9,18.0,0.0
2025-12-06T21:00:00Z,0.5479999999997744,4.9,16.7,0.0
2025-12-06T22:00:00Z,0.5480000000002292,5.1,16.5,0.0
2025-12-06T23:00:00Z,0.5509999999999309,5.2,17.1,0.0
2025-12-07T00:00:00Z,2.605999999999767,5.2,16.2,0.0
2025-12-07T01:00:00Z,2.132000000000062,5.3,14.8,0.0
2025-12-07T02:00:00Z,2.44800000000032,5.2,14.3,0.0
2025-12-07T03:00:00Z,2.3840000000000146,5.2,15.4,0.0
2025-12-07T04:00:00Z,2.074999999999818,5.2,16.1,0.0
2025-12-07T05:00:00Z,0.018000000000029104,5.6,14.1,0.0
2025-12-07T06:00:00Z,0.018000000000029104,5.9,16.2,0.0
2025-12-07T07:00:00Z,0.018000000000029104,5.8,16.0,0.0
2025-12-07T08:00:00Z,0.7280000000000655,5.3,14.3,4.0
2025-12-07T09:00:00Z,0.5489999999999782,5.8,14.3,49.0
2025-12-07T10:00:00Z,0.018999999999778083,6.6,13.5,100.0
2025-12-07T11:00:00Z,0.01900000000023283,7.1,12.9,118.0
2025-12-07T12:00:00Z,1.013999999999669,6.8,13.2,91.0
2025-12-07T13:00:00Z,2.73700000000008,7.0,11.7,28.0
2025-12-07T14:00:00Z,1.800000000000182,7.1,10.5,20.0
2025-12-07T15:00:00Z,2.255999999999858,7.0,10.4,3.0
2025-12-07T16:00:00Z,0.016999999999825377,6.8,9.9,0.0
2025-12-07T17:00:00Z,0.018000000000029104,6.8,10.0,0.0
2025-12-07T18:00:00Z,1.55600000000004,6.8,9.4,0.0
2025-12-07T19:00:00Z,2.4020000000000437,6.3,11.5,0.0
2025-12-07T20:00:00Z,1.2570000000000618,5.9,11.1,0.0
2025-12-07T21:00:00Z,0.01900000000023283,5.7,12.9,0.0
2025-12-07T22:00:00Z,0.018000000000029104,5.8,14.8,0.0
2025-12-07T23:00:00Z,0.017999999999574356,6.1,16.6,0.0
2025-12-08T00:00:00Z,0.018000000000029104,6.9,18.9,0.0
2025-12-08T01:00:00Z,0.19000000000005457,7.2,22.6,0.0
2025-12-08T02:00:00Z,0.01900000000023283,7.2,27.4,0.0
2025-12-08T03:00:00Z,0.018000000000029104,7.3,29.2,0.0
2025-12-08T04:00:00Z,0.018999999999778083,7.2,28.4,0.0
2025-12-08T05:00:00Z,0.01900000000023283,7.6,24.1,0.0
2025-12-08T06:00:00Z,0.2359999999998763,9.0,23.9,0.0
2025-12-08T07:00:00Z,0.07699999999977081,8.8,24.8,0.0
2025-12-08T08:00:00Z,0.2090000000002874,8.1,27.3,5.0
2025-12-08T09:00:00Z,0.44000000000005457,8.7,29.4,56.0
2025-12-08T10:00:00Z,0.11499999999978172,9.4,30.7,121.0
2025-12-08T11:00:00Z,0.01900000000023283,9.9,32.0,152.0
2025-12-08T12:00:00Z,0.3809999999998581,10.0,30.8,160.0
2025-12-08T13:00:00Z,0.2739999999998872,9.9,29.8,125.0
2025-12-08T14:00:00Z,0.4970000000002983,9.4,28.4,49.0
2025-12-08T15:00:00Z,0.1319999999996071,9.5,27.5,4.0
2025-12-08T16:00:00Z,0.12100000000009459,9.4,25.3,0.0
2025-12-08T17:00:00Z,0.5070000000000618,9.2,24.8,0.0
2025-12-08T18:00:00Z,0.1230000000000473,9.9,25.4,0.0
2025-12-08T19:00:00Z,0.14600000000018554,10.0,23.4,0.0
2025-12-08T20:00:00Z,0.46099999999978536,9.5,22.6,0.0
2025-12-08T21:00:00Z,0.01900000000023283,9.1,22.1,0.0
2025-12-08T22:00:00Z,0.22899999999981446,9.6,22.0,0.0
2025-12-08T23:00:00Z,0.2179999999998472,9.2,22.2,0.0
2025-12-09T00:00:00Z,0.06100000000014916,8.9,20.9,0.0
2025-12-09T01:00:00Z,0.1269999999999527,8.4,19.4,0.0
2025-12-09T02:00:00Z,0.5799999999999272,7.9,18.1,0.0
2025-12-09T03:00:00Z,0.3769999999999527,7.8,17.7,0.0
2025-12-09T04:00:00Z,0.4590000000002874,7.4,16.4,0.0
2025-12-09T05:00:00Z,0.5659999999998035,7.2,17.8,0.0
2025-12-09T06:00:00Z,0.028000000000247383,7.8,16.2,0.0
2025-12-09T07:00:00Z,0.656999999999698,8.2,14.7,0.0
2025-12-09T08:00:00Z,0.45699999999987995,8.6,13.9,2.0
2025-12-09T09:00:00Z,0.4610000000002401,8.9,13.1,23.0
2025-12-09T10:00:00Z,0.23999999999978172,9.2,14.4,43.0
2025-12-09T11:00:00Z,0.057000000000243745,9.4,16.4,50.0
2025-12-09T12:00:00Z,0.018999999999778083,9.1,13.9,37.0
2025-12-09T13:00:00Z,0.018000000000029104,9.4,12.7,39.0
2025-12-09T14:00:00Z,0.01900000000023283,9.4,9.9,17.0
2025-12-09T15:00:00Z,0.016999999999825377,9.6,9.9,2.0
2025-12-09T16:00:00Z,0.018000000000029104,9.6,9.4,0.0
2025-12-09T17:00:00Z,0.01900000000023283,9.4,11.0,0.0
2025-12-09T18:00:00Z,0.018000000000029104,9.9,12.6,0.0
2025-12-09T19:00:00Z,0.018000000000029104,9.8,13.4,0.0
2025-12-09T20:00:00Z,0.9939999999996871,9.9,15.5,0.0
2025-12-09T21:00:00Z,2.4470000000001164,10.4,17.6,0.0
2025-12-09T22:00:00Z,0.07699999999977081,10.4,18.4,0.0
2025-12-09T23:00:00Z,0.01900000000023283,10.4,19.2,0.0
2025-12-10T00:00:00Z,0.016999999999825377,10.4,18.1,0.0
2025-12-10T01:00:00Z,0.018000000000029104,10.8,21.1,0.0
2025-12-10T02:00:00Z,0.018000000000029104,10.7,23.1,0.0
2025-12-10T03:00:00Z,0.018000000000029104,10.6,23.4,0.0
2025-12-10T04:00:00Z,0.018000000000029104,10.5,23.7,0.0
2025-12-10T05:00:00Z,0.016999999999825377,10.5,21.7,0.0
2025-12-10T06:00:00Z,0.018000000000029104,10.6,20.3,0.0
2025-12-10T07:00:00Z,0.018000000000029104,10.8,19.6,0.0
2025-12-10T08:00:00Z,0.07600000000002183,10.5,19.7,2.0
2025-12-10T09:00:00Z,0.01900000000023283,10.4,18.7,30.0
2025-12-10T10:00:00Z,0.32999999999992724,10.6,17.7,69.0
2025-12-10T11:00:00Z,0.31399999999985084,10.6,18.4,70.0
2025-12-10T12:00:00Z,1.41800000000012,10.6,18.4,73.0
2025-12-10T13:00:00Z,2.061000000000149,10.4,17.9,74.0
2025-12-10T14:00:00Z,0.018000000000029104,10.0,17.0,51.0
2025-12-10T15:00:00Z,0.018000000000029104,9.4,17.9,5.0
2025-12-10T16:00:00Z,0.419999999999618,9.1,19.6,0.0
2025-12-10T17:00:00Z,0.774000000000342,8.9,22.0,0.0
2025-12-10T18:00:00Z,2.724999999999909,9.6,24.1,0.0
2025-12-10T19:00:00Z,1.1219999999998436,9.8,25.7,0.0
2025-12-10T20:00:00Z,2.5030000000001564,9.9,27.8,0.0
2025-12-10T21:00:00Z,0.41899999999986903,9.6,26.5,0.0
2025-12-10T22:00:00Z,0.018000000000029104,8.8,25.4,0.0
2025-12-10T23:00:00Z,0.016999999999825377,8.6,24.6,0.0
2025-12-11T00:00:00Z,0.017000000000280124,8.9,24.2,0.0
2025-12-11T01:00:00Z,0.016999999999825377,8.9,23.7,0.0
2025-12-11T02:00:00Z,0.018000000000029104,8.8,24.1,0.0
2025-12-11T03:00:00Z,0.017000000000280124,8.6,24.8,0.0
2025-12-11T04:00:00Z,0.017999999999574356,8.4,24.8,0.0
2025-12-11T05:00:00Z,0.11300000000028376,8.1,24.1,0.0
2025-12-11T06:00:00Z,0.5199999999999818,8.9,22.4,0.0
2025-12-11T07:00:00Z,0.21500000000014552,8.4,22.5,0.0
2025-12-11T08:00:00Z,0.018999999999778083,8.9,25.0,2.0
2025-12-11T09:00:00Z,0.018000000000029104,9.0,24.1,15.0
2025-12-11T10:00:00Z,0.018999999999778083,9.1,24.3,36.0
2025-12-11T11:00:00Z,0.018000000000029104,9.4,25.3,92.0
2025-12-11T12:00:00Z,0.018000000000029104,8.9,24.0,40.0
2025-12-11T13:00:00Z,0.16300000000001091,9.1,23.9,36.0
2025-12-11T14:00:00Z,0.018000000000029104,9.1,24.4,20.0
2025-12-11T15:00:00Z,0.01900000000023283,9.1,24.8,2.0
2025-12-11T16:00:00Z,0.34999999999990905,8.9,23.9,0.0
2025-12-11T17:00:00Z,0.3240000000000691,8.4,22.0,0.0
2025-12-11T18:00:00Z,0.11599999999998545,8.6,21.4,0.0
2025-12-11T19:00:00Z,0.018000000000029104,8.6,23.1,0.0
2025-12-11T20:00:00Z,0.018999999999778083,8.6,25.2,0.0
2025-12-11T21:00:00Z,0.01900000000023283,8.4,22.0,0.0
2025-12-11T22:00:00Z,0.6909999999998035,8.0,17.9,0.0
2025-12-11T23:00:00Z,0.36200000000008004,7.7,15.2,0.0
2025-12-12T00:00:00Z,0.47699999999986176,7.8,13.8,0.0
2025-12-12T01:00:00Z,0.5979999999999563,7.6,12.3,0.0
2025-12-12T02:00:00Z,0.4130000000000109,7.2,12.9,0.0
2025-12-12T03:00:00Z,0.6040000000002692,7.7,13.3,0.0
2025-12-12T04:00:00Z,0.1639999999997599,7.6,12.8,0.0
2025-12-12T05:00:00Z,0.568000000000211,6.9,12.6,0.0
2025-12-12T06:00:00Z,0.5489999999999782,6.9,10.7,0.0
2025-12-12T07:00:00Z,0.13299999999981083,5.9,8.6,0.0
2025-12-12T08:00:00Z,0.7719999999999345,6.6,8.1,2.0
2025-12-12T09:00:00Z,0.47200000000020736,7.5,8.7,31.0
2025-12-12T10:00:00Z,0.08100000000013097,8.1,8.7,52.0
2025-12-12T11:00:00Z,1.6169999999997344,8.2,8.1,63.0
2025-12-12T12:00:00Z,2.7730000000001382,7.6,7.4,62.0
2025-12-12T13:00:00Z,0.18100000000004002,7.4,6.2,48.0
2025-12-12T14:00:00Z,0.018000000000029104,7.2,4.7,29.0
2025-12-12T15:00:00Z,0.12199999999984357,6.6,3.6,4.0
2025-12-12T16:00:00Z,0.2960000000002765,6.3,5.3,0.0
2025-12-12T17:00:00Z,1.88799999999992,6.3,7.4,0.0
2025-12-12T18:00:00Z,2.288000000000011,6.2,10.4,0.0
2025-12-12T19:00:00Z,0.018000000000029104,5.8,13.5,0.0
2025-12-12T20:00:00Z,0.6309999999998581,5.6,15.5,0.0
2025-12-12T21:00:00Z,0.35599999999976717,5.2,16.1,0.0
2025-12-12T22:00:00Z,0.45400000000017826,4.4,13.8,0.0
2025-12-12T23:00:00Z,0.43400000000019645,4.8,13.3,0.0
2025-12-13T00:00:00Z,0.7409999999999854,4.8,11.8,0.0
2025-12-13T01:00:00Z,0.5489999999999782,4.7,11.4,0.0
2025-12-13T02:00:00Z,0.40699999999969805,4.9,9.9,0.0
2025-12-13T03:00:00Z,0.7400000000002365,5.2,9.6,0.0
2025-12-13T04:00:00Z,0.43899999999985084,5.5,9.2,0.0
2025-12-13T05:00:00Z,0.125,5.8,9.4,0.0
2025-12-13T06:00:00Z,0.625,6.1,10.3,0.0
2025-12-13T07:00:00Z,0.29899999999997817,6.6,12.2,0.0
2025-12-13T08:00:00Z,0.01900000000023283,7.3,14.6,1.0
2025-12-13T09:00:00Z,0.17699999999967986,7.9,14.2,14.0
2025-12-13T10:00:00Z,0.5300000000002001,8.4,15.8,38.0
2025-12-13T11:00:00Z,0.0929999999998472,8.8,18.0,39.0
2025-12-13T12:00:00Z,0.018000000000029104,8.9,17.5,36.0
2025-12-13T13:00:00Z,0.4920000000001892,9.0,18.2,21.0
2025-12-13T14:00:00Z,0.1619999999998072,7.9,17.6,56.0
2025-12-13T15:00:00Z,0.5640000000003056,6.4,17.0,7.0
2025-12-13T16:00:00Z,0.3419999999996435,6.0,16.7,0.0
2025-12-13T17:00:00Z,0.8820000000000618,5.8,17.1,0.0
2025-12-13T18:00:00Z,0.6690000000003238,5.8,16.9,0.0
2025-12-13T19:00:00Z,0.5849999999995816,5.6,16.8,0.0
2025-12-13T20:00:00Z,0.7660000000000764,5.3,16.9,0.0
2025-12-13T21:00:00Z,0.6030000000000655,5.2,17.4,0.0
2025-12-13T22:00:00Z,0.5579999999999927,5.5,18.4,0.0
2025-12-13T23:00:00Z,0.057000000000243745,5.8,18.9,0.0
2025-12-14T00:00:00Z,0.33399999999983265,6.4,20.1,0.0
2025-12-14T01:00:00Z,0.1770000000001346,6.4,19.3,0.0
2025-12-14T02:00:00Z,0.5969999999997526,6.2,19.0,0.0
2025-12-14T03:00:00Z,0.30600000000004,5.9,20.9,0.0
2025-12-14T04:00:00Z,0.6599999999998545,6.0,21.1,0.0
2025-12-14T05:00:00Z,0.262000000000171,6.2,21.9,0.0
2025-12-14T06:00:00Z,0.6759999999999309,6.4,21.9,0.0
2025-12-14T07:00:00Z,0.27899999999999636,6.4,23.2,0.0
2025-12-14T08:00:00Z,0.6750000000001819,6.2,25.8,1.0
2025-12-14T09:00:00Z,0.33199999999987995,5.9,26.6,28.0
2025-12-14T10:00:00Z,0.624000000000251,5.8,25.5,64.0
2025-12-14T11:00:00Z,0.34600000000000364,6.2,26.2,71.0
2025-12-14T12:00:00Z,0.5709999999999127,6.4,24.2,33.0
2025-12-14T13:00:00Z,0.04899999999997817,6.4,21.6,30.0
2025-12-14T14:00:00Z,0.018000000000029104,6.3,23.7,28.0
2025-12-14T15:00:00Z,0.7199999999997999,6.6,23.5,2.0
2025-12-14T16:00:00Z,0.31399999999985084,6.2,24.8,0.0
2025-12-14T17:00:00Z,0.07800000000042928,6.4,23.7,0.0
2025-12-14T18:00:00Z,0.7529999999997017,6.2,20.1,0.0
2025-12-14T19:00:00Z,0.23300000000017462,6.2,21.2,0.0
2025-12-14T20:00:00Z,0.7469999999998436,6.8,19.9,0.0
2025-12-14T21:00:00Z,0.30600000000004,6.8,21.4,0.0
2025-12-14T22:00:00Z,0.6849999999999454,6.2,21.3,0.0
2025-12-14T23:00:00Z,0.2510000000002037,6.2,20.8,0.0
2025-12-15T00:00:00Z,0.018999999999778083,6.7,19.0,0.0
2025-12-15T01:00:00Z,0.018000000000029104,6.7,18.9,0.0
2025-12-15T02:00:00Z,0.01900000000023283,6.7,20.3,0.0
2025-12-15T03:00:00Z,0.018999999999778083,6.6,19.5,0.0
2025-12-15T04:00:00Z,0.6130000000002838,6.8,19.5,0.0
2025-12-15T05:00:00Z,0.5299999999997453,6.8,19.9,0.0
2025-12-15T06:00:00Z,0.01999999999998181,6.6,19.0,0.0
2025-12-15T07:00:00Z,0.6230000000000473,6.7,19.6,0.0
2025-12-15T08:00:00Z,0.5720000000001164,6.8,19.1,2.0
2025-12-15T09:00:00Z,0.04999999999972715,7.3,18.5,27.0
2025-12-15T10:00:00Z,0.7780000000002474,7.6,17.9,49.0
2025-12-15T11:00:00Z,0.27500000000009095,7.6,17.0,76.0
2025-12-15T12:00:00Z,0.12099999999963984,7.8,17.8,119.0
2025-12-15T13:00:00Z,0.34900000000016007,7.7,14.4,70.0
2025-12-15T14:00:00Z,0.55600000000004,6.6,12.0,61.0
2025-12-15T15:00:00Z,0.13099999999985812,5.4,12.5,7.0
2025-12-15T16:00:00Z,1.5509999999999309,4.8,11.7,0.0
2025-12-15T17:00:00Z,2.6900000000000546,4.2,10.8,0.0
2025-12-15T18:00:00Z,0.16000000000030923,4.3,11.9,0.0
2025-12-15T19:00:00Z,0.14199999999982538,4.2,11.8,0.0
2025-12-15T20:00:00Z,0.07099999999991269,4.2,10.6,0.0
2025-12-15T21:00:00Z,1.038000000000011,4.0,11.3,0.0
2025-12-15T22:00:00Z,0.6849999999999454,3.8,10.5,0.0
2025-12-15T23:00:00Z,0.6480000000001382,3.6,9.4,0.0
2025-12-16T00:00:00Z,1.1460000000001855,3.2,7.4,0.0
2025-12-16T01:00:00Z,0.5119999999997162,2.8,7.0,0.0
2025-12-16T02:00:00Z,1.3380000000001928,2.8,9.0,0.0
2025-12-16T03:00:00Z,0.8170000000000073,3.0,10.3,0.0
2025-12-16T04:00:00Z,0.56899999999996,3.0,10.8,0.0
2025-12-16T05:00:00Z,0.556999999999789,3.3,12.3,0.0
2025-12-16T06:00:00Z,0.568000000000211,3.3,12.0,0.0
2025-12-16T07:00:00Z,0.5529999999998836,3.5,11.6,0.0
2025-12-16T08:00:00Z,0.36000000000012733,3.5,10.5,2.0
2025-12-16T09:00:00Z,0.1959999999999127,4.1,10.8,45.0
2025-12-16T10:00:00Z,0.6979999999998654,5.0,10.2,108.0
2025-12-16T11:00:00Z,0.23100000000022192,5.8,8.7,143.0
2025-12-16T12:00:00Z,0.6659999999997126,6.3,5.4,143.0
2025-12-16T13:00:00Z,0.09800000000041109,6.3,8.9,110.0
2025-12-16T14:00:00Z,0.018000000000029104,5.9,10.1,60.0
2025-12-16T15:00:00Z,0.5209999999997308,5.2,9.1,6.0
2025-12-16T16:00:00Z,0.5390000000002146,5.1,11.8,0.0
2025-12-16T17:00:00Z,0.14399999999977808,5.1,13.1,0.0
2025-12-16T18:00:00Z,0.6950000000001637,5.6,13.5,0.0
2025-12-16T19:00:00Z,0.81899999999996,5.2,12.8,0.0
2025-12-16T20:00:00Z,1.7049999999999272,5.1,14.9,0.0
2025-12-16T21:00:00Z,2.5390000000002146,4.9,14.1,0.0
2025-12-16T22:00:00Z,0.488999999999578,4.8,13.9,0.0
2025-12-16T23:00:00Z,0.8110000000001492,4.8,13.4,0.0
2025-12-17T00:00:00Z,0.8530000000000655,4.8,12.9,0.0
2025-12-17T01:00:00Z,1.1080000000001746,5.1,12.0,0.0
2025-12-17T02:00:00Z,0.9020000000000437,5.2,11.1,0.0
2025-12-17T03:00:00Z,0.7369999999996253,5.5,10.8,0.0
2025-12-17T04:00:00Z,0.5750000000002728,5.4,10.1,0.0
2025-12-17T05:00:00Z,0.5579999999999927,5.4,9.1,0.0
2025-12-17T06:00:00Z,0.45899999999983265,5.2,8.1,0.0
2025-12-17T07:00:00Z,0.018000000000029104,4.8,6.0,0.0
2025-12-17T08:00:00Z,0.9169999999999163,4.5,6.4,1.0
2025-12-17T09:00:00Z,0.4250000000001819,5.1,8.5,13.0
2025-12-17T10:00:00Z,0.02599999999983993,5.3,9.4,15.0
2025-12-17T11:00:00Z,0.7760000000002947,6.1,9.3,87.0
2025-12-17T12:00:00Z,0.11699999999973443,6.9,5.6,121.0
2025-12-17T13:00:00Z,0.018000000000029104,6.7,6.3,100.0
2025-12-17T14:00:00Z,0.018000000000029104,6.2,5.0,38.0
2025-12-17T15:00:00Z,0.5900000000001455,5.6,7.3,5.0
2025-12-17T16:00:00Z,0.31999999999970896,4.9,7.2,0.0
2025-12-17T17:00:00Z,0.01900000000023283,5.4,6.5,0.0
2025-12-17T18:00:00Z,0.6050000000000182,6.2,8.5,0.0
2025-12-17T19:00:00Z,0.3489999999997053,6.6,9.2,0.0
2025-12-17T20:00:00Z,0.018000000000029104,6.9,9.8,0.0
2025-12-17T21:00:00Z,0.6210000000000946,7.2,10.8,0.0
2025-12-17T22:00:00Z,0.2460000000000946,7.4,12.9,0.0
2025-12-17T23:00:00Z,0.1619999999998072,7.3,12.8,0.0
2025-12-18T00:00:00Z,0.018000000000029104,7.1,10.5,0.0
2025-12-18T01:00:00Z,0.018000000000029104,6.9,12.0,0.0
2025-12-18T02:00:00Z,0.3380000000001928,7.2,14.9,0.0
2025-12-18T03:00:00Z,0.5670000000000073,6.8,15.1,0.0
2025-12-18T04:00:00Z,0.08500000000003638,6.2,14.9,0.0
2025-12-18T05:00:00Z,0.47699999999986176,6.6,15.0,0.0
2025-12-18T06:00:00Z,0.5760000000000218,6.9,17.0,0.0
2025-12-18T07:00:00Z,0.023000000000138243,6.9,19.8,0.0
2025-12-18T08:00:00Z,0.07799999999997453,6.4,20.5,1.0
2025-12-18T09:00:00Z,0.7970000000000255,6.3,21.7,43.0
2025-12-18T10:00:00Z,0.26399999999966894,6.8,21.5,101.0
2025-12-18T11:00:00Z,0.01900000000023283,7.2,20.8,126.0
2025-12-18T12:00:00Z,0.018999999999778083,7.8,18.5,136.0
2025-12-18T13:00:00Z,0.30300000000033833,7.7,18.4,106.0
2025-12-18T14:00:00Z,0.625999999999749,7.4,17.1,45.0
2025-12-18T15:00:00Z,0.28700000000026193,7.3,15.8,4.0
2025-12-18T16:00:00Z,0.018000000000029104,7.3,15.0,0.0
2025-12-18T17:00:00Z,0.11999999999989086,7.3,14.5,0.0
2025-12-18T18:00:00Z,0.5239999999998872,7.4,14.6,0.0
2025-12-18T19:00:00Z,0.5369999999998072,7.7,15.8,0.0
2025-12-18T20:00:00Z,0.6480000000001382,7.2,16.4,0.0
2025-12-18T21:00:00Z,0.20200000000022555,6.4,18.1,0.0
2025-12-18T22:00:00Z,0.23999999999978172,6.4,20.5,0.0
2025-12-18T23:00:00Z,0.32799999999997453,6.6,21.5,0.0
2025-12-19T00:00:00Z,0.5760000000000218,6.6,21.4,0.0
2025-12-19T01:00:00Z,0.15300000000024738,6.9,21.4,0.0
2025-12-19T02:00:00Z,0.018000000000029104,7.2,20.9,0.0
2025-12-19T03:00:00Z,0.018999999999778083,7.5,20.8,0.0
2025-12-19T04:00:00Z,0.01900000000023283,7.9,21.5,0.0
2025-12-19T05:00:00Z,0.16499999999996362,8.2,22.3,0.0
2025-12-19T06:00:00Z,0.40099999999983993,9.1,21.6,0.0
2025-12-19T07:00:00Z,0.4070000000001528,9.4,21.6,0.0
2025-12-19T08:00:00Z,0.9979999999995925,9.5,21.4,1.0
2025-12-19T09:00:00Z,0.5980000000004111,9.9,20.4,16.0
2025-12-19T10:00:00Z,0.5289999999999964,9.9,19.2,19.0
2025-12-19T11:00:00Z,0.6459999999997308,10.1,18.0,40.0
2025-12-19T12:00:00Z,0.2800000000002001,9.8,17.0,46.0
2025-12-19T13:00:00Z,0.018000000000029104,9.8,17.2,23.0
2025-12-19T14:00:00Z,0.018999999999778083,9.7,17.3,12.0
2025-12-19T15:00:00Z,0.018000000000029104,9.6,17.5,2.0
2025-12-19T16:00:00Z,0.01900000000023283,9.4,17.9,0.0
2025-12-19T17:00:00Z,0.018000000000029104,9.4,17.0,0.0
2025-12-19T18:00:00Z,0.017999999999574356,9.1,15.1,0.0
2025-12-19T19:00:00Z,0.018000000000029104,8.9,16.4,0.0
2025-12-19T20:00:00Z,0.10300000000006548,7.6,16.4,0.0
2025-12-19T21:00:00Z,0.7200000000002547,6.6,16.9,0.0
2025-12-19T22:00:00Z,0.5960000000000036,6.2,17.4,0.0
2025-12-19T23:00:00Z,0.25900000000001455,6.1,17.4,0.0
2025-12-20T00:00:00Z,0.7539999999999054,6.2,15.5,0.0
2025-12-20T01:00:00Z,0.3969999999999345,6.1,15.9,0.0
2025-12-20T02:00:00Z,0.05999999999994543,5.9,17.2,0.0
2025-12-20T03:00:00Z,0.8240000000000691,6.3,18.0,0.0
2025-12-20T04:00:00Z,0.3220000000001164,6.6,17.7,0.0
2025-12-20T05:00:00Z,0.018999999999778083,6.4,17.3,0.0
2025-12-20T06:00:00Z,0.25600000000031287,6.7,17.1,0.0
2025-12-20T07:00:00Z,0.018999999999778083,6.8,17.1,0.0
2025-12-20T08:00:00Z,0.09499999999979991,6.5,16.3,1.0
2025-12-20T09:00:00Z,0.6750000000001819,6.7,16.3,35.0
2025-12-20T10:00:00Z,0.56899999999996,7.1,16.5,103.0
2025-12-20T11:00:00Z,0.01900000000023283,7.5,16.2,148.0
2025-12-20T12:00:00Z,0.6720000000000255,7.3,14.6,139.0
2025-12-20T13:00:00Z,0.5029999999997017,7.5,12.8,86.0
2025-12-20T14:00:00Z,0.018000000000029104,6.9,11.0,36.0
2025-12-20T15:00:00Z,0.8160000000002583,6.6,10.2,3.0
2025-12-20T16:00:00Z,0.6149999999997817,6.4,9.8,0.0
2025-12-20T17:00:00Z,0.5709999999999127,6.2,9.6,0.0
2025-12-20T18:00:00Z,0.6620000000002619,5.7,9.5,0.0
2025-12-20T19:00:00Z,0.5160000000000764,5.6,9.5,0.0
2025-12-20T20:00:00Z,0.7299999999995634,5.3,8.2,0.0
2025-12-20T21:00:00Z,0.5700000000001637,5.0,4.5,0.0
2025-12-20T22:00:00Z,0.5399999999999636,4.9,5.5,0.0
2025-12-20T23:00:00Z,0.5410000000001673,4.8,2.5,0.0
2025-12-21T00:00:00Z,0.5399999999999636,4.8,4.5,0.0
2025-12-21T01:00:00Z,0.5380000000000109,4.6,4.7,0.0
2025-12-21T02:00:00Z,0.5389999999997599,4.4,5.1,0.0
2025-12-21T03:00:00Z,0.5450000000000728,4.3,5.7,0.0
2025-12-21T04:00:00Z,0.5399999999999636,4.3,7.4,0.0
2025-12-21T05:00:00Z,0.24200000000018917,4.4,9.3,0.0
2025-12-21T06:00:00Z,0.7559999999998581,4.6,10.4,0.0
2025-12-21T07:00:00Z,0.7609999999999673,4.5,10.1,0.0
2025-12-21T08:00:00Z,0.48500000000012733,4.5,10.8,1.0
2025-12-21T09:00:00Z,0.35399999999981446,4.6,11.9,20.0
2025-12-21T10:00:00Z,0.680000000000291,4.8,11.8,51.0
2025-12-21T11:00:00Z,0.3919999999998254,4.7,11.7,55.0
2025-12-21T12:00:00Z,0.5979999999999563,4.9,12.5,59.0
2025-12-21T13:00:00Z,0.41800000000012005,4.7,12.0,50.0
2025-12-21T14:00:00Z,0.38799999999991996,4.3,11.5,21.0
2025-12-21T15:00:00Z,1.0230000000001382,4.3,11.3,3.0
2025-12-21T16:00:00Z,0.6100000000001273,4.3,11.5,0.0
2025-12-21T17:00:00Z,0.5389999999997599,4.4,12.1,0.0
2025-12-21T18:00:00Z,0.5399999999999636,4.6,12.8,0.0
2025-12-21T19:00:00Z,0.5410000000001673,4.7,14.3,0.0
2025-12-21T20:00:00Z,0.5399999999999636,4.6,15.3,0.0
2025-12-21T21:00:00Z,0.3910000000000764,4.8,15.8,0.0
2025-12-21T22:00:00Z,0.9059999999999491,5.2,16.1,0.0
2025-12-21T23:00:00Z,0.34600000000000364,5.2,16.6,0.0
2025-12-22T00:00:00Z,0.8919999999998254,5.2,17.1,0.0
2025-12-22T01:00:00Z,0.6210000000000946,5.3,17.3,0.0
2025-12-22T02:00:00Z,0.5579999999999927,5.3,17.4,0.0
2025-12-22T03:00:00Z,0.6010000000001128,5.5,18.7,0.0
2025-12-22T04:00:00Z,0.5969999999997526,5.5,19.7,0.0
2025-12-22T05:00:00Z,0.6640000000002146,5.3,19.2,0.0
2025-12-22T06:00:00Z,0.3809999999998581,5.2,18.8,0.0
2025-12-22T07:00:00Z,0.6510000000002947,5.3,19.5,0.0
2025-12-22T08:00:00Z,0.9429999999997563,5.2,17.9,1.0
2025-12-22T09:00:00Z,0.38000000000010914,5.4,17.8,25.0
2025-12-22T10:00:00Z,0.5169999999998254,5.7,18.8,57.0
2025-12-22T11:00:00Z,0.7880000000000109,5.7,20.5,69.0
2025-12-22T12:00:00Z,0.5470000000000255,5.3,20.9,70.0
2025-12-22T13:00:00Z,0.4920000000001892,5.3,19.5,48.0
2025-12-22T14:00:00Z,0.48700000000008004,5.2,18.8,29.0
2025-12-22T15:00:00Z,0.9679999999998472,4.9,18.6,4.0
2025-12-22T16:00:00Z,0.3449999999997999,4.8,18.9,0.0
2025-12-22T17:00:00Z,1.0019999999999527,4.8,19.1,0.0
2025-12-22T18:00:00Z,0.6170000000001892,4.8,18.1,0.0
2025-12-22T19:00:00Z,0.3890000000001237,4.8,18.9,0.0
2025-12-22T20:00:00Z,0.8579999999997199,4.9,20.3,0.0
2025-12-22T21:00:00Z,0.3560000000002219,5.1,20.2,0.0
2025-12-22T22:00:00Z,0.9200000000000728,5.0,20.2,0.0
2025-12-22T23:00:00Z,0.15799999999990177,5.1,19.2,0.0
2025-12-23T00:00:00Z,0.3910000000000764,5.1,16.9,0.0
2025-12-23T01:00:00Z,0.8009999999999309,4.7,17.6,0.0
2025-12-23T02:00:00Z,0.5720000000001164,4.0,20.5,0.0
2025-12-23T03:00:00Z,0.5479999999997744,3.2,21.8,0.0
2025-12-23T04:00:00Z,0.5509999999999309,2.9,21.6,0.0
2025-12-23T05:00:00Z,0.5470000000000255,2.8,20.1,0.0
2025-12-23T06:00:00Z,0.6469999999999345,2.8,20.1,0.0
2025-12-23T07:00:00Z,0.6539999999999964,2.8,20.3,0.0
2025-12-23T08:00:00Z,0.6460000000001855,2.8,20.1,1.0
2025-12-23T09:00:00Z,0.7190000000000509,2.6,19.3,38.0
2025-12-23T10:00:00Z,0.6649999999999636,3.1,21.4,81.0
2025-12-23T11:00:00Z,0.9929999999999382,3.5,19.1,99.0
2025-12-23T12:00:00Z,0.8270000000002256,3.9,21.3,125.0
2025-12-23T13:00:00Z,0.5809999999996762,3.6,18.4,97.0
2025-12-23T14:00:00Z,0.5620000000003529,3.1,18.9,57.0
2025-12-23T15:00:00Z,0.88799999999992,2.5,17.9,7.0
2025-12-23T16:00:00Z,0.9769999999998618,2.3,17.5,0.0
2025-12-23T17:00:00Z,0.6770000000001346,2.2,18.1,0.0
2025-12-23T18:00:00Z,0.5479999999997744,2.8,21.0,0.0
2025-12-23T19:00:00Z,0.6040000000002692,2.2,21.5,0.0
2025-12-23T20:00:00Z,1.375,0.6,19.3,0.0
2025-12-23T21:00:00Z,1.2010000000000218,-0.3,17.1,0.0
2025-12-23T22:00:00Z,1.1329999999998108,-0.8,15.5,0.0
2025-12-23T23:00:00Z,1.2770000000000437,-0.9,13.6,0.0
2025-12-24T00:00:00Z,1.5289999999999964,-0.9,13.0,0.0
2025-12-24T01:00:00Z,0.7910000000001673,-0.3,13.2,0.0
2025-12-24T02:00:00Z,0.7519999999999527,-0.1,12.9,0.0
2025-12-24T03:00:00Z,0.7489999999997963,-0.2,12.9,0.0
2025-12-24T04:00:00Z,0.8820000000000618,-0.7,12.5,0.0
2025-12-24T05:00:00Z,1.1840000000001965,-1.3,12.6,0.0
2025-12-24T06:00:00Z,1.0859999999997854,-1.8,12.2,0.0
2025-12-24T07:00:00Z,0.8789999999999054,-2.2,12.7,0.0
2025-12-24T08:00:00Z,0.8540000000002692,-2.4,12.2,1.0
2025-12-24T09:00:00Z,1.2789999999999964,-1.9,12.1,41.0
2025-12-24T10:00:00Z,0.9769999999998618,-1.0,10.8,100.0
2025-12-24T11:00:00Z,0.7849999999998545,-0.2,11.2,135.0
2025-12-24T12:00:00Z,0.7820000000001528,0.2,10.3,143.0
2025-12-24T13:00:00Z,0.7820000000001528,0.2,10.2,93.0
2025-12-24T14:00:00Z,0.9499999999998181,-0.2,10.0,49.0
2025-12-24T15:00:00Z,1.2269999999998618,-1.4,11.6,8.0
2025-12-24T16:00:00Z,1.1289999999999054,-2.0,11.8,0.0
2025-12-24T17:00:00Z,1.1230000000000473,-2.0,11.1,0.0
2025-12-24T18:00:00Z,1.6510000000002947,-2.3,10.5,0.0
2025-12-24T19:00:00Z,1.3989999999998872,-2.3,10.0,0.0
2025-12-24T20:00:00Z,0.9780000000000655,-2.5,8.6,0.0
2025-12-24T21:00:00Z,1.893000000000029,-2.3,7.4,0.0
2025-12-24T22:00:00Z,1.4829999999997199,-2.2,6.4,0.0
2025-12-24T23:00:00Z,1.4340000000001965,-2.3,7.1,0.0
2025-12-25T00:00:00Z,1.5169999999998254,-2.5,9.7,0.0
2025-12-25T01:00:00Z,1.5060000000003129,-2.5,5.1,0.0
2025-12-25T02:00:00Z,1.51299999999992,-2.9,3.1,0.0
2025-12-25T03:00:00Z,1.4789999999998145,-3.5,4.4,0.0
2025-12-25T04:00:00Z,1.5100000000002183,-3.5,4.5,0.0
2025-12-25T05:00:00Z,1.518000000000029,-3.5,4.2,0.0
2025-12-25T06:00:00Z,1.6969999999996617,-3.7,3.2,0.0
2025-12-25T07:00:00Z,1.8240000000000691,-4.2,2.9,0.0
2025-12-25T08:00:00Z,1.6050000000000182,-3.6,1.6,1.0
2025-12-25T09:00:00Z,1.5909999999998945,-2.5,1.0,35.0
2025-12-25T10:00:00Z,1.3470000000002074,-1.6,0.6,83.0
2025-12-25T11:00:00Z,1.081000000000131,-0.1,2.3,128.0
2025-12-25T12:00:00Z,0.8130000000001019,-0.3,6.1,126.0
2025-12-25T13:00:00Z,0.6279999999997017,-0.2,4.5,47.0
2025-12-25T14:00:00Z,0.5900000000001455,-0.3,4.1,27.0
2025-12-25T15:00:00Z,0.7919999999999163,-0.8,3.2,5.0
2025-12-25T16:00:00Z,1.094000000000051,-0.8,4.4,0.0
2025-12-25T17:00:00Z,1.0520000000001346,-0.6,7.8,0.0
2025-12-25T18:00:00Z,1.0429999999996653,-1.4,9.2,0.0
2025-12-25T19:00:00Z,1.0489999999999782,-1.4,8.1,0.0
2025-12-25T20:00:00Z,1.22400000000016,-1.6,8.2,0.0
2025-12-25T21:00:00Z,1.1720000000000255,-1.8,10.3,0.0
2025-12-25T22:00:00Z,1.4239999999999782,-1.9,10.7,0.0
2025-12-25T23:00:00Z,1.293999999999869,-2.0,11.2,0.0
2025-12-26T00:00:00Z,1.0960000000000036,-1.5,12.8,0.0
2025-12-26T01:00:00Z,1.0270000000000437,-1.1,14.0,0.0
2025-12-26T02:00:00Z,0.9970000000002983,-1.0,11.4,0.0
2025-12-26T03:00:00Z,0.8609999999998763,-0.6,12.5,0.0
2025-12-26T04:00:00Z,0.7269999999998618,-0.4,13.6,0.0
2025-12-26T05:00:00Z,0.6460000000001855,0.6,12.8,0.0
2025-12-26T06:00:00Z,0.6880000000001019,2.2,13.2,0.0
2025-12-26T07:00:00Z,0.5899999999996908,2.8,13.1,0.0
2025-12-26T08:00:00Z,0.0840000000002874,2.8,12.8,0.0
2025-12-26T09:00:00Z,0.7399999999997817,2.9,12.1,19.0
2025-12-26T10:00:00Z,0.6889999999998508,3.1,11.0,41.0
2025-12-26T11:00:00Z,0.5960000000000036,3.3,10.7,57.0
2025-12-26T12:00:00Z,0.11400000000003274,3.5,11.1,60.0
2025-12-26T13:00:00Z,0.14000000000032742,3.6,12.9,39.0
2025-12-26T14:00:00Z,0.018000000000029104,3.6,12.8,22.0
2025-12-26T15:00:00Z,1.780999999999949,3.6,11.7,4.0
2025-12-26T16:00:00Z,1.6619999999998072,3.2,9.6,0.0
2025-12-26T17:00:00Z,0.018000000000029104,3.1,8.2,0.0
2025-12-26T18:00:00Z,0.6170000000001892,3.0,7.1,0.0
2025-12-26T19:00:00Z,0.5799999999999272,3.1,7.7,0.0
2025-12-26T20:00:00Z,0.4719999999997526,3.1,8.9,0.0
2025-12-26T21:00:00Z,0.6340000000000146,3.1,10.5,0.0
2025-12-26T22:00:00Z,0.7020000000002256,2.9,11.0,0.0
2025-12-26T23:00:00Z,0.5,3.0,12.1,0.0
2025-12-27T00:00:00Z,0.018999999999778083,3.8,12.9,0.0
2025-12-27T01:00:00Z,0.22200000000020736,3.9,14.1,0.0
2025-12-27T02:00:00Z,0.018000000000029104,3.9,15.0,0.0
2025-12-27T03:00:00Z,0.23299999999971988,4.0,16.6,0.0
2025-12-27T04:00:00Z,0.7760000000002947,4.2,17.5,0.0
2025-12-27T05:00:00Z,0.5639999999998508,4.3,19.3,0.0
2025-12-27T06:00:00Z,0.3220000000001164,4.2,18.7,0.0
2025-12-27T07:00:00Z,0.68100000000004,4.7,25.4,0.0
2025-12-27T08:00:00Z,0.21199999999998909,5.1,23.2,1.0
2025-12-27T09:00:00Z,0.13899999999966894,5.3,26.2,43.0
2025-12-27T10:00:00Z,0.5530000000003383,6.2,27.7,106.0
2025-12-27T11:00:00Z,0.19200000000000728,6.7,25.6,150.0
2025-12-27T12:00:00Z,0.40099999999983993,7.1,23.1,159.0
2025-12-27T13:00:00Z,0.16699999999991633,7.3,19.4,129.0
2025-12-27T14:00:00Z,0.07799999999997453,6.4,16.1,71.0
2025-12-27T15:00:00Z,0.49299999999993815,4.8,16.0,11.0
2025-12-27T16:00:00Z,0.6840000000001965,4.0,17.1,0.0
2025-12-27T17:00:00Z,0.7869999999998072,4.2,20.2,0.0
2025-12-27T18:00:00Z,2.1510000000002947,3.1,15.4,0.0
2025-12-27T19:00:00Z,0.8799999999996544,3.7,19.1,0.0
2025-12-27T20:00:00Z,2.257000000000062,3.9,19.2,0.0
2025-12-27T21:00:00Z,2.206000000000131,3.9,20.0,0.0
2025-12-27T22:00:00Z,2.324000000000069,4.2,22.0,0.0
2025-12-27T23:00:00Z,0.5450000000000728,4.1,22.4,0.0
2025-12-28T00:00:00Z,1.094000000000051,3.2,21.2,0.0
2025-12-28T01:00:00Z,0.6849999999999454,2.8,18.9,0.0
2025-12-28T02:00:00Z,0.6089999999999236,2.4,17.5,0.0
2025-12-28T03:00:00Z,0.6050000000000182,2.0,16.6,0.0
2025-12-28T04:00:00Z,0.6159999999999854,1.1,13.5,0.0
2025-12-28T05:00:00Z,0.6559999999999491,0.8,13.5,0.0
2025-12-28T06:00:00Z,0.8650000000002365,-0.2,13.3,0.0
2025-12-28T07:00:00Z,0.8409999999998945,-0.2,11.1,0.0
2025-12-28T08:00:00Z,1.0090000000000146,-0.4,9.2,1.0
2025-12-28T09:00:00Z,1.099999999999909,0.4,11.4,44.0
2025-12-28T10:00:00Z,0.8389999999999418,1.7,13.0,112.0
2025-12-28T11:00:00Z,1.5010000000002037,2.8,14.5,156.0
2025-12-28T12:00:00Z,1.9249999999997272,3.5,17.9,165.0
2025-12-28T13:00:00Z,0.1410000000000764,4.0,17.5,134.0
2025-12-28T14:00:00Z,0.018000000000029104,3.6,18.6,75.0
2025-12-28T15:00:00Z,0.9110000000000582,3.1,21.2,11.0
2025-12-28T16:00:00Z,0.7119999999999891,2.8,23.9,0.0
2025-12-28T17:00:00Z,0.5760000000000218,3.0,23.2,0.0
2025-12-28T18:00:00Z,0.4859999999998763,3.2,23.3,0.0
2025-12-28T19:00:00Z,0.7869999999998072,3.3,21.9,0.0
2025-12-28T20:00:00Z,0.6100000000001273,3.0,19.7,0.0
2025-12-28T21:00:00Z,0.7739999999998872,2.8,17.0,0.0
2025-12-28T22:00:00Z,0.8330000000000837,2.5,16.1,0.0
2025-12-28T23:00:00Z,0.6980000000003201,2.1,16.1,0.0
2025-12-29T00:00:00Z,0.9249999999997272,1.8,17.2,0.0
2025-12-29T01:00:00Z,0.8400000000001455,1.9,18.1,0.0
2025-12-29T02:00:00Z,0.8389999999999418,2.2,19.3,0.0
2025-12-29T03:00:00Z,0.7579999999998108,2.1,17.9,0.0
2025-12-29T04:00:00Z,0.8900000000003274,1.9,16.6,0.0
2025-12-29T05:00:00Z,0.9609999999997854,1.8,16.3,0.0
2025-12-29T06:00:00Z,1.0619999999998981,1.5,15.3,0.0
2025-12-29T07:00:00Z,0.9260000000003856,1.5,15.4,0.0
2025-12-29T08:00:00Z,1.0929999999998472,1.5,15.9,1.0
2025-12-29T09:00:00Z,1.0099999999997635,2.2,15.1,42.0
2025-12-29T10:00:00Z,0.9410000000002583,3.5,14.5,108.0
2025-12-29T11:00:00Z,0.6729999999997744,4.5,13.3,152.0
2025-12-29T12:00:00Z,0.33100000000013097,4.4,15.8,112.0
2025-12-29T13:00:00Z,0.9070000000001528,3.5,13.1,105.0
2025-12-29T14:00:00Z,0.8730000000000473,3.0,10.5,31.0
2025-12-29T15:00:00Z,0.7469999999998436,1.6,10.6,8.0
2025-12-29T16:00:00Z,0.5859999999997854,0.9,12.1,0.0
2025-12-29T17:00:00Z,0.5760000000000218,1.2,12.8,0.0
2025-12-29T18:00:00Z,0.5740000000000691,1.5,15.5,0.0
2025-12-29T19:00:00Z,0.599999999999909,0.7,16.1,0.0
2025-12-29T20:00:00Z,0.6030000000000655,0.9,16.7,0.0
2025-12-29T21:00:00Z,0.5960000000000036,1.5,20.4,0.0
2025-12-29T22:00:00Z,0.5920000000000982,1.8,21.1,0.0
2025-12-29T23:00:00Z,0.5929999999998472,1.6,19.9,0.0
2025-12-30T00:00:00Z,0.5979999999999563,1.1,19.9,0.0
2025-12-30T01:00:00Z,0.6180000000003929,1.0,20.9,0.0
2025-12-30T02:00:00Z,0.6239999999997963,1.2,21.5,0.0
2025-12-30T03:00:00Z,0.6230000000000473,1.2,22.2,0.0
2025-12-30T04:00:00Z,0.6199999999998909,1.1,22.6,0.0
2025-12-30T05:00:00Z,0.6210000000000946,0.8,21.3,0.0
2025-12-30T06:00:00Z,0.6269999999999527,0.3,19.8,0.0
2025-12-30T07:00:00Z,0.6219999999998436,0.4,20.6,0.0
2025-12-30T08:00:00Z,0.650000000000091,0.6,20.8,1.0
2025-12-30T09:00:00Z,0.7290000000002692,1.0,20.8,44.0
2025-12-30T10:00:00Z,1.074999999999818,1.2,21.8,112.0
2025-12-30T11:00:00Z,0.9839999999999236,1.4,21.7,156.0
2025-12-30T12:00:00Z,0.8360000000002401,1.2,19.7,169.0
2025-12-30T13:00:00Z,0.8419999999996435,0.9,18.9,137.0
2025-12-30T14:00:00Z,0.8350000000000364,0.2,17.6,78.0
2025-12-30T15:00:00Z,0.8330000000000837,-0.3,15.6,12.0
2025-12-30T16:00:00Z,0.8290000000001783,-0.6,14.8,0.0
2025-12-30T17:00:00Z,1.2019999999997708,-0.7,14.2,0.0
2025-12-30T18:00:00Z,1.2260000000001128,-1.0,11.8,0.0
2025-12-30T19:00:00Z,1.224999999999909,-1.5,9.2,0.0
2025-12-30T20:00:00Z,1.2330000000001746,-2.0,6.6,0.0
2025-12-30T21:00:00Z,2.1210000000000946,-2.0,7.8,0.0
2025-12-30T22:00:00Z,2.005999999999858,-1.5,12.1,0.0
2025-12-30T23:00:00Z,1.675000000000182,-1.1,13.8,0.0
2025-12-31T00:00:00Z,1.288000000000011,-1.2,15.7,0.0
2025-12-31T01:00:00Z,1.5099999999997635,-1.2,15.9,0.0
2025-12-31T02:00:00Z,1.4510000000000218,-1.4,15.0,0.0
2025-12-31T03:00:00Z,1.5210000000001855,-0.3,16.5,0.0
2025-12-31T04:00:00Z,1.1299999999996544,-0.1,15.5,0.0
2025-12-31T05:00:00Z,1.2600000000002183,0.2,13.5,0.0
2025-12-31T06:00:00Z,1.262000000000171,0.8,12.9,0.0
2025-12-31T07:00:00Z,1.3269999999997708,1.1,13.6,0.0
2025-12-31T08:00:00Z,1.3460000000000036,0.3,13.7,1.0
2025-12-31T09:00:00Z,1.3380000000001928,0.9,14.5,38.0
2025-12-31T10:00:00Z,1.3119999999998981,1.8,14.2,104.0
2025-12-31T11:00:00Z,1.11200000000008,2.7,14.9,145.0
2025-12-31T12:00:00Z,0.9549999999999272,3.0,13.3,163.0
2025-12-31T13:00:00Z,0.8710000000000946,3.0,12.6,113.0
2025-12-31T14:00:00Z,0.70699999999988,2.5,12.7,66.0
2025-12-31T15:00:00Z,0.6880000000001019,1.5,11.2,12.0
2025-12-31T16:00:00Z,1.2779999999997926,0.6,10.6,0.0
2025-12-31T17:00:00Z,1.4020000000000437,0.3,9.6,0.0
2025-12-31T18:00:00Z,1.3389999999999418,-0.2,5.8,0.0
2025-12-31T19:00:00Z,1.288000000000011,0.1,7.3,0.0
2025-12-31T20:00:00Z,1.512000000000171,0.6,10.1,0.0
2025-12-31T21:00:00Z,1.3640000000000327,0.6,12.7,0.0
2025-12-31T22:00:00Z,1.332999999999629,1.1,13.6,0.0
2025-12-31T23:00:00Z,1.2350000000001273,2.1,17.4,0.0
2026-01-01T00:00:00Z,0.9369999999998981,3.1,22.8,0.0
2026-01-01T01:00:00Z,0.8520000000003165,3.9,23.5,0.0
2026-01-01T02:00:00Z,0.612999999999829,4.0,24.6,0.0
2026-01-01T03:00:00Z,0.22600000000011278,4.1,25.3,0.0
2026-01-01T04:00:00Z,0.21900000000005093,4.3,30.2,0.0
2026-01-01T05:00:00Z,0.18100000000004002,4.2,30.3,0.0
2026-01-01T06:00:00Z,0.018000000000029104,4.4,29.4,0.0
2026-01-01T07:00:00Z,0.750999999999749,4.0,30.4,0.0
2026-01-01T08:00:00Z,0.6710000000002765,3.9,28.9,0.0
2026-01-01T09:00:00Z,0.5529999999998836,3.6,25.7,9.0
2026-01-01T10:00:00Z,0.5470000000000255,3.5,23.4,44.0
2026-01-01T11:00:00Z,0.56899999999996,4.2,26.4,95.0
2026-01-01T12:00:00Z,0.6089999999999236,3.5,29.4,75.0
2026-01-01T13:00:00Z,0.58199999999988,3.2,30.4,82.0
2026-01-01T14:00:00Z,0.5500000000001819,2.9,28.3,61.0
2026-01-01T15:00:00Z,0.5729999999998654,2.6,24.4,11.0
2026-01-01T16:00:00Z,0.6199999999998909,2.2,24.8,0.0
2026-01-01T17:00:00Z,0.6290000000003602,2.5,27.3,0.0
2026-01-01T18:00:00Z,0.6269999999999527,3.0,28.0,0.0
2026-01-01T19:00:00Z,0.9349999999999454,3.2,26.8,0.0
2026-01-01T20:00:00Z,2.4890000000000327,2.8,27.9,0.0
2026-01-01T21:00:00Z,1.2709999999997308,2.5,25.7,0.0
2026-01-01T22:00:00Z,1.2660000000000764,2.2,25.4,0.0
2026-01-01T23:00:00Z,1.1739999999999782,2.2,27.8,0.0
2026-01-02T00:00:00Z,1.293999999999869,2.5,28.5,0.0
2026-01-02T01:00:00Z,1.2450000000003456,2.2,24.8,0.0
2026-01-02T02:00:00Z,1.31899999999996,1.8,23.1,0.0
2026-01-02T03:00:00Z,1.2699999999999818,1.8,19.3,0.0
2026-01-02T04:00:00Z,1.2309999999997672,2.2,27.8,0.0
2026-01-02T05:00:00Z,1.2780000000002474,1.5,24.9,0.0
2026-01-02T06:00:00Z,1.0929999999998472,1.0,26.5,0.0
2026-01-02T07:00:00Z,1.0289999999999964,1.4,23.8,0.0
2026-01-02T08:00:00Z,1.231000000000222,1.6,23.5,1.0
2026-01-02T09:00:00Z,0.9169999999999163,1.5,22.6,32.0
2026-01-02T10:00:00Z,1.0050000000001091,1.8,23.4,108.0
2026-01-02T11:00:00Z,1.194999999999709,2.0,23.7,123.0
2026-01-02T12:00:00Z,0.7970000000000255,1.6,24.3,124.0
2026-01-02T13:00:00Z,0.6759999999999309,1.5,20.7,82.0
2026-01-02T14:00:00Z,0.8440000000000509,0.9,20.0,74.0
2026-01-02T15:00:00Z,1.33600000000024,0.0,20.2,15.0
2026-01-02T16:00:00Z,1.0059999999998581,-0.4,17.8,0.0
2026-01-02T17:00:00Z,1.2159999999998945,-1.5,16.2,0.0
2026-01-02T18:00:00Z,1.331000000000131,-0.9,20.8,0.0
2026-01-02T19:00:00Z,1.2660000000000764,-0.6,23.6,0.0
2026-01-02T20:00:00Z,1.5779999999999745,-0.7,25.8,0.0
2026-01-02T21:00:00Z,1.5459999999998217,-1.0,24.6,0.0
2026-01-02T22:00:00Z,1.71100000000024,-1.0,24.6,0.0
2026-01-02T23:00:00Z,1.2080000000000837,-1.2,25.4,0.0
2026-01-03T00:00:00Z,0.8529999999996107,-1.4,22.7,0.0
2026-01-03T01:00:00Z,0.7540000000003602,-1.1,25.2,0.0
2026-01-03T02:00:00Z,1.462999999999738,-1.7,23.8,0.0
2026-01-03T03:00:00Z,1.8769999999999527,-1.6,21.8,0.0
2026-01-03T04:00:00Z,1.8800000000001091,-1.6,22.8,0.0
2026-01-03T05:00:00Z,1.7890000000002146,-1.9,25.7,0.0
2026-01-03T06:00:00Z,1.9169999999999163,-2.1,23.2,0.0
2026-01-03T07:00:00Z,1.7109999999997854,-2.7,21.8,0.0
2026-01-03T08:00:00Z,1.5740000000000691,-3.0,20.0,1.0
2026-01-03T09:00:00Z,1.287000000000262,-2.7,19.6,40.0
2026-01-03T10:00:00Z,1.66399999999976,-2.4,19.2,105.0
2026-01-03T11:00:00Z,1.568000000000211,-2.2,17.9,160.0
2026-01-03T12:00:00Z,1.4339999999997417,-1.8,19.4,163.0
2026-01-03T13:00:00Z,1.3450000000002547,-1.6,18.7,136.0
2026-01-03T14:00:00Z,1.7189999999995962,-2.2,16.4,83.0
2026-01-03T15:00:00Z,1.375,-3.2,15.0,17.0
2026-01-03T16:00:00Z,1.3550000000000182,-3.5,14.7,0.0
2026-01-03T17:00:00Z,2.006000000000313,-3.9,13.7,0.0
2026-01-03T18:00:00Z,2.6539999999999964,-3.5,13.5,0.0
2026-01-03T19:00:00Z,2.4580000000000837,-4.1,13.2,0.0
2026-01-03T20:00:00Z,1.5919999999996435,-4.0,14.1,0.0
2026-01-03T21:00:00Z,1.8500000000003638,-3.8,15.1,0.0
2026-01-03T22:00:00Z,1.7679999999995744,-3.2,13.8,0.0
2026-01-03T23:00:00Z,1.4220000000000255,-3.3,13.6,0.0
2026-01-04T00:00:00Z,1.749000000000251,-3.0,11.4,0.0
2026-01-04T01:00:00Z,1.6700000000000728,-3.2,15.9,0.0
2026-01-04T02:00:00Z,1.5039999999999054,-3.1,17.6,0.0
2026-01-04T03:00:00Z,1.2820000000001528,-3.2,20.2,0.0
2026-01-04T04:00:00Z,1.256999999999607,-3.0,20.2,0.0
2026-01-04T05:00:00Z,1.4710000000000036,-3.1,19.1,0.0
2026-01-04T06:00:00Z,1.3790000000003602,-3.5,19.9,0.0
2026-01-04T07:00:00Z,1.4429999999997563,-3.8,18.6,0.0
2026-01-04T08:00:00Z,1.0579999999999927,-4.1,17.9,1.0
2026-01-04T09:00:00Z,1.6640000000002146,-3.7,17.8,43.0
2026-01-04T10:00:00Z,1.2289999999998145,-3.0,17.1,90.0
2026-01-04T11:00:00Z,1.6040000000002692,-2.5,15.8,131.0
2026-01-04T12:00:00Z,0.7419999999997344,-2.4,16.1,163.0
2026-01-04T13:00:00Z,0.04800000000022919,-2.8,15.7,153.0
2026-01-04T14:00:00Z,0.047000000000025466,-3.2,15.3,88.0
2026-01-04T15:00:00Z,0.047999999999774445,-3.3,14.6,15.0
2026-01-04T16:00:00Z,0.5180000000000291,-3.5,13.3,0.0
2026-01-04T17:00:00Z,2.193000000000211,-3.6,13.3,0.0
2026-01-04T18:00:00Z,1.5619999999998981,-3.8,13.6,0.0
2026-01-04T19:00:00Z,1.3269999999997708,-4.2,12.8,0.0
2026-01-04T20:00:00Z,1.356000000000222,-4.6,11.5,0.0
2026-01-04T21:00:00Z,1.3699999999998909,-4.8,11.1,0.0
2026-01-04T22:00:00Z,1.27599999999984,-4.9,8.7,0.0
2026-01-04T23:00:00Z,1.2350000000001273,-5.4,6.3,0.0
2026-01-05T00:00:00Z,2.632000000000062,-5.7,6.4,0.0
2026-01-05T01:00:00Z,2.6280000000001564,-5.8,9.1,0.0
2026-01-05T02:00:00Z,2.67699999999968,-7.2,4.1,0.0
2026-01-05T03:00:00Z,2.912000000000262,-7.0,0.5,0.0
2026-01-05T04:00:00Z,2.8730000000000473,-6.9,1.5,0.0
2026-01-05T05:00:00Z,3.0099999999997635,-6.8,4.8,0.0
2026-01-05T06:00:00Z,3.025000000000091,-5.6,6.5,0.0
2026-01-05T07:00:00Z,2.5949999999998,-2.8,8.1,0.0
2026-01-05T08:00:00Z,0.7450000000003456,-2.8,11.9,1.0
2026-01-05T09:00:00Z,0.047000000000025466,-1.6,12.2,43.0
2026-01-05T10:00:00Z,0.047999999999774445,-1.3,10.7,97.0
2026-01-05T11:00:00Z,0.047000000000025466,-0.9,8.7,119.0
2026-01-05T12:00:00Z,0.1730000000002292,-0.6,4.0,104.0
2026-01-05T13:00:00Z,0.04699999999957072,-1.6,1.8,120.0
2026-01-05T14:00:00Z,1.4010000000002947,-2.0,1.2,76.0
2026-01-05T15:00:00Z,1.6859999999996944,-2.8,1.9,16.0
2026-01-05T16:00:00Z,2.29300000000012,-3.2,3.3,0.0
2026-01-05T17:00:00Z,2.3339999999998327,-3.4,3.1,0.0
2026-01-05T18:00:00Z,1.6130000000002838,-2.4,5.2,0.0
2026-01-05T19:00:00Z,0.818000000000211,-2.8,6.5,0.0
2026-01-05T20:00:00Z,1.7860000000000582,-2.3,9.1,0.0
2026-01-05T21:00:00Z,2.162999999999556,-2.7,8.9,0.0
2026-01-05T22:00:00Z,1.925000000000182,-3.0,5.9,0.0
2026-01-05T23:00:00Z,1.7969999999995707,-4.2,5.9,0.0
2026-01-06T00:00:00Z,1.9790000000002692,-3.2,7.0,0.0
2026-01-06T01:00:00Z,2.110000000000582,-3.2,7.6,0.0
2026-01-06T02:00:00Z,1.5909999999994398,-4.7,3.6,0.0
2026-01-06T03:00:00Z,1.8540000000002692,-5.0,3.5,0.0
2026-01-06T04:00:00Z,1.7159999999994398,-5.3,4.2,0.0
2026-01-06T05:00:00Z,1.6090000000003783,-5.5,4.2,0.0
2026-01-06T06:00:00Z,1.5060000000003129,-5.0,3.0,0.0
2026-01-06T07:00:00Z,0.04599999999936699,-4.3,5.3,0.0
2026-01-06T08:00:00Z,0.04500000000007276,-6.4,3.6,1.0
2026-01-06T09:00:00Z,0.33700000000044383,-7.3,6.2,39.0
2026-01-06T10:00:00Z,1.3019999999996799,-6.7,5.4,97.0
2026-01-06T11:00:00Z,0.9350000000004002,-5.6,5.7,124.0
2026-01-06T12:00:00Z,0.7240000000001601,-4.3,2.0,142.0
2026-01-06T13:00:00Z,0.7349999999996726,-4.2,0.2,106.0
2026-01-06T14:00:00Z,0.40599999999994907,-4.0,3.6,63.0
2026-01-06T15:00:00Z,1.181999999999789,-4.2,5.1,18.0
2026-01-06T16:00:00Z,1.925000000000182,-4.0,5.7,0.0
2026-01-06T17:00:00Z,2.1099999999996726,-4.0,9.1,0.0
2026-01-06T18:00:00Z,1.787000000000262,-3.7,11.4,0.0
2026-01-06T19:00:00Z,1.6829999999999927,-2.1,13.5,0.0
2026-01-06T20:00:00Z,1.805000000000291,-2.0,13.9,0.0
2026-01-06T21:00:00Z,1.3919999999998254,-1.8,13.5,0.0
2026-01-06T22:00:00Z,1.5039999999999054,-1.2,16.5,0.0
2026-01-06T23:00:00Z,1.4650000000001455,-0.8,16.5,0.0
2026-01-07T00:00:00Z,1.4279999999998836,-1.8,15.9,0.0
2026-01-07T01:00:00Z,1.2780000000002474,-1.9,16.0,0.0
2026-01-07T02:00:00Z,1.1359999999995125,-1.8,16.3,0.0
2026-01-07T03:00:00Z,1.1390000000001237,-1.0,17.7,0.0
2026-01-07T04:00:00Z,1.1500000000005457,-0.6,16.8,0.0
2026-01-07T05:00:00Z,1.1859999999996944,-0.2,16.8,0.0
2026-01-07T06:00:00Z,1.1329999999998108,-0.3,17.5,0.0
2026-01-07T07:00:00Z,1.0429999999996653,-0.6,18.0,0.0
2026-01-07T08:00:00Z,0.7620000000006257,-0.8,18.9,1.0
2026-01-07T09:00:00Z,0.9939999999996871,-0.4,21.1,25.0
2026-01-07T10:00:00Z,1.0870000000004438,-0.6,21.8,66.0
2026-01-07T11:00:00Z,0.8530000000000655,-1.1,22.0,89.0
2026-01-07T12:00:00Z,1.0029999999997017,-0.6,23.1,100.0
2026-01-07T13:00:00Z,1.0839999999998327,-0.9,22.4,116.0
2026-01-07T14:00:00Z,0.7960000000002765,-1.1,21.8,78.0
2026-01-07T15:00:00Z,0.8000000000001819,-0.8,23.4,15.0
2026-01-07T16:00:00Z,1.194999999999709,-0.7,24.2,0.0
2026-01-07T17:00:00Z,0.8949999999995271,-0.9,25.4,0.0
2026-01-07T18:00:00Z,0.6850000000004002,-1.2,25.8,0.0
2026-01-07T19:00:00Z,0.9549999999999272,-2.0,24.7,0.0
2026-01-07T20:00:00Z,1.5619999999998981,-2.2,24.9,0.0
2026-01-07T21:00:00Z,1.6869999999998981,-2.2,24.9,0.0
2026-01-07T22:00:00Z,1.6590000000005602,-2.3,24.1,0.0
2026-01-07T23:00:00Z,1.5599999999994907,-2.7,22.7,0.0
2026-01-08T00:00:00Z,1.662000000000262,-2.7,21.4,0.0
2026-01-08T01:00:00Z,1.5190000000002328,-2.3,22.0,0.0
2026-01-08T02:00:00Z,1.655999999999949,-2.2,22.1,0.0
2026-01-08T03:00:00Z,1.3519999999998618,-2.2,22.0,0.0
2026-01-08T04:00:00Z,1.6880000000001019,-2.5,18.3,0.0
2026-01-08T05:00:00Z,1.5159999999996217,-2.7,16.9,0.0
2026-01-08T06:00:00Z,1.4239999999999782,-2.6,17.7,0.0
2026-01-08T07:00:00Z,1.443000000000211,-2.6,18.2,0.0
2026-01-08T08:00:00Z,1.4340000000001965,-2.6,18.6,1.0
2026-01-08T09:00:00Z,1.3919999999998254,-2.7,17.8,40.0
2026-01-08T10:00:00Z,1.550000000000182,-2.3,19.5,83.0
2026-01-08T11:00:00Z,1.3469999999997526,-2.3,20.3,106.0
2026-01-08T12:00:00Z,0.30599999999958527,-2.0,19.9,134.0
2026-01-08T13:00:00Z,1.3560000000006767,-2.2,20.1,135.0
2026-01-08T14:00:00Z,1.2330000000001746,-2.3,19.5,88.0
2026-01-08T15:00:00Z,0.9479999999994106,-2.3,18.7,21.0
2026-01-08T16:00:00Z,0.8090000000001965,-2.2,19.7,0.0
2026-01-08T17:00:00Z,1.1869999999998981,-1.9,21.0,0.0
2026-01-08T18:00:00Z,1.2420000000001892,-1.5,23.3,0.0
2026-01-08T19:00:00Z,1.26299999999992,-1.4,23.5,0.0
2026-01-08T20:00:00Z,1.5789999999997235,-1.4,24.2,0.0
2026-01-08T21:00:00Z,1.1779999999998836,-1.5,25.2,0.0
2026-01-08T22:00:00Z,1.6000000000003638,-1.7,26.0,0.0
2026-01-08T23:00:00Z,1.306999999999789,-1.8,27.5,0.0
2026-01-09T00:00:00Z,1.206000000000131,-1.6,28.2,0.0
2026-01-09T01:00:00Z,1.618000000000393,-1.4,29.4,0.0
2026-01-09T02:00:00Z,1.268000000000029,-1.2,30.4,0.0
2026-01-09T03:00:00Z,1.019999999999527,-1.3,31.5,0.0
2026-01-09T04:00:00Z,1.3519999999998618,-1.2,31.5,0.0
2026-01-09T05:00:00Z,1.0140000000001237,-1.5,31.0,0.0
2026-01-09T06:00:00Z,0.8379999999997381,-1.5,31.9,0.0
2026-01-09T07:00:00Z,0.8200000000006185,-0.9,32.6,0.0
2026-01-09T08:00:00Z,0.819999999999709,-0.6,31.9,2.0
2026-01-09T09:00:00Z,1.0979999999999563,-0.9,35.8,33.0
2026-01-09T10:00:00Z,1.7700000000004366,-0.8,35.7,69.0
2026-01-09T11:00:00Z,1.5270000000000437,-0.6,35.0,100.0
2026-01-09T12:00:00Z,1.2989999999999782,-0.4,32.1,127.0
2026-01-09T13:00:00Z,1.2770000000000437,-0.6,33.1,128.0
2026-01-09T14:00:00Z,1.5909999999994398,-0.5,33.3,67.0
2026-01-09T15:00:00Z,1.8969999999999345,-0.6,32.4,20.0
2026-01-09T16:00:00Z,1.6090000000003783,-0.9,29.5,0.0
2026-01-09T17:00:00Z,1.7860000000000582,-1.1,28.6,0.0
2026-01-09T18:00:00Z,1.4479999999994106,-1.2,27.2,0.0
2026-01-09T19:00:00Z,1.3020000000005894,-1.4,26.8,0.0
2026-01-09T20:00:00Z,1.2789999999995416,-1.5,27.8,0.0
2026-01-09T21:00:00Z,0.5349999999998545,-1.6,27.3,0.0
2026-01-09T22:00:00Z,0.046000000000276486,-2.0,30.7,0.0
2026-01-09T23:00:00Z,0.04500000000007276,-2.0,31.5,0.0
2026-01-10T00:00:00Z,2.0270000000000437,-2.0,29.7,0.0
2026-01-10T01:00:00Z,1.7719999999999345,-2.0,29.2,0.0
2026-01-10T02:00:00Z,1.7359999999998763,-1.9,28.3,0.0
2026-01-10T03:00:00Z,1.7950000000000728,-2.0,26.3,0.0
2026-01-10T04:00:00Z,1.97400000000016,-2.1,25.5,0.0
2026-01-10T05:00:00Z,1.731999999999971,-2.0,25.5,0.0
2026-01-10T06:00:00Z,1.71100000000024,-3.0,24.2,0.0
2026-01-10T07:00:00Z,1.7429999999994834,-3.7,20.4,0.0
2026-01-10T08:00:00Z,2.255000000000109,-4.6,18.0,3.0
2026-01-10T09:00:00Z,1.6010000000005675,-4.5,17.4,59.0
2026-01-10T10:00:00Z,1.1610000000000582,-4.7,17.0,139.0
2026-01-10T11:00:00Z,0.044999999999163265,-4.9,16.2,194.0
2026-01-10T12:00:00Z,1.4180000000005748,-4.3,15.9,209.0
2026-01-10T13:00:00Z,0.22000000000025466,-4.8,14.6,177.0
2026-01-10T14:00:00Z,0.9349999999994907,-5.2,15.3,112.0
2026-01-10T15:00:00Z,0.0,-5.8,16.1,30.0
2026-01-10T16:00:00Z,1.498000000000502,-6.1,16.8,0.0
2026-01-10T17:00:00Z,1.6539999999995416,-6.1,16.2,0.0
2026-01-10T18:00:00Z,1.7460000000000946,-6.2,15.9,0.0
2026-01-10T19:00:00Z,1.668999999999869,-6.3,16.7,0.0
2026-01-10T20:00:00Z,0.25200000000040745,-6.2,18.1,0.0
2026-01-10T21:00:00Z,1.0349999999998545,-6.2,18.8,0.0
2026-01-10T22:00:00Z,1.0090000000000146,-5.9,18.4,0.0
2026-01-10T23:00:00Z,2.407999999999447,-5.6,17.9,0.0
2026-01-11T00:00:00Z,2.1289999999999054,-5.9,18.3,0.0
2026-01-11T01:00:00Z,2.1010000000005675,-5.5,18.5,0.0
2026-01-11T02:00:00Z,1.956000000000131,-5.1,18.8,0.0
2026-01-11T03:00:00Z,1.7289999999993597,-4.8,19.1,0.0
2026-01-11T04:00:00Z,1.7330000000001746,-4.7,19.0,0.0
2026-01-11T05:00:00Z,2.0799999999999272,-4.8,18.0,0.0
2026-01-11T06:00:00Z,1.8119999999998981,-5.3,18.5,0.0
2026-01-11T07:00:00Z,1.6510000000007494,-5.2,18.0,0.0
2026-01-11T08:00:00Z,1.6340000000000146,-5.2,16.7,3.0
2026-01-11T09:00:00Z,1.7739999999994325,-4.8,16.1,61.0
2026-01-11T10:00:00Z,1.324999999999818,-4.2,14.8,141.0
2026-01-11T11:00:00Z,1.0690000000004147,-3.7,14.2,194.0
2026-01-11T12:00:00Z,0.6040000000002692,-2.8,15.0,208.0
2026-01-11T13:00:00Z,0.04599999999936699,-2.8,12.5,179.0
2026-01-11T14:00:00Z,0.04500000000007276,-3.2,11.4,114.0
2026-01-11T15:00:00Z,0.1500000000005457,-4.2,10.1,32.0
2026-01-11T16:00:00Z,0.04599999999936699,-5.2,8.7,0.0
2026-01-11T17:00:00Z,1.7070000000003347,-6.1,6.8,0.0
2026-01-11T18:00:00Z,2.7049999999999272,-6.6,7.2,0.0
2026-01-11T19:00:00Z,2.1289999999999054,-8.8,4.9,0.0
2026-01-11T20:00:00Z,1.6279999999997017,-9.5,2.6,0.0
2026-01-11T21:00:00Z,2.7440000000005966,-10.4,1.7,0.0
2026-01-11T22:00:00Z,2.838999999999942,-11.4,1.3,0.0
2026-01-11T23:00:00Z,2.6849999999994907,-11.9,1.2,0.0
2026-01-12T00:00:00Z,2.7470000000002983,-10.6,2.3,0.0
2026-01-12T01:00:00Z,2.587999999999738,-9.5,4.5,0.0
2026-01-12T02:00:00Z,2.3630000000002838,-7.7,6.4,0.0
2026-01-12T03:00:00Z,2.1289999999999054,-4.8,10.3,0.0
2026-01-12T04:00:00Z,2.1260000000002037,-3.7,10.5,0.0
2026-01-12T05:00:00Z,1.5640000000003056,-2.9,12.3,0.0
2026-01-12T06:00:00Z,1.3429999999998472,-2.9,14.7,0.0
2026-01-12T07:00:00Z,1.0590000000001965,-2.7,16.4,0.0
2026-01-12T08:00:00Z,1.225999999999658,-2.0,17.0,2.0
2026-01-12T09:00:00Z,1.1909999999998035,-1.0,18.0,40.0
2026-01-12T10:00:00Z,0.7719999999999345,-0.3,18.4,78.0
2026-01-12T11:00:00Z,0.7340000000003783,-0.2,18.8,76.0
2026-01-12T12:00:00Z,0.7309999999997672,0.4,20.6,113.0
2026-01-12T13:00:00Z,0.7340000000003783,0.3,21.3,68.0
2026-01-12T14:00:00Z,0.7309999999997672,0.2,22.5,39.0
2026-01-12T15:00:00Z,0.9250000000001819,0.2,23.1,9.0
2026-01-12T16:00:00Z,0.9279999999998836,0.3,22.7,0.0
2026-01-12T17:00:00Z,0.8940000000002328,0.1,22.3,0.0
2026-01-12T18:00:00Z,0.8889999999992142,0.1,22.5,0.0
2026-01-12T19:00:00Z,0.8920000000007349,-0.2,22.7,0.0
2026-01-12T20:00:00Z,0.8930000000000291,-0.2,22.6,0.0
2026-01-12T21:00:00Z,1.6159999999999854,-0.1,21.6,0.0
2026-01-12T22:00:00Z,1.431999999999789,-0.1,21.6,0.0
2026-01-12T23:00:00Z,1.4129999999995562,0.1,20.4,0.0
2026-01-13T00:00:00Z,1.3200000000006185,0.1,20.8,0.0
2026-01-13T01:00:00Z,1.337999999999738,0.2,20.0,0.0
2026-01-13T02:00:00Z,1.3170000000000073,0.4,19.2,0.0
2026-01-13T03:00:00Z,1.3339999999998327,0.6,18.4,0.0
2026-01-13T04:00:00Z,1.337999999999738,0.6,15.5,0.0
2026-01-13T05:00:00Z,1.33600000000024,0.8,16.6,0.0
2026-01-13T06:00:00Z,1.2650000000003274,0.8,16.9,0.0
2026-01-13T07:00:00Z,1.4279999999998836,0.9,16.4,0.0
2026-01-13T08:00:00Z,1.2730000000001382,1.1,16.3,1.0
2026-01-13T09:00:00Z,1.199999999999818,1.4,16.1,14.0
2026-01-13T10:00:00Z,1.1199999999998909,1.7,15.5,38.0
2026-01-13T11:00:00Z,1.1289999999999054,1.9,14.7,28.0
2026-01-13T12:00:00Z,1.1400000000003274,2.0,14.5,39.0
2026-01-13T13:00:00Z,1.1239999999997963,2.1,12.8,51.0
2026-01-13T14:00:00Z,1.1099999999996726,2.0,11.3,30.0
2026-01-13T15:00:00Z,1.106999999999971,1.8,10.5,9.0
2026-01-13T16:00:00Z,1.09900000000016,1.8,10.3,0.0
2026-01-13T17:00:00Z,1.1270000000004075,1.9,10.7,0.0
2026-01-13T18:00:00Z,1.1199999999998909,2.5,14.9,0.0
2026-01-13T19:00:00Z,1.0270000000000437,2.7,14.5,0.0
2026-01-13T20:00:00Z,1.0029999999997017,2.8,15.5,0.0
2026-01-13T21:00:00Z,1.0270000000000437,2.8,15.5,0.0
2026-01-13T22:00:00Z,0.7510000000002037,3.0,17.8,0.0
2026-01-13T23:00:00Z,0.5979999999999563,3.1,20.1,0.0
2026-01-14T00:00:00Z,0.8559999999997672,3.0,20.1,0.0
2026-01-14T01:00:00Z,0.6640000000006694,3.0,20.2,0.0
2026-01-14T02:00:00Z,0.5940000000000509,3.0,19.9,0.0
2026-01-14T03:00:00Z,0.751999999999498,3.0,18.0,0.0
2026-01-14T04:00:00Z,0.4610000000002401,3.1,17.4,0.0
2026-01-14T05:00:00Z,0.01900000000023283,3.3,17.6,0.0
2026-01-14T06:00:00Z,0.016999999999825377,3.7,17.1,0.0
2026-01-14T07:00:00Z,0.018999999999323336,3.9,17.6,0.0
2026-01-14T08:00:00Z,0.6590000000005602,3.8,16.8,1.0
2026-01-14T09:00:00Z,0.7809999999999491,3.8,17.3,13.0
2026-01-14T10:00:00Z,0.5479999999997744,3.8,17.0,54.0
2026-01-14T11:00:00Z,0.5450000000000728,4.2,17.9,155.0
2026-01-14T12:00:00Z,0.49399999999968713,4.2,16.6,198.0
2026-01-14T13:00:00Z,0.5870000000004438,4.3,17.5,170.0
2026-01-14T14:00:00Z,0.48099999999976717,3.6,16.7,109.0
2026-01-14T15:00:00Z,0.8159999999998035,2.7,17.0,34.0
2026-01-14T16:00:00Z,0.5900000000001455,2.1,15.9,0.0
2026-01-14T17:00:00Z,0.5850000000000364,1.6,15.1,0.0
2026-01-14T18:00:00Z,0.6850000000004002,1.8,14.7,0.0
2026-01-14T19:00:00Z,1.2779999999993379,1.4,14.7,0.0
2026-01-14T20:00:00Z,1.3720000000002983,1.2,14.1,0.0
2026-01-14T21:00:00Z,1.2910000000001673,0.9,13.8,0.0
2026-01-14T22:00:00Z,1.167000000000371,0.7,13.4,0.0
2026-01-14T23:00:00Z,1.01299999999992,0.5,13.9,0.0
2026-01-15T00:00:00Z,1.074999999999818,0.8,13.0,0.0
2026-01-15T01:00:00Z,1.0280000000002474,0.2,8.6,0.0
2026-01-15T02:00:00Z,1.1619999999993524,0.2,12.0,0.0
2026-01-15T03:00:00Z,1.1040000000002692,0.3,10.8,0.0
2026-01-15T04:00:00Z,1.055000000000291,0.4,11.1,0.0
2026-01-15T05:00:00Z,1.1869999999998981,0.5,10.6,0.0
2026-01-15T06:00:00Z,1.0689999999995052,0.3,13.0,0.0
2026-01-15T07:00:00Z,1.0730000000003201,0.4,13.8,0.0
2026-01-15T08:00:00Z,1.082999999999629,1.2,16.9,4.0
2026-01-15T09:00:00Z,1.0260000000007494,2.2,20.5,56.0
2026-01-15T10:00:00Z,0.9309999999995853,2.8,22.1,120.0
2026-01-15T11:00:00Z,0.7799999999997453,2.7,21.4,69.0
2026-01-15T12:00:00Z,0.6019999999998618,2.7,18.5,96.0
2026-01-15T13:00:00Z,0.7860000000000582,3.3,19.3,61.0
2026-01-15T14:00:00Z,0.623000000000502,3.2,15.9,35.0
2026-01-15T15:00:00Z,0.581000000000131,3.2,17.3,15.0
2026-01-15T16:00:00Z,0.5789999999997235,3.0,17.6,0.0
2026-01-15T17:00:00Z,0.7780000000002474,3.1,17.7,0.0
2026-01-15T18:00:00Z,0.6829999999999927,3.2,16.9,0.0
2026-01-15T19:00:00Z,0.5850000000000364,3.3,17.7,0.0
2026-01-15T20:00:00Z,0.5760000000000218,3.5,18.0,0.0
2026-01-15T21:00:00Z,0.5789999999997235,3.5,19.1,0.0
2026-01-15T22:00:00Z,0.5760000000000218,3.6,19.0,0.0
2026-01-15T23:00:00Z,0.5720000000001164,3.7,19.2,0.0
2026-01-16T00:00:00Z,0.7550000000001091,3.7,20.7,0.0
2026-01-16T01:00:00Z,0.7609999999995125,3.7,21.3,0.0
2026-01-16T02:00:00Z,0.5860000000002401,3.5,21.7,0.0
2026-01-16T03:00:00Z,0.5829999999996289,3.8,22.2,0.0
2026-01-16T04:00:00Z,0.8360000000002401,3.9,22.4,0.0
2026-01-16T05:00:00Z,0.6710000000002765,4.0,22.7,0.0
2026-01-16T06:00:00Z,0.5779999999995198,4.3,24.0,0.0
2026-01-16T07:00:00Z,0.5750000000007276,4.4,24.9,0.0
2026-01-16T08:00:00Z,0.5529999999998836,5.1,26.8,2.0
2026-01-16T09:00:00Z,0.21900000000005093,5.1,25.8,47.0
2026-01-16T10:00:00Z,0.36200000000008004,5.6,23.2,125.0
2026-01-16T11:00:00Z,0.6589999999996508,6.2,18.9,174.0
2026-01-16T12:00:00Z,0.17399999999997817,6.2,20.2,157.0
2026-01-16T13:00:00Z,0.4610000000002401,6.8,20.6,104.0
2026-01-16T14:00:00Z,0.6529999999993379,6.8,17.6,78.0
2026-01-16T15:00:00Z,0.20900000000074215,5.6,15.2,34.0
2026-01-16T16:00:00Z,0.7139999999999418,4.6,13.6,0.0
2026-01-16T17:00:00Z,0.5989999999992506,4.6,11.4,0.0
2026-01-16T18:00:00Z,0.5420000000003711,3.8,9.8,0.0
2026-01-16T19:00:00Z,0.6409999999996217,3.6,7.9,0.0
2026-01-16T20:00:00Z,0.7930000000005748,2.5,4.8,0.0
2026-01-16T21:00:00Z,0.6239999999997963,2.5,2.6,0.0
2026-01-16T22:00:00Z,0.5690000000004147,2.0,0.2,0.0
2026-01-16T23:00:00Z,0.5649999999995998,1.4,3.4,0.0
2026-01-17T00:00:00Z,0.5720000000001164,2.6,8.0,0.0
2026-01-17T01:00:00Z,0.8739999999997963,3.4,9.8,0.0
2026-01-17T02:00:00Z,0.9310000000004948,3.2,11.1,0.0
2026-01-17T03:00:00Z,0.8389999999999418,2.8,12.9,0.0
2026-01-17T04:00:00Z,0.7349999999996726,2.3,14.3,0.0
2026-01-17T05:00:00Z,0.8460000000004584,2.2,15.2,0.0
2026-01-17T06:00:00Z,0.6499999999996362,2.5,14.7,0.0
2026-01-17T07:00:00Z,0.8789999999999054,2.4,15.7,0.0
2026-01-17T08:00:00Z,0.7039999999997235,2.2,18.0,3.0
2026-01-17T09:00:00Z,0.6850000000004002,2.0,19.3,29.0
2026-01-17T10:00:00Z,0.8909999999996217,1.9,18.6,49.0
2026-01-17T11:00:00Z,0.6670000000003711,1.9,19.7,74.0
2026-01-17T12:00:00Z,0.8589999999994689,1.5,20.7,79.0
2026-01-17T13:00:00Z,0.7460000000000946,1.4,21.2,66.0
2026-01-17T14:00:00Z,0.6870000000008076,1.5,21.1,41.0
2026-01-17T15:00:00Z,0.876999999999498,1.6,18.5,15.0
2026-01-17T16:00:00Z,0.8770000000004075,1.7,19.2,0.0
2026-01-17T17:00:00Z,0.8710000000000946,1.8,20.3,0.0
2026-01-17T18:00:00Z,0.8969999999999345,1.8,19.5,0.0
2026-01-17T19:00:00Z,0.9089999999996508,1.7,19.3,0.0
2026-01-17T20:00:00Z,0.9089999999996508,1.9,19.1,0.0
2026-01-17T21:00:00Z,0.9329999999999927,1.8,18.1,0.0
2026-01-17T22:00:00Z,0.7870000000002619,2.0,16.8,0.0
2026-01-17T23:00:00Z,0.831000000000131,2.5,17.4,0.0
2026-01-18T00:00:00Z,0.7209999999995489,2.4,16.8,0.0
2026-01-18T01:00:00Z,0.8010000000003856,2.3,17.4,0.0
2026-01-18T02:00:00Z,0.7730000000001382,2.3,16.9,0.0
2026-01-18T03:00:00Z,0.8319999999994252,2.4,15.6,0.0
2026-01-18T04:00:00Z,0.7560000000003129,2.7,14.4,0.0
2026-01-18T05:00:00Z,0.5940000000000509,3.0,16.7,0.0
2026-01-18T06:00:00Z,0.9220000000004802,3.0,17.9,0.0
2026-01-18T07:00:00Z,0.6959999999999127,2.8,20.1,0.0
2026-01-18T08:00:00Z,0.7359999999998763,2.5,21.3,4.0
2026-01-18T09:00:00Z,0.8360000000002401,2.5,21.7,54.0
2026-01-18T10:00:00Z,0.6069999999999709,2.9,22.0,130.0
2026-01-18T11:00:00Z,0.7409999999999854,2.9,22.3,163.0
2026-01-18T12:00:00Z,0.7909999999992579,2.7,21.8,178.0
2026-01-18T13:00:00Z,0.3430000000007567,2.6,22.0,132.0
2026-01-18T14:00:00Z,0.2669999999998254,2.2,21.0,98.0
2026-01-18T15:00:00Z,1.282999999999447,1.8,20.4,45.0
2026-01-18T16:00:00Z,1.3380000000006476,1.6,20.9,1.0
2026-01-18T17:00:00Z,1.2579999999998108,1.5,21.1,0.0
2026-01-18T18:00:00Z,1.1920000000000073,1.9,18.9,0.0
2026-01-18T19:00:00Z,1.212999999999738,2.0,20.3,0.0
2026-01-18T20:00:00Z,0.9580000000005384,1.9,21.8,0.0
2026-01-18T21:00:00Z,1.1119999999991705,1.9,22.8,0.0
2026-01-18T22:00:00Z,0.9940000000005966,1.5,21.3,0.0
2026-01-18T23:00:00Z,0.9389999999993961,1.1,20.2,0.0
2026-01-19T00:00:00Z,0.8380000000006476,1.1,18.7,0.0
2026-01-19T01:00:00Z,0.9099999999998545,0.9,19.5,0.0
2026-01-19T02:00:00Z,0.8930000000000291,0.9,19.9,0.0
2026-01-19T03:00:00Z,0.9600000000000364,0.6,19.1,0.0
2026-01-19T04:00:00Z,0.9809999999997672,0.4,19.6,0.0
2026-01-19T05:00:00Z,1.0510000000003856,0.3,19.7,0.0
2026-01-19T06:00:00Z,0.9639999999999418,0.4,19.2,0.0
2026-01-19T07:00:00Z,1.300000000000182,0.5,19.0,0.0
2026-01-19T08:00:00Z,1.2679999999991196,0.6,19.2,7.0
2026-01-19T09:00:00Z,1.1460000000006403,1.1,20.0,75.0
2026-01-19T10:00:00Z,1.0969999999997526,1.6,20.5,157.0
2026-01-19T11:00:00Z,1.0339999999996508,1.8,21.2,211.0
2026-01-19T12:00:00Z,0.8780000000006112,2.1,20.4,226.0
2026-01-19T13:00:00Z,0.6959999999999127,2.0,20.7,200.0
2026-01-19T14:00:00Z,1.0349999999998545,1.7,20.3,137.0
2026-01-19T15:00:00Z,0.9690000000000509,1.1,18.7,52.0
2026-01-19T16:00:00Z,1.037000000000262,0.9,18.2,1.0
2026-01-19T17:00:00Z,1.238999999999578,1.1,18.7,0.0
2026-01-19T18:00:00Z,1.1350000000002183,1.6,19.4,0.0
2026-01-19T19:00:00Z,1.1089999999994689,1.6,18.6,0.0
2026-01-19T20:00:00Z,0.8150000000005093,1.3,16.4,0.0
2026-01-19T21:00:00Z,1.5339999999996508,0.9,14.7,0.0
2026-01-19T22:00:00Z,1.4530000000004293,0.9,14.4,0.0
2026-01-19T23:00:00Z,1.25,0.8,13.6,0.0
2026-01-20T00:00:00Z,1.0029999999997017,0.6,12.0,0.0
2026-01-20T01:00:00Z,1.0640000000003056,0.4,11.2,0.0
2026-01-20T02:00:00Z,1.3869999999997162,0.3,10.6,0.0
2026-01-20T03:00:00Z,1.3370000000004438,0.2,11.1,0.0
2026-01-20T04:00:00Z,1.3279999999995198,-0.1,10.7,0.0
2026-01-20T05:00:00Z,1.2440000000005966,-0.5,9.0,0.0
2026-01-20T06:00:00Z,1.587999999999738,-1.0,7.6,0.0
2026-01-20T07:00:00Z,1.7309999999997672,-1.8,6.6,0.0
2026-01-20T08:00:00Z,1.6940000000004147,-2.0,5.6,7.0
2026-01-20T09:00:00Z,1.563999999999396,-0.3,6.3,73.0
2026-01-20T10:00:00Z,1.0670000000000073,0.7,4.6,151.0
2026-01-20T11:00:00Z,0.6340000000000146,1.5,4.5,202.0
2026-01-20T12:00:00Z,0.5600000000004002,1.9,5.4,216.0
2026-01-20T13:00:00Z,0.23800000000028376,1.8,5.8,184.0
2026-01-20T14:00:00Z,0.35199999999986176,1.2,6.1,127.0
2026-01-20T15:00:00Z,0.944999999999709,-0.2,6.1,49.0
2026-01-20T16:00:00Z,0.7789999999995416,-0.8,6.3,1.0
2026-01-20T17:00:00Z,1.1210000000000946,-1.5,5.6,0.0
2026-01-20T18:00:00Z,1.25,-0.4,7.2,0.0
2026-01-20T19:00:00Z,1.1880000000001019,-0.5,7.6,0.0
2026-01-20T20:00:00Z,1.1760000000003856,-0.6,8.8,0.0
2026-01-20T21:00:00Z,1.2159999999994398,-0.8,8.9,0.0
2026-01-20T22:00:00Z,1.3010000000003856,-0.9,9.7,0.0
2026-01-20T23:00:00Z,1.280999999999949,-1.0,10.3,0.0
2026-01-21T00:00:00Z,1.3010000000003856,-1.1,11.7,0.0
2026-01-21T01:00:00Z,1.2899999999999636,-1.2,12.1,0.0
2026-01-21T02:00:00Z,1.2820000000001528,-1.2,11.6,0.0
2026-01-21T03:00:00Z,1.2859999999991487,-1.3,10.8,0.0
2026-01-21T04:00:00Z,1.2890000000006694,-1.2,12.8,0.0
2026-01-21T05:00:00Z,1.2950000000000728,-1.1,14.2,0.0
2026-01-21T06:00:00Z,1.2839999999996508,-1.4,14.3,0.0
2026-01-21T07:00:00Z,1.2830000000003565,-1.4,14.7,0.0
2026-01-21T08:00:00Z,1.28899999999976,-1.0,15.0,7.0
2026-01-21T09:00:00Z,1.2550000000001091,-0.1,16.2,65.0
2026-01-21T10:00:00Z,0.8499999999994543,0.2,18.2,96.0
2026-01-21T11:00:00Z,0.8950000000004366,0.6,20.8,104.0
2026-01-21T12:00:00Z,0.8379999999997381,0.2,20.2,114.0
2026-01-21T13:00:00Z,0.8479999999999563,0.0,18.4,77.0
2026-01-21T14:00:00Z,0.7680000000000291,0.3,17.6,44.0
2026-01-21T15:00:00Z,0.9620000000004438,0.2,17.2,19.0
2026-01-21T16:00:00Z,0.7420000000001892,-0.2,18.8,1.0
2026-01-21T17:00:00Z,0.7189999999991414,-0.2,15.7,0.0
2026-01-21T18:00:00Z,1.1500000000005457,0.3,16.7,0.0
2026-01-21T19:00:00Z,1.1289999999999054,0.8,18.1,0.0
2026-01-21T20:00:00Z,1.0950000000002547,0.8,18.5,0.0
2026-01-21T21:00:00Z,1.0739999999996144,0.6,19.6,0.0
2026-01-21T22:00:00Z,0.9859999999998763,0.6,20.4,0.0
2026-01-21T23:00:00Z,1.1300000000001091,0.4,20.4,0.0
2026-01-22T00:00:00Z,0.8079999999999927,0.1,19.2,0.0
2026-01-22T01:00:00Z,1.2250000000003638,-0.2,22.0,0.0
2026-01-22T02:00:00Z,0.9420000000000073,-0.4,23.7,0.0
2026-01-22T03:00:00Z,0.8959999999997308,-0.7,23.1,0.0
2026-01-22T04:00:00Z,1.199999999999818,-1.2,23.3,0.0
2026-01-22T05:00:00Z,0.9610000000002401,-1.6,22.7,0.0
2026-01-22T06:00:00Z,0.8779999999997017,-1.5,18.7,0.0
2026-01-22T07:00:00Z,1.029000000000451,-1.3,20.9,0.0
2026-01-22T08:00:00Z,1.3609999999998763,-1.1,24.2,3.0
2026-01-22T09:00:00Z,1.106999999999971,-1.1,24.7,20.0
2026-01-22T10:00:00Z,1.3980000000001382,-1.0,25.3,35.0
2026-01-22T11:00:00Z,1.3279999999995198,-0.7,25.7,58.0
2026-01-22T12:00:00Z,1.037000000000262,-0.1,28.3,47.0
2026-01-22T13:00:00Z,1.8850000000002183,0.2,26.2,43.0
2026-01-22T14:00:00Z,1.220999999999549,0.6,25.5,33.0
2026-01-22T15:00:00Z,1.0039999999999054,0.6,25.5,16.0
2026-01-22T16:00:00Z,1.287000000000262,0.4,25.9,1.0
2026-01-22T17:00:00Z,1.2690000000002328,0.6,27.8,0.0
2026-01-22T18:00:00Z,1.2709999999997308,0.4,28.4,0.0
2026-01-22T19:00:00Z,1.6149999999997817,0.6,27.2,0.0
2026-01-22T20:00:00Z,1.2960000000002765,0.6,27.2,0.0
2026-01-22T21:00:00Z,1.530999999999949,0.6,27.4,0.0
2026-01-22T22:00:00Z,1.118000000000393,0.8,29.0,0.0
2026-01-22T23:00:00Z,1.556999999999789,0.6,29.3,0.0
2026-01-23T00:00:00Z,1.212999999999738,0.2,30.3,0.0
2026-01-23T01:00:00Z,1.3609999999998763,0.3,30.5,0.0
2026-01-23T02:00:00Z,1.386000000000422,0.2,30.8,0.0
2026-01-23T03:00:00Z,1.0540000000000873,0.2,30.1,0.0
2026-01-23T04:00:00Z,1.3429999999998472,-0.2,30.3,0.0
2026-01-23T05:00:00Z,1.4210000000002765,-0.5,30.7,0.0
2026-01-23T06:00:00Z,1.23700000000008,-0.8,30.3,0.0
2026-01-23T07:00:00Z,1.5219999999999345,-0.9,30.0,0.0
2026-01-23T08:00:00Z,1.2179999999998472,-1.2,29.9,4.0
2026-01-23T09:00:00Z,1.4359999999996944,-1.4,30.3,28.0
2026-01-23T10:00:00Z,1.404000000000451,-1.4,31.1,52.0
2026-01-23T11:00:00Z,1.4729999999999563,-1.2,31.2,58.0
2026-01-23T12:00:00Z,1.4789999999993597,-1.2,31.2,72.0
2026-01-23T13:00:00Z,1.2650000000003274,-0.8,31.2,82.0
2026-01-23T14:00:00Z,1.5079999999998108,-0.9,29.3,49.0
2026-01-23T15:00:00Z,1.2489999999997963,-1.0,28.5,20.0
2026-01-23T16:00:00Z,1.5030000000006112,-1.2,29.7,1.0
2026-01-23T17:00:00Z,1.375,-1.4,31.0,0.0
2026-01-23T18:00:00Z,1.1669999999994616,-1.3,31.0,0.0
2026-01-23T19:00:00Z,1.7530000000006112,-1.2,30.7,0.0
2026-01-23T20:00:00Z,1.4409999999998035,-0.9,31.2,0.0
2026-01-23T21:00:00Z,0.9880000000002838,-0.8,30.2,0.0
2026-01-23T22:00:00Z,1.1880000000001019,-0.6,28.6,0.0
2026-01-23T23:00:00Z,0.9829999999992651,-0.6,27.0,0.0
2026-01-24T00:00:00Z,1.7290000000002692,-0.6,25.1,0.0
2026-01-24T01:00:00Z,1.350999999999658,-0.6,24.1,0.0
2026-01-24T02:00:00Z,1.2890000000006694,-0.5,23.0,0.0
2026-01-24T03:00:00Z,1.5050000000001091,-0.6,22.1,0.0
2026-01-24T04:00:00Z,1.433999999999287,-0.5,21.8,0.0
2026-01-24T05:00:00Z,1.2899999999999636,-0.3,20.5,0.0
2026-01-24T06:00:00Z,1.423000000000684,-0.2,20.4,0.0
2026-01-24T07:00:00Z,1.394999999999527,-0.2,21.9,0.0
2026-01-24T08:00:00Z,1.2309999999997672,0.2,23.3,3.0
2026-01-24T09:00:00Z,0.967000000000553,0.6,24.1,26.0
2026-01-24T10:00:00Z,0.6210000000000946,0.6,26.4,41.0
2026-01-24T11:00:00Z,0.04699999999957072,0.8,26.6,59.0
2026-01-24T12:00:00Z,0.046000000000276486,0.6,26.5,66.0
2026-01-24T13:00:00Z,0.046000000000276486,0.6,24.4,49.0
2026-01-24T14:00:00Z,0.044999999999163265,0.6,23.8,47.0
2026-01-24T15:00:00Z,0.046000000000276486,0.5,24.6,25.0
2026-01-24T16:00:00Z,1.2250000000003638,0.4,25.7,1.0
2026-01-24T17:00:00Z,1.668999999999869,0.1,25.6,0.0
2026-01-24T18:00:00Z,1.3760000000002037,-0.2,23.9,0.0
2026-01-24T19:00:00Z,1.1259999999992942,-0.3,23.8,0.0
2026-01-24T20:00:00Z,1.7180000000007567,-0.4,23.6,0.0
2026-01-24T21:00:00Z,1.518000000000029,-0.3,22.5,0.0
2026-01-24T22:00:00Z,1.393000000000029,-0.2,20.3,0.0
2026-01-24T23:00:00Z,1.4439999999995052,-0.1,19.5,0.0
2026-01-25T00:00:00Z,1.373000000000502,-0.1,19.1,0.0
2026-01-25T01:00:00Z,1.4949999999998909,-0.1,17.5,0.0
2026-01-25T02:00:00Z,1.2219999999997526,-0.2,18.6,0.0
2026-01-25T03:00:00Z,1.5100000000002183,-0.1,19.7,0.0
2026-01-25T04:00:00Z,1.2669999999998254,-0.1,21.7,0.0
2026-01-25T05:00:00Z,1.4840000000003783,-0.1,21.9,0.0
2026-01-25T06:00:00Z,1.332999999999629,-0.1,22.1,0.0
2026-01-25T07:00:00Z,1.4049999999997453,-0.1,22.5,0.0
2026-01-25T08:00:00Z,1.3289999999997235,0.1,23.2,2.0
2026-01-25T09:00:00Z,1.3820000000005166,0.4,23.7,15.0
2026-01-25T10:00:00Z,1.4399999999995998,0.6,24.5,39.0
2026-01-25T11:00:00Z,1.5410000000001673,0.6,23.1,48.0
2026-01-25T12:00:00Z,1.399000000000342,0.2,22.2,55.0
2026-01-25T13:00:00Z,1.5109999999995125,0.5,22.4,44.0
2026-01-25T14:00:00Z,1.26299999999992,0.8,20.7,34.0
2026-01-25T15:00:00Z,0.9920000000001892,0.9,22.0,18.0
2026-01-25T16:00:00Z,1.167000000000371,0.9,23.2,2.0
2026-01-25T17:00:00Z,0.9039999999995416,0.7,24.3,0.0
2026-01-25T18:00:00Z,1.123000000000502,0.4,24.5,0.0
2026-01-25T19:00:00Z,1.1199999999998909,0.3,23.4,0.0
2026-01-25T20:00:00Z,0.988999999999578,0.1,23.4,0.0
2026-01-25T21:00:00Z,1.3100000000004002,-0.1,24.4,0.0
2026-01-25T22:00:00Z,0.9279999999998836,0.1,25.3,0.0
2026-01-25T23:00:00Z,1.4200000000000728,0.3,24.6,0.0
2026-01-26T00:00:00Z,1.5900000000001455,-0.2,23.6,0.0
2026-01-26T01:00:00Z,1.469000000000051,-0.6,23.9,0.0
2026-01-26T02:00:00Z,1.38799999999992,-0.9,23.3,0.0
2026-01-26T03:00:00Z,1.4039999999995416,-0.9,23.7,0.0
2026-01-26T04:00:00Z,1.4260000000003856,-0.9,22.4,0.0
2026-01-26T05:00:00Z,0.8980000000001382,-0.9,22.7,0.0
2026-01-26T06:00:00Z,1.4769999999998618,-1.9,22.3,0.0
2026-01-26T07:00:00Z,1.394999999999527,-2.2,22.1,0.0
2026-01-26T08:00:00Z,1.360000000000582,-2.0,20.9,6.0
2026-01-26T09:00:00Z,1.5169999999998254,-1.5,21.8,37.0
2026-01-26T10:00:00Z,1.1539999999995416,-0.9,20.0,59.0
2026-01-26T11:00:00Z,1.3340000000007421,-1.2,18.4,31.0
2026-01-26T12:00:00Z,1.5989999999992506,-0.4,20.9,35.0
2026-01-26T13:00:00Z,1.3270000000002256,-0.4,18.0,30.0
2026-01-26T14:00:00Z,1.318000000000211,-0.2,16.9,26.0
2026-01-26T15:00:00Z,1.0190000000002328,-0.3,18.9,9.0
2026-01-26T16:00:00Z,1.2159999999994398,-0.4,20.4,1.0
2026-01-26T17:00:00Z,1.0630000000001019,-0.6,19.7,0.0
2026-01-26T18:00:00Z,1.1450000000004366,-0.9,18.6,0.0
2026-01-26T19:00:00Z,1.212999999999738,-0.9,19.7,0.0
2026-01-26T20:00:00Z,1.7520000000004075,-0.8,18.8,0.0
2026-01-26T21:00:00Z,1.518000000000029,-0.5,19.9,0.0
2026-01-26T22:00:00Z,1.269999999999527,-0.3,21.0,0.0
2026-01-26T23:00:00Z,1.3850000000002183,-0.2,21.6,0.0
2026-01-27T00:00:00Z,1.3519999999998618,-0.5,21.1,0.0
2026-01-27T01:00:00Z,1.199999999999818,-0.6,21.3,0.0
2026-01-27T02:00:00Z,1.106999999999971,-0.6,22.3,0.0
2026-01-27T03:00:00Z,1.0340000000005602,-0.6,22.4,0.0
2026-01-27T04:00:00Z,1.3229999999994106,-0.7,19.7,0.0
2026-01-27T05:00:00Z,1.2910000000001673,-0.8,17.7,0.0
2026-01-27T06:00:00Z,1.2970000000004802,-1.2,19.4,0.0
2026-01-27T07:00:00Z,1.3079999999999927,-1.2,20.1,0.0
2026-01-27T08:00:00Z,1.1869999999998981,-1.0,19.7,4.0
2026-01-27T09:00:00Z,1.3229999999994106,-1.0,18.5,17.0
2026-01-27T10:00:00Z,1.1510000000007494,-0.9,17.4,40.0
2026-01-27T11:00:00Z,1.1169999999992797,-0.9,19.0,60.0
2026-01-27T12:00:00Z,0.9250000000001819,-0.8,21.9,92.0
2026-01-27T13:00:00Z,1.0720000000001164,-0.8,22.5,107.0
2026-01-27T14:00:00Z,0.7839999999996508,-0.7,21.1,80.0
2026-01-27T15:00:00Z,0.9750000000003638,-0.8,22.5,30.0
2026-01-27T16:00:00Z,1.1000000000003638,-0.8,21.1,3.0
2026-01-27T17:00:00Z,0.944999999999709,-0.9,19.9,0.0
2026-01-27T18:00:00Z,1.306999999999789,-1.0,20.6,0.0
2026-01-27T19:00:00Z,1.1959999999999127,-1.1,20.9,0.0
2026-01-27T20:00:00Z,0.9819999999999709,-1.1,19.7,0.0
2026-01-27T21:00:00Z,1.3370000000004438,-1.1,18.1,0.0
2026-01-27T22:00:00Z,1.3629999999993743,-1.0,16.7,0.0
2026-01-27T23:00:00Z,1.1739999999999782,-1.0,19.2,0.0
2026-01-28T00:00:00Z,1.243000000000393,-1.4,23.6,0.0
2026-01-28T01:00:00Z,1.15099999999984,-1.3,22.0,0.0
2026-01-28T02:00:00Z,1.231999999999971,-1.2,21.8,0.0
2026-01-28T03:00:00Z,1.3400000000001455,-1.2,21.2,0.0
2026-01-28T04:00:00Z,1.2420000000001892,-1.3,20.0,0.0
2026-01-28T05:00:00Z,1.1199999999998909,-1.4,20.1,0.0
2026-01-28T06:00:00Z,1.2979999999997744,-1.5,20.9,0.0
2026-01-28T07:00:00Z,1.1790000000000873,-1.6,22.1,0.0
2026-01-28T08:00:00Z,1.217000000000553,-1.7,22.5,6.0
2026-01-28T09:00:00Z,1.1749999999992724,-1.7,20.5,38.0
2026-01-28T10:00:00Z,1.2620000000006257,-1.7,20.7,64.0
2026-01-28T11:00:00Z,1.1549999999997453,-1.6,20.5,88.0
2026-01-28T12:00:00Z,1.243000000000393,-1.5,21.6,68.0
2026-01-28T13:00:00Z,1.1459999999997308,-1.4,20.1,66.0
2026-01-28T14:00:00Z,1.26299999999992,-1.3,21.0,54.0
2026-01-28T15:00:00Z,0.8940000000002328,-1.2,20.4,28.0
2026-01-28T16:00:00Z,1.3989999999994325,-1.5,20.4,4.0
2026-01-28T17:00:00Z,1.074999999999818,-1.7,20.9,0.0
2026-01-28T18:00:00Z,0.9740000000001601,-1.8,22.1,0.0
2026-01-28T19:00:00Z,1.3460000000004584,-2.0,22.4,0.0
2026-01-28T20:00:00Z,1.1440000000002328,-2.0,21.7,0.0
2026-01-28T21:00:00Z,0.9129999999995562,-2.2,21.2,0.0
2026-01-28T22:00:00Z,0.9020000000000437,-2.0,22.0,0.0
2026-01-28T23:00:00Z,1.1739999999999782,-2.0,22.5,0.0
2026-01-29T00:00:00Z,1.3940000000002328,-2.6,23.2,0.0
2026-01-29T01:00:00Z,1.02599999999984,-2.8,22.6,0.0
2026-01-29T02:00:00Z,0.9769999999998618,-2.7,22.4,0.0
2026-01-29T03:00:00Z,0.9690000000000509,-2.5,21.1,0.0
2026-01-29T04:00:00Z,0.9290000000000873,-2.2,21.4,0.0
2026-01-29T05:00:00Z,1.5489999999999782,-2.2,21.0,0.0
2026-01-29T06:00:00Z,1.1649999999999636,-2.3,20.4,0.0
2026-01-29T07:00:00Z,0.9340000000001965,-2.4,21.4,0.0
2026-01-29T08:00:00Z,0.8739999999997963,-2.3,22.7,5.0
2026-01-29T09:00:00Z,0.8800000000001091,-2.1,23.0,31.0
2026-01-29T10:00:00Z,1.4179999999996653,-1.9,25.7,75.0
2026-01-29T11:00:00Z,1.3100000000004002,-1.5,26.9,97.0
2026-01-29T12:00:00Z,0.9709999999995489,-1.4,30.0,104.0
2026-01-29T13:00:00Z,0.7730000000001382,-1.6,26.6,90.0
2026-01-29T14:00:00Z,0.046000000000276486,-1.5,26.8,57.0
2026-01-29T15:00:00Z,0.04500000000007276,-1.5,27.4,37.0
2026-01-29T16:00:00Z,0.12600000000020373,-1.5,28.8,4.0
2026-01-29T17:00:00Z,0.8449999999993452,-1.6,29.1,0.0
2026-01-29T18:00:00Z,2.3890000000001237,-1.8,29.4,0.0
2026-01-29T19:00:00Z,2.462000000000444,-1.8,30.0,0.0
2026-01-29T20:00:00Z,2.6959999999999127,-1.7,29.1,0.0
2026-01-29T21:00:00Z,2.514999999999418,-1.7,27.5,0.0
2026-01-29T22:00:00Z,1.5730000000003201,-1.8,26.7,0.0
2026-01-29T23:00:00Z,2.1909999999998035,-1.6,26.3,0.0
2026-01-30T00:00:00Z,2.055000000000291,-1.7,27.0,0.0
2026-01-30T01:00:00Z,1.8429999999998472,-1.5,27.1,0.0
2026-01-30T02:00:00Z,1.8580000000001746,-1.6,25.7,0.0
2026-01-30T03:00:00Z,1.893000000000029,-1.2,27.2,0.0
2026-01-30T04:00:00Z,1.8710000000000946,-1.1,26.8,0.0
2026-01-30T05:00:00Z,1.63799999999992,-1.1,27.2,0.0
2026-01-30T06:00:00Z,1.9359999999996944,-1.4,27.4,0.0
2026-01-30T07:00:00Z,1.3510000000005675,-1.4,27.4,0.0
2026-01-30T08:00:00Z,1.6939999999995052,-1.2,28.6,4.0
2026-01-30T09:00:00Z,1.268000000000029,-0.9,28.8,28.0
2026-01-30T10:00:00Z,1.5910000000003492,-0.7,30.5,65.0
2026-01-30T11:00:00Z,1.5659999999998035,-0.6,30.5,67.0
2026-01-30T12:00:00Z,1.3760000000002037,-0.5,30.8,71.0
2026-01-30T13:00:00Z,1.3869999999997162,-0.5,29.3,66.0
2026-01-30T14:00:00Z,1.3940000000002328,-0.4,31.0,45.0
2026-01-30T15:00:00Z,1.2770000000000437,-0.4,30.6,21.0
2026-01-30T16:00:00Z,1.3890000000001237,-0.6,29.8,4.0
2026-01-30T17:00:00Z,1.269999999999527,-0.8,30.9,0.0
2026-01-30T18:00:00Z,1.462999999999738,-0.6,31.4,0.0
2026-01-30T19:00:00Z,1.3830000000007203,-0.6,32.6,0.0
2026-01-30T20:00:00Z,1.251999999999498,-0.4,32.5,0.0
2026-01-30T21:00:00Z,1.475999999999658,-0.4,32.4,0.0
2026-01-30T22:00:00Z,1.33600000000024,-0.6,32.2,0.0
2026-01-30T23:00:00Z,1.4220000000004802,-0.8,32.8,0.0
2026-01-31T00:00:00Z,1.293999999999869,-0.6,30.0,0.0
2026-01-31T01:00:00Z,1.4129999999995562,-0.9,30.1,0.0
2026-01-31T02:00:00Z,1.2770000000000437,-1.0,31.6,0.0
2026-01-31T03:00:00Z,1.485000000000582,-1.2,32.0,0.0
2026-01-31T04:00:00Z,1.4439999999995052,-1.2,31.9,0.0
2026-01-31T05:00:00Z,1.2709999999997308,-1.4,32.6,0.0
2026-01-31T06:00:00Z,1.75,-2.0,32.4,0.0
2026-01-31T07:00:00Z,1.5470000000004802,-2.5,32.8,0.0
2026-01-31T08:00:00Z,1.6409999999996217,-2.8,33.0,9.0
2026-01-31T09:00:00Z,1.4279999999998836,-3.0,34.6,41.0
2026-01-31T10:00:00Z,1.6980000000003201,-3.0,34.6,51.0
2026-01-31T11:00:00Z,1.1729999999997744,-3.1,34.9,78.0
2026-01-31T12:00:00Z,1.4080000000003565,-2.8,35.4,69.0
2026-01-31T13:00:00Z,2.412000000000262,-2.7,36.9,72.0
2026-01-31T14:00:00Z,0.9780000000000655,-2.3,34.9,65.0
2026-01-31T15:00:00Z,1.7669999999998254,-2.3,34.7,34.0
2026-01-31T16:00:00Z,1.0839999999998327,-2.3,36.8,5.0
2026-01-31T17:00:00Z,0.8840000000000146,-2.2,38.6,0.0
2026-01-31T18:00:00Z,0.850999999999658,-1.8,37.7,0.0
2026-01-31T19:00:00Z,0.8460000000004584,-2.0,37.2,0.0
2026-01-31T20:00:00Z,0.9819999999999709,-2.2,37.2,0.0
2026-01-31T21:00:00Z,1.6369999999997162,-2.3,35.6,0.0
2026-01-31T22:00:00Z,1.5870000000004438,-2.5,35.4,0.0
2026-01-31T23:00:00Z,1.6759999999994761,-2.8,34.4,0.0
2026-02-01T00:00:00Z,1.7420000000001892,-2.8,34.5,0.0
2026-02-01T01:00:00Z,2.020999999999731,-3.1,32.7,0.0
2026-02-01T02:00:00Z,1.8710000000000946,-3.2,32.5,0.0
2026-02-01T03:00:00Z,1.6900000000005093,-3.4,32.0,0.0
2026-02-01T04:00:00Z,1.6880000000001019,-3.5,32.0,0.0
2026-02-01T05:00:00Z,1.8530000000000655,-3.8,32.4,0.0
2026-02-01T06:00:00Z,2.3079999999999927,-3.8,33.4,0.0
2026-02-01T07:00:00Z,1.870999999999185,-4.0,33.3,0.0
2026-02-01T08:00:00Z,1.8460000000004584,-3.9,32.8,15.0
2026-02-01T09:00:00Z,1.8299999999999272,-3.8,35.2,56.0
2026-02-01T10:00:00Z,0.22599999999965803,-3.6,36.6,123.0
2026-02-01T11:00:00Z,0.04500000000007276,-3.5,37.7,144.0
2026-02-01T12:00:00Z,0.04500000000007276,-3.2,39.9,166.0
2026-02-01T13:00:00Z,0.04399999999986903,-3.5,37.7,166.0
2026-02-01T14:00:00Z,0.046000000000276486,-3.3,35.8,130.0
2026-02-01T15:00:00Z,0.046000000000276486,-3.5,35.5,85.0
2026-02-01T16:00:00Z,0.04599999999936699,-3.7,33.7,13.0
2026-02-01T17:00:00Z,0.046000000000276486,-3.8,32.5,0.0
2026-02-01T18:00:00Z,0.046000000000276486,-4.2,32.2,0.0
2026-02-01T19:00:00Z,0.046000000000276486,-4.1,31.9,0.0
2026-02-01T20:00:00Z,1.4989999999997963,-3.8,31.9,0.0
2026-02-01T21:00:00Z,2.6179999999994834,-3.7,31.8,0.0
2026-02-01T22:00:00Z,2.256000000000313,-3.7,31.4,0.0
2026-02-01T23:00:00Z,2.242000000000189,-3.8,30.9,0.0
2026-02-02T00:00:00Z,2.094000000000051,-4.1,29.3,0.0
2026-02-02T01:00:00Z,2.344000000000051,-4.6,29.1,0.0
2026-02-02T02:00:00Z,2.005000000000109,-4.8,29.3,0.0
2026-02-02T03:00:00Z,1.9479999999994106,-4.8,29.6,0.0
2026-02-02T04:00:00Z,1.6739999999999782,-4.7,30.1,0.0
2026-02-02T05:00:00Z,1.643000000000029,-4.7,30.9,0.0
2026-02-02T06:00:00Z,1.4310000000004948,-4.8,31.9,0.0
2026-02-02T07:00:00Z,0.42299999999977445,-4.7,31.6,0.0
2026-02-02T08:00:00Z,1.1030000000000655,-4.4,31.9,25.0
2026-02-02T09:00:00Z,0.8469999999997526,-4.0,33.4,113.0
2026-02-02T10:00:00Z,0.6090000000003783,-3.7,34.4,174.0
2026-02-02T11:00:00Z,0.6039999999993597,-3.5,34.8,218.0
2026-02-02T12:00:00Z,0.6000000000003638,-3.6,34.1,217.0
2026-02-02T13:00:00Z,0.6030000000000655,-3.6,32.4,219.0
2026-02-02T14:00:00Z,0.6890000000003056,-3.9,31.5,184.0
2026-02-02T15:00:00Z,0.6809999999995853,-4.4,30.8,105.0
2026-02-02T16:00:00Z,0.6970000000001164,-4.8,31.0,18.0
2026-02-02T17:00:00Z,1.8859999999995125,-4.8,31.8,0.0
2026-02-02T18:00:00Z,2.0260000000007494,-4.7,31.2,0.0
2026-02-02T19:00:00Z,1.7219999999997526,-4.2,32.2,0.0
2026-02-02T20:00:00Z,1.5820000000003347,-4.0,33.5,0.0
2026-02-02T21:00:00Z,1.1629999999995562,-3.7,34.4,0.0
2026-02-02T22:00:00Z,1.27599999999984,-3.5,34.4,0.0
2026-02-02T23:00:00Z,1.6270000000004075,-3.4,34.8,0.0
2026-02-03T00:00:00Z,2.1049999999995634,-3.8,34.6,0.0
2026-02-03T01:00:00Z,1.8220000000001164,-3.9,35.1,0.0
2026-02-03T02:00:00Z,1.7510000000002037,-3.9,34.8,0.0
2026-02-03T03:00:00Z,1.6520000000000437,-3.8,34.7,0.0
2026-02-03T04:00:00Z,1.5079999999998108,-3.8,34.1,0.0
2026-02-03T05:00:00Z,1.5010000000002037,-3.8,35.2,0.0
2026-02-03T06:00:00Z,1.1880000000001019,-3.8,34.6,0.0
2026-02-03T07:00:00Z,0.9690000000000509,-3.5,34.4,0.0
2026-02-03T08:00:00Z,1.0499999999992724,-3.2,34.8,30.0
2026-02-03T09:00:00Z,0.5460000000002765,-2.5,35.2,132.0
2026-02-03T10:00:00Z,0.04700000000048021,-1.8,34.4,224.0
2026-02-03T11:00:00Z,0.14499999999952706,-1.3,34.1,285.0
2026-02-03T12:00:00Z,0.047999999999774445,-0.7,34.0,302.0
2026-02-03T13:00:00Z,0.046000000000276486,0.0,35.7,274.0
2026-02-03T14:00:00Z,0.04700000000048021,-0.2,34.0,201.0
2026-02-03T15:00:00Z,0.04599999999936699,-0.6,33.0,106.0
2026-02-03T16:00:00Z,1.6130000000002838,-1.2,31.9,18.0
2026-02-03T17:00:00Z,1.5289999999995416,-1.5,31.6,0.0
2026-02-03T18:00:00Z,1.1410000000005311,-1.6,31.9,0.0
2026-02-03T19:00:00Z,1.3400000000001455,-1.5,34.0,0.0
2026-02-03T20:00:00Z,1.6169999999992797,-1.5,33.9,0.0
2026-02-03T21:00:00Z,1.5190000000002328,-1.8,33.8,0.0
2026-02-03T22:00:00Z,1.5780000000004293,-2.0,33.4,0.0
2026-02-03T23:00:00Z,1.2689999999993233,-2.2,32.7,0.0
2026-02-04T00:00:00Z,1.2590000000000146,-2.8,32.8,0.0
2026-02-04T01:00:00Z,1.6480000000001382,-3.0,32.3,0.0
2026-02-04T02:00:00Z,1.423000000000684,-3.0,32.6,0.0
2026-02-04T03:00:00Z,1.264999999999418,-3.0,32.8,0.0
2026-02-04T04:00:00Z,1.2520000000004075,-3.0,32.8,0.0
2026-02-04T05:00:00Z,1.2590000000000146,-3.2,33.5,0.0
2026-02-04T06:00:00Z,1.4329999999999927,-3.2,33.4,0.0
2026-02-04T07:00:00Z,1.568000000000211,-3.0,33.7,0.0
2026-02-04T08:00:00Z,0.047999999999774445,-2.7,33.4,22.0
2026-02-04T09:00:00Z,0.21000000000003638,-2.2,37.0,71.0
2026-02-04T10:00:00Z,0.08500000000003638,-2.0,34.1,90.0
2026-02-04T11:00:00Z,0.7460000000000946,-1.5,32.2,105.0
2026-02-04T12:00:00Z,0.37599999999929423,-2.0,31.3,99.0
2026-02-04T13:00:00Z,1.5399999999999636,-1.9,32.0,77.0
2026-02-04T14:00:00Z,1.4380000000001019,-1.9,31.9,49.0
2026-02-04T15:00:00Z,1.4030000000002474,-1.8,30.3,31.0
2026-02-04T16:00:00Z,1.4260000000003856,-2.0,30.1,8.0
2026-02-04T17:00:00Z,1.451999999999316,-2.0,29.6,0.0
2026-02-04T18:00:00Z,1.4400000000005093,-2.4,30.0,0.0
2026-02-04T19:00:00Z,1.5100000000002183,-2.3,29.2,0.0
2026-02-04T20:00:00Z,1.8119999999998981,-2.0,29.1,0.0
2026-02-04T21:00:00Z,1.319999999999709,-1.9,28.0,0.0
2026-02-04T22:00:00Z,1.136000000000422,-1.7,27.6,0.0
2026-02-04T23:00:00Z,1.2049999999999272,-1.6,26.3,0.0
2026-02-05T00:00:00Z,1.5859999999993306,-2.1,25.5,0.0
2026-02-05T01:00:00Z,1.2120000000004438,-2.5,21.1,0.0
2026-02-05T02:00:00Z,1.1239999999997963,-2.5,20.9,0.0
2026-02-05T03:00:00Z,1.6459999999997308,-2.0,23.7,0.0
2026-02-05T04:00:00Z,1.2820000000001528,-1.7,25.5,0.0
2026-02-05T05:00:00Z,1.2950000000000728,-1.6,25.1,0.0
2026-02-05T06:00:00Z,1.1959999999999127,-2.2,24.1,0.0
2026-02-05T07:00:00Z,1.1790000000000873,-2.0,24.3,0.0
2026-02-05T08:00:00Z,1.6520000000000437,-1.9,24.9,9.0
2026-02-05T09:00:00Z,1.118000000000393,-1.9,20.9,26.0
2026-02-05T10:00:00Z,1.4939999999996871,-1.6,22.8,40.0
2026-02-05T11:00:00Z,1.4750000000003638,-1.1,28.0,51.0
2026-02-05T12:00:00Z,1.449999999999818,-1.1,24.5,43.0
2026-02-05T13:00:00Z,1.3779999999997017,-1.2,22.3,37.0
2026-02-05T14:00:00Z,0.16200000000026193,-1.2,24.1,19.0
2026-02-05T15:00:00Z,0.04699999999957072,-1.2,25.3,12.0
2026-02-05T16:00:00Z,0.04800000000068394,-1.1,25.9,3.0
2026-02-05T17:00:00Z,0.04599999999936699,-0.9,26.0,0.0
2026-02-05T18:00:00Z,0.9290000000000873,-1.1,27.3,0.0
2026-02-05T19:00:00Z,1.868000000000393,-0.9,27.3,0.0
2026-02-05T20:00:00Z,1.1669999999994616,-0.8,25.1,0.0
2026-02-05T21:00:00Z,1.48700000000008,-0.6,22.5,0.0
2026-02-05T22:00:00Z,1.3829999999998108,-0.5,22.1,0.0
2026-02-05T23:00:00Z,1.3250000000007276,-0.3,22.3,0.0
2026-02-06T00:00:00Z,1.3079999999999927,-0.6,21.8,0.0
2026-02-06T01:00:00Z,1.1520000000000437,-0.3,22.7,0.0
2026-02-06T02:00:00Z,0.9549999999999272,-0.2,23.8,0.0
2026-02-06T03:00:00Z,0.9659999999994398,-0.2,23.8,0.0
2026-02-06T04:00:00Z,1.0349999999998545,-0.2,22.9,0.0
2026-02-06T05:00:00Z,1.0080000000007203,-0.1,21.7,0.0
2026-02-06T06:00:00Z,1.0469999999995707,-0.3,21.8,0.0
2026-02-06T07:00:00Z,1.0510000000003856,-0.2,20.7,0.0
2026-02-06T08:00:00Z,1.256999999999607,0.0,21.1,13.0
2026-02-06T09:00:00Z,1.2709999999997308,0.2,23.0,48.0
2026-02-06T10:00:00Z,1.2450000000008004,0.4,23.9,85.0
2026-02-06T11:00:00Z,1.2379999999993743,0.6,23.1,106.0
2026-02-06T12:00:00Z,1.2080000000005384,0.5,23.1,111.0
2026-02-06T13:00:00Z,1.2100000000000364,0.6,22.4,123.0
2026-02-06T14:00:00Z,1.2049999999999272,0.7,20.8,102.0
2026-02-06T15:00:00Z,1.0839999999998327,0.8,20.3,59.0
2026-02-06T16:00:00Z,0.046000000000276486,0.8,20.8,12.0
2026-02-06T17:00:00Z,0.04599999999936699,0.9,20.4,0.0
2026-02-06T18:00:00Z,0.4350000000004002,0.8,17.7,0.0
2026-02-06T19:00:00Z,1.6859999999996944,0.8,19.1,0.0
2026-02-06T20:00:00Z,1.8060000000004948,0.8,19.6,0.0
2026-02-06T21:00:00Z,1.2039999999997235,0.6,20.5,0.0
2026-02-06T22:00:00Z,1.2380000000002838,0.6,21.2,0.0
2026-02-06T23:00:00Z,1.0369999999993524,0.6,20.9,0.0
2026-02-07T00:00:00Z,1.0740000000005239,0.4,20.2,0.0
2026-02-07T01:00:00Z,1.0249999999996362,0.4,19.7,0.0
2026-02-07T02:00:00Z,0.9780000000000655,0.4,19.1,0.0
2026-02-07T03:00:00Z,1.0730000000003201,0.3,18.4,0.0
2026-02-07T04:00:00Z,1.0839999999998327,0.3,18.2,0.0
2026-02-07T05:00:00Z,1.0379999999995562,0.3,18.6,0.0
2026-02-07T06:00:00Z,1.0880000000006476,0.2,19.3,0.0
2026-02-07T07:00:00Z,1.0509999999994761,0.3,19.7,0.0
2026-02-07T08:00:00Z,1.0560000000004948,0.3,20.1,14.0
2026-02-07T09:00:00Z,0.988999999999578,0.3,19.8,46.0
2026-02-07T10:00:00Z,1.030999999999949,0.4,19.9,86.0
2026-02-07T11:00:00Z,0.8110000000006039,0.6,20.2,114.0
2026-02-07T12:00:00Z,0.04699999999957072,0.1,18.4,127.0
2026-02-07T13:00:00Z,0.04699999999957072,-0.1,18.1,95.0
2026-02-07T14:00:00Z,0.046000000000276486,-0.2,17.5,70.0
2026-02-07T15:00:00Z,0.11200000000008004,-0.2,19.2,41.0
2026-02-07T16:00:00Z,0.047999999999774445,-0.4,19.3,8.0
2026-02-07T17:00:00Z,1.8380000000006476,-0.5,20.2,0.0
2026-02-07T18:00:00Z,1.751999999999498,-0.2,20.2,0.0
2026-02-07T19:00:00Z,1.6630000000004657,-0.2,18.9,0.0
2026-02-07T20:00:00Z,1.625,-0.3,18.2,0.0
2026-02-07T21:00:00Z,1.4290000000000873,-0.2,18.4,0.0
2026-02-07T22:00:00Z,1.3419999999996435,-0.2,18.0,0.0
2026-02-07T23:00:00Z,1.2709999999997308,-0.2,17.5,0.0
2026-02-08T00:00:00Z,1.3230000000003201,-0.6,20.5,0.0
2026-02-08T01:00:00Z,1.3599999999996726,-1.0,19.8,0.0
2026-02-08T02:00:00Z,1.274000000000342,-1.1,18.8,0.0
2026-02-08T03:00:00Z,1.1959999999999127,-1.3,18.1,0.0
2026-02-08T04:00:00Z,1.181999999999789,-1.4,17.6,0.0
2026-02-08T05:00:00Z,1.186000000000604,-1.5,17.6,0.0
2026-02-08T06:00:00Z,1.2599999999993088,-1.9,17.5,0.0
2026-02-08T07:00:00Z,1.2510000000002037,-1.9,17.6,0.0
2026-02-08T08:00:00Z,1.180000000000291,-1.7,17.8,18.0
2026-02-08T09:00:00Z,1.2879999999995562,-1.4,18.0,48.0
2026-02-08T10:00:00Z,1.1300000000001091,-1.0,19.5,64.0
2026-02-08T11:00:00Z,1.212999999999738,-0.9,18.6,90.0
2026-02-08T12:00:00Z,1.280999999999949,-1.0,17.7,99.0
2026-02-08T13:00:00Z,1.2310000000006767,-0.1,19.3,84.0
2026-02-08T14:00:00Z,0.5399999999999636,-0.2,19.9,67.0
2026-02-08T15:00:00Z,0.04699999999957072,-0.4,20.6,40.0
2026-02-08T16:00:00Z,0.046000000000276486,-0.3,22.3,11.0
2026-02-08T17:00:00Z,0.046000000000276486,-0.6,23.1,0.0
2026-02-08T18:00:00Z,1.0349999999998545,-0.9,21.5,0.0
2026-02-08T19:00:00Z,2.286000000000058,-1.0,20.9,0.0
2026-02-08T20:00:00Z,1.3279999999995198,-1.0,21.0,0.0
2026-02-08T21:00:00Z,0.98700000000008,-1.0,20.8,0.0
2026-02-08T22:00:00Z,0.8090000000001965,-0.9,20.9,0.0
2026-02-08T23:00:00Z,0.8230000000003201,-0.9,20.8,0.0
2026-02-09T00:00:00Z,1.2109999999993306,-1.1,20.7,0.0
2026-02-09T01:00:00Z,0.7899999999999636,-1.2,19.6,0.0
2026-02-09T02:00:00Z,1.2200000000002547,-1.1,19.1,0.0
2026-02-09T03:00:00Z,0.8779999999997017,-0.9,20.0,0.0
2026-02-09T04:00:00Z,1.1460000000006403,-0.9,21.3,0.0
2026-02-09T05:00:00Z,0.9340000000001965,-1.0,21.1,0.0
2026-02-09T06:00:00Z,1.1519999999991342,-1.6,19.2,0.0
2026-02-09T07:00:00Z,1.2830000000003565,-1.5,18.7,0.0
2026-02-09T08:00:00Z,1.2669999999998254,-1.0,18.3,14.0
2026-02-09T09:00:00Z,1.1130000000002838,-0.4,18.2,49.0
2026-02-09T10:00:00Z,1.068000000000211,-0.2,17.6,76.0
2026-02-09T11:00:00Z,1.1369999999997162,-0.2,17.4,101.0
2026-02-09T12:00:00Z,0.8659999999999854,-0.6,18.6,108.0
2026-02-09T13:00:00Z,0.9210000000002765,-0.6,17.4,88.0
2026-02-09T14:00:00Z,0.9409999999998035,-0.6,17.1,75.0
2026-02-09T15:00:00Z,1.042000000000371,-0.7,16.1,44.0
2026-02-09T16:00:00Z,1.1299999999991996,-0.8,15.3,13.0
2026-02-09T17:00:00Z,1.204000000000633,-0.7,15.6,0.0
2026-02-09T18:00:00Z,1.0659999999998035,-0.7,16.0,0.0
2026-02-09T19:00:00Z,1.1629999999995562,-0.6,15.6,0.0
2026-02-09T20:00:00Z,1.094000000000051,-0.5,14.9,0.0
2026-02-09T21:00:00Z,1.285000000000764,-0.4,13.0,0.0
2026-02-09T22:00:00Z,1.2489999999997963,-0.3,11.5,0.0
2026-02-09T23:00:00Z,1.3629999999993743,-0.2,10.3,0.0
2026-02-10T00:00:00Z,1.3960000000006403,-0.2,10.2,0.0
2026-02-10T01:00:00Z,1.3919999999998254,-0.2,9.8,0.0
2026-02-10T02:00:00Z,1.530999999999949,-0.2,9.5,0.0
2026-02-10T03:00:00Z,1.5270000000000437,-0.2,9.7,0.0
2026-02-10T04:00:00Z,1.4420000000000073,-0.2,10.7,0.0
2026-02-10T05:00:00Z,1.457999999999629,-0.1,10.6,0.0
2026-02-10T06:00:00Z,1.4340000000001965,-0.2,11.5,0.0
2026-02-10T07:00:00Z,1.4380000000001019,-0.2,11.2,0.0
2026-02-10T08:00:00Z,1.4239999999999782,-0.1,11.9,22.0
2026-02-10T09:00:00Z,1.4149999999999636,0.0,12.9,57.0
2026-02-10T10:00:00Z,1.2380000000002838,0.2,15.3,99.0
2026-02-10T11:00:00Z,1.126999999999498,0.3,16.4,125.0
2026-02-10T12:00:00Z,1.160000000000764,0.0,16.7,136.0
2026-02-10T13:00:00Z,1.0409999999992579,-0.1,15.3,124.0
2026-02-10T14:00:00Z,1.1390000000001237,-0.1,15.8,111.0
2026-02-10T15:00:00Z,1.136000000000422,-0.2,15.5,73.0
2026-02-10T16:00:00Z,1.1790000000000873,-0.4,15.7,19.0
2026-02-10T17:00:00Z,1.0909999999994398,-0.4,15.9,0.0
2026-02-10T18:00:00Z,1.2070000000003347,-0.3,16.2,0.0
2026-02-10T19:00:00Z,1.269999999999527,-0.3,16.3,0.0
2026-02-10T20:00:00Z,1.2970000000004802,-0.2,16.0,0.0
2026-02-10T21:00:00Z,1.09900000000016,0.0,15.6,0.0
2026-02-10T22:00:00Z,1.1169999999992797,0.1,15.4,0.0
2026-02-10T23:00:00Z,1.178000000000793,0.0,15.1,0.0
2026-02-11T00:00:00Z,1.16399999999976,-0.4,15.8,0.0
2026-02-11T01:00:00Z,1.3009999999994761,-0.3,15.5,0.0
2026-02-11T02:00:00Z,1.2490000000007058,-0.2,15.6,0.0
2026-02-11T03:00:00Z,1.2419999999992797,-0.2,15.8,0.0
2026-02-11T04:00:00Z,1.2090000000007421,-0.1,15.9,0.0
2026-02-11T05:00:00Z,1.1340000000000146,0.1,15.7,0.0
2026-02-11T06:00:00Z,1.043999999999869,0.1,16.1,0.0
2026-02-11T07:00:00Z,0.6909999999998035,0.2,16.7,0.0
2026-02-11T08:00:00Z,0.8299999999999272,0.4,16.4,21.0
2026-02-11T09:00:00Z,0.8710000000000946,0.5,15.8,62.0
2026-02-11T10:00:00Z,0.9880000000002838,0.6,14.0,127.0
2026-02-11T11:00:00Z,0.9579999999996289,0.9,14.9,219.0
2026-02-11T12:00:00Z,0.831000000000131,0.7,15.8,226.0
2026-02-11T13:00:00Z,0.9039999999995416,0.6,14.2,141.0
2026-02-11T14:00:00Z,0.7100000000000364,0.6,14.1,115.0
2026-02-11T15:00:00Z,0.8969999999999345,0.6,14.4,60.0
2026-02-11T16:00:00Z,0.7680000000000291,0.4,14.4,19.0
2026-02-11T17:00:00Z,0.9059999999999491,0.4,15.8,0.0
2026-02-11T18:00:00Z,0.7600000000002183,0.4,16.7,0.0
2026-02-11T19:00:00Z,0.9520000000002256,0.2,15.9,0.0
2026-02-11T20:00:00Z,0.9420000000000073,0.0,17.3,0.0
2026-02-11T21:00:00Z,0.7950000000000728,-0.2,17.8,0.0
2026-02-11T22:00:00Z,0.9149999999999636,-0.5,17.9,0.0
2026-02-11T23:00:00Z,0.8779999999997017,-0.8,18.1,0.0
2026-02-12T00:00:00Z,0.9960000000000946,-1.0,18.1,0.0
2026-02-12T01:00:00Z,1.1729999999997744,-1.1,19.2,0.0
2026-02-12T02:00:00Z,1.0570000000006985,-1.0,19.7,0.0
2026-02-12T03:00:00Z,0.8159999999998035,-0.9,19.0,0.0
2026-02-12T04:00:00Z,0.8679999999994834,-0.9,19.6,0.0
2026-02-12T05:00:00Z,0.9190000000007785,-0.8,20.4,0.0
2026-02-12T06:00:00Z,0.8440000000000509,-0.8,21.9,0.0
2026-02-12T07:00:00Z,1.0989999999992506,-0.6,21.6,0.0
2026-02-12T08:00:00Z,1.042000000000371,-0.4,21.3,15.0
2026-02-12T09:00:00Z,1.0609999999996944,-0.2,21.6,40.0
2026-02-12T10:00:00Z,0.9800000000004729,0.0,22.1,64.0
2026-02-12T11:00:00Z,1.1080000000001746,-0.1,18.8,98.0
2026-02-12T12:00:00Z,1.0760000000000218,-0.2,21.1,147.0
2026-02-12T13:00:00Z,1.043999999999869,-0.2,22.4,88.0
2026-02-12T14:00:00Z,1.018000000000029,-0.2,23.2,58.0
2026-02-12T15:00:00Z,1.0169999999998254,-0.2,23.4,48.0
2026-02-12T16:00:00Z,1.069999999999709,-0.4,22.0,15.0
2026-02-12T17:00:00Z,1.0579999999999927,-0.4,22.3,0.0
2026-02-12T18:00:00Z,1.0,-0.8,22.5,0.0
2026-02-12T19:00:00Z,1.09900000000016,-0.8,22.0,0.0
2026-02-12T20:00:00Z,1.0929999999998472,-0.7,21.6,0.0
2026-02-12T21:00:00Z,1.1010000000005675,-0.6,20.9,0.0
2026-02-12T22:00:00Z,1.2269999999998618,-0.7,20.3,0.0
2026-02-12T23:00:00Z,1.2139999999999418,-1.1,21.3,0.0
2026-02-13T00:00:00Z,1.0509999999994761,-1.7,20.6,0.0
2026-02-13T01:00:00Z,1.2200000000002547,-2.2,18.9,0.0
2026-02-13T02:00:00Z,1.0640000000003056,-2.3,18.3,0.0
2026-02-13T03:00:00Z,0.876999999999498,-2.5,17.9,0.0
2026-02-13T04:00:00Z,1.3710000000000946,-2.5,16.8,0.0
2026-02-13T05:00:00Z,1.0850000000000364,-2.9,15.7,0.0
2026-02-13T06:00:00Z,1.1400000000003274,-3.5,16.4,0.0
2026-02-13T07:00:00Z,1.52599999999984,-3.5,16.6,1.0
2026-02-13T08:00:00Z,1.1109999999998763,-3.0,17.1,22.0
2026-02-13T09:00:00Z,1.5060000000003129,-2.9,15.5,62.0
2026-02-13T10:00:00Z,1.293999999999869,-2.7,15.8,101.0
2026-02-13T11:00:00Z,1.1289999999999054,-2.5,15.2,161.0
2026-02-13T12:00:00Z,1.2969999999995707,-2.7,15.0,149.0
2026-02-13T13:00:00Z,1.0360000000000582,-2.5,14.0,190.0
2026-02-13T14:00:00Z,0.8119999999998981,-2.5,12.1,151.0
2026-02-13T15:00:00Z,0.8340000000007421,-2.7,11.1,101.0
2026-02-13T16:00:00Z,0.8930000000000291,-3.4,10.5,41.0
2026-02-13T17:00:00Z,1.6219999999993888,-3.7,11.5,0.0
2026-02-13T18:00:00Z,1.2880000000004657,-4.0,11.7,0.0
2026-02-13T19:00:00Z,1.1799999999993815,-3.8,11.7,0.0
2026-02-13T20:00:00Z,1.47400000000016,-3.7,11.6,0.0
2026-02-13T21:00:00Z,1.412000000000262,-3.6,12.8,0.0
2026-02-13T22:00:00Z,1.0140000000001237,-3.5,12.7,0.0
2026-02-13T23:00:00Z,0.9629999999997381,-3.5,12.1,0.0
2026-02-14T00:00:00Z,1.5479999999997744,-4.1,11.0,0.0
2026-02-14T01:00:00Z,1.2710000000006403,-4.2,11.7,0.0
2026-02-14T02:00:00Z,1.0360000000000582,-4.4,11.9,0.0
2026-02-14T03:00:00Z,1.2169999999996435,-4.6,11.5,0.0
2026-02-14T04:00:00Z,1.9229999999997744,-4.8,11.4,0.0
2026-02-14T05:00:00Z,1.5320000000001528,-5.2,10.7,0.0
2026-02-14T06:00:00Z,1.8850000000002183,-6.2,11.5,0.0
2026-02-14T07:00:00Z,1.626999999999498,-6.5,11.2,2.0
2026-02-14T08:00:00Z,1.8270000000002256,-5.9,10.8,52.0
2026-02-14T09:00:00Z,1.2330000000001746,-5.2,9.5,152.0
2026-02-14T10:00:00Z,0.9750000000003638,-4.3,10.2,260.0
2026-02-14T11:00:00Z,0.9569999999994252,-3.7,9.4,322.0
2026-02-14T12:00:00Z,1.3079999999999927,-2.5,9.6,372.0
2026-02-14T13:00:00Z,0.9840000000003783,-2.8,9.5,354.0
2026-02-14T14:00:00Z,0.7409999999999854,-2.9,9.6,279.0
2026-02-14T15:00:00Z,0.7229999999999563,-3.5,7.2,172.0
2026-02-14T16:00:00Z,0.7200000000002547,-4.6,6.7,53.0
2026-02-14T17:00:00Z,0.7699999999995271,-5.3,6.1,0.0
2026-02-14T18:00:00Z,0.9600000000000364,-5.7,5.0,0.0
2026-02-14T19:00:00Z,0.9650000000001455,-6.1,4.2,0.0
2026-02-14T20:00:00Z,0.9650000000001455,-5.6,1.4,0.0
2026-02-14T21:00:00Z,1.4349999999994907,-6.2,0.4,0.0
2026-02-14T22:00:00Z,1.4200000000000728,-6.7,0.9,0.0
2026-02-14T23:00:00Z,1.5479999999997744,-7.4,2.0,0.0
2026-02-15T00:00:00Z,1.8390000000008513,-9.8,2.4,0.0
2026-02-15T01:00:00Z,2.744999999999891,-11.1,1.4,0.0
2026-02-15T02:00:00Z,3.105999999999767,-11.9,2.8,0.0
2026-02-15T03:00:00Z,3.088999999999942,-11.9,1.2,0.0
2026-02-15T04:00:00Z,2.981999999999971,-11.4,0.4,0.0
2026-02-15T05:00:00Z,3.2700000000004366,-10.9,1.3,0.0
2026-02-15T06:00:00Z,2.8799999999991996,-10.9,1.1,0.0
2026-02-15T07:00:00Z,2.661000000000058,-11.1,1.6,3.0
2026-02-15T08:00:00Z,2.668000000000575,-9.4,5.6,80.0
2026-02-15T09:00:00Z,2.61200000000008,-5.7,8.2,202.0
2026-02-15T10:00:00Z,1.3989999999994325,-4.2,9.6,302.0
2026-02-15T11:00:00Z,0.9020000000000437,-3.2,13.4,363.0
2026-02-15T12:00:00Z,0.73700000000008,-2.2,17.0,376.0
2026-02-15T13:00:00Z,0.7359999999998763,-2.3,18.8,333.0
2026-02-15T14:00:00Z,0.7290000000002692,-2.5,16.5,202.0
2026-02-15T15:00:00Z,0.7309999999997672,-2.8,17.8,120.0
2026-02-15T16:00:00Z,0.7620000000006257,-3.2,18.8,53.0
2026-02-15T17:00:00Z,0.9709999999995489,-3.4,21.3,1.0
2026-02-15T18:00:00Z,0.9769999999998618,-3.0,23.6,0.0
2026-02-15T19:00:00Z,0.967000000000553,-2.8,25.1,0.0
2026-02-15T20:00:00Z,0.9629999999997381,-2.8,25.9,0.0
2026-02-15T21:00:00Z,0.9629999999997381,-3.0,25.7,0.0
2026-02-15T22:00:00Z,0.9520000000002256,-3.0,26.6,0.0
2026-02-15T23:00:00Z,1.3469999999997526,-3.1,27.3,0.0
2026-02-16T00:00:00Z,1.3919999999998254,-3.0,26.8,0.0
2026-02-16T01:00:00Z,0.9020000000000437,-3.2,27.8,0.0
2026-02-16T02:00:00Z,0.9000000000005457,-3.1,29.6,0.0
2026-02-16T03:00:00Z,0.8989999999994325,-3.1,29.4,0.0
2026-02-16T04:00:00Z,0.9040000000004511,-3.0,29.1,0.0
2026-02-16T05:00:00Z,0.8940000000002328,-3.0,28.9,0.0
2026-02-16T06:00:00Z,0.9219999999995707,-2.9,28.5,0.0
2026-02-16T07:00:00Z,1.0079999999998108,-3.0,31.3,2.0
2026-02-16T08:00:00Z,1.7590000000000146,-3.0,31.3,38.0
2026-02-16T09:00:00Z,1.2860000000000582,-2.9,32.9,96.0
2026-02-16T10:00:00Z,0.8789999999999054,-2.7,34.5,160.0
2026-02-16T11:00:00Z,0.8350000000000364,-2.8,35.0,187.0
2026-02-16T12:00:00Z,0.829000000000633,-2.7,34.5,222.0
2026-02-16T13:00:00Z,0.8329999999996289,-2.7,33.8,202.0
2026-02-16T14:00:00Z,0.8299999999999272,-2.6,33.1,145.0
2026-02-16T15:00:00Z,0.8370000000004438,-2.7,31.9,94.0
2026-02-16T16:00:00Z,0.8329999999996289,-2.7,33.0,37.0
2026-02-16T17:00:00Z,0.8289999999997235,-2.5,34.1,1.0
2026-02-16T18:00:00Z,0.8230000000003201,-2.5,30.7,0.0
2026-02-16T19:00:00Z,0.8260000000000218,-2.5,31.0,0.0
2026-02-16T20:00:00Z,0.8249999999998181,-2.5,30.3,0.0
2026-02-16T21:00:00Z,0.8280000000004293,-2.5,28.2,0.0
2026-02-16T22:00:00Z,1.0409999999992579,-2.8,26.7,0.0
2026-02-16T23:00:00Z,1.0620000000008076,-2.8,25.6,0.0
2026-02-17T00:00:00Z,1.0619999999998981,-3.0,24.7,0.0
2026-02-17T01:00:00Z,1.058999999999287,-3.2,22.8,0.0
2026-02-17T02:00:00Z,1.066000000000713,-3.2,22.0,0.0
2026-02-17T03:00:00Z,1.063999999999396,-3.2,20.8,0.0
2026-02-17T04:00:00Z,1.0640000000003056,-3.2,19.7,0.0
2026-02-17T05:00:00Z,1.731999999999971,-3.2,19.2,0.0
2026-02-17T06:00:00Z,1.4179999999996653,-3.6,19.9,0.0
2026-02-17T07:00:00Z,1.3060000000004948,-3.7,19.8,4.0
2026-02-17T08:00:00Z,1.4569999999994252,-3.4,19.1,64.0
2026-02-17T09:00:00Z,1.5670000000000073,-3.0,20.1,173.0
2026-02-17T10:00:00Z,0.9900000000006912,-2.6,21.2,256.0
2026-02-17T11:00:00Z,0.8090000000001965,-2.3,20.6,303.0
2026-02-17T12:00:00Z,0.793999999999869,-2.2,19.6,327.0
2026-02-17T13:00:00Z,0.8209999999999127,-2.4,18.0,250.0
2026-02-17T14:00:00Z,1.2460000000000946,-2.3,15.6,208.0
2026-02-17T15:00:00Z,1.345999999999549,-2.2,12.3,134.0
2026-02-17T16:00:00Z,0.9830000000001746,-2.6,10.8,43.0
2026-02-17T17:00:00Z,0.9570000000003347,-2.9,11.4,1.0
2026-02-17T18:00:00Z,0.9579999999996289,-3.0,13.0,0.0
2026-02-17T19:00:00Z,0.9840000000003783,-3.8,10.4,0.0
2026-02-17T20:00:00Z,1.875,-4.4,7.7,0.0
2026-02-17T21:00:00Z,1.699999999999818,-4.9,8.0,0.0
2026-02-17T22:00:00Z,1.6239999999997963,-5.2,8.5,0.0
2026-02-17T23:00:00Z,1.600999999999658,-5.8,8.1,0.0
2026-02-18T00:00:00Z,2.0039999999999054,-6.4,9.8,0.0
2026-02-18T01:00:00Z,2.0900000000001455,-7.8,7.1,0.0
2026-02-18T02:00:00Z,2.019000000000233,-8.4,5.4,0.0
2026-02-18T03:00:00Z,3.0339999999996508,-9.1,5.5,0.0
2026-02-18T04:00:00Z,2.861000000000786,-9.8,5.5,0.0
2026-02-18T05:00:00Z,2.6569999999992433,-9.4,5.6,0.0
2026-02-18T06:00:00Z,2.643000000000029,-10.1,4.5,0.0
2026-02-18T07:00:00Z,2.58600000000024,-11.1,5.0,6.0
2026-02-18T08:00:00Z,2.2830000000003565,-7.1,5.3,74.0
2026-02-18T09:00:00Z,2.006999999999607,-5.0,6.5,127.0
2026-02-18T10:00:00Z,1.443000000000211,-3.2,7.2,187.0
2026-02-18T11:00:00Z,1.376999999999498,-2.5,10.0,191.0
2026-02-18T12:00:00Z,1.6330000000007203,-1.7,13.8,191.0
2026-02-18T13:00:00Z,0.9539999999997235,-2.0,12.0,133.0
2026-02-18T14:00:00Z,0.7709999999997308,-1.5,11.6,136.0
2026-02-18T15:00:00Z,0.7890000000006694,-1.1,10.5,153.0
2026-02-18T16:00:00Z,0.819999999999709,-1.4,10.1,38.0
2026-02-18T17:00:00Z,1.082999999999629,-1.5,10.8,1.0
2026-02-18T18:00:00Z,1.761000000000422,-2.3,13.4,0.0
2026-02-18T19:00:00Z,1.66399999999976,-3.1,11.9,0.0
2026-02-18T20:00:00Z,1.5299999999997453,-4.0,13.2,0.0
2026-02-18T21:00:00Z,2.1320000000005166,-4.1,14.3,0.0
2026-02-18T22:00:00Z,1.7049999999999272,-4.2,14.7,0.0
2026-02-18T23:00:00Z,2.4459999999999127,-4.1,14.4,0.0
2026-02-19T00:00:00Z,1.832999999999629,-3.9,12.0,0.0
2026-02-19T01:00:00Z,1.5840000000007421,-2.7,13.2,0.0
2026-02-19T02:00:00Z,1.720999999999549,-3.3,12.7,0.0
2026-02-19T03:00:00Z,1.9679999999998472,-3.9,11.8,0.0
2026-02-19T04:00:00Z,1.8739999999997963,-3.0,10.6,0.0
2026-02-19T05:00:00Z,1.8430000000007567,-3.0,7.6,0.0
2026-02-19T06:00:00Z,2.1309999999994034,-4.1,6.8,0.0
2026-02-19T07:00:00Z,2.1400000000003274,-4.9,8.0,7.0
2026-02-19T08:00:00Z,1.8699999999998909,-5.1,7.2,77.0
2026-02-19T09:00:00Z,1.5760000000000218,-4.8,6.1,177.0
2026-02-19T10:00:00Z,1.3119999999998981,-4.0,5.7,285.0
2026-02-19T11:00:00Z,1.2250000000003638,-3.0,4.6,379.0
2026-02-19T12:00:00Z,1.113999999999578,-2.2,5.1,413.0
2026-02-19T13:00:00Z,0.7880000000004657,-1.9,5.9,385.0
2026-02-19T14:00:00Z,0.6189999999996871,-1.9,5.0,314.0
2026-02-19T15:00:00Z,0.7200000000002547,-2.8,3.2,207.0
2026-02-19T16:00:00Z,0.7950000000000728,-4.8,3.0,82.0
2026-02-19T17:00:00Z,1.113999999999578,-6.8,6.1,3.0
2026-02-19T18:00:00Z,1.2010000000000218,-6.3,8.6,0.0
2026-02-19T19:00:00Z,1.1970000000001164,-8.1,6.4,0.0
2026-02-19T20:00:00Z,1.3320000000003347,-9.3,2.6,0.0
2026-02-19T21:00:00Z,2.3239999999996144,-9.6,1.4,0.0
2026-02-19T22:00:00Z,2.305000000000291,-10.6,3.5,0.0
2026-02-19T23:00:00Z,2.1920000000000073,-11.1,4.0,0.0
2026-02-20T00:00:00Z,2.6289999999999054,-10.6,4.8,0.0
2026-02-20T01:00:00Z,2.619999999999891,-10.1,4.6,0.0
2026-02-20T02:00:00Z,2.3189999999995052,-9.1,4.3,0.0
2026-02-20T03:00:00Z,2.4260000000003856,-8.0,4.2,0.0
2026-02-20T04:00:00Z,2.475000000000364,-6.1,6.0,0.0
2026-02-20T05:00:00Z,2.3939999999993233,-5.1,8.9,0.0
2026-02-20T06:00:00Z,2.2130000000006476,-5.2,11.7,0.0
2026-02-20T07:00:00Z,2.0999999999994543,-4.6,14.9,7.0
2026-02-20T08:00:00Z,1.6450000000004366,-3.8,18.4,66.0
2026-02-20T09:00:00Z,1.1359999999995125,-3.1,20.1,155.0
2026-02-20T10:00:00Z,0.9000000000005457,-2.8,21.0,210.0
2026-02-20T11:00:00Z,1.0850000000000364,-2.5,19.3,289.0
2026-02-20T12:00:00Z,0.795999999999367,-2.0,22.4,323.0
2026-02-20T13:00:00Z,0.7319999999999709,-2.1,23.5,302.0
2026-02-20T14:00:00Z,0.7360000000007858,-2.1,23.7,264.0
2026-02-20T15:00:00Z,0.7329999999992651,-2.1,25.6,169.0
2026-02-20T16:00:00Z,0.7300000000004729,-2.0,25.5,56.0
2026-02-20T17:00:00Z,0.7339999999994689,-1.9,24.9,3.0
2026-02-20T18:00:00Z,0.7409999999999854,-1.4,25.2,0.0
2026-02-20T19:00:00Z,0.75,-1.4,24.8,0.0
2026-02-20T20:00:00Z,0.7520000000004075,-1.2,23.8,0.0
2026-02-20T21:00:00Z,1.2010000000000218,-0.8,22.5,0.0
2026-02-20T22:00:00Z,1.0489999999999782,-0.5,21.6,0.0
2026-02-20T23:00:00Z,1.1300000000001091,-0.2,20.7,0.0
2026-02-21T00:00:00Z,0.9729999999999563,0.0,19.7,0.0
2026-02-21T01:00:00Z,0.7680000000000291,0.3,20.3,0.0
2026-02-21T02:00:00Z,0.98700000000008,0.9,21.4,0.0
2026-02-21T03:00:00Z,1.0230000000001382,1.1,21.5,0.0
2026-02-21T04:00:00Z,1.0949999999993452,1.1,20.6,0.0
2026-02-21T05:00:00Z,1.0560000000004948,0.6,20.3,0.0
2026-02-21T06:00:00Z,1.0689999999995052,0.8,18.0,0.0
2026-02-21T07:00:00Z,1.0700000000006185,1.3,13.7,2.0
2026-02-21T08:00:00Z,1.0559999999995853,1.8,15.3,28.0
2026-02-21T09:00:00Z,1.0740000000005239,2.2,15.7,81.0
2026-02-21T10:00:00Z,0.9829999999992651,2.6,17.8,82.0
2026-02-21T11:00:00Z,0.7860000000000582,3.3,19.5,170.0
2026-02-21T12:00:00Z,0.8090000000001965,3.8,20.8,195.0
2026-02-21T13:00:00Z,0.75,3.7,20.2,194.0
2026-02-21T14:00:00Z,0.774000000000342,3.5,21.5,89.0
2026-02-21T15:00:00Z,0.6880000000001019,3.2,23.9,42.0
2026-02-21T16:00:00Z,1.5859999999993306,3.1,25.2,17.0
2026-02-21T17:00:00Z,1.6640000000006694,2.9,25.4,1.0
2026-02-21T18:00:00Z,1.7159999999994398,2.8,24.9,0.0
2026-02-21T19:00:00Z,1.7280000000000655,2.0,25.1,0.0
2026-02-21T20:00:00Z,0.998000000000502,1.6,23.9,0.0
2026-02-21T21:00:00Z,1.076999999999316,1.4,23.6,0.0
2026-02-21T22:00:00Z,0.7160000000003492,1.4,22.0,0.0
2026-02-21T23:00:00Z,0.8339999999998327,1.1,18.0,0.0
2026-02-22T00:00:00Z,0.76299999999992,0.9,15.2,0.0
2026-02-22T01:00:00Z,1.1109999999998763,0.4,11.5,0.0
2026-02-22T02:00:00Z,1.1350000000002183,0.1,7.4,0.0
2026-02-22T03:00:00Z,1.2010000000000218,0.3,8.7,0.0
2026-02-22T04:00:00Z,1.1790000000000873,0.3,4.4,0.0
2026-02-22T05:00:00Z,1.154000000000451,0.1,3.8,0.0
2026-02-22T06:00:00Z,1.1769999999996799,0.4,7.7,0.0
2026-02-22T07:00:00Z,1.1890000000003056,0.3,9.2,3.0
2026-02-22T08:00:00Z,1.227999999999156,0.4,13.4,15.0
2026-02-22T09:00:00Z,1.1720000000004802,0.4,17.1,30.0
2026-02-22T10:00:00Z,1.1580000000003565,0.6,18.2,66.0
2026-02-22T11:00:00Z,0.9299999999993815,0.7,19.9,80.0
2026-02-22T12:00:00Z,0.9180000000005748,0.8,20.5,136.0
2026-02-22T13:00:00Z,0.9459999999999127,0.7,20.2,85.0
2026-02-22T14:00:00Z,0.9909999999999854,0.9,18.3,81.0
2026-02-22T15:00:00Z,1.0509999999994761,0.9,15.0,48.0
2026-02-22T16:00:00Z,1.0169999999998254,0.8,12.6,18.0
2026-02-22T17:00:00Z,1.0740000000005239,0.6,10.8,2.0
2026-02-22T18:00:00Z,0.9740000000001601,0.7,10.0,0.0
2026-02-22T19:00:00Z,1.0720000000001164,0.7,3.8,0.0
2026-02-22T20:00:00Z,1.0779999999995198,1.4,7.7,0.0
2026-02-22T21:00:00Z,1.0519999999996799,2.3,15.7,0.0
2026-02-22T22:00:00Z,0.9790000000002692,3.1,20.9,0.0
2026-02-22T23:00:00Z,0.7200000000002547,3.2,19.7,0.0
2026-02-23T00:00:00Z,0.694999999999709,2.8,17.9,0.0
2026-02-23T01:00:00Z,0.9059999999999491,2.6,18.5,0.0
2026-02-23T02:00:00Z,0.954000000000633,2.5,17.3,0.0
2026-02-23T03:00:00Z,0.9409999999998035,2.5,16.6,0.0
2026-02-23T04:00:00Z,1.0100000000002183,2.5,14.9,0.0
2026-02-23T05:00:00Z,0.9949999999998909,2.5,15.5,0.0
2026-02-23T06:00:00Z,1.014999999999418,2.7,13.7,0.0
2026-02-23T07:00:00Z,1.0489999999999782,2.8,17.2,8.0
2026-02-23T08:00:00Z,1.0,3.3,17.2,28.0
2026-02-23T09:00:00Z,1.061000000000604,3.7,17.4,53.0
2026-02-23T10:00:00Z,0.8849999999993088,4.8,21.4,161.0
2026-02-23T11:00:00Z,0.9329999999999927,5.8,22.0,237.0
2026-02-23T12:00:00Z,0.7780000000002474,5.2,22.6,198.0
2026-02-23T13:00:00Z,0.7470000000002983,5.2,19.4,152.0
2026-02-23T14:00:00Z,0.5950000000002547,5.2,16.1,103.0
2026-02-23T15:00:00Z,0.5919999999996435,5.1,15.3,74.0
2026-02-23T16:00:00Z,0.7830000000003565,4.8,14.3,41.0
2026-02-23T17:00:00Z,0.7139999999999418,4.2,13.3,3.0
2026-02-23T18:00:00Z,0.7680000000000291,2.7,11.7,0.0
2026-02-23T19:00:00Z,1.0219999999999345,2.0,12.5,0.0
2026-02-23T20:00:00Z,0.8269999999993161,2.2,13.3,0.0
2026-02-23T21:00:00Z,0.9030000000002474,2.5,13.6,0.0
2026-02-23T22:00:00Z,0.6530000000002474,2.5,12.7,0.0
2026-02-23T23:00:00Z,0.7359999999998763,2.2,11.2,0.0
2026-02-24T00:00:00Z,0.7590000000000146,3.2,11.7,0.0
2026-02-24T01:00:00Z,0.7510000000002037,2.6,11.3,0.0
2026-02-24T02:00:00Z,0.7640000000001237,2.0,11.2,0.0
2026-02-24T03:00:00Z,0.8819999999996071,2.0,10.8,0.0
2026-02-24T04:00:00Z,0.9909999999999854,2.1,8.6,0.0
2026-02-24T05:00:00Z,0.9400000000005093,2.0,8.4,0.0
2026-02-24T06:00:00Z,1.0819999999994252,2.0,10.7,0.0
2026-02-24T07:00:00Z,1.0929999999998472,1.9,11.6,5.0
2026-02-24T08:00:00Z,1.125,1.9,10.3,27.0
2026-02-24T09:00:00Z,1.0740000000005239,2.1,11.6,65.0
2026-02-24T10:00:00Z,1.0590000000001965,3.0,13.1,131.0
2026-02-24T11:00:00Z,0.944999999999709,3.9,11.2,195.0
2026-02-24T12:00:00Z,0.8360000000002401,3.0,11.5,262.0
2026-02-24T13:00:00Z,0.5979999999999563,3.2,11.0,169.0
2026-02-24T14:00:00Z,0.7219999999997526,2.7,10.8,102.0
2026-02-24T15:00:00Z,0.8270000000002256,2.3,9.9,83.0
2026-02-24T16:00:00Z,0.9519999999993161,1.8,9.8,35.0
2026-02-24T17:00:00Z,0.9549999999999272,1.4,7.5,3.0
2026-02-24T18:00:00Z,0.998000000000502,0.8,6.1,0.0
2026-02-24T19:00:00Z,1.050000000000182,0.6,6.0,0.0
2026-02-24T20:00:00Z,1.045999999999367,0.2,4.4,0.0
2026-02-24T21:00:00Z,1.0090000000000146,0.2,3.6,0.0
2026-02-24T22:00:00Z,1.0030000000006112,0.1,1.4,0.0
2026-02-24T23:00:00Z,0.9809999999997672,0.1,2.1,0.0
2026-02-25T00:00:00Z,0.9880000000002838,-0.2,5.1,0.0
2026-02-25T01:00:00Z,1.0249999999996362,-0.3,6.2,0.0
2026-02-25T02:00:00Z,0.9920000000001892,-0.3,7.3,0.0
2026-02-25T03:00:00Z,0.9790000000002692,-0.2,9.0,0.0
2026-02-25T04:00:00Z,0.9829999999992651,-0.1,11.1,0.0
2026-02-25T05:00:00Z,1.0340000000005602,-0.1,13.7,0.0
2026-02-25T06:00:00Z,1.0419999999994616,0.2,16.6,0.0
2026-02-25T07:00:00Z,1.0340000000005602,0.4,18.6,5.0
2026-02-25T08:00:00Z,1.0339999999996508,0.9,21.0,36.0
2026-02-25T09:00:00Z,1.15099999999984,1.2,22.1,61.0
2026-02-25T10:00:00Z,1.2710000000006403,1.4,21.4,64.0
2026-02-25T11:00:00Z,1.23700000000008,1.1,20.1,53.0
2026-02-25T12:00:00Z,1.2139999999999418,1.0,22.7,96.0
2026-02-25T13:00:00Z,1.1809999999995853,1.5,22.4,96.0
2026-02-25T14:00:00Z,1.1480000000001382,1.7,21.3,82.0
2026-02-25T15:00:00Z,1.194999999999709,1.5,20.2,37.0
2026-02-25T16:00:00Z,1.175000000000182,1.6,18.7,32.0
2026-02-25T17:00:00Z,1.056999999999789,1.2,18.3,6.0
2026-02-25T18:00:00Z,1.1810000000004948,1.5,19.4,0.0
2026-02-25T19:00:00Z,1.1769999999996799,1.8,19.0,0.0
2026-02-25T20:00:00Z,1.1649999999999636,1.6,19.1,0.0
2026-02-25T21:00:00Z,1.1850000000004002,1.7,19.1,0.0
2026-02-25T22:00:00Z,1.006999999999607,1.8,19.3,0.0
2026-02-25T23:00:00Z,0.8100000000004002,1.8,19.2,0.0
2026-02-26T00:00:00Z,0.9399999999995998,2.2,19.0,0.0
2026-02-26T01:00:00Z,0.8699999999998909,2.5,20.2,0.0
2026-02-26T02:00:00Z,0.7989999999999782,2.8,19.5,0.0
2026-02-26T03:00:00Z,0.9059999999999491,2.8,17.7,0.0
2026-02-26T04:00:00Z,0.8780000000006112,2.9,17.4,0.0
2026-02-26T05:00:00Z,0.7699999999995271,3.0,17.8,0.0
2026-02-26T06:00:00Z,0.6900000000005093,2.9,17.1,0.0
2026-02-26T07:00:00Z,0.7590000000000146,3.5,18.0,20.0
2026-02-26T08:00:00Z,0.670999999999367,5.2,18.6,114.0
2026-02-26T09:00:00Z,0.5889999999999418,6.8,20.8,171.0
2026-02-26T10:00:00Z,0.6670000000003711,8.4,20.8,263.0
2026-02-26T11:00:00Z,0.2139999999999418,8.6,23.5,244.0
2026-02-26T12:00:00Z,0.1459999999997308,8.6,19.6,269.0
2026-02-26T13:00:00Z,0.020000000000436557,10.1,22.2,308.0
2026-02-26T14:00:00Z,0.018000000000029104,10.1,18.6,260.0
2026-02-26T15:00:00Z,0.019999999999527063,9.3,15.5,137.0
2026-02-26T16:00:00Z,0.018000000000029104,8.9,16.4,56.0
2026-02-26T17:00:00Z,0.020000000000436557,7.8,17.8,8.0
2026-02-26T18:00:00Z,0.24799999999959255,7.7,19.4,0.0
2026-02-26T19:00:00Z,0.5749999999998181,8.0,21.1,0.0
2026-02-26T20:00:00Z,0.2110000000002401,7.9,19.8,0.0
2026-02-26T21:00:00Z,0.01900000000023283,7.9,22.4,0.0
2026-02-26T22:00:00Z,0.01900000000023283,7.9,19.1,0.0
2026-02-26T23:00:00Z,0.019999999999527063,7.1,13.2,0.0
2026-02-27T00:00:00Z,0.6350000000002183,7.3,13.6,0.0
2026-02-27T01:00:00Z,0.4420000000000073,6.5,12.5,0.0
2026-02-27T02:00:00Z,0.06599999999980355,7.3,18.4,0.0
2026-02-27T03:00:00Z,0.7449999999998909,7.4,17.3,0.0
2026-02-27T04:00:00Z,0.5450000000000728,7.2,17.7,0.0
2026-02-27T05:00:00Z,0.1639999999997599,7.1,18.7,0.0
2026-02-27T06:00:00Z,0.6690000000007785,7.8,19.8,0.0
2026-02-27T07:00:00Z,0.21199999999953434,7.8,19.9,6.0
2026-02-27T08:00:00Z,0.07600000000002183,8.4,22.0,40.0
2026-02-27T09:00:00Z,0.0820000000003347,8.7,22.0,57.0
2026-02-27T10:00:00Z,0.5180000000000291,10.4,22.1,228.0
2026-02-27T11:00:00Z,0.0819999999994252,11.1,24.0,241.0
2026-02-27T12:00:00Z,0.11599999999998545,11.2,23.1,242.0
2026-02-27T13:00:00Z,0.020000000000436557,11.1,24.7,164.0
2026-02-27T14:00:00Z,0.01900000000023283,10.1,19.4,48.0
2026-02-27T15:00:00Z,0.019999999999527063,9.9,18.1,38.0
2026-02-27T16:00:00Z,0.27000000000043656,9.6,16.2,29.0
2026-02-27T17:00:00Z,0.019999999999527063,8.9,12.7,2.0
2026-02-27T18:00:00Z,0.07700000000022555,8.6,10.8,0.0
2026-02-27T19:00:00Z,0.019999999999527063,8.0,10.2,0.0
2026-02-27T20:00:00Z,0.01900000000023283,7.7,9.8,0.0
2026-02-27T21:00:00Z,0.020000000000436557,7.1,7.0,0.0
2026-02-27T22:00:00Z,0.018999999999323336,6.2,7.3,0.0
2026-02-27T23:00:00Z,0.01900000000023283,5.4,4.0,0.0
2026-02-28T00:00:00Z,0.018000000000029104,6.3,12.4,0.0
2026-02-28T01:00:00Z,0.018000000000029104,6.3,11.6,0.0
2026-02-28T02:00:00Z,0.37700000000040745,5.9,11.4,0.0
2026-02-28T03:00:00Z,0.7349999999996726,5.9,10.6,0.0
2026-02-28T04:00:00Z,0.3170000000000073,6.4,10.5,0.0
2026-02-28T05:00:00Z,0.6059999999997672,6.6,9.3,0.0
2026-02-28T06:00:00Z,0.5780000000004293,7.2,9.2,0.0
2026-02-28T07:00:00Z,0.12600000000020373,6.9,7.5,7.0
2026-02-28T08:00:00Z,0.6299999999991996,7.6,9.0,63.0
2026-02-28T09:00:00Z,0.30600000000049477,8.6,9.3,117.0
2026-02-28T10:00:00Z,0.17399999999997817,8.9,9.7,157.0
2026-02-28T11:00:00Z,0.33100000000013097,9.0,9.4,127.0
2026-02-28T12:00:00Z,0.6340000000000146,9.6,11.0,82.0
2026-02-28T13:00:00Z,0.1459999999997308,9.2,11.6,71.0
2026-02-28T14:00:00Z,0.3350000000000364,10.1,15.6,120.0
2026-02-28T15:00:00Z,0.057999999999992724,9.8,18.5,39.0
2026-02-28T16:00:00Z,0.020000000000436557,9.1,17.6,59.0
2026-02-28T17:00:00Z,0.018999999999323336,8.1,16.2,11.0
2026-02-28T18:00:00Z,0.4149999999999636,7.6,11.4,0.0
2026-02-28T19:00:00Z,0.524000000000342,6.6,12.5,0.0
2026-02-28T20:00:00Z,0.07399999999961437,6.4,16.6,0.0
2026-02-28T21:00:00Z,0.6289999999999054,7.4,21.2,0.0
2026-02-28T22:00:00Z,0.5330000000003565,7.1,21.2,0.0
2026-02-28T23:00:00Z,0.5389999999997599,7.0,21.8,0.0
2026-03-01T00:00:00Z,0.5690000000004147,7.7,25.4,0.0
2026-03-01T01:00:00Z,0.5919999999996435,6.6,27.5,0.0
2026-03-01T02:00:00Z,0.6680000000005748,5.6,26.7,0.0
2026-03-01T03:00:00Z,0.5199999999995271,5.2,24.9,0.0
2026-03-01T04:00:00Z,0.5250000000005457,4.3,27.3,0.0
2026-03-01T05:00:00Z,0.5319999999992433,3.6,24.8,0.0
2026-03-01T06:00:00Z,0.5300000000006548,3.7,24.1,0.0
2026-03-01T07:00:00Z,0.5320000000001528,3.4,23.3,22.0
2026-03-01T08:00:00Z,0.5339999999996508,4.0,19.6,135.0
2026-03-01T09:00:00Z,0.532999999999447,5.1,28.3,265.0
2026-03-01T10:00:00Z,0.5280000000002474,5.9,25.1,276.0
2026-03-01T11:00:00Z,0.5309999999999491,7.0,18.8,393.0
2026-03-01T12:00:00Z,0.30600000000049477,7.8,23.3,443.0
2026-03-01T13:00:00Z,0.7109999999993306,6.8,21.7,258.0
2026-03-01T14:00:00Z,0.38000000000010914,6.8,20.1,250.0
2026-03-01T15:00:00Z,0.47299999999995634,6.6,15.9,188.0
2026-03-01T16:00:00Z,0.6530000000002474,6.1,14.8,107.0
2026-03-01T17:00:00Z,0.3720000000002983,4.6,12.3,17.0
2026-03-01T18:00:00Z,1.0760000000000218,4.4,12.6,0.0
2026-03-01T19:00:00Z,0.5900000000001455,4.3,11.6,0.0
2026-03-01T20:00:00Z,0.5389999999997599,3.8,10.3,0.0
2026-03-01T21:00:00Z,0.3580000000001746,3.9,9.7,0.0
2026-03-01T22:00:00Z,0.8999999999996362,4.7,10.9,0.0
2026-03-01T23:00:00Z,0.680000000000291,5.7,14.3,0.0
2026-03-02T00:00:00Z,0.5500000000001819,5.8,13.9,0.0
2026-03-02T01:00:00Z,0.49099999999998545,5.7,14.8,0.0
2026-03-02T02:00:00Z,0.5149999999994179,5.9,13.9,0.0
2026-03-02T03:00:00Z,0.6770000000005894,5.8,13.8,0.0
2026-03-02T04:00:00Z,0.43699999999989814,5.8,12.9,0.0
2026-03-02T05:00:00Z,0.7579999999998108,5.8,12.1,0.0
2026-03-02T06:00:00Z,0.44800000000032014,5.7,11.5,0.0
2026-03-02T07:00:00Z,0.727999999999156,5.8,11.9,15.0
2026-03-02T08:00:00Z,0.32700000000022555,6.8,11.1,68.0
2026-03-02T09:00:00Z,0.01900000000023283,7.2,10.7,69.0
2026-03-02T10:00:00Z,0.019999999999527063,8.1,10.4,106.0
2026-03-02T11:00:00Z,0.01700000000073487,8.7,11.0,114.0
2026-03-02T12:00:00Z,0.3679999999994834,9.7,11.4,117.0
2026-03-02T13:00:00Z,0.018000000000029104,10.7,9.7,294.0
2026-03-02T14:00:00Z,0.4639999999999418,11.2,9.6,278.0
2026-03-02T15:00:00Z,0.14900000000034197,11.0,8.0,183.0
2026-03-02T16:00:00Z,0.01900000000023283,9.7,6.5,107.0
2026-03-02T17:00:00Z,0.21299999999973807,7.8,7.6,16.0
2026-03-02T18:00:00Z,0.7160000000003492,7.8,9.7,0.0
2026-03-02T19:00:00Z,0.2969999999995707,7.2,10.3,0.0
2026-03-02T20:00:00Z,1.0140000000001237,6.7,9.5,0.0
2026-03-02T21:00:00Z,0.6359999999995125,6.1,9.3,0.0
2026-03-02T22:00:00Z,0.5450000000000728,5.4,10.4,0.0
2026-03-02T23:00:00Z,0.5480000000006839,5.2,11.9,0.0
2026-03-03T00:00:00Z,0.5489999999999782,4.4,10.3,0.0
2026-03-03T01:00:00Z,0.5760000000000218,4.1,9.9,0.0
2026-03-03T02:00:00Z,0.5739999999996144,4.3,10.9,0.0
2026-03-03T03:00:00Z,0.6229999999995925,4.6,11.3,0.0
2026-03-03T04:00:00Z,0.873000000000502,4.3,12.2,0.0
2026-03-03T05:00:00Z,1.219000000000051,4.1,13.1,0.0
2026-03-03T06:00:00Z,1.33600000000024,4.1,13.4,0.0
2026-03-03T07:00:00Z,1.393000000000029,4.7,14.8,35.0
2026-03-03T08:00:00Z,0.9769999999998618,6.2,15.6,146.0
2026-03-03T09:00:00Z,0.36999999999989086,8.2,13.9,265.0
2026-03-03T10:00:00Z,0.019999999999527063,10.1,14.0,351.0
2026-03-03T11:00:00Z,0.20200000000022555,11.4,15.7,432.0
2026-03-03T12:00:00Z,0.01900000000023283,12.3,15.5,447.0
2026-03-03T13:00:00Z,0.019999999999527063,12.1,17.4,416.0
2026-03-03T14:00:00Z,0.07300000000032014,11.3,17.4,340.0
2026-03-03T15:00:00Z,0.01900000000023283,9.9,18.6,242.0
2026-03-03T16:00:00Z,0.14199999999982538,8.6,15.8,119.0
2026-03-03T17:00:00Z,0.01900000000023283,6.6,12.9,21.0
2026-03-03T18:00:00Z,0.8329999999996289,5.5,13.5,0.0
2026-03-03T19:00:00Z,0.649000000000342,4.8,15.7,0.0
2026-03-03T20:00:00Z,0.5489999999999782,4.1,16.4,0.0
2026-03-03T21:00:00Z,0.5450000000000728,3.6,17.4,0.0
2026-03-03T22:00:00Z,0.5639999999993961,3.3,16.8,0.0
2026-03-03T23:00:00Z,0.5740000000005239,2.8,16.6,0.0
2026-03-04T00:00:00Z,0.5659999999998035,2.5,17.7,0.0
2026-03-04T01:00:00Z,0.5739999999996144,2.3,18.1,0.0
2026-03-04T02:00:00Z,0.5730000000003201,2.2,18.4,0.0
2026-03-04T03:00:00Z,0.5799999999999272,2.0,17.9,0.0
2026-03-04T04:00:00Z,0.569999999999709,1.8,17.5,0.0
2026-03-04T05:00:00Z,0.5690000000004147,1.6,17.2,0.0
2026-03-04T06:00:00Z,0.5730000000003201,1.5,16.7,0.0
2026-03-04T07:00:00Z,0.5739999999996144,2.0,17.5,42.0
2026-03-04T08:00:00Z,0.6239999999997963,4.0,19.2,159.0
2026-03-04T09:00:00Z,0.5760000000000218,5.3,22.2,274.0
2026-03-04T10:00:00Z,0.27000000000043656,6.8,22.8,348.0
2026-03-04T11:00:00Z,0.7899999999999636,7.6,18.5,407.0
2026-03-04T12:00:00Z,0.238999999999578,8.3,16.4,450.0
2026-03-04T13:00:00Z,0.3429999999998472,8.5,15.2,438.0
2026-03-04T14:00:00Z,0.08300000000053842,8.4,13.8,367.0
2026-03-04T15:00:00Z,0.019999999999527063,8.1,11.7,259.0
2026-03-04T16:00:00Z,0.01900000000023283,7.1,8.7,135.0
2026-03-04T17:00:00Z,0.38699999999971624,4.9,8.3,24.0
2026-03-04T18:00:00Z,0.7380000000002838,4.6,9.7,0.0
2026-03-04T19:00:00Z,0.581000000000131,3.7,8.6,0.0
2026-03-04T20:00:00Z,0.581000000000131,2.8,6.8,0.0
2026-03-04T21:00:00Z,0.6570000000001528,2.1,6.8,0.0
2026-03-04T22:00:00Z,0.7039999999997235,1.7,7.7,0.0
2026-03-04T23:00:00Z,0.9650000000001455,1.1,7.2,0.0
2026-03-05T00:00:00Z,1.2600000000002183,0.2,6.0,0.0
2026-03-05T01:00:00Z,1.3449999999993452,-0.9,5.2,0.0
2026-03-05T02:00:00Z,1.2580000000007203,-1.1,4.8,0.0
2026-03-05T03:00:00Z,1.2989999999999782,-1.5,5.0,0.0
2026-03-05T04:00:00Z,1.1739999999999782,-1.6,4.4,0.0
2026-03-05T05:00:00Z,1.337999999999738,-1.9,3.6,0.0
2026-03-05T06:00:00Z,1.3659999999999854,-2.1,2.3,0.0
2026-03-05T07:00:00Z,1.4340000000001965,-1.1,5.6,43.0
2026-03-05T08:00:00Z,1.3059999999995853,0.9,6.3,156.0
2026-03-05T09:00:00Z,0.7970000000004802,3.7,5.4,298.0
2026-03-05T10:00:00Z,0.5249999999996362,5.6,6.8,396.0
2026-03-05T11:00:00Z,0.5510000000003856,6.3,8.6,449.0
2026-03-05T12:00:00Z,0.13699999999971624,6.8,8.7,462.0
2026-03-05T13:00:00Z,0.01900000000023283,6.6,9.4,431.0
2026-03-05T14:00:00Z,0.06099999999969441,5.8,10.1,356.0
2026-03-05T15:00:00Z,0.6130000000002838,4.5,9.4,246.0
2026-03-05T16:00:00Z,0.4399999999995998,3.0,9.3,125.0
2026-03-05T17:00:00Z,0.40099999999983993,1.1,8.5,24.0
2026-03-05T18:00:00Z,0.7070000000003347,0.6,7.8,0.0
2026-03-05T19:00:00Z,0.6959999999999127,0.4,7.8,0.0
2026-03-05T20:00:00Z,0.04699999999957072,0.2,7.7,0.0
2026-03-05T21:00:00Z,0.4180000000005748,0.2,7.0,0.0
2026-03-05T22:00:00Z,1.063999999999396,0.4,6.5,0.0
2026-03-05T23:00:00Z,0.875,0.5,6.6,0.0
2026-03-06T00:00:00Z,0.8760000000002037,0.5,6.2,0.0
2026-03-06T01:00:00Z,0.8890000000001237,0.1,6.1,0.0
2026-03-06T02:00:00Z,0.8379999999997381,-0.1,6.2,0.0
2026-03-06T03:00:00Z,0.9239999999999782,0.2,6.7,0.0
2026-03-06T04:00:00Z,0.9329999999999927,0.3,7.3,0.0
2026-03-06T05:00:00Z,0.8090000000001965,0.3,7.6,0.0
2026-03-06T06:00:00Z,0.9380000000001019,0.8,9.6,0.0
2026-03-06T07:00:00Z,0.9580000000005384,1.9,11.9,53.0
2026-03-06T08:00:00Z,0.8299999999999272,3.5,13.7,178.0
2026-03-06T09:00:00Z,0.5839999999998327,4.9,11.6,304.0
2026-03-06T10:00:00Z,0.1459999999997308,6.3,11.6,403.0
2026-03-06T11:00:00Z,0.01900000000023283,7.4,11.5,464.0
2026-03-06T12:00:00Z,0.01900000000023283,8.6,11.3,480.0
2026-03-06T13:00:00Z,0.018999999999323336,8.4,11.6,451.0
2026-03-06T14:00:00Z,0.020000000000436557,7.7,11.2,379.0
2026-03-06T15:00:00Z,0.41200000000026193,6.7,11.1,275.0
2026-03-06T16:00:00Z,0.5369999999993524,5.2,10.3,129.0
2026-03-06T17:00:00Z,0.018000000000029104,3.8,8.7,25.0
2026-03-06T18:00:00Z,0.8800000000001091,3.7,8.0,0.0
2026-03-06T19:00:00Z,0.6660000000001673,3.2,7.2,0.0
2026-03-06T20:00:00Z,0.6880000000001019,3.4,7.4,0.0
2026-03-06T21:00:00Z,0.8009999999994761,3.1,7.0,0.0
2026-03-06T22:00:00Z,0.8789999999999054,2.3,6.7,0.0
2026-03-06T23:00:00Z,0.886000000000422,2.2,5.9,0.0
2026-03-07T00:00:00Z,0.8969999999999345,1.4,4.7,0.0
2026-03-07T01:00:00Z,0.7669999999998254,1.1,3.0,0.0
2026-03-07T02:00:00Z,0.943000000000211,1.0,1.6,0.0
2026-03-07T03:00:00Z,1.0119999999997162,0.5,2.6,0.0
2026-03-07T04:00:00Z,1.0510000000003856,-0.1,5.1,0.0
2026-03-07T05:00:00Z,1.0789999999997235,-0.1,5.9,0.0
2026-03-07T06:00:00Z,0.8659999999999854,0.0,5.6,0.0
2026-03-07T07:00:00Z,1.0330000000003565,1.8,6.8,46.0
2026-03-07T08:00:00Z,0.7600000000002183,3.5,5.8,142.0
2026-03-07T09:00:00Z,0.6340000000000146,5.6,5.0,275.0
2026-03-07T10:00:00Z,0.15799999999944703,7.1,4.9,320.0
2026-03-07T11:00:00Z,0.5190000000002328,8.3,6.5,360.0
2026-03-07T12:00:00Z,0.5529999999998836,7.8,4.3,174.0
2026-03-07T13:00:00Z,0.2709999999997308,8.1,6.0,295.0
2026-03-07T14:00:00Z,0.5390000000006694,7.7,6.9,284.0
2026-03-07T15:00:00Z,0.39799999999922875,6.7,6.3,213.0
2026-03-07T16:00:00Z,0.5570000000006985,5.1,6.7,102.0
2026-03-07T17:00:00Z,0.14199999999982538,3.2,6.9,27.0
2026-03-07T18:00:00Z,0.5370000000002619,3.2,5.2,0.0
2026-03-07T19:00:00Z,0.8319999999994252,3.3,5.7,0.0
2026-03-07T20:00:00Z,0.5770000000002256,2.8,5.7,0.0
2026-03-07T21:00:00Z,0.5460000000002765,2.2,5.3,0.0
2026-03-07T22:00:00Z,0.5559999999995853,2.0,4.8,0.0
2026-03-07T23:00:00Z,0.8500000000003638,2.3,7.2,0.0
2026-03-08T00:00:00Z,0.6199999999998909,3.0,9.0,0.0
2026-03-08T01:00:00Z,0.5509999999994761,3.0,9.0,0.0
2026-03-08T02:00:00Z,0.5450000000000728,2.9,9.6,0.0
2026-03-08T03:00:00Z,0.5489999999999782,2.9,9.5,0.0
2026-03-08T04:00:00Z,0.8150000000005093,2.7,8.5,0.0
2026-03-08T05:00:00Z,0.7139999999999418,2.6,6.7,0.0
2026-03-08T06:00:00Z,0.5709999999999127,2.8,7.2,1.0
2026-03-08T07:00:00Z,0.5820000000003347,4.1,7.9,50.0
2026-03-08T08:00:00Z,0.8269999999993161,5.1,7.4,134.0
2026-03-08T09:00:00Z,0.5530000000007931,5.8,7.7,170.0
2026-03-08T10:00:00Z,0.545999999999367,6.8,9.0,271.0
2026-03-08T11:00:00Z,0.01900000000023283,5.7,10.9,175.0
2026-03-08T12:00:00Z,0.01900000000023283,5.9,10.4,144.0
2026-03-08T13:00:00Z,0.018999999999323336,7.2,10.1,349.0
2026-03-08T14:00:00Z,0.01900000000023283,7.9,10.5,378.0
2026-03-08T15:00:00Z,0.6959999999999127,7.2,10.3,245.0
2026-03-08T16:00:00Z,0.4000000000005457,5.8,9.2,102.0
2026-03-08T17:00:00Z,0.10799999999926513,4.2,7.7,28.0
2026-03-08T18:00:00Z,1.1450000000004366,4.1,7.5,0.0
2026-03-08T19:00:00Z,0.7219999999997526,4.0,8.7,0.0
2026-03-08T20:00:00Z,0.8450000000002547,4.1,8.3,0.0
2026-03-08T21:00:00Z,0.8079999999999927,3.7,7.1,0.0
2026-03-08T22:00:00Z,0.6069999999999709,3.7,8.1,0.0
2026-03-08T23:00:00Z,0.8779999999997017,3.8,8.4,0.0
2026-03-09T00:00:00Z,0.7490000000007058,3.9,6.9,0.0
2026-03-09T01:00:00Z,0.9020000000000437,4.1,6.3,0.0
2026-03-09T02:00:00Z,0.9269999999996799,4.3,7.1,0.0
2026-03-09T03:00:00Z,0.8329999999996289,3.8,6.6,0.0
2026-03-09T04:00:00Z,0.9030000000002474,3.3,6.5,0.0
2026-03-09T05:00:00Z,0.8019999999996799,3.7,9.0,0.0
2026-03-09T06:00:00Z,1.0360000000000582,2.8,8.7,1.0
2026-03-09T07:00:00Z,1.0760000000000218,3.8,10.7,56.0
2026-03-09T08:00:00Z,0.7030000000004293,5.4,10.3,183.0
2026-03-09T09:00:00Z,0.6859999999996944,6.8,9.8,324.0
2026-03-09T10:00:00Z,0.44800000000032014,7.6,10.9,423.0
2026-03-09T11:00:00Z,0.14699999999993452,7.8,11.9,485.0
2026-03-09T12:00:00Z,0.2139999999999418,7.7,12.3,502.0
2026-03-09T13:00:00Z,0.2680000000000291,7.4,12.3,473.0
2026-03-09T14:00:00Z,0.042999999999665306,7.0,11.9,401.0
2026-03-09T15:00:00Z,0.329000000000633,6.2,11.1,292.0
2026-03-09T16:00:00Z,0.6179999999994834,4.9,11.1,162.0
2026-03-09T17:00:00Z,0.30200000000058935,3.2,10.6,40.0
2026-03-09T18:00:00Z,1.0079999999998108,3.2,11.0,0.0
2026-03-09T19:00:00Z,0.751999999999498,3.0,9.3,0.0
2026-03-09T20:00:00Z,1.0470000000004802,2.6,7.9,0.0
2026-03-09T21:00:00Z,1.068000000000211,1.9,6.4,0.0
2026-03-09T22:00:00Z,0.9789999999993597,1.8,4.7,0.0
2026-03-09T23:00:00Z,0.9620000000004438,1.9,4.1,0.0
2026-03-10T00:00:00Z,0.9809999999997672,1.0,5.2,0.0
2026-03-10T01:00:00Z,0.9960000000000946,0.4,5.5,0.0
2026-03-10T02:00:00Z,0.9859999999998763,0.2,5.0,0.0
2026-03-10T03:00:00Z,0.9359999999996944,0.0,4.6,0.0
2026-03-10T04:00:00Z,1.118000000000393,-0.2,5.1,0.0
2026-03-10T05:00:00Z,1.2039999999997235,-0.4,5.2,0.0
2026-03-10T06:00:00Z,1.2219999999997526,-0.2,6.0,2.0
2026-03-10T07:00:00Z,1.2690000000002328,1.6,9.0,71.0
2026-03-10T08:00:00Z,0.8950000000004366,4.2,7.0,200.0
2026-03-10T09:00:00Z,0.6409999999996217,6.5,5.6,326.0
2026-03-10T10:00:00Z,0.028000000000247383,8.6,6.5,429.0
2026-03-10T11:00:00Z,0.019999999999527063,9.7,7.0,496.0
2026-03-10T12:00:00Z,0.018000000000029104,10.8,6.7,508.0
2026-03-10T13:00:00Z,0.01900000000023283,10.9,9.2,472.0
2026-03-10T14:00:00Z,0.01900000000023283,10.0,10.0,359.0
2026-03-10T15:00:00Z,0.01900000000023283,8.9,10.6,261.0
2026-03-10T16:00:00Z,0.018999999999323336,7.7,9.8,148.0
2026-03-10T17:00:00Z,0.07900000000063301,6.0,6.8,33.0
2026-03-10T18:00:00Z,0.018000000000029104,4.8,6.0,0.0
2026-03-10T19:00:00Z,0.6409999999996217,4.7,6.8,0.0
2026-03-10T20:00:00Z,0.6090000000003783,3.0,4.2,0.0
2026-03-10T21:00:00Z,0.11299999999937427,3.3,6.7,0.0
2026-03-10T22:00:00Z,1.0200000000004366,3.8,8.0,0.0
2026-03-10T23:00:00Z,0.5199999999995271,4.7,10.3,0.0
2026-03-11T00:00:00Z,0.8910000000005311,4.7,11.5,0.0
2026-03-11T01:00:00Z,0.23399999999946886,5.8,15.3,0.0
2026-03-11T02:00:00Z,0.01700000000073487,6.2,15.8,0.0
2026-03-11T03:00:00Z,0.352999999999156,5.3,12.4,0.0
2026-03-11T04:00:00Z,0.5470000000004802,5.6,9.6,0.0
2026-03-11T05:00:00Z,0.019999999999527063,5.7,8.8,0.0
2026-03-11T06:00:00Z,0.01900000000023283,6.3,12.0,1.0
2026-03-11T07:00:00Z,0.01900000000023283,7.1,12.8,27.0
2026-03-11T08:00:00Z,0.01900000000023283,8.2,18.4,104.0
2026-03-11T09:00:00Z,0.018999999999323336,9.8,21.4,190.0
2026-03-11T10:00:00Z,0.07000000000061846,11.1,21.1,280.0
2026-03-11T11:00:00Z,0.01900000000023283,12.1,24.2,417.0
2026-03-11T12:00:00Z,0.05399999999917782,12.8,20.3,470.0
2026-03-11T13:00:00Z,0.030000000000654836,11.9,18.2,345.0
2026-03-11T14:00:00Z,0.018999999999323336,10.9,14.0,172.0
2026-03-11T15:00:00Z,0.01900000000023283,10.5,16.3,173.0
2026-03-11T16:00:00Z,0.01900000000023283,10.0,16.3,88.0
2026-03-11T17:00:00Z,0.068000000000211,9.4,17.6,16.0
2026-03-11T18:00:00Z,0.019999999999527063,9.0,18.2,0.0
2026-03-11T19:00:00Z,0.01900000000023283,8.9,17.8,0.0
2026-03-11T20:00:00Z,0.01900000000023283,8.6,18.9,0.0
2026-03-11T21:00:00Z,0.018999999999323336,8.2,19.5,0.0
2026-03-11T22:00:00Z,0.08400000000074215,7.7,16.7,0.0
2026-03-11T23:00:00Z,0.019999999999527063,7.2,18.5,0.0
2026-03-12T00:00:00Z,0.11000000000058208,6.3,16.5,0.0
2026-03-12T01:00:00Z,0.019999999999527063,5.3,16.5,0.0
2026-03-12T02:00:00Z,0.01900000000023283,4.7,18.7,0.0
2026-03-12T03:00:00Z,1.0270000000000437,4.1,18.2,0.0
2026-03-12T04:00:00Z,0.751999999999498,3.7,17.3,0.0
2026-03-12T05:00:00Z,0.5510000000003856,3.3,16.6,0.0
2026-03-12T06:00:00Z,0.6489999999994325,3.6,17.2,4.0
2026-03-12T07:00:00Z,0.9270000000005894,4.5,18.0,82.0
2026-03-12T08:00:00Z,0.4420000000000073,5.9,17.6,214.0
2026-03-12T09:00:00Z,0.7460000000000946,6.9,18.9,258.0
2026-03-12T10:00:00Z,0.407999999999447,8.4,20.4,387.0
2026-03-12T11:00:00Z,0.11999999999989086,9.2,20.8,355.0
2026-03-12T12:00:00Z,0.3670000000001892,10.4,25.6,473.0
2026-03-12T13:00:00Z,0.05900000000019645,10.9,26.9,483.0
2026-03-12T14:00:00Z,0.01900000000023283,11.0,32.8,403.0
2026-03-12T15:00:00Z,0.01900000000023283,10.4,29.7,220.0
2026-03-12T16:00:00Z,0.019999999999527063,9.7,23.2,124.0
2026-03-12T17:00:00Z,0.07999999999992724,9.1,20.7,35.0
2026-03-12T18:00:00Z,0.5050000000001091,8.8,22.0,0.0
2026-03-12T19:00:00Z,0.3140000000003056,8.9,27.4,0.0
2026-03-12T20:00:00Z,0.6089999999994689,8.8,28.9,0.0
2026-03-12T21:00:00Z,0.4530000000004293,8.6,29.1,0.0
2026-03-12T22:00:00Z,0.23499999999967258,8.4,29.7,0.0
2026-03-12T23:00:00Z,0.020000000000436557,8.0,27.0,0.0
2026-03-13T00:00:00Z,0.018999999999323336,7.8,26.7,0.0
2026-03-13T01:00:00Z,0.01900000000023283,7.3,25.8,0.0
2026-03-13T02:00:00Z,0.020000000000436557,6.8,25.3,0.0
2026-03-13T03:00:00Z,0.7139999999999418,6.7,26.1,0.0
2026-03-13T04:00:00Z,0.5709999999999127,6.8,25.8,0.0
2026-03-13T05:00:00Z,0.5029999999997017,6.4,26.5,0.0
2026-03-13T06:00:00Z,0.6040000000002692,6.8,27.9,4.0
2026-03-13T07:00:00Z,0.26900000000023283,7.5,29.4,40.0
2026-03-13T08:00:00Z,0.8309999999992215,8.1,29.2,152.0
2026-03-13T09:00:00Z,0.2140000000008513,8.8,28.0,252.0
2026-03-13T10:00:00Z,0.22199999999975262,9.9,29.3,380.0
2026-03-13T11:00:00Z,0.4459999999999127,10.5,28.0,304.0
2026-03-13T12:00:00Z,0.01900000000023283,10.2,23.9,380.0
2026-03-13T13:00:00Z,0.2669999999998254,9.4,22.7,89.0
2026-03-13T14:00:00Z,0.22999999999956344,8.8,19.3,73.0
2026-03-13T15:00:00Z,0.5200000000004366,7.7,18.9,34.0
2026-03-13T16:00:00Z,0.407999999999447,6.2,18.9,23.0
2026-03-13T17:00:00Z,0.38100000000031287,5.1,14.2,8.0
2026-03-13T18:00:00Z,0.6520000000000437,4.6,10.4,0.0
2026-03-13T19:00:00Z,0.5450000000000728,4.3,11.4,0.0
2026-03-13T20:00:00Z,0.5330000000003565,4.2,11.7,0.0
2026-03-13T21:00:00Z,0.5369999999993524,4.1,11.2,0.0
2026-03-13T22:00:00Z,0.5410000000001673,4.1,11.2,0.0
2026-03-13T23:00:00Z,0.5420000000003711,4.0,9.2,0.0
2026-03-14T00:00:00Z,0.5429999999996653,3.7,9.1,0.0
2026-03-14T01:00:00Z,0.5420000000003711,3.5,9.2,0.0
2026-03-14T02:00:00Z,0.5409999999992579,3.3,7.3,0.0
2026-03-14T03:00:00Z,0.5430000000005748,3.1,6.0,0.0
2026-03-14T04:00:00Z,0.5429999999996653,3.0,6.2,0.0
2026-03-14T05:00:00Z,0.5430000000005748,2.9,4.2,0.0
2026-03-14T06:00:00Z,0.5429999999996653,2.8,4.2,1.0
2026-03-14T07:00:00Z,0.4329999999999927,3.0,3.6,13.0
2026-03-14T08:00:00Z,0.018000000000029104,3.2,5.2,29.0
2026-03-14T09:00:00Z,0.01900000000023283,3.4,8.1,55.0
2026-03-14T10:00:00Z,0.5979999999999563,3.8,9.2,90.0
2026-03-14T11:00:00Z,0.63799999999992,4.4,10.5,128.0
2026-03-14T12:00:00Z,0.41600000000016735,5.4,8.5,186.0
2026-03-14T13:00:00Z,0.5879999999997381,6.3,8.4,242.0
2026-03-14T14:00:00Z,0.40200000000004366,6.8,7.6,210.0
2026-03-14T15:00:00Z,0.5659999999998035,6.9,5.5,181.0
2026-03-14T16:00:00Z,0.11099999999987631,6.1,2.3,82.0
2026-03-14T17:00:00Z,0.7640000000001237,4.4,2.7,28.0
2026-03-14T18:00:00Z,0.3779999999997017,4.2,5.2,0.0
2026-03-14T19:00:00Z,0.24800000000050204,3.8,4.4,0.0
2026-03-14T20:00:00Z,0.01900000000023283,3.2,3.3,0.0
2026-03-14T21:00:00Z,0.8249999999998181,3.0,3.6,0.0
2026-03-14T22:00:00Z,0.5979999999999563,2.9,4.4,0.0
2026-03-14T23:00:00Z,0.0749999999998181,3.1,8.5,0.0
2026-03-15T00:00:00Z,0.7719999999999345,3.5,9.3,0.0
2026-03-15T01:00:00Z,0.6019999999998618,3.5,8.5,0.0
2026-03-15T02:00:00Z,0.5120000000006257,3.3,8.1,0.0
2026-03-15T03:00:00Z,0.6559999999999491,3.2,9.0,0.0
2026-03-15T04:00:00Z,0.2649999999994179,3.2,9.2,0.0
2026-03-15T05:00:00Z,0.42700000000058935,3.2,9.9,0.0
2026-03-15T06:00:00Z,0.8659999999999854,3.1,10.2,4.0
2026-03-15T07:00:00Z,0.6880000000001019,4.1,10.9,69.0
2026-03-15T08:00:00Z,0.363999999999578,5.2,14.6,196.0
2026-03-15T09:00:00Z,0.6999999999998181,6.4,14.8,312.0
2026-03-15T10:00:00Z,0.2920000000003711,7.3,14.5,370.0
2026-03-15T11:00:00Z,0.6989999999996144,8.0,13.7,383.0
2026-03-15T12:00:00Z,0.34500000000025466,7.8,14.8,426.0
2026-03-15T13:00:00Z,0.5770000000002256,7.9,14.7,341.0
2026-03-15T14:00:00Z,0.02099999999973079,7.9,14.9,288.0
2026-03-15T15:00:00Z,0.13500000000021828,7.4,15.3,199.0
2026-03-15T16:00:00Z,0.35199999999986176,6.7,14.0,134.0
2026-03-15T17:00:00Z,0.5509999999994761,5.6,9.3,48.0
2026-03-15T18:00:00Z,0.5370000000002619,4.0,11.2,1.0
2026-03-15T19:00:00Z,0.5430000000005748,3.8,13.0,0.0
2026-03-15T20:00:00Z,0.5449999999991633,3.3,14.8,0.0
2026-03-15T21:00:00Z,0.5450000000000728,3.0,16.2,0.0
2026-03-15T22:00:00Z,0.5450000000000728,2.9,16.2,0.0
2026-03-15T23:00:00Z,0.5700000000006185,3.0,16.4,0.0
2026-03-16T00:00:00Z,0.5749999999998181,3.0,16.2,0.0
2026-03-16T01:00:00Z,0.569999999999709,3.3,17.7,0.0
2026-03-16T02:00:00Z,0.5670000000000073,3.7,19.6,0.0
2026-03-16T03:00:00Z,0.5670000000000073,3.5,20.5,0.0
2026-03-16T04:00:00Z,0.5690000000004147,3.2,21.4,0.0
2026-03-16T05:00:00Z,0.5670000000000073,3.2,22.2,0.0
2026-03-16T06:00:00Z,0.5659999999998035,3.7,22.2,7.0
2026-03-16T07:00:00Z,0.5579999999999927,4.2,21.6,96.0
2026-03-16T08:00:00Z,0.5399999999999636,5.1,18.7,197.0
2026-03-16T09:00:00Z,0.5379999999995562,5.7,17.8,221.0
2026-03-16T10:00:00Z,0.48000000000047294,5.8,17.1,202.0
2026-03-16T11:00:00Z,0.6409999999996217,5.3,15.1,171.0
2026-03-16T12:00:00Z,0.3650000000006912,4.2,11.5,105.0
2026-03-16T13:00:00Z,0.3039999999991778,3.5,9.0,68.0
2026-03-16T14:00:00Z,0.7790000000004511,3.1,9.2,46.0
2026-03-16T15:00:00Z,0.556999999999789,3.0,11.2,70.0
2026-03-16T16:00:00Z,0.543999999999869,3.5,12.7,55.0
2026-03-16T17:00:00Z,0.5410000000001673,3.6,9.3,29.0
2026-03-16T18:00:00Z,0.5410000000001673,3.3,7.1,1.0
2026-03-16T19:00:00Z,0.555000000000291,3.1,8.6,0.0
2026-03-16T20:00:00Z,0.625,2.7,12.3,0.0
2026-03-16T21:00:00Z,0.6279999999997017,2.6,16.2,0.0
2026-03-16T22:00:00Z,0.6400000000003274,2.4,15.6,0.0
2026-03-16T23:00:00Z,1.0919999999996435,2.3,13.8,0.0
2026-03-17T00:00:00Z,1.095999999999549,2.2,10.6,0.0
2026-03-17T01:00:00Z,1.2460000000000946,1.3,8.8,0.0
2026-03-17T02:00:00Z,1.2330000000001746,0.7,8.5,0.0
2026-03-17T03:00:00Z,1.2470000000002983,0.2,8.5,0.0
2026-03-17T04:00:00Z,1.4340000000001965,-0.2,7.2,0.0
2026-03-17T05:00:00Z,1.4470000000001164,-0.9,6.4,0.0
2026-03-17T06:00:00Z,1.5059999999994034,-0.2,7.0,11.0
2026-03-17T07:00:00Z,1.2979999999997744,1.5,8.9,108.0
2026-03-17T08:00:00Z,0.9170000000003711,3.8,8.3,244.0
2026-03-17T09:00:00Z,0.6279999999997017,5.8,9.3,372.0
2026-03-17T10:00:00Z,0.035000000000763976,7.5,13.3,463.0
2026-03-17T11:00:00Z,0.181999999999789,8.4,12.4,489.0
2026-03-17T12:00:00Z,0.016999999999825377,8.6,14.2,531.0
2026-03-17T13:00:00Z,0.01900000000023283,8.4,15.6,456.0
2026-03-17T14:00:00Z,0.018999999999323336,7.8,15.7,364.0
2026-03-17T15:00:00Z,0.5520000000005894,6.8,14.9,258.0
2026-03-17T16:00:00Z,0.38699999999971624,5.2,14.9,174.0
2026-03-17T17:00:00Z,0.6459999999997308,3.3,16.5,58.0
2026-03-17T18:00:00Z,0.5820000000003347,2.6,15.2,1.0
2026-03-17T19:00:00Z,0.18400000000019645,2.2,15.6,0.0
2026-03-17T20:00:00Z,0.9909999999999854,2.2,16.5,0.0
2026-03-17T21:00:00Z,0.7309999999997672,2.9,17.6,0.0
2026-03-17T22:00:00Z,0.9130000000004657,3.0,16.5,0.0
2026-03-17T23:00:00Z,0.8689999999996871,3.0,15.5,0.0
2026-03-18T00:00:00Z,1.0140000000001237,2.6,13.4,0.0
2026-03-18T01:00:00Z,1.0919999999996435,2.4,14.1,0.0
2026-03-18T02:00:00Z,1.123000000000502,2.3,14.5,0.0
2026-03-18T03:00:00Z,1.0799999999999272,2.5,16.0,0.0
2026-03-18T04:00:00Z,1.03899999999976,2.8,16.2,0.0
2026-03-18T05:00:00Z,1.0209999999997308,2.7,15.4,0.0
2026-03-18T06:00:00Z,0.9630000000006476,2.5,13.7,13.0
2026-03-18T07:00:00Z,0.7299999999995634,4.1,14.6,116.0
2026-03-18T08:00:00Z,0.2529999999997017,6.2,12.8,258.0
2026-03-18T09:00:00Z,0.48100000000067666,8.0,13.7,387.0
2026-03-18T10:00:00Z,0.09099999999943975,9.1,14.9,485.0
2026-03-18T11:00:00Z,0.020000000000436557,10.1,14.5,543.0
2026-03-18T12:00:00Z,0.07799999999951979,10.6,12.5,559.0
2026-03-18T13:00:00Z,0.01900000000023283,10.9,12.4,522.0
2026-03-18T14:00:00Z,0.01900000000023283,10.6,12.2,455.0
2026-03-18T15:00:00Z,0.018999999999323336,10.1,11.2,346.0
2026-03-18T16:00:00Z,0.08100000000013097,9.1,11.1,209.0
2026-03-18T17:00:00Z,0.01900000000023283,7.2,11.2,73.0
2026-03-18T18:00:00Z,0.020000000000436557,6.1,9.1,2.0
2026-03-18T19:00:00Z,0.5760000000000218,5.7,9.7,0.0
2026-03-18T20:00:00Z,0.589999999999236,5.4,9.7,0.0
2026-03-18T21:00:00Z,0.5480000000006839,5.0,10.0,0.0
2026-03-18T22:00:00Z,0.5749999999998181,4.6,9.1,0.0
2026-03-18T23:00:00Z,0.5770000000002256,4.0,8.2,0.0
2026-03-19T00:00:00Z,0.5929999999998472,3.4,8.0,0.0
2026-03-19T01:00:00Z,0.6089999999994689,3.2,8.4,0.0
2026-03-19T02:00:00Z,0.7260000000005675,3.0,8.8,0.0
2026-03-19T03:00:00Z,1.0739999999996144,3.0,9.1,0.0
2026-03-19T04:00:00Z,0.8640000000004875,3.0,9.4,0.0
2026-03-19T05:00:00Z,0.5769999999993161,2.8,9.3,0.0
2026-03-19T06:00:00Z,0.13100000000031287,3.3,10.3,14.0
2026-03-19T07:00:00Z,0.01900000000023283,5.2,11.0,117.0
2026-03-19T08:00:00Z,0.019999999999527063,7.5,8.6,252.0
2026-03-19T09:00:00Z,0.01900000000023283,9.7,8.4,377.0
2026-03-19T10:00:00Z,0.01900000000023283,11.4,9.4,479.0
2026-03-19T11:00:00Z,0.01900000000023283,12.1,9.9,388.0
2026-03-19T12:00:00Z,0.018999999999323336,11.9,11.6,262.0
2026-03-19T13:00:00Z,0.01900000000023283,11.8,13.4,262.0
2026-03-19T14:00:00Z,0.020000000000436557,10.4,14.6,123.0
2026-03-19T15:00:00Z,0.016999999999825377,8.4,11.9,46.0
2026-03-19T16:00:00Z,0.018999999999323336,8.1,11.5,44.0
2026-03-19T17:00:00Z,0.018000000000029104,7.3,9.3,25.0
2026-03-19T18:00:00Z,0.01900000000023283,7.2,7.2,1.0
2026-03-19T19:00:00Z,0.6469999999999345,5.8,9.0,0.0
2026-03-19T20:00:00Z,0.6940000000004147,4.8,8.9,0.0
2026-03-19T21:00:00Z,0.5339999999996508,4.2,10.6,0.0
2026-03-19T22:00:00Z,0.5380000000004657,3.8,11.3,0.0
2026-03-19T23:00:00Z,0.5679999999993015,3.2,10.5,0.0
2026-03-20T00:00:00Z,0.5690000000004147,2.3,10.6,0.0
2026-03-20T01:00:00Z,0.5670000000000073,1.6,9.3,0.0
2026-03-20T02:00:00Z,0.5990000000001601,1.3,10.0,0.0
2026-03-20T03:00:00Z,0.6459999999997308,0.9,9.9,0.0
2026-03-20T04:00:00Z,0.649000000000342,1.2,8.6,0.0
2026-03-20T05:00:00Z,0.6499999999996362,1.2,7.3,0.0
2026-03-20T06:00:00Z,0.6760000000003856,1.2,4.8,10.0
2026-03-20T07:00:00Z,1.1779999999998836,1.5,4.6,62.0
2026-03-20T08:00:00Z,0.047999999999774445,2.1,4.4,121.0
2026-03-20T09:00:00Z,0.016999999999825377,3.0,3.4,209.0
2026-03-20T10:00:00Z,0.01900000000023283,4.0,4.0,272.0
2026-03-20T11:00:00Z,0.020000000000436557,4.7,4.2,292.0
2026-03-20T12:00:00Z,2.2100000000000364,5.5,3.8,282.0
2026-03-20T13:00:00Z,0.9359999999996944,7.1,3.0,396.0
2026-03-20T14:00:00Z,0.01900000000023283,8.0,3.1,370.0
2026-03-20T15:00:00Z,0.018999999999323336,8.6,2.7,319.0
2026-03-20T16:00:00Z,0.5470000000004802,7.6,7.0,200.0
2026-03-20T17:00:00Z,0.4290000000000873,4.9,9.1,73.0
2026-03-20T18:00:00Z,0.600999999999658,4.1,6.7,3.0
2026-03-20T19:00:00Z,0.5630000000001019,3.0,8.4,0.0
2026-03-20T20:00:00Z,0.3919999999998254,2.5,8.5,0.0
2026-03-20T21:00:00Z,0.6410000000005311,2.3,8.0,0.0
2026-03-20T22:00:00Z,0.25900000000001455,2.1,7.7,0.0
2026-03-20T23:00:00Z,0.8170000000000073,2.0,7.6,0.0
2026-03-21T00:00:00Z,0.7339999999994689,2.0,5.6,0.0
2026-03-21T01:00:00Z,0.6410000000005311,1.9,5.6,0.0
2026-03-21T02:00:00Z,0.8949999999995271,1.7,5.5,0.0
2026-03-21T03:00:00Z,0.6499999999996362,1.6,4.5,0.0
2026-03-21T04:00:00Z,0.6920000000000073,1.5,4.4,0.0
2026-03-21T05:00:00Z,0.8480000000008658,1.4,5.6,0.0
2026-03-21T06:00:00Z,0.6399999999994179,1.5,6.5,9.0
2026-03-21T07:00:00Z,0.7989999999999782,1.7,5.9,43.0
2026-03-21T08:00:00Z,0.7619999999997162,2.2,5.8,111.0
2026-03-21T09:00:00Z,0.5840000000007421,2.9,6.8,168.0
2026-03-21T10:00:00Z,0.7709999999997308,4.2,8.3,346.0
2026-03-21T11:00:00Z,0.7079999999996289,5.3,8.8,426.0
2026-03-21T12:00:00Z,0.4760000000005675,5.1,9.0,508.0
2026-03-21T13:00:00Z,0.4719999999997526,5.8,8.9,545.0
2026-03-21T14:00:00Z,0.01900000000023283,6.1,8.9,476.0
2026-03-21T15:00:00Z,0.01900000000023283,5.8,8.6,360.0
2026-03-21T16:00:00Z,0.04599999999936699,5.2,7.7,224.0
2026-03-21T17:00:00Z,0.9409999999998035,3.7,5.5,86.0
2026-03-21T18:00:00Z,0.6710000000002765,2.0,5.1,4.0
2026-03-21T19:00:00Z,0.5940000000000509,1.1,5.6,0.0
2026-03-21T20:00:00Z,0.6530000000002474,0.9,6.3,0.0
2026-03-21T21:00:00Z,1.157999999999447,1.8,8.3,0.0
2026-03-21T22:00:00Z,1.26299999999992,2.0,10.7,0.0
2026-03-21T23:00:00Z,1.2460000000000946,1.7,12.7,0.0
2026-03-22T00:00:00Z,1.2210000000004584,1.4,9.8,0.0
2026-03-22T01:00:00Z,1.274000000000342,1.2,9.6,0.0
2026-03-22T02:00:00Z,1.2849999999998545,1.1,10.0,0.0
2026-03-22T03:00:00Z,1.28899999999976,0.9,9.1,0.0
2026-03-22T04:00:00Z,1.2839999999996508,-0.2,5.8,0.0
2026-03-22T05:00:00Z,1.2840000000005602,-0.4,2.8,0.0
2026-03-22T06:00:00Z,1.2869999999993524,0.4,4.0,24.0
2026-03-22T07:00:00Z,1.1630000000004657,2.3,6.1,142.0
2026-03-22T08:00:00Z,0.7139999999999418,4.2,4.0,285.0
2026-03-22T09:00:00Z,0.2029999999995198,6.1,4.6,415.0
2026-03-22T10:00:00Z,0.5490000000008877,7.6,6.6,515.0
2026-03-22T11:00:00Z,0.07899999999972351,8.3,8.8,575.0
2026-03-22T12:00:00Z,0.01900000000023283,9.1,10.1,588.0
2026-03-22T13:00:00Z,0.018999999999323336,9.4,9.9,555.0
2026-03-22T14:00:00Z,0.056000000000494765,8.9,11.0,479.0
2026-03-22T15:00:00Z,0.543999999999869,7.8,11.5,367.0
2026-03-22T16:00:00Z,0.43400000000019645,6.8,9.8,230.0
2026-03-22T17:00:00Z,0.06099999999969441,5.1,9.2,91.0
2026-03-22T18:00:00Z,1.0029999999997017,4.0,8.3,5.0
2026-03-22T19:00:00Z,0.6760000000003856,3.3,7.2,0.0
2026-03-22T20:00:00Z,0.5869999999995343,2.8,7.0,0.0
2026-03-22T21:00:00Z,0.6680000000005748,2.2,6.9,0.0
2026-03-22T22:00:00Z,0.8130000000001019,2.3,8.1,0.0
2026-03-22T23:00:00Z,1.2069999999994252,2.8,9.8,0.0
2026-03-23T00:00:00Z,1.042000000000371,1.2,6.8,0.0
2026-03-23T01:00:00Z,1.1049999999995634,0.4,6.4,0.0
2026-03-23T02:00:00Z,1.0900000000001455,0.1,6.4,0.0
2026-03-23T03:00:00Z,1.181999999999789,0.2,6.5,0.0
2026-03-23T04:00:00Z,1.3800000000001091,0.3,7.1,0.0
2026-03-23T05:00:00Z,1.4750000000003638,0.2,6.9,0.0
2026-03-23T06:00:00Z,1.4489999999996144,1.4,8.0,27.0
2026-03-23T07:00:00Z,1.0760000000000218,3.5,9.2,114.0
2026-03-23T08:00:00Z,0.6170000000001892,5.7,5.9,245.0
2026-03-23T09:00:00Z,0.17299999999977445,7.1,8.3,292.0
2026-03-23T10:00:00Z,0.01900000000023283,7.2,5.5,229.0
2026-03-23T11:00:00Z,0.018000000000029104,8.8,4.5,401.0
2026-03-23T12:00:00Z,0.018000000000029104,10.4,8.9,439.0
2026-03-23T13:00:00Z,0.01900000000023283,10.0,13.6,502.0
2026-03-23T14:00:00Z,0.01900000000023283,9.1,14.2,460.0
2026-03-23T15:00:00Z,0.08099999999922147,8.3,12.6,286.0
2026-03-23T16:00:00Z,0.01900000000023283,7.5,9.8,155.0
2026-03-23T17:00:00Z,0.018000000000029104,5.8,4.4,64.0
2026-03-23T18:00:00Z,0.7150000000001455,4.4,4.6,5.0
2026-03-23T19:00:00Z,0.6350000000002183,4.3,3.3,0.0
2026-03-23T20:00:00Z,0.5609999999996944,3.9,4.7,0.0
2026-03-23T21:00:00Z,0.5659999999998035,3.9,6.4,0.0
2026-03-23T22:00:00Z,0.566000000000713,3.8,8.6,0.0
2026-03-23T23:00:00Z,0.5689999999995052,3.7,9.1,0.0
2026-03-24T00:00:00Z,0.7709999999997308,4.1,11.2,0.0
2026-03-24T01:00:00Z,0.5630000000001019,4.2,11.2,0.0
2026-03-24T02:00:00Z,0.4180000000005748,4.2,12.4,0.0
2026-03-24T03:00:00Z,0.14499999999952706,4.3,13.7,0.0
2026-03-24T04:00:00Z,0.1289999999999054,4.3,13.8,0.0
2026-03-24T05:00:00Z,0.3780000000006112,4.4,14.7,0.0
2026-03-24T06:00:00Z,0.7339999999994689,4.4,14.0,14.0
2026-03-24T07:00:00Z,0.45100000000002183,5.0,15.2,27.0
2026-03-24T08:00:00Z,0.5380000000004657,6.6,14.5,151.0
2026-03-24T09:00:00Z,0.35599999999976717,8.0,16.2,234.0
2026-03-24T10:00:00Z,0.26199999999971624,7.8,16.8,133.0
2026-03-24T11:00:00Z,0.23400000000037835,8.9,22.1,224.0
2026-03-24T12:00:00Z,0.018999999999323336,10.6,23.1,339.0
2026-03-24T13:00:00Z,0.06500000000050932,11.4,27.9,443.0
2026-03-24T14:00:00Z,0.01900000000023283,11.1,29.1,381.0
2026-03-24T15:00:00Z,0.019999999999527063,10.6,31.2,290.0
2026-03-24T16:00:00Z,1.123000000000502,9.7,27.6,136.0
2026-03-24T17:00:00Z,1.7100000000000364,9.0,26.2,33.0
2026-03-24T18:00:00Z,0.018999999999323336,8.8,26.0,2.0
2026-03-24T19:00:00Z,0.4610000000002401,8.5,25.4,0.0
2026-03-24T20:00:00Z,0.27300000000013824,8.2,25.3,0.0
2026-03-24T21:00:00Z,0.61200000000008,8.4,24.0,0.0
2026-03-24T22:00:00Z,0.21500000000014552,9.1,24.6,0.0
2026-03-24T23:00:00Z,0.48700000000008004,9.8,23.5,0.0
2026-03-25T00:00:00Z,0.24199999999927968,10.6,26.5,0.0
2026-03-25T01:00:00Z,0.13000000000010914,10.6,29.3,0.0
2026-03-25T02:00:00Z,0.01900000000023283,9.6,31.4,0.0
2026-03-25T03:00:00Z,0.2319999999999709,7.7,29.3,0.0
2026-03-25T04:00:00Z,0.5320000000001528,7.9,26.1,0.0
2026-03-25T05:00:00Z,0.1570000000001528,8.6,28.6,0.0
2026-03-25T06:00:00Z,0.6279999999997017,8.4,30.6,5.0
2026-03-25T07:00:00Z,0.37700000000040745,8.0,35.4,20.0
2026-03-25T08:00:00Z,0.6259999999992942,7.4,30.8,44.0
2026-03-25T09:00:00Z,0.2530000000006112,7.8,32.6,206.0
2026-03-25T10:00:00Z,0.7730000000001382,7.7,38.0,393.0
2026-03-25T11:00:00Z,0.4849999999996726,7.0,33.3,332.0
2026-03-25T12:00:00Z,0.5399999999999636,5.6,29.9,212.0
2026-03-25T13:00:00Z,0.6260000000002037,6.5,26.9,183.0
2026-03-25T14:00:00Z,0.49399999999968713,8.1,31.7,362.0
2026-03-25T15:00:00Z,0.19899999999961437,7.7,29.9,234.0
2026-03-25T16:00:00Z,0.5740000000005239,6.9,27.2,157.0
2026-03-25T17:00:00Z,0.5289999999995416,6.2,26.4,84.0
2026-03-25T18:00:00Z,0.5930000000007567,5.2,26.6,8.0
2026-03-25T19:00:00Z,0.5670000000000073,4.8,25.0,0.0
2026-03-25T20:00:00Z,0.18099999999958527,4.4,27.2,0.0
2026-03-25T21:00:00Z,0.2860000000000582,4.3,29.5,0.0
2026-03-25T22:00:00Z,0.8689999999996871,4.1,30.4,0.0
2026-03-25T23:00:00Z,0.5630000000001019,3.2,32.1,0.0
2026-03-26T00:00:00Z,0.6109999999998763,3.8,29.7,0.0
2026-03-26T01:00:00Z,0.581000000000131,4.1,30.0,0.0
2026-03-26T02:00:00Z,0.21200000000044383,4.1,29.0,0.0
2026-03-26T03:00:00Z,0.6259999999992942,3.9,28.3,0.0
2026-03-26T04:00:00Z,0.6700000000000728,3.7,27.2,0.0
2026-03-26T05:00:00Z,0.2710000000006403,3.5,26.0,0.0
2026-03-26T06:00:00Z,0.8549999999995634,4.2,25.4,30.0
2026-03-26T07:00:00Z,0.4790000000002692,5.2,25.3,109.0
2026-03-26T08:00:00Z,0.18099999999958527,5.7,30.1,271.0
2026-03-26T09:00:00Z,0.8020000000005894,5.8,29.5,333.0
2026-03-26T10:00:00Z,0.3669999999992797,6.2,28.6,376.0
2026-03-26T11:00:00Z,0.6720000000004802,6.6,28.6,372.0
2026-03-26T12:00:00Z,0.5219999999999345,6.9,26.4,472.0
2026-03-26T13:00:00Z,0.4960000000000946,7.3,25.8,507.0
2026-03-26T14:00:00Z,0.5249999999996362,7.3,23.6,426.0
2026-03-26T15:00:00Z,0.4400000000005093,6.9,21.6,294.0
2026-03-26T16:00:00Z,0.5140000000001237,6.3,21.2,223.0
2026-03-26T17:00:00Z,0.44399999999950523,5.2,16.2,102.0
2026-03-26T18:00:00Z,0.5749999999998181,4.2,14.6,10.0
2026-03-26T19:00:00Z,0.5730000000003201,3.4,14.8,0.0
2026-03-26T20:00:00Z,0.6019999999998618,2.7,12.8,0.0
2026-03-26T21:00:00Z,0.6220000000002983,2.0,12.0,0.0
2026-03-26T22:00:00Z,0.6530000000002474,1.5,11.5,0.0
2026-03-26T23:00:00Z,0.6859999999996944,1.1,10.4,0.0
2026-03-27T00:00:00Z,1.1719999999995707,1.3,10.2,0.0
2026-03-27T01:00:00Z,1.1300000000001091,1.1,10.0,0.0
2026-03-27T02:00:00Z,1.193000000000211,0.8,8.5,0.0
2026-03-27T03:00:00Z,1.3739999999997963,0.4,8.3,0.0
2026-03-27T04:00:00Z,1.4470000000001164,0.3,9.3,0.0
2026-03-27T05:00:00Z,1.4539999999997235,0.2,11.0,0.0
2026-03-27T06:00:00Z,1.4520000000002256,0.9,11.7,41.0
2026-03-27T07:00:00Z,1.0119999999997162,2.8,12.1,169.0
2026-03-27T08:00:00Z,0.6190000000005966,4.8,15.8,296.0
2026-03-27T09:00:00Z,0.07999999999992724,6.2,15.2,393.0
2026-03-27T10:00:00Z,0.018000000000029104,7.1,15.3,471.0
2026-03-27T11:00:00Z,0.018000000000029104,7.5,14.5,508.0
2026-03-27T12:00:00Z,0.5860000000002401,7.2,14.0,508.0
2026-03-27T13:00:00Z,0.03899999999975989,7.4,14.6,417.0
2026-03-27T14:00:00Z,0.08399999999983265,7.3,13.8,331.0
2026-03-27T15:00:00Z,0.01900000000023283,7.6,14.2,320.0
2026-03-27T16:00:00Z,0.019999999999527063,7.2,13.4,217.0
2026-03-27T17:00:00Z,0.018000000000029104,6.3,11.1,90.0
2026-03-27T18:00:00Z,0.6040000000002692,5.2,12.3,9.0
2026-03-27T19:00:00Z,0.5709999999999127,4.7,13.9,0.0
2026-03-27T20:00:00Z,0.5370000000002619,4.3,15.2,0.0
2026-03-27T21:00:00Z,0.5399999999999636,4.0,15.1,0.0
2026-03-27T22:00:00Z,0.5419999999994616,3.5,15.4,0.0
2026-03-27T23:00:00Z,0.5420000000003711,4.1,17.4,0.0
2026-03-28T00:00:00Z,0.5429999999996653,4.4,18.8,0.0
2026-03-28T01:00:00Z,0.5420000000003711,4.8,19.8,0.0
2026-03-28T02:00:00Z,0.3400000000001455,4.8,20.1,0.0
2026-03-28T03:00:00Z,0.6639999999997599,4.4,20.1,0.0
2026-03-28T04:00:00Z,0.6130000000002838,4.1,20.3,0.0
2026-03-28T05:00:00Z,0.10800000000017462,4.0,21.2,0.0
2026-03-28T06:00:00Z,0.7899999999999636,4.1,18.4,9.0
2026-03-28T07:00:00Z,0.5909999999994398,4.6,17.8,55.0
2026-03-28T08:00:00Z,0.06500000000050932,4.7,15.9,47.0
2026-03-28T09:00:00Z,0.8049999999993815,4.8,17.4,50.0
2026-03-28T10:00:00Z,0.5489999999999782,4.7,17.4,77.0
2026-03-28T11:00:00Z,0.3140000000003056,5.5,13.4,91.0
2026-03-28T12:00:00Z,0.5690000000004147,6.2,8.9,82.0
2026-03-28T13:00:00Z,0.10099999999965803,6.9,6.5,168.0
2026-03-28T14:00:00Z,0.01900000000023283,8.4,8.2,333.0
2026-03-28T15:00:00Z,0.018999999999323336,8.5,7.6,216.0
2026-03-28T16:00:00Z,0.467000000000553,8.1,7.0,150.0
2026-03-28T17:00:00Z,0.4960000000000946,7.1,7.4,58.0
2026-03-28T18:00:00Z,0.3539999999993597,5.7,3.5,7.0
2026-03-28T19:00:00Z,2.3070000000006985,4.9,5.3,0.0
2026-03-28T20:00:00Z,1.1109999999998763,4.2,5.7,0.0
2026-03-28T21:00:00Z,0.5799999999999272,4.2,9.2,0.0
2026-03-28T22:00:00Z,0.5500000000001819,3.3,11.7,0.0
2026-03-28T23:00:00Z,0.27599999999983993,2.7,13.0,0.0
2026-03-29T00:00:00Z,0.9979999999995925,2.5,12.7,0.0
2026-03-29T01:00:00Z,0.7690000000002328,1.8,10.1,0.0
2026-03-29T02:00:00Z,1.0380000000004657,1.0,8.8,0.0
2026-03-29T03:00:00Z,1.0670000000000073,0.6,8.3,0.0
2026-03-29T04:00:00Z,1.155999999999949,0.4,7.8,0.0
2026-03-29T05:00:00Z,1.1239999999997963,0.3,6.8,0.0
2026-03-29T06:00:00Z,1.0579999999999927,1.8,9.4,49.0
2026-03-29T07:00:00Z,0.9629999999997381,3.8,8.8,148.0
2026-03-29T08:00:00Z,0.5190000000002328,5.1,11.6,196.0
2026-03-29T09:00:00Z,0.3829999999998108,6.1,13.6,237.0
2026-03-29T10:00:00Z,0.08299999999962893,7.5,14.4,418.0
2026-03-29T11:00:00Z,0.01900000000023283,8.6,16.1,549.0
2026-03-29T12:00:00Z,0.020000000000436557,8.9,20.3,560.0
2026-03-29T13:00:00Z,0.018999999999323336,8.6,21.5,449.0
2026-03-29T14:00:00Z,0.0860000000002401,8.4,23.3,380.0
2026-03-29T15:00:00Z,0.11900000000059663,7.9,21.5,261.0
2026-03-29T16:00:00Z,0.052999999999883585,7.7,20.1,215.0
2026-03-29T17:00:00Z,0.018999999999323336,6.6,20.2,86.0
2026-03-29T18:00:00Z,0.16900000000077853,6.3,19.6,7.0
2026-03-29T19:00:00Z,0.019999999999527063,6.1,19.7,0.0
2026-03-29T20:00:00Z,0.01900000000023283,5.8,20.2,0.0
2026-03-29T21:00:00Z,0.019999999999527063,5.4,22.8,0.0
2026-03-29T22:00:00Z,0.01900000000023283,5.0,24.8,0.0
2026-03-29T23:00:00Z,0.020000000000436557,4.3,26.1,0.0
2026-03-30T00:00:00Z,0.11799999999948341,4.4,28.5,0.0
2026-03-30T01:00:00Z,0.020000000000436557,4.4,28.2,0.0
2026-03-30T02:00:00Z,0.018999999999323336,4.2,27.1,0.0
2026-03-30T03:00:00Z,0.020000000000436557,3.9,25.5,0.0
2026-03-30T04:00:00Z,0.019999999999527063,3.5,23.9,0.0
2026-03-30T05:00:00Z,0.018000000000029104,3.0,18.8,0.0
2026-03-30T06:00:00Z,0.44900000000052387,2.8,12.3,5.0
2026-03-30T07:00:00Z,1.5429999999996653,4.2,13.3,63.0
2026-03-30T08:00:00Z,0.7759999999998399,5.6,17.1,168.0
2026-03-30T09:00:00Z,0.511000000000422,5.9,19.7,289.0
2026-03-30T10:00:00Z,0.6049999999995634,7.6,17.7,498.0
2026-03-30T11:00:00Z,0.5750000000007276,8.3,16.1,560.0
2026-03-30T12:00:00Z,0.2860000000000582,8.3,16.8,571.0
2026-03-30T13:00:00Z,0.39799999999922875,8.4,16.7,474.0
2026-03-30T14:00:00Z,0.1610000000000582,8.6,16.6,450.0
2026-03-30T15:00:00Z,0.5410000000001673,8.4,17.6,358.0
2026-03-30T16:00:00Z,0.36200000000008004,6.9,16.2,211.0
2026-03-30T17:00:00Z,0.6549999999997453,6.2,16.6,87.0
2026-03-30T18:00:00Z,0.3350000000000364,5.2,13.9,13.0
2026-03-30T19:00:00Z,0.7840000000005602,4.7,14.0,0.0
2026-03-30T20:00:00Z,0.5389999999997599,4.2,15.3,0.0
2026-03-30T21:00:00Z,0.5429999999996653,4.0,16.4,0.0
2026-03-30T22:00:00Z,0.5420000000003711,3.7,16.6,0.0
2026-03-30T23:00:00Z,0.5420000000003711,3.4,17.5,0.0
2026-03-31T00:00:00Z,0.1639999999997599,4.1,17.1,0.0
2026-03-31T01:00:00Z,0.018000000000029104,4.2,16.7,0.0
2026-03-31T02:00:00Z,0.8779999999997017,4.1,17.4,0.0
2026-03-31T03:00:00Z,0.6000000000003638,4.0,18.4,0.0
2026-03-31T04:00:00Z,0.5360000000000582,3.9,19.4,0.0
2026-03-31T05:00:00Z,0.37599999999929423,4.9,20.0,0.0
2026-03-31T06:00:00Z,0.6790000000000873,5.2,20.3,30.0
2026-03-31T07:00:00Z,0.33100000000013097,6.3,19.5,164.0
2026-03-31T08:00:00Z,0.6779999999998836,7.2,26.9,286.0
2026-03-31T09:00:00Z,0.34100000000034925,7.9,24.1,389.0
2026-03-31T10:00:00Z,0.41200000000026193,8.8,22.2,517.0
2026-03-31T11:00:00Z,0.08500000000003638,9.4,20.0,566.0
2026-03-31T12:00:00Z,0.2109999999993306,9.2,18.7,597.0
2026-03-31T13:00:00Z,0.056000000000494765,9.2,19.6,560.0
2026-03-31T14:00:00Z,0.01900000000023283,9.0,21.0,514.0
2026-03-31T15:00:00Z,0.018999999999323336,8.6,20.6,412.0
2026-03-31T16:00:00Z,0.2110000000002401,7.9,16.8,274.0
2026-03-31T17:00:00Z,0.5289999999995416,6.8,14.7,129.0
2026-03-31T18:00:00Z,0.0750000000007276,5.8,12.5,18.0
2026-03-31T19:00:00Z,0.8930000000000291,4.7,11.0,0.0
2026-03-31T20:00:00Z,0.5979999999999563,3.9,9.9,0.0
2026-03-31T21:00:00Z,0.5379999999995562,3.5,9.6,0.0
2026-03-31T22:00:00Z,0.5340000000005602,3.2,9.4,0.0
2026-03-31T23:00:00Z,0.5509999999994761,3.1,10.3,0.0
2026-04-01T00:00:00Z,0.568000000000211,2.2,11.1,0.0
2026-04-01T01:00:00Z,0.5659999999998035,1.8,9.3,0.0
2026-04-01T02:00:00Z,0.5659999999998035,1.0,6.0,0.0
2026-04-01T03:00:00Z,0.5640000000003056,0.3,3.9,0.0
2026-04-01T04:00:00Z,0.6679999999996653,-0.1,3.4,0.0
2026-04-01T05:00:00Z,0.7080000000005384,-0.4,4.9,1.0
2026-04-01T06:00:00Z,1.1899999999995998,1.6,7.5,65.0
2026-04-01T07:00:00Z,0.9949999999998909,4.1,4.7,202.0
2026-04-01T08:00:00Z,0.4639999999999418,6.3,3.2,347.0
2026-04-01T09:00:00Z,0.15300000000024738,8.2,3.6,475.0
2026-04-01T10:00:00Z,0.020000000000436557,9.5,4.9,572.0
2026-04-01T11:00:00Z,0.20199999999931606,10.4,6.4,628.0
2026-04-01T12:00:00Z,0.020000000000436557,11.4,8.1,640.0
2026-04-01T13:00:00Z,0.01900000000023283,11.8,9.4,604.0
2026-04-01T14:00:00Z,0.018999999999323336,11.6,12.1,527.0
2026-04-01T15:00:00Z,0.01900000000023283,10.8,14.3,413.0
2026-04-01T16:00:00Z,0.06400000000030559,9.9,13.7,277.0
2026-04-01T17:00:00Z,0.018000000000029104,8.4,11.0,134.0
2026-04-01T18:00:00Z,0.36899999999968713,6.8,10.8,21.0
2026-04-01T19:00:00Z,0.5839999999998327,5.8,9.9,0.0
2026-04-01T20:00:00Z,0.5510000000003856,4.9,10.3,0.0
2026-04-01T21:00:00Z,0.5519999999996799,4.5,10.8,0.0
2026-04-01T22:00:00Z,0.5709999999999127,4.2,11.5,0.0
2026-04-01T23:00:00Z,0.5720000000001164,3.9,10.9,0.0
2026-04-02T00:00:00Z,0.5749999999998181,3.0,9.2,0.0
2026-04-02T01:00:00Z,0.5880000000006476,2.5,9.2,0.0
2026-04-02T02:00:00Z,0.6319999999996071,2.5,10.1,0.0
2026-04-02T03:00:00Z,0.6310000000003129,2.5,10.2,0.0
2026-04-02T04:00:00Z,0.7579999999998108,2.3,9.8,0.0
2026-04-02T05:00:00Z,1.09900000000016,2.3,10.3,2.0
2026-04-02T06:00:00Z,1.094000000000051,3.2,10.7,69.0
2026-04-02T07:00:00Z,0.8840000000000146,5.2,9.5,205.0
2026-04-02T08:00:00Z,0.02099999999973079,7.2,9.5,333.0
2026-04-02T09:00:00Z,0.2889999999997599,9.2,10.6,426.0
2026-04-02T10:00:00Z,0.01900000000023283,10.4,15.6,486.0
2026-04-02T11:00:00Z,0.01900000000023283,10.9,16.5,441.0
2026-04-02T12:00:00Z,0.018000000000029104,11.4,17.1,437.0
2026-04-02T13:00:00Z,0.018000000000029104,10.6,16.2,331.0
2026-04-02T14:00:00Z,0.018999999999323336,9.4,16.3,123.0
2026-04-02T15:00:00Z,0.01900000000023283,9.1,16.9,243.0
2026-04-02T16:00:00Z,0.07999999999992724,9.0,15.1,179.0
2026-04-02T17:00:00Z,0.4140000000006694,8.1,15.0,69.0
2026-04-02T18:00:00Z,0.532999999999447,7.8,15.8,8.0
2026-04-02T19:00:00Z,0.3000000000001819,7.1,15.7,0.0
2026-04-02T20:00:00Z,0.625,6.4,14.1,0.0
2026-04-02T21:00:00Z,0.3789999999999054,4.9,17.4,0.0
2026-04-02T22:00:00Z,0.7730000000001382,3.2,18.1,0.0
2026-04-02T23:00:00Z,0.6040000000002692,2.3,16.2,0.0
2026-04-03T00:00:00Z,0.626999999999498,2.0,15.7,0.0
2026-04-03T01:00:00Z,0.6180000000003929,2.2,15.0,0.0
2026-04-03T02:00:00Z,0.5379999999995562,2.8,16.9,0.0
2026-04-03T03:00:00Z,0.5370000000002619,3.5,18.7,0.0
2026-04-03T04:00:00Z,0.5590000000001965,4.0,19.7,0.0
2026-04-03T05:00:00Z,0.5630000000001019,4.0,19.5,1.0
2026-04-03T06:00:00Z,0.5649999999995998,4.0,20.7,16.0
2026-04-03T07:00:00Z,0.5630000000001019,4.4,20.7,80.0
2026-04-03T08:00:00Z,0.7659999999996217,5.3,26.1,201.0
2026-04-03T09:00:00Z,0.39900000000034197,5.8,22.8,219.0
2026-04-03T10:00:00Z,0.7250000000003638,5.9,21.3,260.0
2026-04-03T11:00:00Z,0.6219999999993888,5.9,19.8,300.0
2026-04-03T12:00:00Z,0.29800000000068394,6.5,19.1,401.0
2026-04-03T13:00:00Z,0.6499999999996362,6.8,17.3,346.0
2026-04-03T14:00:00Z,0.01900000000023283,7.4,17.9,342.0
2026-04-03T15:00:00Z,0.018000000000029104,7.7,14.7,209.0
2026-04-03T16:00:00Z,0.018000000000029104,7.8,16.9,197.0
2026-04-03T17:00:00Z,0.018999999999323336,7.2,13.4,62.0
2026-04-03T18:00:00Z,0.3760000000002037,6.4,11.6,16.0
2026-04-03T19:00:00Z,0.6220000000002983,6.5,15.1,0.0
2026-04-03T20:00:00Z,0.113999999999578,6.4,18.1,0.0
2026-04-03T21:00:00Z,0.7080000000005384,7.2,20.3,0.0
2026-04-03T22:00:00Z,0.48299999999926513,6.9,22.8,0.0
2026-04-03T23:00:00Z,0.5500000000001819,6.3,24.6,0.0
2026-04-04T00:00:00Z,0.4030000000002474,6.9,26.5,0.0
2026-04-04T01:00:00Z,0.5739999999996144,7.5,26.1,0.0
2026-04-04T02:00:00Z,0.3150000000005093,8.2,28.5,0.0
2026-04-04T03:00:00Z,0.11300000000028376,8.1,30.0,0.0
2026-04-04T04:00:00Z,0.019999999999527063,6.7,26.4,0.0
2026-04-04T05:00:00Z,0.5720000000001164,6.1,25.2,3.0
2026-04-04T06:00:00Z,0.4650000000001455,6.3,29.1,62.0
2026-04-04T07:00:00Z,0.21000000000003638,6.7,28.0,164.0
2026-04-04T08:00:00Z,0.8079999999999927,7.4,30.7,322.0
2026-04-04T09:00:00Z,0.3670000000001892,7.8,32.7,463.0
2026-04-04T10:00:00Z,0.15899999999965075,8.4,33.4,540.0
2026-04-04T11:00:00Z,0.01900000000023283,9.1,34.0,575.0
2026-04-04T12:00:00Z,0.018999999999323336,9.8,30.8,587.0
2026-04-04T13:00:00Z,0.5219999999999345,9.9,31.8,593.0
2026-04-04T14:00:00Z,2.0690000000004147,9.8,30.7,418.0
2026-04-04T15:00:00Z,0.6090000000003783,9.4,30.0,317.0
2026-04-04T16:00:00Z,0.018999999999323336,9.1,26.0,214.0
2026-04-04T17:00:00Z,0.13100000000031287,8.2,21.6,121.0
2026-04-04T18:00:00Z,0.01900000000023283,7.2,19.4,26.0
2026-04-04T19:00:00Z,0.5209999999997308,6.3,16.6,0.0
2026-04-04T20:00:00Z,0.6159999999999854,5.4,15.9,0.0
2026-04-04T21:00:00Z,0.19499999999970896,5.0,14.6,0.0
2026-04-04T22:00:00Z,0.8969999999999345,3.8,8.3,0.0
2026-04-04T23:00:00Z,0.6320000000005166,3.6,10.1,0.0
2026-04-05T00:00:00Z,0.3149999999995998,5.8,14.4,0.0
2026-04-05T01:00:00Z,0.7319999999999709,5.8,19.7,0.0
2026-04-05T02:00:00Z,0.2940000000007785,6.4,21.7,0.0
2026-04-05T03:00:00Z,0.7069999999994252,7.2,24.2,0.0
2026-04-05T04:00:00Z,0.15999999999985448,7.5,26.3,0.0
2026-04-05T05:00:00Z,0.568000000000211,8.4,26.4,2.0
2026-04-05T06:00:00Z,0.1890000000003056,9.7,27.0,60.0
2026-04-05T07:00:00Z,0.018999999999323336,11.4,31.8,152.0
2026-04-05T08:00:00Z,0.020000000000436557,11.2,36.2,77.0
2026-04-05T09:00:00Z,0.01900000000023283,11.5,34.7,219.0
2026-04-05T10:00:00Z,0.06899999999950523,11.7,39.7,538.0
2026-04-05T11:00:00Z,0.07700000000022555,11.4,36.8,643.0
2026-04-05T12:00:00Z,0.018000000000029104,11.3,35.5,603.0
2026-04-05T13:00:00Z,0.020000000000436557,11.1,36.1,613.0
2026-04-05T14:00:00Z,0.10299999999915599,10.7,36.0,547.0
2026-04-05T15:00:00Z,0.07600000000002183,10.1,36.2,437.0
2026-04-05T16:00:00Z,0.020000000000436557,9.0,36.3,298.0
2026-04-05T17:00:00Z,0.23499999999967258,8.1,32.8,137.0
2026-04-05T18:00:00Z,0.5320000000001528,7.2,31.4,29.0
2026-04-05T19:00:00Z,0.3850000000002183,6.7,30.6,0.0
2026-04-05T20:00:00Z,0.6629999999995562,6.1,28.0,0.0
2026-04-05T21:00:00Z,0.24500000000080036,5.7,27.0,0.0
2026-04-05T22:00:00Z,0.7799999999997453,5.3,28.4,0.0
2026-04-05T23:00:00Z,0.3719999999993888,5.1,27.6,0.0
2026-04-06T00:00:00Z,0.7000000000007276,5.4,29.7,0.0
2026-04-06T01:00:00Z,0.3999999999996362,4.8,29.4,0.0
2026-04-06T02:00:00Z,0.6580000000003565,4.5,29.9,0.0
2026-04-06T03:00:00Z,0.4099999999998545,4.4,30.1,0.0
2026-04-06T04:00:00Z,0.6229999999995925,4.5,30.7,0.0
2026-04-06T05:00:00Z,0.5,4.7,29.9,5.0
2026-04-06T06:00:00Z,0.5200000000004366,5.4,29.8,83.0
2026-04-06T07:00:00Z,0.5360000000000582,6.3,34.4,217.0
2026-04-06T08:00:00Z,0.4359999999996944,6.8,42.1,269.0
2026-04-06T09:00:00Z,0.4179999999996653,7.4,41.7,276.0
2026-04-06T10:00:00Z,0.13300000000072032,8.3,39.2,397.0
2026-04-06T11:00:00Z,0.08299999999962893,8.6,40.5,498.0
2026-04-06T12:00:00Z,0.020000000000436557,9.2,36.4,410.0
2026-04-06T13:00:00Z,0.018999999999323336,9.4,40.7,535.0
2026-04-06T14:00:00Z,0.01900000000023283,9.5,41.7,466.0
2026-04-06T15:00:00Z,0.020000000000436557,9.4,37.2,351.0
2026-04-06T16:00:00Z,0.018999999999323336,9.1,38.2,273.0
2026-04-06T17:00:00Z,0.11300000000028376,8.3,30.3,145.0
2026-04-06T18:00:00Z,0.5469999999995707,7.4,26.8,31.0
2026-04-06T19:00:00Z,0.27300000000013824,6.9,25.2,0.0
2026-04-06T20:00:00Z,0.774000000000342,6.4,24.4,0.0
2026-04-06T21:00:00Z,0.3140000000003056,5.8,24.0,0.0
2026-04-06T22:00:00Z,0.7479999999995925,5.4,23.2,0.0
2026-04-06T23:00:00Z,0.4600000000000364,5.1,22.4,0.0
2026-04-07T00:00:00Z,0.4780000000000655,4.8,20.7,0.0
2026-04-07T01:00:00Z,0.47599999999965803,4.4,20.0,0.0
2026-04-07T02:00:00Z,0.7139999999999418,4.1,19.5,0.0
2026-04-07T03:00:00Z,0.5560000000004948,3.8,18.4,0.0
2026-04-07T04:00:00Z,0.5370000000002619,3.5,18.1,0.0
2026-04-07T05:00:00Z,0.5389999999997599,3.7,17.3,7.0
2026-04-07T06:00:00Z,0.5360000000000582,4.8,15.4,93.0
2026-04-07T07:00:00Z,0.2669999999998254,6.7,14.9,238.0
2026-04-07T08:00:00Z,0.8109999999996944,7.7,16.0,386.0
2026-04-07T09:00:00Z,0.3029999999998836,8.4,16.8,516.0
2026-04-07T10:00:00Z,0.13800000000082946,8.8,17.3,614.0
2026-04-07T11:00:00Z,0.018999999999323336,9.2,17.8,672.0
2026-04-07T12:00:00Z,0.020000000000436557,9.5,19.7,684.0
2026-04-07T13:00:00Z,0.019999999999527063,9.4,20.6,651.0
2026-04-07T14:00:00Z,0.01900000000023283,8.9,20.9,572.0
2026-04-07T15:00:00Z,0.020000000000436557,8.4,20.9,458.0
2026-04-07T16:00:00Z,0.018999999999323336,7.6,19.2,316.0
2026-04-07T17:00:00Z,0.29500000000007276,6.5,15.8,164.0
2026-04-07T18:00:00Z,0.5630000000001019,5.4,12.9,36.0
2026-04-07T19:00:00Z,0.22400000000016007,4.7,12.4,0.0
2026-04-07T20:00:00Z,0.8980000000001382,4.1,12.4,0.0
2026-04-07T21:00:00Z,0.5819999999994252,3.8,12.4,0.0
2026-04-07T22:00:00Z,0.3540000000002692,3.5,11.4,0.0
2026-04-07T23:00:00Z,0.9639999999999418,2.8,8.3,0.0
2026-04-08T00:00:00Z,0.6530000000002474,2.0,6.1,0.0
2026-04-08T01:00:00Z,0.6089999999994689,1.3,6.5,0.0
2026-04-08T02:00:00Z,0.6170000000001892,0.9,6.2,0.0
2026-04-08T03:00:00Z,0.680000000000291,0.6,5.8,0.0
2026-04-08T04:00:00Z,1.1539999999995416,0.6,4.8,0.0
2026-04-08T05:00:00Z,0.8740000000007058,0.8,4.8,8.0
2026-04-08T06:00:00Z,0.8699999999998909,3.3,7.3,99.0
2026-04-08T07:00:00Z,0.6939999999995052,5.2,4.3,243.0
2026-04-08T08:00:00Z,0.23400000000037835,7.0,3.1,389.0
2026-04-08T09:00:00Z,0.04399999999986903,8.5,4.4,517.0
2026-04-08T10:00:00Z,0.01900000000023283,9.4,5.6,612.0
2026-04-08T11:00:00Z,0.019999999999527063,10.3,6.3,667.0
2026-04-08T12:00:00Z,0.01900000000023283,11.2,6.1,678.0
2026-04-08T13:00:00Z,0.01900000000023283,11.6,6.4,644.0
2026-04-08T14:00:00Z,0.01900000000023283,11.5,6.4,566.0
2026-04-08T15:00:00Z,0.018999999999323336,11.6,4.3,448.0
2026-04-08T16:00:00Z,0.01900000000023283,9.1,16.3,309.0
2026-04-08T17:00:00Z,0.01900000000023283,6.7,14.0,161.0
2026-04-08T18:00:00Z,0.31300000000010186,5.9,9.7,37.0
2026-04-08T19:00:00Z,0.5529999999998836,5.1,7.1,0.0
2026-04-08T20:00:00Z,0.12100000000009459,4.3,7.4,0.0
2026-04-08T21:00:00Z,0.018999999999323336,4.0,7.8,0.0
2026-04-08T22:00:00Z,0.01900000000023283,3.4,7.3,0.0
2026-04-08T23:00:00Z,0.7010000000000218,3.0,7.8,0.0
2026-04-09T00:00:00Z,0.9279999999998836,2.8,8.8,0.0
2026-04-09T01:00:00Z,0.6050000000004729,2.6,8.1,0.0
2026-04-09T02:00:00Z,0.5649999999995998,2.4,6.5,0.0
2026-04-09T03:00:00Z,0.8640000000004875,2.3,6.5,0.0
2026-04-09T04:00:00Z,0.8279999999995198,2.5,6.8,0.0
2026-04-09T05:00:00Z,0.8519999999998618,2.6,6.4,9.0
2026-04-09T06:00:00Z,0.7840000000005602,4.0,8.3,90.0
2026-04-09T07:00:00Z,0.5050000000001091,5.0,9.0,226.0
2026-04-09T08:00:00Z,0.4609999999993306,5.8,11.4,379.0
2026-04-09T09:00:00Z,0.7400000000006912,6.2,12.7,518.0
2026-04-09T10:00:00Z,0.5399999999999636,6.6,12.9,623.0
2026-04-09T11:00:00Z,0.018999999999323336,6.6,14.5,680.0
2026-04-09T12:00:00Z,0.01900000000023283,7.0,18.2,695.0
2026-04-09T13:00:00Z,0.020000000000436557,6.8,20.5,661.0
2026-04-09T14:00:00Z,0.08299999999962893,6.2,22.6,582.0
2026-04-09T15:00:00Z,0.01900000000023283,5.5,23.5,468.0
2026-04-09T16:00:00Z,0.41899999999986903,4.8,23.3,328.0
2026-04-09T17:00:00Z,0.5559999999995853,4.0,21.1,176.0
2026-04-09T18:00:00Z,0.1680000000005748,3.6,19.0,43.0
2026-04-09T19:00:00Z,0.6189999999996871,3.2,19.1,0.0
2026-04-09T20:00:00Z,0.9239999999999782,2.9,21.3,0.0
2026-04-09T21:00:00Z,0.6430000000000291,2.7,24.4,0.0
2026-04-09T22:00:00Z,0.5789999999997235,2.5,25.0,0.0
2026-04-09T23:00:00Z,0.579000000000633,2.2,24.8,0.0
2026-04-10T00:00:00Z,0.5769999999993161,2.1,25.0,0.0
2026-04-10T01:00:00Z,0.5770000000002256,2.1,28.3,0.0
2026-04-10T02:00:00Z,0.5760000000000218,2.5,29.8,0.0
2026-04-10T03:00:00Z,0.5760000000000218,2.7,29.8,0.0
2026-04-10T04:00:00Z,0.5720000000001164,2.8,29.4,0.0
2026-04-10T05:00:00Z,0.5770000000002256,2.8,27.2,9.0
2026-04-10T06:00:00Z,0.569999999999709,3.6,24.7,67.0
2026-04-10T07:00:00Z,0.5500000000001819,4.1,25.0,165.0
2026-04-10T08:00:00Z,0.5510000000003856,4.4,25.3,233.0
2026-04-10T09:00:00Z,0.5449999999991633,5.0,25.7,343.0
2026-04-10T10:00:00Z,0.6000000000003638,5.4,23.5,401.0
2026-04-10T11:00:00Z,0.1999999999998181,4.4,21.0,257.0
2026-04-10T12:00:00Z,0.7899999999999636,4.2,21.4,186.0
2026-04-10T13:00:00Z,0.3010000000003856,4.3,21.1,141.0
2026-04-10T14:00:00Z,0.5289999999995416,4.6,20.4,124.0
2026-04-10T15:00:00Z,0.581000000000131,5.1,20.3,146.0
2026-04-10T16:00:00Z,0.027000000000043656,5.5,18.1,139.0
2026-04-10T17:00:00Z,0.7280000000000655,5.4,14.5,72.0
2026-04-10T18:00:00Z,0.4329999999999927,4.7,12.4,31.0
2026-04-10T19:00:00Z,0.39400000000023283,4.7,12.0,0.0
2026-04-10T20:00:00Z,0.6620000000002619,4.2,9.8,0.0
2026-04-10T21:00:00Z,0.23399999999946886,3.4,6.7,0.0
2026-04-10T22:00:00Z,0.4099999999998545,1.9,4.7,0.0
2026-04-10T23:00:00Z,0.6670000000003711,2.0,1.3,0.0
2026-04-11T00:00:00Z,0.24099999999998545,1.8,0.4,0.0
2026-04-11T01:00:00Z,0.47699999999986176,1.1,1.5,0.0
2026-04-11T02:00:00Z,0.8000000000001819,0.2,2.2,0.0
2026-04-11T03:00:00Z,0.6669999999994616,-0.1,0.9,0.0
2026-04-11T04:00:00Z,0.8479999999999563,-0.2,0.3,0.0
2026-04-11T05:00:00Z,1.0470000000004802,0.3,4.9,10.0
2026-04-11T06:00:00Z,0.8500000000003638,2.7,8.4,87.0
2026-04-11T07:00:00Z,0.5119999999997162,4.7,12.0,198.0
2026-04-11T08:00:00Z,0.01900000000023283,6.0,13.0,370.0
2026-04-11T09:00:00Z,0.6989999999996144,6.8,14.9,520.0
2026-04-11T10:00:00Z,0.06099999999969441,7.2,17.8,617.0
2026-04-11T11:00:00Z,0.01900000000023283,7.2,21.2,683.0
2026-04-11T12:00:00Z,0.020000000000436557,7.3,22.7,697.0
2026-04-11T13:00:00Z,0.019999999999527063,6.9,23.6,665.0
2026-04-11T14:00:00Z,0.14500000000043656,6.7,23.7,582.0
2026-04-11T15:00:00Z,0.07899999999972351,6.3,22.1,466.0
2026-04-11T16:00:00Z,0.020000000000436557,6.0,21.6,327.0
2026-04-11T17:00:00Z,0.15599999999994907,5.4,20.7,177.0
2026-04-11T18:00:00Z,0.019999999999527063,5.5,22.7,46.0
2026-04-11T19:00:00Z,0.01900000000023283,5.3,22.9,0.0
2026-04-11T20:00:00Z,0.12100000000009459,4.6,23.8,0.0
2026-04-11T21:00:00Z,0.019999999999527063,4.0,26.0,0.0
2026-04-11T22:00:00Z,0.668999999999869,4.1,27.2,0.0
2026-04-11T23:00:00Z,0.6710000000002765,4.5,27.1,0.0
2026-04-12T00:00:00Z,0.5420000000003711,4.8,26.3,0.0
2026-04-12T01:00:00Z,0.3170000000000073,5.4,24.8,0.0
2026-04-12T02:00:00Z,0.4789999999993597,5.8,22.7,0.0
2026-04-12T03:00:00Z,0.6480000000001382,6.3,21.7,0.0
2026-04-12T04:00:00Z,0.3000000000001819,6.4,21.8,0.0
2026-04-12T05:00:00Z,0.7719999999999345,6.4,21.3,3.0
2026-04-12T06:00:00Z,0.23400000000037835,6.7,19.2,20.0
2026-04-12T07:00:00Z,0.4219999999995707,6.7,19.5,41.0
2026-04-12T08:00:00Z,0.020000000000436557,7.1,18.1,97.0
2026-04-12T09:00:00Z,0.08399999999983265,6.9,17.8,97.0
2026-04-12T10:00:00Z,0.5630000000001019,7.5,16.9,167.0
2026-04-12T11:00:00Z,0.08500000000003638,7.4,16.5,166.0
2026-04-12T12:00:00Z,0.018999999999323336,7.4,15.2,192.0
2026-04-12T13:00:00Z,0.20600000000013097,7.0,14.5,141.0
2026-04-12T14:00:00Z,0.6430000000000291,6.9,13.7,141.0
2026-04-12T15:00:00Z,0.22100000000045839,7.1,11.8,153.0
2026-04-12T16:00:00Z,0.01900000000023283,6.8,10.9,181.0
2026-04-12T17:00:00Z,0.018999999999323336,6.2,9.9,107.0
2026-04-12T18:00:00Z,0.5970000000006621,5.7,9.1,27.0
2026-04-12T19:00:00Z,0.6619999999993524,5.2,8.5,0.0
2026-04-12T20:00:00Z,0.5399999999999636,5.2,9.1,0.0
2026-04-12T21:00:00Z,0.5340000000005602,5.3,7.6,0.0
2026-04-12T22:00:00Z,0.4579999999996289,5.7,7.1,0.0
2026-04-12T23:00:00Z,0.5860000000002401,5.6,6.5,0.0
2026-04-13T00:00:00Z,0.600999999999658,5.8,6.8,0.0
2026-04-13T01:00:00Z,0.16899999999986903,6.2,8.9,0.0
2026-04-13T02:00:00Z,0.7049999999999272,6.4,10.2,0.0
2026-04-13T03:00:00Z,0.3610000000007858,6.3,12.1,0.0
2026-04-13T04:00:00Z,0.7429999999994834,6.2,12.7,0.0
2026-04-13T05:00:00Z,0.5560000000004948,6.6,14.7,8.0
2026-04-13T06:00:00Z,0.42399999999997817,6.7,16.1,57.0
2026-04-13T07:00:00Z,0.4739999999992506,7.0,16.9,87.0
2026-04-13T08:00:00Z,0.018000000000029104,7.7,17.6,189.0
2026-04-13T09:00:00Z,0.01900000000023283,8.2,20.4,306.0
2026-04-13T10:00:00Z,0.3280000000004293,8.4,23.2,377.0
2026-04-13T11:00:00Z,0.10999999999967258,8.4,23.4,423.0
2026-04-13T12:00:00Z,0.020000000000436557,8.8,23.5,503.0
2026-04-13T13:00:00Z,0.018999999999323336,8.4,21.7,247.0
2026-04-13T14:00:00Z,0.24400000000059663,9.4,23.6,313.0
2026-04-13T15:00:00Z,0.019999999999527063,8.9,24.4,87.0
2026-04-13T16:00:00Z,0.35199999999986176,8.8,26.7,76.0
2026-04-13T17:00:00Z,0.31600000000071304,7.9,26.7,42.0
2026-04-13T18:00:00Z,0.670999999999367,7.1,25.9,20.0
2026-04-13T19:00:00Z,0.32300000000032014,6.8,25.7,0.0
2026-04-13T20:00:00Z,0.6890000000003056,7.2,26.7,0.0
2026-04-13T21:00:00Z,0.35499999999956344,7.3,25.9,0.0
2026-04-13T22:00:00Z,0.6329999999998108,7.3,25.6,0.0
2026-04-13T23:00:00Z,0.36200000000008004,7.4,25.7,0.0
2026-04-14T00:00:00Z,0.6400000000003274,7.2,23.2,0.0
2026-04-14T01:00:00Z,0.32999999999992724,7.2,23.4,0.0
2026-04-14T02:00:00Z,0.6610000000000582,7.1,23.5,0.0
2026-04-14T03:00:00Z,0.3170000000000073,7.1,22.9,0.0
2026-04-14T04:00:00Z,0.016999999999825377,7.0,23.3,0.0
2026-04-14T05:00:00Z,0.01900000000023283,6.8,24.6,4.0
2026-04-14T06:00:00Z,0.5739999999996144,6.8,23.1,23.0
2026-04-14T07:00:00Z,0.4600000000000364,7.0,19.4,67.0
2026-04-14T08:00:00Z,0.020000000000436557,7.1,20.6,105.0
2026-04-14T09:00:00Z,0.8269999999993161,7.2,22.1,150.0
2026-04-14T10:00:00Z,0.18400000000019645,7.6,22.2,260.0
2026-04-14T11:00:00Z,0.7260000000005675,7.5,18.1,247.0
2026-04-14T12:00:00Z,0.1959999999999127,6.7,13.5,198.0
2026-04-14T13:00:00Z,0.4960000000000946,6.3,9.7,81.0
2026-04-14T14:00:00Z,0.4219999999995707,6.5,7.9,96.0
2026-04-14T15:00:00Z,0.020000000000436557,6.7,5.0,94.0
2026-04-14T16:00:00Z,0.5759999999991123,7.0,2.6,100.0
2026-04-14T17:00:00Z,0.4680000000007567,7.1,1.3,147.0
2026-04-14T18:00:00Z,0.2109999999993306,6.7,0.4,53.0
2026-04-14T19:00:00Z,0.831000000000131,5.1,0.5,1.0
2026-04-14T20:00:00Z,0.6580000000003565,3.6,4.3,0.0
2026-04-14T21:00:00Z,0.6859999999996944,3.8,6.4,0.0
2026-04-14T22:00:00Z,0.6890000000003056,4.0,8.0,0.0
2026-04-14T23:00:00Z,0.6899999999995998,4.1,9.7,0.0
2026-04-15T00:00:00Z,1.0349999999998545,3.7,10.0,0.0
2026-04-15T01:00:00Z,1.1630000000004657,3.2,9.1,0.0
2026-04-15T02:00:00Z,0.8980000000001382,2.8,7.7,0.0
2026-04-15T03:00:00Z,0.6080000000001746,2.1,6.6,0.0
2026-04-15T04:00:00Z,0.9549999999999272,1.7,6.3,0.0
2026-04-15T05:00:00Z,1.431999999999789,2.3,6.6,23.0
2026-04-15T06:00:00Z,1.199999999999818,3.7,7.3,134.0
2026-04-15T07:00:00Z,0.7770000000000437,6.0,4.3,282.0
2026-04-15T08:00:00Z,0.41300000000046566,8.1,4.6,431.0
2026-04-15T09:00:00Z,0.49399999999968713,9.9,9.0,555.0
2026-04-15T10:00:00Z,0.27400000000034197,10.9,9.3,595.0
2026-04-15T11:00:00Z,0.018999999999323336,11.4,9.4,630.0
2026-04-15T12:00:00Z,0.01900000000023283,12.1,10.6,566.0
2026-04-15T13:00:00Z,0.020000000000436557,12.4,10.7,514.0
2026-04-15T14:00:00Z,0.018999999999323336,10.9,13.1,460.0
2026-04-15T15:00:00Z,0.020000000000436557,9.7,12.4,434.0
2026-04-15T16:00:00Z,0.019999999999527063,9.8,9.3,296.0
2026-04-15T17:00:00Z,0.01900000000023283,9.6,7.5,172.0
2026-04-15T18:00:00Z,0.07800000000042928,7.7,5.0,57.0
2026-04-15T19:00:00Z,0.2669999999998254,5.8,4.2,1.0
2026-04-15T20:00:00Z,0.8029999999998836,4.6,5.0,0.0
2026-04-15T21:00:00Z,0.6199999999998909,3.8,4.9,0.0
2026-04-15T22:00:00Z,0.6289999999999054,3.3,3.7,0.0
2026-04-15T23:00:00Z,0.6300000000001091,3.0,2.7,0.0
2026-04-16T00:00:00Z,0.6329999999998108,2.0,4.9,0.0
2026-04-16T01:00:00Z,0.9570000000003347,1.6,4.3,0.0
2026-04-16T02:00:00Z,1.069999999999709,1.6,3.7,0.0
2026-04-16T03:00:00Z,1.0630000000001019,1.8,6.4,0.0
2026-04-16T04:00:00Z,0.5140000000001237,2.2,6.7,0.0
2026-04-16T05:00:00Z,0.6570000000001528,3.0,6.4,14.0
2026-04-16T06:00:00Z,0.5609999999996944,4.3,8.8,67.0
2026-04-16T07:00:00Z,0.31999999999970896,4.9,8.6,94.0
2026-04-16T08:00:00Z,0.6110000000007858,5.4,9.1,129.0
2026-04-16T09:00:00Z,0.018999999999323336,5.8,10.9,144.0
2026-04-16T10:00:00Z,0.020000000000436557,6.1,9.9,154.0
2026-04-16T11:00:00Z,0.282999999999447,6.1,8.0,145.0
2026-04-16T12:00:00Z,0.5370000000002619,6.6,10.3,121.0
2026-04-16T13:00:00Z,0.01900000000023283,6.7,10.6,152.0
2026-04-16T14:00:00Z,0.019999999999527063,8.1,11.2,384.0
2026-04-16T15:00:00Z,0.01900000000023283,8.0,9.4,386.0
2026-04-16T16:00:00Z,0.0749999999998181,7.7,8.2,294.0
2026-04-16T17:00:00Z,0.01900000000023283,7.1,6.6,173.0
2026-04-16T18:00:00Z,0.01900000000023283,6.1,7.4,56.0
2026-04-16T19:00:00Z,0.7649999999994179,5.2,7.1,1.0
2026-04-16T20:00:00Z,0.5960000000004584,4.4,5.8,0.0
2026-04-16T21:00:00Z,0.5330000000003565,3.9,5.7,0.0
2026-04-16T22:00:00Z,0.5339999999996508,3.2,5.4,0.0
2026-04-16T23:00:00Z,0.5379999999995562,2.9,5.1,0.0
2026-04-17T00:00:00Z,0.5650000000005093,3.2,4.4,0.0
2026-04-17T01:00:00Z,0.569999999999709,3.0,3.6,0.0
2026-04-17T02:00:00Z,0.5879999999997381,2.8,3.0,0.0
2026-04-17T03:00:00Z,0.6580000000003565,2.6,2.5,0.0
2026-04-17T04:00:00Z,0.7489999999997963,2.2,1.8,0.0
2026-04-17T05:00:00Z,1.0619999999998981,3.0,1.9,27.0
2026-04-17T06:00:00Z,1.0399999999999636,5.3,5.6,138.0
2026-04-17T07:00:00Z,0.3540000000002692,7.2,3.7,283.0
2026-04-17T08:00:00Z,0.13400000000001455,8.8,5.4,427.0
2026-04-17T09:00:00Z,0.01900000000023283,9.7,7.1,551.0
2026-04-17T10:00:00Z,0.019999999999527063,10.6,8.3,644.0
2026-04-17T11:00:00Z,0.018000000000029104,11.4,9.4,697.0
2026-04-17T12:00:00Z,0.01900000000023283,11.8,9.8,595.0
2026-04-17T13:00:00Z,0.020000000000436557,12.1,9.4,657.0
2026-04-17T14:00:00Z,0.019999999999527063,12.1,9.4,547.0
2026-04-17T15:00:00Z,0.01900000000023283,12.0,9.4,400.0
2026-04-17T16:00:00Z,0.06300000000010186,11.4,9.2,256.0
2026-04-17T17:00:00Z,0.01900000000023283,10.5,7.6,157.0
2026-04-17T18:00:00Z,0.06599999999980355,9.2,5.7,53.0
2026-04-17T19:00:00Z,0.018000000000029104,7.3,5.6,2.0
2026-04-17T20:00:00Z,0.45600000000013097,6.8,6.1,0.0
2026-04-17T21:00:00Z,0.2889999999997599,5.9,5.8,0.0
2026-04-17T22:00:00Z,0.0,5.0,5.6,0.0
2026-04-17T23:00:00Z,1.3699999999998909,4.9,5.7,0.0
2026-04-18T00:00:00Z,0.2920000000003711,4.8,7.3,0.0
2026-04-18T01:00:00Z,0.40599999999994907,4.7,7.5,0.0
2026-04-18T02:00:00Z,0.6790000000000873,4.8,8.3,0.0
2026-04-18T03:00:00Z,0.2859999999991487,4.9,8.9,0.0
2026-04-18T04:00:00Z,0.7190000000000509,4.8,9.0,0.0
2026-04-18T05:00:00Z,0.3280000000004293,5.2,9.8,23.0
2026-04-18T06:00:00Z,0.01900000000023283,5.9,10.4,116.0
2026-04-18T07:00:00Z,0.018999999999323336,6.6,11.0,261.0
2026-04-18T08:00:00Z,0.01900000000023283,6.4,11.2,232.0
2026-04-18T09:00:00Z,0.018000000000029104,6.8,11.8,269.0
2026-04-18T10:00:00Z,0.2179999999998472,7.8,12.2,377.0
2026-04-18T11:00:00Z,0.4140000000006694,8.6,12.5,446.0
2026-04-18T12:00:00Z,0.13499999999930878,8.8,13.7,369.0
2026-04-18T13:00:00Z,0.018000000000029104,9.4,13.4,443.0
2026-04-18T14:00:00Z,0.45200000000022555,8.6,12.0,262.0
2026-04-18T15:00:00Z,0.2319999999999709,7.8,13.2,108.0
2026-04-18T16:00:00Z,0.13100000000031287,8.2,11.8,172.0
2026-04-18T17:00:00Z,0.3279999999995198,7.3,11.5,64.0
2026-04-18T18:00:00Z,0.5770000000002256,6.8,11.2,16.0
2026-04-18T19:00:00Z,0.05500000000029104,6.6,11.1,1.0
2026-04-18T20:00:00Z,0.6289999999999054,6.5,11.1,0.0
2026-04-18T21:00:00Z,0.4499999999998181,6.4,11.6,0.0
2026-04-18T22:00:00Z,0.01900000000023283,6.3,10.5,0.0
2026-04-18T23:00:00Z,0.6729999999997744,6.2,8.8,0.0
2026-04-19T00:00:00Z,0.36999999999989086,5.8,8.9,0.0
2026-04-19T01:00:00Z,0.4989999999997963,5.8,6.4,0.0
2026-04-19T02:00:00Z,0.5080000000007203,5.9,3.8,0.0
2026-04-19T03:00:00Z,0.018999999999323336,6.0,0.8,0.0
2026-04-19T04:00:00Z,0.4650000000001455,6.1,2.9,0.0
2026-04-19T05:00:00Z,0.5600000000004002,6.8,4.7,11.0
2026-04-19T06:00:00Z,0.021999999999934516,7.4,7.3,44.0
2026-04-19T07:00:00Z,0.34900000000016007,8.1,10.4,81.0
2026-04-19T08:00:00Z,0.17399999999997817,8.6,12.7,120.0
2026-04-19T09:00:00Z,0.018000000000029104,9.1,12.4,196.0
2026-04-19T10:00:00Z,0.018999999999323336,9.1,11.3,184.0
2026-04-19T11:00:00Z,0.01900000000023283,9.6,11.4,253.0
2026-04-19T12:00:00Z,0.018000000000029104,8.2,11.4,228.0
2026-04-19T13:00:00Z,0.01900000000023283,8.6,8.9,133.0
2026-04-19T14:00:00Z,0.016999999999825377,8.9,7.1,104.0
2026-04-19T15:00:00Z,0.01900000000023283,9.1,10.3,98.0
2026-04-19T16:00:00Z,0.018999999999323336,8.9,12.0,84.0
2026-04-19T17:00:00Z,0.01900000000023283,8.4,9.2,43.0
2026-04-19T18:00:00Z,0.01900000000023283,7.3,11.4,13.0
2026-04-19T19:00:00Z,0.052999999999883585,7.1,13.2,0.0
2026-04-19T20:00:00Z,0.9229999999997744,6.7,15.7,0.0
2026-04-19T21:00:00Z,0.566000000000713,6.8,17.1,0.0
2026-04-19T22:00:00Z,0.5199999999995271,6.7,17.9,0.0
2026-04-19T23:00:00Z,0.5209999999997308,6.2,18.7,0.0
2026-04-20T00:00:00Z,0.524000000000342,4.9,16.1,0.0
2026-04-20T01:00:00Z,0.5280000000002474,4.2,15.3,0.0
2026-04-20T02:00:00Z,0.5339999999996508,3.5,15.9,0.0
2026-04-20T03:00:00Z,0.5320000000001528,2.9,16.1,0.0
2026-04-20T04:00:00Z,0.5320000000001528,2.8,16.9,0.0
2026-04-20T05:00:00Z,0.5320000000001528,3.5,19.0,36.0
2026-04-20T06:00:00Z,0.5309999999999491,4.8,17.2,141.0
2026-04-20T07:00:00Z,0.3099999999994907,5.9,22.0,303.0
2026-04-20T08:00:00Z,0.7399999999997817,7.3,22.3,457.0
2026-04-20T09:00:00Z,0.3030000000007931,8.3,22.4,576.0
2026-04-20T10:00:00Z,0.13400000000001455,9.1,25.0,681.0
2026-04-20T11:00:00Z,0.018999999999323336,9.6,25.3,734.0
2026-04-20T12:00:00Z,0.01900000000023283,9.8,23.9,742.0
2026-04-20T13:00:00Z,0.01900000000023283,10.0,22.2,704.0
2026-04-20T14:00:00Z,0.01900000000023283,10.1,20.6,627.0
2026-04-20T15:00:00Z,0.018999999999323336,10.2,16.4,512.0
2026-04-20T16:00:00Z,0.2250000000003638,10.1,11.2,369.0
2026-04-20T17:00:00Z,0.01900000000023283,9.4,6.6,214.0
2026-04-20T18:00:00Z,0.19499999999970896,7.6,8.2,77.0
2026-04-20T19:00:00Z,0.6599999999998545,6.9,11.4,4.0
2026-04-20T20:00:00Z,0.5519999999996799,5.8,8.3,0.0
2026-04-20T21:00:00Z,0.5500000000001819,3.9,4.3,0.0
2026-04-20T22:00:00Z,0.5720000000001164,3.2,4.1,0.0
2026-04-20T23:00:00Z,0.5720000000001164,2.5,6.0,0.0
2026-04-21T00:00:00Z,0.6239999999997963,2.3,9.0,0.0
2026-04-21T01:00:00Z,0.717000000000553,2.2,9.8,0.0
2026-04-21T02:00:00Z,0.7179999999998472,2.0,9.5,0.0
2026-04-21T03:00:00Z,0.7159999999994398,1.5,8.6,0.0
2026-04-21T04:00:00Z,0.7160000000003492,1.0,8.5,0.0
2026-04-21T05:00:00Z,0.7150000000001455,1.6,9.1,44.0
2026-04-21T06:00:00Z,0.9089999999996508,3.6,9.3,171.0
2026-04-21T07:00:00Z,0.44099999999980355,5.3,8.0,324.0
2026-04-21T08:00:00Z,0.33700000000044383,7.2,7.3,472.0
2026-04-21T09:00:00Z,0.47999999999956344,8.8,7.3,598.0
2026-04-21T10:00:00Z,0.01900000000023283,10.1,6.8,691.0
2026-04-21T11:00:00Z,0.01900000000023283,11.1,5.5,743.0
2026-04-21T12:00:00Z,0.019999999999527063,11.8,4.8,750.0
2026-04-21T13:00:00Z,0.020000000000436557,12.3,3.9,711.0
2026-04-21T14:00:00Z,0.019999999999527063,12.6,1.5,630.0
2026-04-21T15:00:00Z,0.018000000000029104,12.4,6.2,513.0
2026-04-21T16:00:00Z,0.01900000000023283,11.2,12.9,372.0
2026-04-21T17:00:00Z,0.01900000000023283,9.6,13.1,221.0
2026-04-21T18:00:00Z,0.01900000000023283,8.1,11.4,82.0
2026-04-21T19:00:00Z,0.18399999999928696,7.1,10.3,4.0
2026-04-21T20:00:00Z,0.61200000000008,5.9,8.9,0.0
2026-04-21T21:00:00Z,0.32000000000061846,5.3,10.8,0.0
2026-04-21T22:00:00Z,0.6719999999995707,5.2,13.5,0.0
2026-04-21T23:00:00Z,0.5450000000000728,5.3,15.2,0.0
2026-04-22T00:00:00Z,0.181999999999789,5.2,16.7,0.0
2026-04-22T01:00:00Z,0.8659999999999854,5.1,16.8,0.0
2026-04-22T02:00:00Z,0.3389999999999418,4.9,16.1,0.0
2026-04-22T03:00:00Z,0.7420000000001892,4.5,15.2,0.0
2026-04-22T04:00:00Z,0.5619999999998981,4.4,16.0,0.0
2026-04-22T05:00:00Z,0.020000000000436557,5.6,17.5,47.0
2026-04-22T06:00:00Z,0.18999999999959982,7.6,18.4,175.0
2026-04-22T07:00:00Z,0.3400000000001455,9.8,16.1,326.0
2026-04-22T08:00:00Z,0.01900000000023283,11.6,16.0,473.0
2026-04-22T09:00:00Z,0.019999999999527063,12.9,17.8,597.0
2026-04-22T10:00:00Z,0.01900000000023283,13.9,18.6,688.0
2026-04-22T11:00:00Z,0.01900000000023283,14.6,19.1,740.0
2026-04-22T12:00:00Z,0.01900000000023283,15.6,21.0,748.0
2026-04-22T13:00:00Z,0.018999999999323336,15.4,21.4,711.0
2026-04-22T14:00:00Z,0.020000000000436557,15.3,22.2,632.0
2026-04-22T15:00:00Z,0.01900000000023283,14.9,21.9,518.0
2026-04-22T16:00:00Z,0.018999999999323336,14.4,18.6,379.0
2026-04-22T17:00:00Z,0.01900000000023283,13.7,16.8,226.0
2026-04-22T18:00:00Z,0.020000000000436557,13.1,19.1,85.0
2026-04-22T19:00:00Z,0.018000000000029104,11.7,20.3,5.0
2026-04-22T20:00:00Z,0.07799999999951979,10.2,21.3,0.0
2026-04-22T21:00:00Z,0.020000000000436557,8.9,21.0,0.0
2026-04-22T22:00:00Z,0.018999999999323336,7.7,19.6,0.0
2026-04-22T23:00:00Z,0.4220000000004802,6.6,17.5,0.0
2026-04-23T00:00:00Z,0.532999999999447,6.1,16.7,0.0
2026-04-23T01:00:00Z,0.47000000000025466,5.6,16.8,0.0
2026-04-23T02:00:00Z,0.5640000000003056,5.2,16.2,0.0
2026-04-23T03:00:00Z,0.41200000000026193,4.9,15.4,0.0
2026-04-23T04:00:00Z,0.5760000000000218,4.9,15.2,0.0
2026-04-23T05:00:00Z,0.2649999999994179,5.8,14.8,49.0
2026-04-23T06:00:00Z,0.7020000000002256,7.7,13.7,175.0
2026-04-23T07:00:00Z,0.11999999999989086,9.9,13.0,323.0
2026-04-23T08:00:00Z,0.018000000000029104,11.6,14.8,467.0
2026-04-23T09:00:00Z,0.018000000000029104,12.8,17.6,590.0
2026-04-23T10:00:00Z,0.01900000000023283,13.5,19.8,682.0
2026-04-23T11:00:00Z,0.018000000000029104,13.9,21.0,734.0
2026-04-23T12:00:00Z,0.018999999999323336,14.8,20.4,742.0
2026-04-23T13:00:00Z,0.018000000000029104,14.5,20.8,706.0
2026-04-23T14:00:00Z,0.01900000000023283,14.6,19.4,627.0
2026-04-23T15:00:00Z,0.018000000000029104,14.4,17.8,513.0
2026-04-23T16:00:00Z,0.018000000000029104,14.3,15.0,375.0
2026-04-23T17:00:00Z,0.01900000000023283,13.9,11.0,226.0
2026-04-23T18:00:00Z,0.01900000000023283,12.5,4.7,87.0
2026-04-23T19:00:00Z,0.018000000000029104,10.6,5.6,6.0
2026-04-23T20:00:00Z,0.5239999999994325,10.6,10.9,0.0
2026-04-23T21:00:00Z,0.14900000000034197,9.8,14.8,0.0
2026-04-23T22:00:00Z,0.31999999999970896,9.1,14.8,0.0
2026-04-23T23:00:00Z,0.2929999999996653,8.1,13.6,0.0
2026-04-24T00:00:00Z,0.08100000000013097,6.8,13.6,0.0
2026-04-24T01:00:00Z,0.4720000000006621,6.2,13.4,0.0
2026-04-24T02:00:00Z,0.4789999999993597,5.8,12.8,0.0
2026-04-24T03:00:00Z,0.5180000000000291,5.6,12.2,0.0
2026-04-24T04:00:00Z,0.5529999999998836,5.5,11.6,0.0
2026-04-24T05:00:00Z,0.4329999999999927,6.4,11.7,53.0
2026-04-24T06:00:00Z,0.51299999999992,8.3,11.7,181.0
2026-04-24T07:00:00Z,0.020000000000436557,10.4,10.8,329.0
2026-04-24T08:00:00Z,0.01900000000023283,12.3,12.1,472.0
2026-04-24T09:00:00Z,0.019999999999527063,13.9,14.2,594.0
2026-04-24T10:00:00Z,0.01900000000023283,14.6,16.4,685.0
2026-04-24T11:00:00Z,0.01900000000023283,15.1,16.9,737.0
2026-04-24T12:00:00Z,0.019999999999527063,15.9,19.7,747.0
2026-04-24T13:00:00Z,0.01900000000023283,15.1,19.7,710.0
2026-04-24T14:00:00Z,0.01900000000023283,14.9,19.6,632.0
2026-04-24T15:00:00Z,0.01900000000023283,14.6,19.2,518.0
2026-04-24T16:00:00Z,0.019999999999527063,14.2,17.5,380.0
2026-04-24T17:00:00Z,0.01900000000023283,13.9,11.7,230.0
2026-04-24T18:00:00Z,0.01900000000023283,13.2,6.1,88.0
2026-04-24T19:00:00Z,0.10099999999965803,12.4,15.5,7.0
2026-04-24T20:00:00Z,0.16699999999946158,10.8,18.0,0.0
2026-04-24T21:00:00Z,0.020000000000436557,9.3,17.7,0.0
2026-04-24T22:00:00Z,0.2070000000003347,8.1,18.4,0.0
2026-04-24T23:00:00Z,0.5289999999995416,7.0,19.6,0.0
2026-04-25T00:00:00Z,0.26900000000023283,6.6,21.0,0.0
2026-04-25T01:00:00Z,0.6189999999996871,6.2,22.6,0.0
2026-04-25T02:00:00Z,0.556999999999789,6.1,24.3,0.0
2026-04-25T03:00:00Z,0.5150000000003274,5.9,25.2,0.0
2026-04-25T04:00:00Z,0.5659999999998035,5.9,25.8,1.0
2026-04-25T05:00:00Z,0.44100000000071304,6.5,25.8,57.0
2026-04-25T06:00:00Z,0.5689999999995052,7.7,30.0,187.0
2026-04-25T07:00:00Z,0.13699999999971624,8.7,33.9,296.0
2026-04-25T08:00:00Z,0.18700000000080763,9.3,34.0,357.0
2026-04-25T09:00:00Z,0.05199999999967986,9.6,33.3,392.0
2026-04-25T10:00:00Z,0.03999999999996362,9.5,32.3,309.0
2026-04-25T11:00:00Z,0.21900000000005093,9.9,34.4,297.0
2026-04-25T12:00:00Z,0.01900000000023283,10.8,35.7,323.0
2026-04-25T13:00:00Z,0.019999999999527063,10.4,36.5,307.0
2026-04-25T14:00:00Z,0.01900000000023283,11.1,35.3,472.0
2026-04-25T15:00:00Z,0.13400000000001455,10.4,35.4,293.0
2026-04-25T16:00:00Z,0.13099999999940337,9.4,34.5,259.0
2026-04-25T17:00:00Z,0.1110000000007858,8.4,26.2,150.0
2026-04-25T18:00:00Z,0.3899999999994179,7.5,25.0,62.0
2026-04-25T19:00:00Z,0.41600000000016735,7.7,23.7,7.0
2026-04-25T20:00:00Z,0.29899999999997817,7.0,18.8,0.0
2026-04-25T21:00:00Z,0.13699999999971624,6.6,20.4,0.0
2026-04-25T22:00:00Z,0.7220000000006621,6.2,17.1,0.0
2026-04-25T23:00:00Z,0.5799999999999272,6.4,17.6,0.0
2026-04-26T00:00:00Z,0.5379999999995562,5.5,15.5,0.0
2026-04-26T01:00:00Z,0.5410000000001673,4.9,15.3,0.0
2026-04-26T02:00:00Z,0.5429999999996653,4.4,13.3,0.0
2026-04-26T03:00:00Z,0.5740000000005239,3.8,11.6,0.0
2026-04-26T04:00:00Z,0.7110000000002401,3.2,10.3,1.0
2026-04-26T05:00:00Z,0.7109999999993306,4.0,10.4,64.0
2026-04-26T06:00:00Z,0.5670000000000073,5.5,9.1,199.0
2026-04-26T07:00:00Z,0.24900000000070577,7.0,13.7,352.0
2026-04-26T08:00:00Z,0.714999999999236,7.9,15.2,498.0
2026-04-26T09:00:00Z,0.03600000000005821,8.8,14.5,621.0
2026-04-26T10:00:00Z,0.1289999999999054,9.4,15.2,712.0
2026-04-26T11:00:00Z,0.01900000000023283,10.1,15.5,760.0
2026-04-26T12:00:00Z,0.018000000000029104,11.2,16.4,761.0
2026-04-26T13:00:00Z,0.018000000000029104,10.9,15.4,662.0
2026-04-26T14:00:00Z,0.01900000000023283,10.9,14.8,589.0
2026-04-26T15:00:00Z,0.018000000000029104,10.6,13.6,436.0
2026-04-26T16:00:00Z,0.016999999999825377,10.4,12.7,276.0
2026-04-26T17:00:00Z,0.20899999999983265,10.2,10.1,184.0
2026-04-26T18:00:00Z,0.06199999999989814,9.7,7.9,92.0
2026-04-26T19:00:00Z,0.01900000000023283,8.3,5.9,8.0
2026-04-26T20:00:00Z,0.3429999999998472,8.1,9.2,0.0
2026-04-26T21:00:00Z,0.6610000000000582,7.6,12.8,0.0
2026-04-26T22:00:00Z,0.543999999999869,6.6,10.8,0.0
2026-04-26T23:00:00Z,0.5330000000003565,5.4,9.4,0.0
2026-04-27T00:00:00Z,0.5370000000002619,3.5,4.6,0.0
2026-04-27T01:00:00Z,0.5479999999997744,2.3,4.9,0.0
2026-04-27T02:00:00Z,0.5709999999999127,1.9,4.7,0.0
2026-04-27T03:00:00Z,0.6130000000002838,1.4,4.9,0.0
2026-04-27T04:00:00Z,0.6520000000000437,1.4,5.3,2.0
2026-04-27T05:00:00Z,0.6529999999993379,3.2,7.2,64.0
2026-04-27T06:00:00Z,0.75,5.6,5.8,195.0
2026-04-27T07:00:00Z,0.04100000000016735,7.2,7.6,347.0
2026-04-27T08:00:00Z,0.27599999999983993,8.6,6.5,491.0
2026-04-27T09:00:00Z,0.0750000000007276,9.8,5.3,615.0
2026-04-27T10:00:00Z,0.018000000000029104,10.8,4.3,705.0
2026-04-27T11:00:00Z,0.01599999999962165,11.6,3.5,750.0
2026-04-27T12:00:00Z,0.01900000000023283,12.1,2.3,744.0
2026-04-27T13:00:00Z,0.018000000000029104,12.4,3.7,709.0
2026-04-27T14:00:00Z,0.018000000000029104,12.2,5.8,618.0
2026-04-27T15:00:00Z,0.016999999999825377,11.9,7.7,514.0
2026-04-27T16:00:00Z,0.018000000000029104,11.1,11.3,378.0
2026-04-27T17:00:00Z,0.018000000000029104,10.0,14.6,233.0
2026-04-27T18:00:00Z,0.2319999999999709,9.2,15.0,100.0
2026-04-27T19:00:00Z,0.1610000000000582,7.9,12.1,11.0
2026-04-27T20:00:00Z,0.6649999999999636,6.9,10.2,0.0
2026-04-27T21:00:00Z,0.30099999999947613,6.2,9.7,0.0
2026-04-27T22:00:00Z,0.9030000000002474,5.6,9.2,0.0
2026-04-27T23:00:00Z,0.5720000000001164,5.2,8.3,0.0
2026-04-28T00:00:00Z,0.15399999999954161,4.5,8.7,0.0
2026-04-28T01:00:00Z,0.9490000000005239,4.1,9.4,0.0
2026-04-28T02:00:00Z,0.6660000000001673,3.3,10.5,0.0
2026-04-28T03:00:00Z,0.6279999999997017,2.7,8.3,0.0
2026-04-28T04:00:00Z,0.6270000000004075,2.1,7.2,2.0
2026-04-28T05:00:00Z,0.6259999999992942,2.8,9.1,70.0
2026-04-28T06:00:00Z,0.524000000000342,5.2,8.5,204.0
2026-04-28T07:00:00Z,0.018000000000029104,7.8,7.1,352.0
2026-04-28T08:00:00Z,0.34500000000025466,9.9,10.2,489.0
2026-04-28T09:00:00Z,0.018000000000029104,11.6,14.9,618.0
2026-04-28T10:00:00Z,0.018999999999323336,12.2,19.4,707.0
2026-04-28T11:00:00Z,0.01900000000023283,12.1,20.3,761.0
2026-04-28T12:00:00Z,0.018000000000029104,12.6,18.3,774.0
2026-04-28T13:00:00Z,0.01900000000023283,12.4,17.9,738.0
2026-04-28T14:00:00Z,0.01900000000023283,12.4,16.0,658.0
2026-04-28T15:00:00Z,0.018000000000029104,11.9,16.2,542.0
2026-04-28T16:00:00Z,0.018999999999323336,11.1,17.4,403.0
2026-04-28T17:00:00Z,0.018000000000029104,10.4,17.7,250.0
2026-04-28T18:00:00Z,0.2290000000002692,9.6,15.0,107.0
2026-04-28T19:00:00Z,0.01900000000023283,8.4,13.7,12.0
2026-04-28T20:00:00Z,0.5159999999996217,7.8,14.1,0.0
2026-04-28T21:00:00Z,0.5299999999997453,7.5,14.1,0.0
2026-04-28T22:00:00Z,0.4580000000005384,6.9,13.7,0.0
2026-04-28T23:00:00Z,0.7010000000000218,6.2,11.7,0.0
2026-04-29T00:00:00Z,0.5549999999993815,4.9,10.2,0.0
2026-04-29T01:00:00Z,0.5420000000003711,4.0,9.3,0.0
2026-04-29T02:00:00Z,0.5420000000003711,3.1,7.6,0.0
2026-04-29T03:00:00Z,0.5679999999993015,2.2,6.1,0.0
2026-04-29T04:00:00Z,0.5650000000005093,1.8,5.2,3.0
2026-04-29T05:00:00Z,0.5689999999995052,3.8,5.7,70.0
2026-04-29T06:00:00Z,0.3680000000003929,5.8,3.2,203.0
2026-04-29T07:00:00Z,0.4859999999998763,8.0,1.7,353.0
2026-04-29T08:00:00Z,0.17799999999988358,9.9,1.8,496.0
2026-04-29T09:00:00Z,0.07899999999972351,11.4,1.4,617.0
2026-04-29T10:00:00Z,0.01900000000023283,12.8,0.6,706.0
2026-04-29T11:00:00Z,0.018000000000029104,13.7,3.0,755.0
2026-04-29T12:00:00Z,0.01900000000023283,14.8,8.5,761.0
2026-04-29T13:00:00Z,0.01900000000023283,14.9,12.9,721.0
2026-04-29T14:00:00Z,0.018000000000029104,14.9,15.6,643.0
2026-04-29T15:00:00Z,0.018000000000029104,14.4,15.9,530.0
2026-04-29T16:00:00Z,0.018000000000029104,13.7,15.4,393.0
2026-04-29T17:00:00Z,0.018999999999323336,13.0,13.9,245.0
2026-04-29T18:00:00Z,0.018000000000029104,12.4,9.8,106.0
2026-04-29T19:00:00Z,0.07600000000002183,10.9,6.2,13.0
2026-04-29T20:00:00Z,0.26600000000053114,9.9,7.4,0.0
2026-04-29T21:00:00Z,0.4830000000001746,9.2,8.3,0.0
2026-04-29T22:00:00Z,0.018999999999323336,8.6,10.1,0.0
2026-04-29T23:00:00Z,0.018000000000029104,8.1,10.2,0.0
2026-04-30T00:00:00Z,0.01900000000023283,7.2,9.8,0.0
2026-04-30T01:00:00Z,0.018000000000029104,6.4,9.1,0.0
2026-04-30T02:00:00Z,0.018000000000029104,5.8,8.9,0.0
2026-04-30T03:00:00Z,0.018000000000029104,5.2,8.1,0.0
2026-04-30T04:00:00Z,0.01900000000023283,5.2,9.3,4.0
2026-04-30T05:00:00Z,0.018000000000029104,6.4,10.6,74.0
2026-04-30T06:00:00Z,0.018999999999323336,8.8,11.5,206.0
2026-04-30T07:00:00Z,0.018000000000029104,11.2,12.1,359.0
2026-04-30T08:00:00Z,0.01900000000023283,13.4,14.8,504.0
2026-04-30T09:00:00Z,0.018000000000029104,14.8,17.5,627.0
2026-04-30T10:00:00Z,0.018000000000029104,15.6,18.0,716.0
2026-04-30T11:00:00Z,0.018000000000029104,16.4,17.6,765.0
2026-04-30T12:00:00Z,0.016999999999825377,18.0,17.3,769.0
2026-04-30T13:00:00Z,0.01900000000023283,17.7,17.0,729.0
2026-04-30T14:00:00Z,0.01900000000023283,17.5,16.8,653.0
2026-04-30T15:00:00Z,0.018000000000029104,17.2,16.8,540.0
2026-04-30T16:00:00Z,0.018000000000029104,16.8,16.2,403.0
2026-04-30T17:00:00Z,0.016999999999825377,16.2,15.2,253.0
2026-04-30T18:00:00Z,0.018999999999323336,15.6,10.7,112.0
2026-04-30T19:00:00Z,0.016000000000531145,13.8,8.6,15.0
2026-04-30T20:00:00Z,0.018000000000029104,12.4,7.5,0.0
2026-04-30T21:00:00Z,0.018000000000029104,11.0,6.9,0.0
2026-04-30T22:00:00Z,0.01599999999962165,10.1,7.9,0.0
2026-04-30T23:00:00Z,0.15099999999983993,9.2,8.9,0.0
2026-05-01T00:00:00Z,0.7630000000008295,7.7,10.2,0.0
2026-05-01T01:00:00Z,0.5619999999998981,6.6,7.9,0.0
2026-05-01T02:00:00Z,0.5219999999999345,5.7,6.2,0.0
2026-05-01T03:00:00Z,0.5309999999999491,5.0,6.4,0.0
2026-05-01T04:00:00Z,0.532999999999447,4.9,7.8,5.0
2026-05-01T05:00:00Z,0.535000000000764,6.3,9.1,81.0
2026-05-01T06:00:00Z,0.16499999999996362,9.5,8.1,218.0
2026-05-01T07:00:00Z,0.3899999999994179,12.4,7.1,370.0
2026-05-01T08:00:00Z,0.01900000000023283,15.1,7.6,515.0
2026-05-01T09:00:00Z,0.01900000000023283,17.4,9.7,637.0
2026-05-01T10:00:00Z,0.018000000000029104,18.8,11.1,727.0
2026-05-01T11:00:00Z,0.019999999999527063,19.6,10.6,777.0
2026-05-01T12:00:00Z,0.018000000000029104,20.9,10.0,782.0
2026-05-01T13:00:00Z,0.01900000000023283,20.9,9.1,743.0
2026-05-01T14:00:00Z,0.01900000000023283,21.0,8.2,662.0
2026-05-01T15:00:00Z,0.018999999999323336,20.8,6.3,548.0
2026-05-01T16:00:00Z,0.018000000000029104,20.3,4.7,409.0
2026-05-01T17:00:00Z,0.01900000000023283,19.2,3.6,259.0
2026-05-01T18:00:00Z,0.018000000000029104,18.0,3.4,117.0
2026-05-01T19:00:00Z,0.01900000000023283,15.6,6.5,17.0
2026-05-01T20:00:00Z,0.018000000000029104,15.2,8.1,0.0
2026-05-01T21:00:00Z,0.38099999999940337,13.7,7.0,0.0
2026-05-01T22:00:00Z,0.5270000000000437,12.8,7.1,0.0
2026-05-01T23:00:00Z,0.19700000000011642,12.6,10.2,0.0
2026-05-02T00:00:00Z,0.01900000000023283,11.4,10.1,0.0
2026-05-02T01:00:00Z,0.4600000000000364,10.7,10.5,0.0
2026-05-02T02:00:00Z,0.5929999999998472,10.5,11.3,0.0
2026-05-02T03:00:00Z,0.13500000000021828,10.5,12.2,0.0
2026-05-02T04:00:00Z,0.15999999999985448,10.6,13.0,6.0
2026-05-02T05:00:00Z,0.016999999999825377,11.8,13.8,84.0
2026-05-02T06:00:00Z,0.25900000000001455,14.6,13.9,218.0
2026-05-02T07:00:00Z,0.01900000000023283,16.5,13.5,368.0
2026-05-02T08:00:00Z,0.01900000000023283,18.4,13.8,509.0
2026-05-02T09:00:00Z,0.018999999999323336,20.1,14.1,630.0
2026-05-02T10:00:00Z,0.01900000000023283,21.4,15.6,720.0
2026-05-02T11:00:00Z,0.018000000000029104,22.3,16.7,771.0
2026-05-02T12:00:00Z,0.01900000000023283,23.6,18.0,778.0
2026-05-02T13:00:00Z,0.009000000000014552,23.3,17.8,740.0
2026-05-02T14:00:00Z,0.009000000000014552,23.2,18.5,662.0
2026-05-02T15:00:00Z,0.009000000000014552,23.1,20.1,547.0
2026-05-02T16:00:00Z,0.009000000000014552,22.8,19.2,411.0
2026-05-02T17:00:00Z,0.009000000000014552,22.3,13.6,260.0
2026-05-02T18:00:00Z,0.046000000000276486,21.0,9.3,112.0
2026-05-02T19:00:00Z,0.018999999999323336,19.5,8.9,15.0
2026-05-02T20:00:00Z,0.01900000000023283,18.0,7.9,0.0
2026-05-02T21:00:00Z,0.018000000000029104,16.8,7.0,0.0
2026-05-02T22:00:00Z,0.01900000000023283,16.5,11.2,0.0
2026-05-02T23:00:00Z,0.018000000000029104,14.8,7.6,0.0
2026-05-03T00:00:00Z,0.018000000000029104,13.7,9.1,0.0
2026-05-03T01:00:00Z,0.018999999999323336,13.1,10.7,0.0
2026-05-03T02:00:00Z,0.018000000000029104,12.4,12.5,0.0
2026-05-03T03:00:00Z,0.018000000000029104,11.6,12.5,0.0
2026-05-03T04:00:00Z,0.3330000000005384,10.9,12.0,6.0
2026-05-03T05:00:00Z,0.18999999999959982,11.2,11.3,66.0
2026-05-03T06:00:00Z,0.018000000000029104,12.1,10.9,165.0
2026-05-03T07:00:00Z,0.018000000000029104,13.2,8.2,327.0
2026-05-03T08:00:00Z,0.018000000000029104,14.6,4.3,475.0
2026-05-03T09:00:00Z,0.018000000000029104,16.0,5.2,558.0
2026-05-03T10:00:00Z,0.01900000000023283,17.0,6.9,609.0
2026-05-03T11:00:00Z,0.018000000000029104,17.7,8.7,669.0
2026-05-03T12:00:00Z,0.01900000000023283,17.5,11.1,335.0
2026-05-03T13:00:00Z,0.01799999999911961,18.0,7.8,539.0
2026-05-03T14:00:00Z,0.018000000000029104,18.4,6.5,583.0
2026-05-03T15:00:00Z,0.01900000000023283,18.5,6.3,480.0
2026-05-03T16:00:00Z,0.018000000000029104,17.9,8.4,355.0
2026-05-03T17:00:00Z,0.01900000000023283,16.9,7.3,195.0
2026-05-03T18:00:00Z,0.018000000000029104,15.7,8.0,78.0
2026-05-03T19:00:00Z,0.018000000000029104,14.4,8.0,8.0
2026-05-03T20:00:00Z,0.018000000000029104,13.4,5.8,0.0
2026-05-03T21:00:00Z,0.018000000000029104,12.8,4.7,0.0
2026-05-03T22:00:00Z,0.018000000000029104,12.6,5.7,0.0
2026-05-03T23:00:00Z,0.01900000000023283,12.4,3.7,0.0
2026-05-04T00:00:00Z,0.01799999999911961,12.9,3.6,0.0
2026-05-04T01:00:00Z,0.018000000000029104,13.1,9.4,0.0
2026-05-04T02:00:00Z,0.018000000000029104,13.1,16.8,0.0
2026-05-04T03:00:00Z,0.018000000000029104,12.4,18.5,0.0
2026-05-04T04:00:00Z,0.018000000000029104,12.2,17.0,6.0
2026-05-04T05:00:00Z,0.01900000000023283,12.4,17.9,39.0
2026-05-04T06:00:00Z,0.018000000000029104,12.4,16.5,43.0
2026-05-04T07:00:00Z,0.06000000000040018,12.1,17.3,92.0
2026-05-04T08:00:00Z,0.018999999999323336,11.6,17.8,103.0
2026-05-04T09:00:00Z,0.01900000000023283,12.9,16.4,398.0
2026-05-04T10:00:00Z,0.01900000000023283,14.4,17.3,700.0
2026-05-04T11:00:00Z,0.01900000000023283,15.0,19.3,764.0
2026-05-04T12:00:00Z,0.018999999999323336,15.6,19.4,770.0
2026-05-04T13:00:00Z,0.018000000000029104,15.4,18.5,735.0
2026-05-04T14:00:00Z,0.020000000000436557,15.4,17.6,661.0
2026-05-04T15:00:00Z,0.01900000000023283,15.0,16.8,548.0
2026-05-04T16:00:00Z,0.018999999999323336,14.2,16.7,412.0
2026-05-04T17:00:00Z,0.01900000000023283,13.4,14.6,263.0
2026-05-04T18:00:00Z,0.01900000000023283,12.9,11.9,123.0
2026-05-04T19:00:00Z,0.01900000000023283,11.6,8.3,21.0
2026-05-04T20:00:00Z,0.018999999999323336,10.7,8.1,0.0
2026-05-04T21:00:00Z,0.018000000000029104,10.1,10.4,0.0
2026-05-04T22:00:00Z,0.01900000000023283,9.1,11.1,0.0
2026-05-04T23:00:00Z,0.018000000000029104,8.4,11.6,0.0
2026-05-05T00:00:00Z,0.018000000000029104,7.6,10.7,0.0
2026-05-05T01:00:00Z,0.01900000000023283,6.8,10.2,0.0
2026-05-05T02:00:00Z,0.03499999999985448,6.3,9.3,0.0
2026-05-05T03:00:00Z,0.01900000000023283,5.8,7.7,0.0
2026-05-05T04:00:00Z,0.018000000000029104,5.8,8.3,8.0
2026-05-05T05:00:00Z,0.018999999999323336,7.2,10.8,79.0
2026-05-05T06:00:00Z,0.018000000000029104,8.9,14.5,158.0
2026-05-05T07:00:00Z,0.01900000000023283,9.6,12.9,244.0
2026-05-05T08:00:00Z,0.01900000000023283,10.8,12.5,371.0
2026-05-05T09:00:00Z,0.016999999999825377,11.6,12.2,430.0
2026-05-05T10:00:00Z,0.018000000000029104,12.1,12.5,498.0
2026-05-05T11:00:00Z,0.01900000000023283,12.8,12.7,576.0
2026-05-05T12:00:00Z,0.018999999999323336,13.4,12.2,654.0
2026-05-05T13:00:00Z,0.01900000000023283,13.9,11.0,741.0
2026-05-05T14:00:00Z,0.01900000000023283,14.3,10.3,682.0
2026-05-05T15:00:00Z,0.01900000000023283,14.1,10.6,568.0
2026-05-05T16:00:00Z,0.018000000000029104,13.1,14.1,430.0
2026-05-05T17:00:00Z,0.018999999999323336,12.0,15.5,279.0
2026-05-05T18:00:00Z,0.01900000000023283,11.2,12.2,133.0
2026-05-05T19:00:00Z,0.018000000000029104,9.6,9.2,24.0
2026-05-05T20:00:00Z,0.01900000000023283,8.8,10.7,0.0
2026-05-05T21:00:00Z,0.018000000000029104,7.8,10.8,0.0
2026-05-05T22:00:00Z,0.01900000000023283,7.2,10.6,0.0
2026-05-05T23:00:00Z,0.01799999999911961,6.8,10.1,0.0
2026-05-06T00:00:00Z,0.018000000000029104,6.2,11.7,0.0
2026-05-06T01:00:00Z,0.018000000000029104,5.7,10.2,0.0
2026-05-06T02:00:00Z,0.5190000000002328,5.4,11.6,0.0
2026-05-06T03:00:00Z,0.5870000000004438,5.1,12.9,0.0
2026-05-06T04:00:00Z,0.02099999999973079,4.8,11.1,10.0
2026-05-06T05:00:00Z,0.018000000000029104,5.4,9.3,90.0
2026-05-06T06:00:00Z,0.01900000000023283,7.5,10.1,226.0
2026-05-06T07:00:00Z,0.018000000000029104,9.2,9.9,363.0
2026-05-06T08:00:00Z,0.018999999999323336,10.9,9.1,496.0
2026-05-06T09:00:00Z,0.01900000000023283,12.7,10.4,600.0
2026-05-06T10:00:00Z,0.01900000000023283,13.5,11.8,653.0
2026-05-06T11:00:00Z,0.018000000000029104,13.8,13.3,678.0
2026-05-06T12:00:00Z,0.01900000000023283,13.9,15.0,668.0
2026-05-06T13:00:00Z,0.018999999999323336,13.4,14.9,628.0
2026-05-06T14:00:00Z,0.01900000000023283,12.4,16.8,478.0
2026-05-06T15:00:00Z,0.01900000000023283,11.6,17.1,378.0
2026-05-06T16:00:00Z,0.018000000000029104,11.1,17.4,304.0
2026-05-06T17:00:00Z,0.01900000000023283,10.1,16.8,204.0
2026-05-06T18:00:00Z,0.018999999999323336,9.4,15.8,88.0
2026-05-06T19:00:00Z,0.5489999999999782,8.5,14.1,17.0
2026-05-06T20:00:00Z,0.7680000000000291,8.1,12.2,0.0
2026-05-06T21:00:00Z,0.5510000000003856,7.8,9.5,0.0
2026-05-06T22:00:00Z,0.5399999999999636,7.2,7.1,0.0
2026-05-06T23:00:00Z,0.5399999999999636,6.3,3.4,0.0
2026-05-07T00:00:00Z,0.5479999999997744,5.5,0.7,0.0
2026-05-07T01:00:00Z,0.5520000000005894,4.8,1.0,0.0
2026-05-07T02:00:00Z,0.5769999999993161,3.8,2.9,0.0
2026-05-07T03:00:00Z,0.5820000000003347,3.1,4.0,0.0
2026-05-07T04:00:00Z,0.5979999999999563,3.1,5.4,11.0
2026-05-07T05:00:00Z,0.4139999999997599,4.9,6.4,99.0
2026-05-07T06:00:00Z,0.7790000000004511,7.2,3.6,241.0
2026-05-07T07:00:00Z,0.24799999999959255,9.1,1.8,395.0
2026-05-07T08:00:00Z,0.018000000000029104,10.8,2.4,536.0
2026-05-07T09:00:00Z,0.018000000000029104,12.2,4.0,653.0
2026-05-07T10:00:00Z,0.01900000000023283,13.4,4.9,743.0
2026-05-07T11:00:00Z,0.018000000000029104,14.3,5.8,780.0
2026-05-07T12:00:00Z,0.018000000000029104,14.4,8.6,693.0
2026-05-07T13:00:00Z,0.01900000000023283,13.8,8.1,520.0
2026-05-07T14:00:00Z,0.018000000000029104,13.9,5.7,441.0
2026-05-07T15:00:00Z,0.018999999999323336,14.1,8.0,402.0
2026-05-07T16:00:00Z,0.01900000000023283,13.7,9.6,362.0
2026-05-07T17:00:00Z,0.018000000000029104,13.1,8.2,253.0
2026-05-07T18:00:00Z,0.32600000000002183,12.6,3.5,132.0
2026-05-07T19:00:00Z,0.6509999999998399,10.6,0.4,28.0
2026-05-07T20:00:00Z,0.524000000000342,9.3,3.5,0.0
2026-05-07T21:00:00Z,0.5239999999994325,8.4,5.9,0.0
2026-05-07T22:00:00Z,0.5210000000006403,7.6,6.1,0.0
2026-05-07T23:00:00Z,0.5299999999997453,6.7,5.5,0.0
2026-05-08T00:00:00Z,0.5309999999999491,6.2,3.7,0.0
2026-05-08T01:00:00Z,0.5320000000001528,5.6,1.4,0.0
2026-05-08T02:00:00Z,0.532999999999447,4.7,1.8,0.0
2026-05-08T03:00:00Z,0.5560000000004948,3.5,2.9,0.0
2026-05-08T04:00:00Z,0.5489999999999782,3.2,4.0,13.0
2026-05-08T05:00:00Z,0.2070000000003347,5.8,7.2,107.0
2026-05-08T06:00:00Z,0.018000000000029104,8.8,7.5,246.0
2026-05-08T07:00:00Z,0.5519999999996799,10.4,10.2,396.0
2026-05-08T08:00:00Z,0.07799999999951979,11.0,12.8,537.0
2026-05-08T09:00:00Z,0.061000000000603904,11.7,15.1,657.0
2026-05-08T10:00:00Z,0.15099999999983993,12.1,16.3,748.0
2026-05-08T11:00:00Z,0.01900000000023283,12.6,16.2,805.0
2026-05-08T12:00:00Z,0.018999999999323336,13.4,14.7,813.0
2026-05-08T13:00:00Z,0.01900000000023283,13.1,14.5,773.0
2026-05-08T14:00:00Z,0.01900000000023283,13.1,14.0,691.0
2026-05-08T15:00:00Z,0.016999999999825377,12.8,14.3,577.0
2026-05-08T16:00:00Z,0.01900000000023283,12.2,14.0,439.0
2026-05-08T17:00:00Z,0.1570000000001528,11.6,11.7,287.0
2026-05-08T18:00:00Z,0.5029999999997017,10.9,9.7,142.0
2026-05-08T19:00:00Z,0.18099999999958527,9.6,8.3,31.0
2026-05-08T20:00:00Z,0.6159999999999854,9.2,9.6,0.0
2026-05-08T21:00:00Z,0.5930000000007567,8.7,8.5,0.0
2026-05-08T22:00:00Z,0.05199999999967986,7.6,6.5,0.0
2026-05-08T23:00:00Z,0.8789999999999054,6.3,5.8,0.0
2026-05-09T00:00:00Z,0.6810000000004948,5.9,6.2,0.0
2026-05-09T01:00:00Z,0.5629999999991924,5.1,7.3,0.0
2026-05-09T02:00:00Z,0.5690000000004147,5.0,8.1,0.0
2026-05-09T03:00:00Z,0.5959999999995489,4.6,7.7,0.0
2026-05-09T04:00:00Z,0.5940000000000509,4.7,8.0,15.0
2026-05-09T05:00:00Z,0.4220000000004802,6.1,9.3,114.0
2026-05-09T06:00:00Z,0.01900000000023283,8.1,7.7,258.0
2026-05-09T07:00:00Z,0.3319999999994252,9.6,7.6,412.0
2026-05-09T08:00:00Z,0.33100000000013097,11.1,8.5,555.0
2026-05-09T09:00:00Z,0.06000000000040018,12.3,8.9,673.0
2026-05-09T10:00:00Z,0.018999999999323336,13.2,9.2,759.0
2026-05-09T11:00:00Z,0.01900000000023283,13.9,9.6,806.0
2026-05-09T12:00:00Z,0.018000000000029104,14.2,11.4,807.0
2026-05-09T13:00:00Z,0.01900000000023283,13.9,13.4,770.0
2026-05-09T14:00:00Z,0.01900000000023283,13.4,14.7,686.0
2026-05-09T15:00:00Z,0.018000000000029104,12.9,14.3,556.0
2026-05-09T16:00:00Z,0.018000000000029104,12.7,13.2,432.0
2026-05-09T17:00:00Z,0.018999999999323336,12.2,11.3,278.0
2026-05-09T18:00:00Z,0.4170000000003711,11.6,9.8,142.0
2026-05-09T19:00:00Z,0.2609999999995125,10.2,9.3,32.0
2026-05-09T20:00:00Z,0.5040000000008149,9.4,8.1,0.0
2026-05-09T21:00:00Z,0.5489999999999782,8.6,6.7,0.0
2026-05-09T22:00:00Z,0.6449999999995271,8.1,6.6,0.0
2026-05-09T23:00:00Z,0.4859999999998763,7.6,5.8,0.0
2026-05-10T00:00:00Z,0.11400000000048749,6.8,5.8,0.0
2026-05-10T01:00:00Z,0.6880000000001019,6.7,8.2,0.0
2026-05-10T02:00:00Z,0.12999999999919964,7.1,8.2,0.0
2026-05-10T03:00:00Z,0.018000000000029104,7.5,7.1,0.0
2026-05-10T04:00:00Z,0.01900000000023283,8.1,7.3,10.0
2026-05-10T05:00:00Z,0.016999999999825377,8.8,5.9,41.0
2026-05-10T06:00:00Z,0.01900000000023283,9.7,6.2,82.0
2026-05-10T07:00:00Z,0.018000000000029104,10.2,6.2,133.0
2026-05-10T08:00:00Z,0.01900000000023283,11.1,4.0,189.0
2026-05-10T09:00:00Z,0.016999999999825377,12.2,2.9,237.0
2026-05-10T10:00:00Z,0.016999999999825377,13.4,4.3,359.0
2026-05-10T11:00:00Z,0.01900000000023283,14.4,7.4,590.0
2026-05-10T12:00:00Z,0.016999999999825377,14.8,4.5,587.0
2026-05-10T13:00:00Z,0.018000000000029104,14.4,8.2,300.0
2026-05-10T14:00:00Z,0.01900000000023283,13.8,7.1,343.0
2026-05-10T15:00:00Z,0.01900000000023283,14.1,7.3,379.0
2026-05-10T16:00:00Z,0.018000000000029104,13.9,9.0,306.0
2026-05-10T17:00:00Z,0.018999999999323336,13.3,10.9,246.0
2026-05-10T18:00:00Z,0.07099999999991269,12.6,11.0,124.0
2026-05-10T19:00:00Z,0.018000000000029104,11.2,9.1,29.0
2026-05-10T20:00:00Z,0.01900000000023283,9.6,5.0,0.0
2026-05-10T21:00:00Z,0.018000000000029104,8.9,4.7,0.0
2026-05-10T22:00:00Z,0.01900000000023283,9.1,4.7,0.0
2026-05-10T23:00:00Z,0.018000000000029104,8.6,7.0,0.0
2026-05-11T00:00:00Z,0.23399999999946886,7.4,9.6,0.0
2026-05-11T01:00:00Z,0.8070000000006985,6.4,10.2,0.0
2026-05-11T02:00:00Z,0.5209999999997308,5.8,10.3,0.0
2026-05-11T03:00:00Z,0.45100000000002183,5.3,10.3,0.0
2026-05-11T04:00:00Z,0.01900000000023283,5.4,10.7,15.0
2026-05-11T05:00:00Z,0.7239999999992506,6.4,10.0,77.0
2026-05-11T06:00:00Z,0.35200000000077125,8.2,10.7,109.0
2026-05-11T07:00:00Z,0.018000000000029104,8.4,11.7,113.0
2026-05-11T08:00:00Z,0.018999999999323336,8.3,10.7,80.0
2026-05-11T09:00:00Z,0.018000000000029104,8.5,10.2,113.0
2026-05-11T10:00:00Z,0.01900000000023283,8.6,10.6,119.0
2026-05-11T11:00:00Z,0.01900000000023283,8.6,11.0,113.0
2026-05-11T12:00:00Z,0.29100000000016735,9.2,16.0,94.0
2026-05-11T13:00:00Z,0.49499999999989086,9.4,17.2,174.0
2026-05-11T14:00:00Z,0.4719999999997526,9.2,14.3,85.0
2026-05-11T15:00:00Z,0.2899999999999636,9.3,13.3,119.0
2026-05-11T16:00:00Z,0.46900000000005093,9.3,11.4,128.0
2026-05-11T17:00:00Z,0.22999999999956344,9.3,10.7,164.0
2026-05-11T18:00:00Z,0.5399999999999636,8.8,8.4,60.0
2026-05-11T19:00:00Z,0.01700000000073487,8.4,9.7,11.0
2026-05-11T20:00:00Z,0.018999999999323336,8.1,11.8,0.0
2026-05-11T21:00:00Z,0.8560000000006767,7.5,12.6,0.0
2026-05-11T22:00:00Z,0.3919999999998254,6.9,10.7,0.0
2026-05-11T23:00:00Z,0.12200000000029831,7.1,11.1,0.0
2026-05-12T00:00:00Z,0.018999999999323336,6.7,11.2,0.0
2026-05-12T01:00:00Z,0.49800000000050204,6.7,9.8,0.0
2026-05-12T02:00:00Z,0.43699999999989814,6.8,10.9,0.0
2026-05-12T03:00:00Z,0.181999999999789,6.8,10.7,0.0
2026-05-12T04:00:00Z,0.4989999999997963,7.7,10.9,12.0
2026-05-12T05:00:00Z,0.1390000000001237,8.6,11.6,75.0
2026-05-12T06:00:00Z,0.01900000000023283,8.6,14.3,172.0
2026-05-12T07:00:00Z,0.018000000000029104,9.2,18.1,201.0
2026-05-12T08:00:00Z,0.01900000000023283,9.6,20.2,275.0
2026-05-12T09:00:00Z,0.018000000000029104,10.1,20.4,308.0
2026-05-12T10:00:00Z,0.06099999999969441,10.8,22.1,375.0
2026-05-12T11:00:00Z,0.01900000000023283,11.5,21.9,494.0
2026-05-12T12:00:00Z,0.018999999999323336,12.1,21.5,560.0
2026-05-12T13:00:00Z,0.01900000000023283,12.4,21.6,452.0
2026-05-12T14:00:00Z,0.018000000000029104,12.6,20.0,444.0
2026-05-12T15:00:00Z,0.01900000000023283,12.6,18.9,404.0
2026-05-12T16:00:00Z,0.018000000000029104,12.4,16.0,274.0
2026-05-12T17:00:00Z,0.018000000000029104,12.0,13.7,223.0
2026-05-12T18:00:00Z,0.35899999999946886,11.0,9.6,141.0
2026-05-12T19:00:00Z,0.5030000000006112,9.6,7.3,37.0
2026-05-12T20:00:00Z,0.057999999999992724,8.4,10.0,0.0
2026-05-12T21:00:00Z,0.018000000000029104,8.1,12.5,0.0
2026-05-12T22:00:00Z,0.08500000000003638,7.8,12.8,0.0
2026-05-12T23:00:00Z,0.018999999999323336,7.7,13.2,0.0
2026-05-13T00:00:00Z,0.018000000000029104,7.1,14.5,0.0
2026-05-13T01:00:00Z,0.018000000000029104,6.7,13.6,0.0
2026-05-13T02:00:00Z,0.01900000000023283,6.4,12.1,0.0
2026-05-13T03:00:00Z,0.018000000000029104,6.3,10.6,0.0
2026-05-13T04:00:00Z,0.018000000000029104,6.4,9.4,8.0
2026-05-13T05:00:00Z,0.7020000000002256,6.8,6.4,36.0
2026-05-13T06:00:00Z,2.4179999999996653,7.7,6.3,119.0
2026-05-13T07:00:00Z,0.29799999999977445,8.2,5.4,238.0
2026-05-13T08:00:00Z,0.579000000000633,8.4,2.8,224.0
2026-05-13T09:00:00Z,0.28699999999935244,7.7,4.4,118.0
2026-05-13T10:00:00Z,0.018000000000029104,8.0,6.2,246.0
2026-05-13T11:00:00Z,0.018000000000029104,7.9,7.8,234.0
2026-05-13T12:00:00Z,1.51299999999992,8.3,8.6,336.0
2026-05-13T13:00:00Z,1.925000000000182,8.4,7.0,307.0
2026-05-13T14:00:00Z,0.018000000000029104,9.1,5.7,438.0
2026-05-13T15:00:00Z,0.32600000000002183,9.3,3.8,358.0
2026-05-13T16:00:00Z,0.24700000000029831,9.3,0.6,276.0
2026-05-13T17:00:00Z,0.018000000000029104,9.3,3.9,206.0
2026-05-13T18:00:00Z,0.5270000000000437,8.6,6.6,95.0
2026-05-13T19:00:00Z,0.4359999999996944,7.5,2.5,37.0
2026-05-13T20:00:00Z,0.4530000000004293,6.9,1.2,0.0
2026-05-13T21:00:00Z,0.6049999999995634,6.3,4.3,0.0
2026-05-13T22:00:00Z,0.5470000000004802,5.9,7.3,0.0
2026-05-13T23:00:00Z,0.5399999999999636,5.3,9.0,0.0
2026-05-14T00:00:00Z,0.5360000000000582,5.1,10.7,0.0
2026-05-14T01:00:00Z,0.5389999999997599,4.9,11.5,0.0
2026-05-14T02:00:00Z,0.5590000000001965,4.8,11.8,0.0
2026-05-14T03:00:00Z,0.5639999999993961,4.6,11.4,0.0
2026-05-14T04:00:00Z,0.5590000000001965,4.6,11.1,24.0
2026-05-14T05:00:00Z,0.3999999999996362,5.8,12.5,130.0
2026-05-14T06:00:00Z,0.6180000000003929,7.6,13.4,272.0
2026-05-14T07:00:00Z,0.14900000000034197,8.9,14.5,425.0
2026-05-14T08:00:00Z,0.018999999999323336,9.9,15.8,543.0
2026-05-14T09:00:00Z,0.018000000000029104,10.8,15.4,627.0
2026-05-14T10:00:00Z,0.07099999999991269,11.4,16.7,693.0
2026-05-14T11:00:00Z,0.10400000000026921,11.9,17.0,720.0
2026-05-14T12:00:00Z,0.01900000000023283,12.4,17.3,709.0
2026-05-14T13:00:00Z,0.018000000000029104,12.5,16.9,728.0
2026-05-14T14:00:00Z,0.01900000000023283,12.4,16.4,631.0
2026-05-14T15:00:00Z,0.7159999999994398,12.3,16.6,549.0
2026-05-14T16:00:00Z,1.6459999999997308,11.9,16.0,410.0
2026-05-14T17:00:00Z,0.6100000000005821,11.4,14.1,287.0
2026-05-14T18:00:00Z,0.018000000000029104,10.7,12.4,153.0
2026-05-14T19:00:00Z,0.018000000000029104,9.4,9.7,42.0
2026-05-14T20:00:00Z,0.018000000000029104,8.1,10.0,0.0
2026-05-14T21:00:00Z,0.07899999999972351,7.6,14.5,0.0
2026-05-14T22:00:00Z,0.020000000000436557,7.2,14.5,0.0
