"time","temperature_2m","wind_speed_10m","shortwave_radiation"
"2024-03-28T00:00","6.0","10.1","0.0"
"2024-03-28T01:00","5.3","11.0","0.0"
"2024-03-28T02:00","5.2","10.9","0.0"
"2024-03-28T03:00","5.1","12.2","0.0"
"2024-03-28T04:00","5.4","15.3","0.0"
"2024-03-28T05:00","6.1","17.0","0.0"
"2024-03-28T06:00","7.2","20.9","35.0"
"2024-03-28T07:00","7.7","19.2","78.0"
"2024-03-28T08:00","8.1","18.9","124.0"
"2024-03-28T09:00","8.4","20.5","220.0"
"2024-03-28T10:00","7.9","19.8","180.0"
"2024-03-28T11:00","8.4","18.6","239.0"
"2024-03-28T12:00","7.5","18.8","94.0"
"2024-03-28T13:00","9.3","19.2","200.0"
"2024-03-28T14:00","8.5","25.6","66.0"
"2024-03-28T15:00","7.6","27.7","53.0"
"2024-03-28T16:00","8.2","24.5","92.0"
"2024-03-28T17:00","7.6","23.3","86.0"
"2024-03-28T18:00","6.8","16.3","12.0"
"2024-03-28T19:00","5.5","9.4","0.0"
"2024-03-28T20:00","5.4","11.1","0.0"
"2024-03-28T21:00","6.2","17.2","0.0"
"2024-03-28T22:00","5.9","19.4","0.0"
"2024-03-28T23:00","6.3","23.2","0.0"
"2024-03-29T00:00","6.5","23.5","0.0"
"2024-03-29T01:00","6.2","19.6","0.0"
"2024-03-29T02:00","5.2","19.5","0.0"
"2024-03-29T03:00","5.3","15.8","0.0"
"2024-03-29T04:00","4.8","14.8","0.0"
"2024-03-29T05:00","4.8","17.4","0.0"
"2024-03-29T06:00","5.1","20.4","48.0"
"2024-03-29T07:00","6.6","18.7","181.0"
"2024-03-29T08:00","8.1","19.3","271.0"
"2024-03-29T09:00","9.9","23.1","446.0"
"2024-03-29T10:00","10.8","22.6","470.0"
"2024-03-29T11:00","10.7","26.1","440.0"
"2024-03-29T12:00","9.5","21.3","161.0"
"2024-03-29T13:00","9.5","17.2","251.0"
"2024-03-29T14:00","8.4","13.5","91.0"
"2024-03-29T15:00","7.8","12.3","60.0"
"2024-03-29T16:00","7.5","7.9","47.0"
"2024-03-29T17:00","7.7","4.7","58.0"
"2024-03-29T18:00","4.9","9.6","13.0"
"2024-03-29T19:00","5.0","8.1","0.0"
"2024-03-29T20:00","3.5","8.9","0.0"
"2024-03-29T21:00","3.0","8.7","0.0"
"2024-03-29T22:00","2.3","8.8","0.0"
"2024-03-29T23:00","3.8","6.9","0.0"
"2024-03-30T00:00","2.8","8.8","0.0"
"2024-03-30T01:00","5.1","5.9","0.0"
"2024-03-30T02:00","4.8","7.0","0.0"
"2024-03-30T03:00","4.4","8.7","0.0"
"2024-03-30T04:00","4.8","11.9","0.0"
"2024-03-30T05:00","5.2","12.9","0.0"
"2024-03-30T06:00","5.7","15.8","52.0"
"2024-03-30T07:00","6.7","17.4","115.0"
"2024-03-30T08:00","6.6","17.2","76.0"
"2024-03-30T09:00","7.1","21.1","115.0"
"2024-03-30T10:00","7.4","23.2","196.0"
"2024-03-30T11:00","7.4","22.2","170.0"
"2024-03-30T12:00","9.2","23.5","469.0"
"2024-03-30T13:00","10.9","24.0","554.0"
"2024-03-30T14:00","10.9","23.8","425.0"
"2024-03-30T15:00","10.1","23.1","302.0"
"2024-03-30T16:00","9.4","24.0","222.0"
"2024-03-30T17:00","8.8","23.6","100.0"
"2024-03-30T18:00","8.1","21.4","15.0"
"2024-03-30T19:00","7.8","22.7","0.0"
"2024-03-30T20:00","7.6","15.0","0.0"
"2024-03-30T21:00","6.8","12.3","0.0"
"2024-03-30T22:00","6.6","12.4","0.0"
"2024-03-30T23:00","6.8","13.0","0.0"
"2024-03-31T00:00","6.7","11.3","0.0"
"2024-03-31T01:00","6.9","8.3","0.0"
"2024-03-31T02:00","6.5","6.9","0.0"
"2024-03-31T03:00","5.6","5.2","0.0"
"2024-03-31T04:00","4.2","7.6","0.0"
"2024-03-31T05:00","4.2","5.9","1.0"
"2024-03-31T06:00","5.5","5.4","56.0"
"2024-03-31T07:00","8.1","9.5","184.0"
"2024-03-31T08:00","10.1","9.6","270.0"
"2024-03-31T09:00","12.1","12.1","434.0"
"2024-03-31T10:00","13.1","12.6","457.0"
"2024-03-31T11:00","13.0","14.0","397.0"
"2024-03-31T12:00","13.0","15.9","471.0"
"2024-03-31T13:00","11.1","18.5","428.0"
"2024-03-31T14:00","9.4","18.0","313.0"
"2024-03-31T15:00","8.3","15.5","192.0"
"2024-03-31T16:00","7.6","15.8","148.0"
"2024-03-31T17:00","7.1","14.6","59.0"
"2024-03-31T18:00","6.0","18.2","12.0"
"2024-03-31T19:00","5.5","15.3","0.0"
"2024-03-31T20:00","5.1","9.7","0.0"
"2024-03-31T21:00","5.2","7.9","0.0"
"2024-03-31T22:00","5.3","8.4","0.0"
"2024-03-31T23:00","4.8","5.2","0.0"
"2024-04-01T00:00","4.8","5.6","0.0"
"2024-04-01T01:00","4.7","7.4","0.0"
"2024-04-01T02:00","4.4","10.1","0.0"
"2024-04-01T03:00","4.3","8.3","0.0"
"2024-04-01T04:00","4.1","6.1","0.0"
"2024-04-01T05:00","4.2","8.4","1.0"
"2024-04-01T06:00","4.3","8.4","36.0"
"2024-04-01T07:00","5.2","10.3","108.0"
"2024-04-01T08:00","6.3","10.1","198.0"
"2024-04-01T09:00","7.7","9.5","334.0"
"2024-04-01T10:00","9.2","13.2","352.0"
"2024-04-01T11:00","9.6","13.0","297.0"
"2024-04-01T12:00","10.8","15.2","312.0"
"2024-04-01T13:00","10.8","16.7","202.0"
"2024-04-01T14:00","8.9","12.0","89.0"
"2024-04-01T15:00","8.4","6.8","76.0"
"2024-04-01T16:00","8.6","10.6","52.0"
"2024-04-01T17:00","9.4","16.1","23.0"
"2024-04-01T18:00","8.7","18.9","3.0"
"2024-04-01T19:00","7.7","20.2","0.0"
"2024-04-01T20:00","7.6","18.6","0.0"
"2024-04-01T21:00","7.6","18.8","0.0"
"2024-04-01T22:00","7.1","18.4","0.0"
"2024-04-01T23:00","6.6","15.8","0.0"
"2024-04-02T00:00","6.1","13.0","0.0"
"2024-04-02T01:00","4.6","14.5","0.0"
"2024-04-02T02:00","4.6","9.7","0.0"
"2024-04-02T03:00","4.6","2.3","0.0"
"2024-04-02T04:00","4.8","5.9","0.0"
"2024-04-02T05:00","4.9","7.9","0.0"
"2024-04-02T06:00","5.2","10.8","5.0"
"2024-04-02T07:00","5.4","12.2","29.0"
"2024-04-02T08:00","5.1","17.6","46.0"
"2024-04-02T09:00","4.7","20.5","68.0"
"2024-04-02T10:00","4.7","22.6","94.0"
"2024-04-02T11:00","4.8","21.3","86.0"
"2024-04-02T12:00","4.8","20.6","75.0"
"2024-04-02T13:00","4.4","17.3","118.0"
"2024-04-02T14:00","4.5","18.8","108.0"
"2024-04-02T15:00","4.2","17.0","61.0"
"2024-04-02T16:00","3.9","17.6","46.0"
"2024-04-02T17:00","3.5","16.9","34.0"
"2024-04-02T18:00","3.3","15.6","4.0"
"2024-04-02T19:00","3.0","15.6","0.0"
"2024-04-02T20:00","2.8","15.8","0.0"
"2024-04-02T21:00","2.6","14.6","0.0"
"2024-04-02T22:00","2.5","13.8","0.0"
"2024-04-02T23:00","2.1","13.6","0.0"
"2024-04-03T00:00","1.8","12.8","0.0"
"2024-04-03T01:00","1.4","15.4","0.0"
"2024-04-03T02:00","1.1","15.0","0.0"
"2024-04-03T03:00","0.8","13.7","0.0"
"2024-04-03T04:00","0.6","11.3","0.0"
"2024-04-03T05:00","0.6","11.9","2.0"
"2024-04-03T06:00","0.7","13.4","44.0"
"2024-04-03T07:00","1.4","11.4","149.0"
"2024-04-03T08:00","2.3","7.6","271.0"
"2024-04-03T09:00","3.1","5.8","335.0"
"2024-04-03T10:00","4.0","3.7","403.0"
"2024-04-03T11:00","4.8","3.6","493.0"
"2024-04-03T12:00","5.0","5.9","437.0"
"2024-04-03T13:00","3.8","8.7","361.0"
"2024-04-03T14:00","3.5","12.1","327.0"
"2024-04-03T15:00","3.0","12.6","225.0"
"2024-04-03T16:00","2.8","13.0","147.0"
"2024-04-03T17:00","2.3","14.8","59.0"
"2024-04-03T18:00","2.2","17.7","13.0"
"2024-04-03T19:00","2.2","19.9","0.0"
"2024-04-03T20:00","2.5","22.7","0.0"
"2024-04-03T21:00","2.8","26.7","0.0"
"2024-04-03T22:00","2.8","29.0","0.0"
"2024-04-03T23:00","2.8","29.8","0.0"
"2024-04-04T00:00","2.8","30.3","0.0"
"2024-04-04T01:00","2.7","30.6","0.0"
"2024-04-04T02:00","2.5","31.2","0.0"
"2024-04-04T03:00","2.4","30.8","0.0"
"2024-04-04T04:00","2.2","30.9","0.0"
"2024-04-04T05:00","2.3","30.8","0.0"
"2024-04-04T06:00","2.7","29.6","12.0"
"2024-04-04T07:00","3.5","29.6","40.0"
"2024-04-04T08:00","4.2","29.7","70.0"
"2024-04-04T09:00","4.9","28.4","122.0"
"2024-04-04T10:00","5.5","27.5","175.0"
"2024-04-04T11:00","5.8","23.4","164.0"
"2024-04-04T12:00","6.4","22.6","198.0"
"2024-04-04T13:00","6.3","21.5","130.0"
"2024-04-04T14:00","6.8","21.3","108.0"
"2024-04-04T15:00","6.4","21.4","52.0"
"2024-04-04T16:00","6.2","21.0","30.0"
"2024-04-04T17:00","6.2","20.1","13.0"
"2024-04-04T18:00","6.0","13.5","9.0"
"2024-04-04T19:00","6.0","4.6","0.0"
"2024-04-04T20:00","7.1","12.2","0.0"
"2024-04-04T21:00","7.4","16.4","0.0"
"2024-04-04T22:00","8.3","22.9","0.0"
"2024-04-04T23:00","7.4","25.1","0.0"
"2024-04-05T00:00","5.9","22.2","0.0"
"2024-04-05T01:00","6.2","16.7","0.0"
"2024-04-05T02:00","6.6","17.7","0.0"
"2024-04-05T03:00","6.4","20.1","0.0"
"2024-04-05T04:00","6.3","21.7","0.0"
"2024-04-05T05:00","6.1","20.5","2.0"
"2024-04-05T06:00","6.2","20.3","43.0"
"2024-04-05T07:00","6.8","19.0","145.0"
"2024-04-05T08:00","7.5","14.7","187.0"
"2024-04-05T09:00","9.4","18.7","327.0"
"2024-04-05T10:00","10.4","19.0","312.0"
"2024-04-05T11:00","10.4","19.4","184.0"
"2024-04-05T12:00","10.6","16.3","147.0"
"2024-04-05T13:00","12.2","15.5","305.0"
"2024-04-05T14:00","12.2","16.9","212.0"
"2024-04-05T15:00","12.8","22.5","113.0"
"2024-04-05T16:00","11.7","20.5","35.0"
"2024-04-05T17:00","11.8","30.4","9.0"
"2024-04-05T18:00","11.4","30.5","5.0"
"2024-04-05T19:00","11.1","30.6","0.0"
"2024-04-05T20:00","10.6","28.9","0.0"
"2024-04-05T21:00","9.9","30.4","0.0"
"2024-04-05T22:00","9.9","30.3","0.0"
"2024-04-05T23:00","9.5","27.8","0.0"
"2024-04-06T00:00","8.8","23.9","0.0"
"2024-04-06T01:00","9.4","23.9","0.0"
"2024-04-06T02:00","8.9","22.1","0.0"
"2024-04-06T03:00","8.9","20.3","0.0"
"2024-04-06T04:00","8.5","17.5","0.0"
"2024-04-06T05:00","8.4","14.5","5.0"
"2024-04-06T06:00","9.1","15.5","68.0"
"2024-04-06T07:00","10.2","15.0","165.0"
"2024-04-06T08:00","11.9","14.8","335.0"
"2024-04-06T09:00","13.4","15.2","470.0"
"2024-04-06T10:00","15.0","16.3","551.0"
"2024-04-06T11:00","15.3","14.7","546.0"
"2024-04-06T12:00","15.8","10.1","582.0"
"2024-04-06T13:00","17.0","14.0","536.0"
"2024-04-06T14:00","16.0","15.6","289.0"
"2024-04-06T15:00","16.1","13.3","401.0"
"2024-04-06T16:00","15.2","14.3","208.0"
"2024-04-06T17:00","13.4","17.9","139.0"
"2024-04-06T18:00","11.4","19.3","30.0"
"2024-04-06T19:00","10.2","22.6","0.0"
"2024-04-06T20:00","10.1","22.6","0.0"
"2024-04-06T21:00","10.6","22.4","0.0"
"2024-04-06T22:00","11.2","21.9","0.0"
"2024-04-06T23:00","12.1","19.5","0.0"
"2024-04-07T00:00","13.6","18.1","0.0"
"2024-04-07T01:00","14.6","15.7","0.0"
"2024-04-07T02:00","13.7","12.7","0.0"
"2024-04-07T03:00","12.9","12.6","0.0"
"2024-04-07T04:00","12.2","9.1","0.0"
"2024-04-07T05:00","11.9","9.2","6.0"
"2024-04-07T06:00","12.9","13.0","41.0"
"2024-04-07T07:00","13.9","14.5","122.0"
"2024-04-07T08:00","13.2","22.4","123.0"
"2024-04-07T09:00","12.1","20.6","69.0"
"2024-04-07T10:00","13.0","23.0","162.0"
"2024-04-07T11:00","14.7","28.8","421.0"
"2024-04-07T12:00","15.8","31.6","574.0"
"2024-04-07T13:00","16.4","30.4","538.0"
"2024-04-07T14:00","16.4","28.6","503.0"
"2024-04-07T15:00","16.1","22.9","418.0"
"2024-04-07T16:00","15.5","17.6","285.0"
"2024-04-07T17:00","14.4","11.2","153.0"
"2024-04-07T18:00","12.2","7.1","32.0"
"2024-04-07T19:00","11.2","9.7","0.0"
"2024-04-07T20:00","10.8","11.9","0.0"
"2024-04-07T21:00","10.1","11.2","0.0"
"2024-04-07T22:00","9.9","12.0","0.0"
"2024-04-07T23:00","9.9","13.1","0.0"
"2024-04-08T00:00","9.6","13.0","0.0"
"2024-04-08T01:00","8.7","15.2","0.0"
"2024-04-08T02:00","9.4","15.5","0.0"
"2024-04-08T03:00","11.5","21.0","0.0"
"2024-04-08T04:00","11.5","18.0","0.0"
"2024-04-08T05:00","10.9","16.9","5.0"
"2024-04-08T06:00","11.2","18.3","42.0"
"2024-04-08T07:00","12.4","15.8","173.0"
"2024-04-08T08:00","13.5","15.1","319.0"
"2024-04-08T09:00","14.7","12.2","452.0"
"2024-04-08T10:00","15.9","10.5","575.0"
"2024-04-08T11:00","16.6","9.2","641.0"
"2024-04-08T12:00","16.8","6.0","627.0"
"2024-04-08T13:00","15.6","7.9","499.0"
"2024-04-08T14:00","14.6","18.1","398.0"
"2024-04-08T15:00","13.4","16.6","332.0"
"2024-04-08T16:00","12.4","11.3","188.0"
"2024-04-08T17:00","11.0","9.1","111.0"
"2024-04-08T18:00","8.8","6.6","33.0"
"2024-04-08T19:00","9.4","7.6","0.0"
"2024-04-08T20:00","9.4","5.6","0.0"
"2024-04-08T21:00","9.2","1.1","0.0"
"2024-04-08T22:00","8.2","6.5","0.0"
"2024-04-08T23:00","7.2","8.0","0.0"
"2024-04-09T00:00","6.8","7.6","0.0"
"2024-04-09T01:00","6.9","7.8","0.0"
"2024-04-09T02:00","6.8","8.3","0.0"
"2024-04-09T03:00","6.4","10.9","0.0"
"2024-04-09T04:00","6.0","11.6","0.0"
"2024-04-09T05:00","6.3","14.7","7.0"
"2024-04-09T06:00","7.2","17.9","59.0"
"2024-04-09T07:00","7.3","19.1","150.0"
"2024-04-09T08:00","7.8","21.0","258.0"
"2024-04-09T09:00","9.0","16.6","395.0"
"2024-04-09T10:00","10.6","15.3","538.0"
"2024-04-09T11:00","11.7","14.6","512.0"
"2024-04-09T12:00","10.7","11.8","374.0"
"2024-04-09T13:00","13.4","13.9","507.0"
"2024-04-09T14:00","13.4","9.2","449.0"
"2024-04-09T15:00","12.8","6.9","83.0"
"2024-04-09T16:00","15.0","18.0","136.0"
"2024-04-09T17:00","13.0","24.1","27.0"
"2024-04-09T18:00","11.3","14.5","8.0"
"2024-04-09T19:00","10.8","9.5","0.0"
"2024-04-09T20:00","10.6","13.6","0.0"
"2024-04-09T21:00","10.4","16.5","0.0"
"2024-04-09T22:00","10.2","18.0","0.0"
"2024-04-09T23:00","9.5","19.3","0.0"
"2024-04-10T00:00","9.4","24.1","0.0"
"2024-04-10T01:00","8.9","24.8","0.0"
"2024-04-10T02:00","8.6","26.6","0.0"
"2024-04-10T03:00","8.9","28.5","0.0"
"2024-04-10T04:00","8.2","28.5","0.0"
"2024-04-10T05:00","8.2","29.5","9.0"
"2024-04-10T06:00","8.7","30.6","55.0"
"2024-04-10T07:00","8.9","28.5","71.0"
"2024-04-10T08:00","9.6","34.9","211.0"
"2024-04-10T09:00","9.6","34.6","170.0"
"2024-04-10T10:00","10.1","36.3","225.0"
"2024-04-10T11:00","11.9","37.0","578.0"
"2024-04-10T12:00","12.2","34.2","575.0"
"2024-04-10T13:00","11.2","34.2","374.0"
"2024-04-10T14:00","11.3","31.3","349.0"
"2024-04-10T15:00","11.2","29.9","289.0"
"2024-04-10T16:00","10.7","28.8","253.0"
"2024-04-10T17:00","10.1","21.6","146.0"
"2024-04-10T18:00","8.6","16.4","45.0"
"2024-04-10T19:00","7.7","15.1","0.0"
"2024-04-10T20:00","7.2","15.6","0.0"
"2024-04-10T21:00","6.3","13.9","0.0"
"2024-04-10T22:00","6.2","16.1","0.0"
"2024-04-10T23:00","5.8","16.9","0.0"
"2024-04-11T00:00","5.4","15.3","0.0"
"2024-04-11T01:00","5.9","15.8","0.0"
"2024-04-11T02:00","7.3","19.3","0.0"
"2024-04-11T03:00","8.4","23.2","0.0"
"2024-04-11T04:00","9.4","26.3","0.0"
"2024-04-11T05:00","9.7","30.3","4.0"
"2024-04-11T06:00","9.6","33.0","31.0"
"2024-04-11T07:00","9.6","33.2","77.0"
"2024-04-11T08:00","9.0","32.9","54.0"
"2024-04-11T09:00","10.2","34.1","157.0"
"2024-04-11T10:00","11.4","32.5","181.0"
"2024-04-11T11:00","11.8","31.1","180.0"
"2024-04-11T12:00","12.1","32.5","156.0"
"2024-04-11T13:00","12.4","29.8","173.0"
"2024-04-11T14:00","12.6","28.3","159.0"
"2024-04-11T15:00","12.7","27.4","130.0"
"2024-04-11T16:00","13.3","26.4","166.0"
"2024-04-11T17:00","12.7","23.5","143.0"
"2024-04-11T18:00","12.2","25.1","32.0"
"2024-04-11T19:00","11.8","25.6","0.0"
"2024-04-11T20:00","11.2","24.4","0.0"
"2024-04-11T21:00","11.4","23.4","0.0"
"2024-04-11T22:00","10.9","23.0","0.0"
"2024-04-11T23:00","10.1","19.8","0.0"
"2024-04-12T00:00","9.1","17.8","0.0"
"2024-04-12T01:00","9.6","17.1","0.0"
"2024-04-12T02:00","9.4","17.1","0.0"
"2024-04-12T03:00","9.2","17.6","0.0"
"2024-04-12T04:00","8.9","17.8","0.0"
"2024-04-12T05:00","8.8","21.0","8.0"
"2024-04-12T06:00","9.6","21.7","43.0"
"2024-04-12T07:00","10.6","20.6","58.0"
"2024-04-12T08:00","12.7","26.8","241.0"
"2024-04-12T09:00","13.4","30.3","321.0"
"2024-04-12T10:00","13.9","31.7","340.0"
"2024-04-12T11:00","13.1","32.6","153.0"
"2024-04-12T12:00","13.5","32.9","165.0"
"2024-04-12T13:00","12.8","27.8","64.0"
"2024-04-12T14:00","13.2","29.2","129.0"
"2024-04-12T15:00","13.5","29.6","172.0"
"2024-04-12T16:00","12.9","27.3","58.0"
"2024-04-12T17:00","12.7","24.3","50.0"
"2024-04-12T18:00","12.4","24.0","15.0"
"2024-04-12T19:00","12.1","23.7","0.0"
"2024-04-12T20:00","11.4","23.4","0.0"
"2024-04-12T21:00","11.1","22.3","0.0"
"2024-04-12T22:00","10.8","20.1","0.0"
"2024-04-12T23:00","10.4","19.0","0.0"
"2024-04-13T00:00","9.4","18.6","0.0"
"2024-04-13T01:00","9.2","16.3","0.0"
"2024-04-13T02:00","8.8","15.4","0.0"
"2024-04-13T03:00","8.3","15.0","0.0"
"2024-04-13T04:00","7.9","16.3","0.0"
"2024-04-13T05:00","8.1","17.9","14.0"
"2024-04-13T06:00","9.1","15.8","98.0"
"2024-04-13T07:00","10.2","17.6","168.0"
"2024-04-13T08:00","12.1","19.2","349.0"
"2024-04-13T09:00","14.1","20.9","505.0"
"2024-04-13T10:00","15.2","21.8","536.0"
"2024-04-13T11:00","15.9","22.0","598.0"
"2024-04-13T12:00","16.2","25.9","538.0"
"2024-04-13T13:00","15.6","23.4","301.0"
"2024-04-13T14:00","15.7","24.4","249.0"
"2024-04-13T15:00","15.8","22.7","282.0"
"2024-04-13T16:00","15.2","23.7","192.0"
"2024-04-13T17:00","14.2","23.1","105.0"
"2024-04-13T18:00","12.9","21.4","13.0"
"2024-04-13T19:00","12.6","17.9","0.0"
"2024-04-13T20:00","11.9","16.6","0.0"
"2024-04-13T21:00","12.2","19.1","0.0"
"2024-04-13T22:00","12.8","24.8","0.0"
"2024-04-13T23:00","11.6","26.9","0.0"
"2024-04-14T00:00","10.5","29.2","0.0"
"2024-04-14T01:00","11.2","28.7","0.0"
"2024-04-14T02:00","10.8","31.7","0.0"
"2024-04-14T03:00","9.8","33.2","0.0"
"2024-04-14T04:00","7.9","31.9","0.0"
"2024-04-14T05:00","7.1","29.2","22.0"
"2024-04-14T06:00","7.6","27.4","130.0"
"2024-04-14T07:00","8.4","39.4","270.0"
"2024-04-14T08:00","9.1","39.7","375.0"
"2024-04-14T09:00","9.9","42.9","484.0"
"2024-04-14T10:00","10.6","42.5","596.0"
"2024-04-14T11:00","11.1","45.5","581.0"
"2024-04-14T12:00","11.4","43.0","514.0"
"2024-04-14T13:00","10.6","40.7","548.0"
"2024-04-14T14:00","10.3","38.2","449.0"
"2024-04-14T15:00","10.1","35.1","379.0"
"2024-04-14T16:00","9.6","31.8","276.0"
"2024-04-14T17:00","9.0","27.6","173.0"
"2024-04-14T18:00","8.1","25.2","55.0"
"2024-04-14T19:00","7.3","23.8","1.0"
"2024-04-14T20:00","6.9","22.3","0.0"
"2024-04-14T21:00","6.6","21.6","0.0"
"2024-04-14T22:00","6.2","20.5","0.0"
"2024-04-14T23:00","5.7","18.7","0.0"
"2024-04-15T00:00","5.2","17.6","0.0"
"2024-04-15T01:00","5.3","17.6","0.0"
"2024-04-15T02:00","4.8","16.4","0.0"
"2024-04-15T03:00","4.5","14.1","0.0"
"2024-04-15T04:00","3.9","10.9","0.0"
"2024-04-15T05:00","4.2","9.7","23.0"
"2024-04-15T06:00","5.7","10.3","131.0"
"2024-04-15T07:00","7.2","12.6","271.0"
"2024-04-15T08:00","8.4","10.7","348.0"
"2024-04-15T09:00","8.8","8.8","340.0"
"2024-04-15T10:00","9.1","13.2","517.0"
"2024-04-15T11:00","9.4","15.5","493.0"
"2024-04-15T12:00","9.3","20.4","595.0"
"2024-04-15T13:00","9.1","18.5","565.0"
"2024-04-15T14:00","8.8","19.5","448.0"
"2024-04-15T15:00","8.4","19.6","332.0"
"2024-04-15T16:00","7.6","19.4","188.0"
"2024-04-15T17:00","6.8","21.4","106.0"
"2024-04-15T18:00","6.4","21.7","28.0"
"2024-04-15T19:00","5.9","22.5","1.0"
"2024-04-15T20:00","5.9","26.0","0.0"
"2024-04-15T21:00","5.9","25.3","0.0"
"2024-04-15T22:00","5.9","25.7","0.0"
"2024-04-15T23:00","5.9","24.0","0.0"
"2024-04-16T00:00","6.2","22.5","0.0"
"2024-04-16T01:00","5.3","17.3","0.0"
"2024-04-16T02:00","5.7","16.6","0.0"
"2024-04-16T03:00","5.7","14.1","0.0"
"2024-04-16T04:00","5.0","15.7","0.0"
"2024-04-16T05:00","4.5","17.3","20.0"
"2024-04-16T06:00","5.2","18.2","120.0"
"2024-04-16T07:00","6.1","17.4","244.0"
"2024-04-16T08:00","7.1","16.9","317.0"
"2024-04-16T09:00","8.4","14.8","419.0"
"2024-04-16T10:00","9.4","14.3","546.0"
"2024-04-16T11:00","9.6","15.5","556.0"
"2024-04-16T12:00","9.8","12.5","503.0"
"2024-04-16T13:00","10.2","11.8","493.0"
"2024-04-16T14:00","7.9","17.6","412.0"
"2024-04-16T15:00","8.1","6.5","282.0"
"2024-04-16T16:00","7.3","12.4","230.0"
"2024-04-16T17:00","7.0","4.7","158.0"
"2024-04-16T18:00","6.2","4.0","52.0"
"2024-04-16T19:00","4.8","5.4","1.0"
"2024-04-16T20:00","3.8","6.2","0.0"
"2024-04-16T21:00","2.9","6.9","0.0"
"2024-04-16T22:00","2.7","6.9","0.0"
"2024-04-16T23:00","2.8","7.7","0.0"
"2024-04-17T00:00","2.7","8.6","0.0"
"2024-04-17T01:00","2.8","8.4","0.0"
"2024-04-17T02:00","2.9","7.1","0.0"
"2024-04-17T03:00","2.8","8.8","0.0"
"2024-04-17T04:00","2.8","8.0","0.0"
"2024-04-17T05:00","3.3","8.4","30.0"
"2024-04-17T06:00","4.8","9.4","144.0"
"2024-04-17T07:00","6.1","10.7","297.0"
"2024-04-17T08:00","6.8","10.5","435.0"
"2024-04-17T09:00","7.6","8.8","545.0"
"2024-04-17T10:00","8.2","9.7","642.0"
"2024-04-17T11:00","8.6","10.0","693.0"
"2024-04-17T12:00","8.9","9.3","685.0"
"2024-04-17T13:00","9.1","8.7","655.0"
"2024-04-17T14:00","9.1","8.6","567.0"
"2024-04-17T15:00","8.9","8.6","459.0"
"2024-04-17T16:00","8.7","7.8","317.0"
"2024-04-17T17:00","8.2","5.6","183.0"
"2024-04-17T18:00","5.7","7.7","65.0"
"2024-04-17T19:00","4.8","8.0","2.0"
"2024-04-17T20:00","4.0","9.8","0.0"
"2024-04-17T21:00","3.1","8.3","0.0"
"2024-04-17T22:00","2.5","9.1","0.0"
"2024-04-17T23:00","1.5","7.9","0.0"
"2024-04-18T00:00","0.8","8.2","0.0"
"2024-04-18T01:00","0.6","5.9","0.0"
"2024-04-18T02:00","0.6","7.1","0.0"
"2024-04-18T03:00","0.6","7.3","0.0"
"2024-04-18T04:00","0.7","8.4","0.0"
"2024-04-18T05:00","2.1","8.7","31.0"
"2024-04-18T06:00","4.4","9.1","133.0"
"2024-04-18T07:00","6.8","9.4","284.0"
"2024-04-18T08:00","7.7","15.5","388.0"
"2024-04-18T09:00","7.3","11.6","326.0"
"2024-04-18T10:00","8.4","13.5","508.0"
"2024-04-18T11:00","8.9","14.8","592.0"
"2024-04-18T12:00","7.3","16.8","558.0"
"2024-04-18T13:00","8.9","17.8","516.0"
"2024-04-18T14:00","8.2","13.6","407.0"
"2024-04-18T15:00","8.4","15.3","412.0"
"2024-04-18T16:00","7.7","13.6","256.0"
"2024-04-18T17:00","7.1","9.7","159.0"
"2024-04-18T18:00","5.4","4.8","54.0"
"2024-04-18T19:00","5.0","5.7","2.0"
"2024-04-18T20:00","5.8","1.6","0.0"
"2024-04-18T21:00","5.1","1.0","0.0"
"2024-04-18T22:00","4.1","5.5","0.0"
"2024-04-18T23:00","3.7","5.9","0.0"
"2024-04-19T00:00","3.7","3.7","0.0"
"2024-04-19T01:00","3.9","2.4","0.0"
"2024-04-19T02:00","4.2","3.6","0.0"
"2024-04-19T03:00","4.1","6.9","0.0"
"2024-04-19T04:00","4.2","6.4","0.0"
"2024-04-19T05:00","4.3","6.9","11.0"
"2024-04-19T06:00","4.7","10.7","38.0"
"2024-04-19T07:00","4.8","14.6","61.0"
"2024-04-19T08:00","4.9","16.8","76.0"
"2024-04-19T09:00","5.1","19.0","98.0"
"2024-04-19T10:00","4.9","22.7","113.0"
"2024-04-19T11:00","4.9","24.0","133.0"
"2024-04-19T12:00","4.8","24.0","120.0"
"2024-04-19T13:00","4.6","26.1","157.0"
"2024-04-19T14:00","4.8","26.2","146.0"
"2024-04-19T15:00","4.8","24.4","98.0"
"2024-04-19T16:00","5.1","21.3","60.0"
"2024-04-19T17:00","5.4","18.7","94.0"
"2024-04-19T18:00","4.7","16.6","53.0"
"2024-04-19T19:00","3.8","14.6","3.0"
"2024-04-19T20:00","3.2","15.2","0.0"
"2024-04-19T21:00","3.3","14.0","0.0"
"2024-04-19T22:00","3.0","12.1","0.0"
"2024-04-19T23:00","3.3","11.2","0.0"
"2024-04-20T00:00","3.2","13.2","0.0"
"2024-04-20T01:00","2.2","12.8","0.0"
"2024-04-20T02:00","1.7","10.4","0.0"
"2024-04-20T03:00","0.9","10.9","0.0"
"2024-04-20T04:00","0.4","10.1","0.0"
"2024-04-20T05:00","0.8","9.7","26.0"
"2024-04-20T06:00","1.9","7.2","158.0"
"2024-04-20T07:00","3.2","7.6","302.0"
"2024-04-20T08:00","4.3","14.8","366.0"
"2024-04-20T09:00","5.6","14.8","493.0"
"2024-04-20T10:00","6.6","14.2","598.0"
"2024-04-20T11:00","6.8","14.4","626.0"
"2024-04-20T12:00","7.2","13.2","685.0"
"2024-04-20T13:00","7.1","16.8","685.0"
"2024-04-20T14:00","7.1","13.9","608.0"
"2024-04-20T15:00","7.2","11.5","497.0"
"2024-04-20T16:00","6.9","10.5","339.0"
"2024-04-20T17:00","6.3","9.0","201.0"
"2024-04-20T18:00","4.2","7.8","72.0"
"2024-04-20T19:00","5.0","5.1","4.0"
"2024-04-20T20:00","4.4","4.7","0.0"
"2024-04-20T21:00","4.1","4.8","0.0"
"2024-04-20T22:00","1.9","6.5","0.0"
"2024-04-20T23:00","0.1","8.5","0.0"
"2024-04-21T00:00","-0.5","10.3","0.0"
"2024-04-21T01:00","-0.4","8.8","0.0"
"2024-04-21T02:00","-0.9","7.9","0.0"
"2024-04-21T03:00","-1.0","6.8","0.0"
"2024-04-21T04:00","-0.6","6.9","0.0"
"2024-04-21T05:00","1.6","11.2","33.0"
"2024-04-21T06:00","3.0","15.6","143.0"
"2024-04-21T07:00","4.1","15.7","286.0"
"2024-04-21T08:00","4.8","14.5","428.0"
"2024-04-21T09:00","5.7","13.7","580.0"
"2024-04-21T10:00","6.1","13.7","649.0"
"2024-04-21T11:00","6.4","12.6","646.0"
"2024-04-21T12:00","6.8","12.8","653.0"
"2024-04-21T13:00","7.2","11.9","530.0"
"2024-04-21T14:00","6.2","15.9","411.0"
"2024-04-21T15:00","4.6","21.1","249.0"
"2024-04-21T16:00","5.2","11.6","180.0"
"2024-04-21T17:00","4.8","10.6","116.0"
"2024-04-21T18:00","4.3","9.2","34.0"
"2024-04-21T19:00","3.5","10.9","3.0"
"2024-04-21T20:00","3.0","11.5","0.0"
"2024-04-21T21:00","2.6","11.4","0.0"
"2024-04-21T22:00","2.3","6.0","0.0"
"2024-04-21T23:00","2.0","7.8","0.0"
"2024-04-22T00:00","1.7","13.0","0.0"
"2024-04-22T01:00","2.2","17.5","0.0"
"2024-04-22T02:00","2.0","15.7","0.0"
"2024-04-22T03:00","1.5","13.7","0.0"
"2024-04-22T04:00","1.2","12.3","0.0"
"2024-04-22T05:00","1.4","10.7","11.0"
"2024-04-22T06:00","1.5","11.5","38.0"
"2024-04-22T07:00","1.8","12.9","104.0"
"2024-04-22T08:00","2.7","12.4","327.0"
"2024-04-22T09:00","3.2","9.8","411.0"
"2024-04-22T10:00","3.5","9.4","443.0"
"2024-04-22T11:00","3.7","9.5","363.0"
"2024-04-22T12:00","4.0","12.2","405.0"
"2024-04-22T13:00","3.2","11.2","335.0"
"2024-04-22T14:00","3.0","10.1","264.0"
"2024-04-22T15:00","2.7","9.1","200.0"
"2024-04-22T16:00","2.2","10.7","125.0"
"2024-04-22T17:00","1.8","12.9","71.0"
"2024-04-22T18:00","1.5","12.8","36.0"
"2024-04-22T19:00","1.3","10.0","2.0"
"2024-04-22T20:00","1.2","6.3","0.0"
"2024-04-22T21:00","1.2","3.6","0.0"
"2024-04-22T22:00","0.1","3.2","0.0"
"2024-04-22T23:00","-0.8","4.7","0.0"
"2024-04-23T00:00","-1.5","7.0","0.0"
"2024-04-23T01:00","-1.4","11.5","0.0"
"2024-04-23T02:00","-1.4","9.8","0.0"
"2024-04-23T03:00","-1.1","9.8","0.0"
"2024-04-23T04:00","-0.9","10.1","0.0"
"2024-04-23T05:00","0.5","12.1","52.0"
"2024-04-23T06:00","2.5","12.0","187.0"
"2024-04-23T07:00","4.1","12.6","280.0"
"2024-04-23T08:00","4.9","13.8","275.0"
"2024-04-23T09:00","5.3","14.5","251.0"
"2024-04-23T10:00","6.4","16.8","416.0"
"2024-04-23T11:00","7.0","16.7","541.0"
"2024-04-23T12:00","7.2","16.6","525.0"
"2024-04-23T13:00","7.7","18.7","441.0"
"2024-04-23T14:00","7.1","18.9","354.0"
"2024-04-23T15:00","6.9","18.9","319.0"
"2024-04-23T16:00","6.1","18.2","166.0"
"2024-04-23T17:00","5.2","16.1","65.0"
"2024-04-23T18:00","4.6","16.5","23.0"
"2024-04-23T19:00","4.3","17.0","2.0"
"2024-04-23T20:00","4.3","15.1","0.0"
"2024-04-23T21:00","4.0","15.1","0.0"
"2024-04-23T22:00","4.1","16.3","0.0"
"2024-04-23T23:00","4.2","17.6","0.0"
"2024-04-24T00:00","4.2","16.2","0.0"
"2024-04-24T01:00","4.0","13.6","0.0"
"2024-04-24T02:00","4.0","12.4","0.0"
"2024-04-24T03:00","4.1","13.8","0.0"
"2024-04-24T04:00","4.2","15.9","0.0"
"2024-04-24T05:00","4.4","16.7","36.0"
"2024-04-24T06:00","4.9","18.9","121.0"
"2024-04-24T07:00","5.3","19.4","225.0"
"2024-04-24T08:00","5.9","19.9","363.0"
"2024-04-24T09:00","6.7","22.0","524.0"
"2024-04-24T10:00","7.1","21.8","639.0"
"2024-04-24T11:00","7.4","21.5","730.0"
"2024-04-24T12:00","7.4","21.9","724.0"
"2024-04-24T13:00","7.2","21.1","682.0"
"2024-04-24T14:00","7.3","19.6","611.0"
"2024-04-24T15:00","7.2","19.1","515.0"
"2024-04-24T16:00","6.6","19.2","385.0"
"2024-04-24T17:00","5.8","17.1","234.0"
"2024-04-24T18:00","5.0","15.3","93.0"
"2024-04-24T19:00","4.3","14.5","8.0"
"2024-04-24T20:00","4.1","14.2","0.0"
"2024-04-24T21:00","3.8","14.3","0.0"
"2024-04-24T22:00","3.4","12.8","0.0"
"2024-04-24T23:00","3.0","11.4","0.0"
"2024-04-25T00:00","2.5","10.8","0.0"
"2024-04-25T01:00","2.5","10.8","0.0"
"2024-04-25T02:00","2.5","11.6","0.0"
"2024-04-25T03:00","2.2","11.8","0.0"
"2024-04-25T04:00","2.2","12.7","1.0"
"2024-04-25T05:00","3.1","15.0","56.0"
"2024-04-25T06:00","4.2","15.8","190.0"
"2024-04-25T07:00","5.1","17.2","343.0"
"2024-04-25T08:00","6.2","17.4","487.0"
"2024-04-25T09:00","6.8","20.1","572.0"
"2024-04-25T10:00","6.7","22.0","488.0"
"2024-04-25T11:00","7.0","22.2","644.0"
"2024-04-25T12:00","7.2","22.7","726.0"
"2024-04-25T13:00","7.2","23.2","727.0"
"2024-04-25T14:00","7.1","21.9","600.0"
"2024-04-25T15:00","6.8","21.7","522.0"
"2024-04-25T16:00","6.4","21.6","392.0"
"2024-04-25T17:00","5.8","19.9","239.0"
"2024-04-25T18:00","5.2","18.3","96.0"
"2024-04-25T19:00","4.5","15.8","8.0"
"2024-04-25T20:00","4.6","17.4","0.0"
"2024-04-25T21:00","4.6","18.0","0.0"
"2024-04-25T22:00","4.5","17.9","0.0"
"2024-04-25T23:00","4.3","17.2","0.0"
"2024-04-26T00:00","4.9","16.6","0.0"
"2024-04-26T01:00","4.5","14.4","0.0"
"2024-04-26T02:00","4.3","14.5","0.0"
"2024-04-26T03:00","4.2","15.4","0.0"
"2024-04-26T04:00","4.0","16.2","1.0"
"2024-04-26T05:00","4.3","19.5","42.0"
"2024-04-26T06:00","5.2","22.4","134.0"
"2024-04-26T07:00","6.2","22.2","246.0"
"2024-04-26T08:00","6.5","23.4","272.0"
"2024-04-26T09:00","6.4","24.7","288.0"
"2024-04-26T10:00","6.3","25.8","263.0"
"2024-04-26T11:00","6.4","25.6","192.0"
"2024-04-26T12:00","6.4","26.7","151.0"
"2024-04-26T13:00","6.4","24.8","92.0"
"2024-04-26T14:00","6.0","21.7","41.0"
"2024-04-26T15:00","5.8","15.2","58.0"
"2024-04-26T16:00","5.8","15.4","83.0"
"2024-04-26T17:00","6.6","12.0","101.0"
"2024-04-26T18:00","6.3","8.8","71.0"
"2024-04-26T19:00","4.3","6.2","9.0"
"2024-04-26T20:00","3.0","7.9","0.0"
"2024-04-26T21:00","1.9","9.2","0.0"
"2024-04-26T22:00","1.4","9.0","0.0"
"2024-04-26T23:00","0.6","9.4","0.0"
"2024-04-27T00:00","0.4","6.9","0.0"
"2024-04-27T01:00","0.2","9.3","0.0"
"2024-04-27T02:00","-0.2","9.0","0.0"
"2024-04-27T03:00","0.2","8.6","0.0"
"2024-04-27T04:00","0.6","8.3","2.0"
"2024-04-27T05:00","2.7","6.4","53.0"
"2024-04-27T06:00","4.1","5.6","153.0"
"2024-04-27T07:00","6.4","6.3","284.0"
"2024-04-27T08:00","8.7","7.9","409.0"
"2024-04-27T09:00","10.4","11.9","566.0"
"2024-04-27T10:00","11.1","15.4","575.0"
"2024-04-27T11:00","10.9","16.9","578.0"
"2024-04-27T12:00","10.5","16.9","524.0"
"2024-04-27T13:00","10.8","19.0","688.0"
"2024-04-27T14:00","10.6","18.9","623.0"
"2024-04-27T15:00","10.4","18.3","518.0"
"2024-04-27T16:00","9.6","18.3","339.0"
"2024-04-27T17:00","8.9","19.8","166.0"
"2024-04-27T18:00","8.6","23.4","63.0"
"2024-04-27T19:00","8.2","22.4","9.0"
"2024-04-27T20:00","8.1","23.0","0.0"
"2024-04-27T21:00","7.8","22.6","0.0"
"2024-04-27T22:00","8.1","22.8","0.0"
"2024-04-27T23:00","8.1","22.5","0.0"
"2024-04-28T00:00","7.9","20.7","0.0"
"2024-04-28T01:00","8.1","16.3","0.0"
"2024-04-28T02:00","8.0","14.6","0.0"
"2024-04-28T03:00","7.6","13.0","0.0"
"2024-04-28T04:00","7.6","12.1","2.0"
"2024-04-28T05:00","8.9","15.5","53.0"
"2024-04-28T06:00","10.2","17.9","190.0"
"2024-04-28T07:00","11.4","18.2","346.0"
"2024-04-28T08:00","12.3","20.9","484.0"
"2024-04-28T09:00","12.9","22.4","596.0"
"2024-04-28T10:00","13.4","23.7","700.0"
"2024-04-28T11:00","13.4","25.0","733.0"
"2024-04-28T12:00","12.9","25.0","618.0"
"2024-04-28T13:00","13.2","26.6","641.0"
"2024-04-28T14:00","13.3","26.6","621.0"
"2024-04-28T15:00","13.0","24.2","480.0"
"2024-04-28T16:00","12.1","19.9","251.0"
"2024-04-28T17:00","11.4","20.4","114.0"
"2024-04-28T18:00","11.6","18.2","70.0"
"2024-04-28T19:00","11.9","15.2","5.0"
"2024-04-28T20:00","12.3","14.0","0.0"
"2024-04-28T21:00","13.0","18.8","0.0"
"2024-04-28T22:00","12.4","16.8","0.0"
"2024-04-28T23:00","11.7","15.0","0.0"
"2024-04-29T00:00","11.9","20.4","0.0"
"2024-04-29T01:00","11.1","17.0","0.0"
"2024-04-29T02:00","10.1","12.0","0.0"
"2024-04-29T03:00","9.4","12.7","0.0"
"2024-04-29T04:00","8.1","11.4","3.0"
"2024-04-29T05:00","8.4","11.4","69.0"
"2024-04-29T06:00","9.5","11.0","193.0"
"2024-04-29T07:00","10.7","12.2","337.0"
"2024-04-29T08:00","12.1","16.0","483.0"
"2024-04-29T09:00","13.2","17.4","581.0"
"2024-04-29T10:00","13.9","15.5","674.0"
"2024-04-29T11:00","14.7","16.0","739.0"
"2024-04-29T12:00","15.4","19.1","740.0"
"2024-04-29T13:00","15.0","15.8","567.0"
"2024-04-29T14:00","15.4","12.8","563.0"
"2024-04-29T15:00","14.9","10.9","486.0"
"2024-04-29T16:00","14.1","10.6","353.0"
"2024-04-29T17:00","12.4","12.8","213.0"
"2024-04-29T18:00","9.9","14.6","97.0"
"2024-04-29T19:00","8.9","13.4","11.0"
"2024-04-29T20:00","8.8","13.6","0.0"
"2024-04-29T21:00","8.8","12.8","0.0"
"2024-04-29T22:00","8.4","12.5","0.0"
"2024-04-29T23:00","8.0","11.5","0.0"
"2024-04-30T00:00","7.3","10.3","0.0"
"2024-04-30T01:00","7.7","11.6","0.0"
"2024-04-30T02:00","7.8","11.4","0.0"
"2024-04-30T03:00","8.8","11.6","0.0"
"2024-04-30T04:00","9.0","12.2","1.0"
"2024-04-30T05:00","9.5","14.9","24.0"
"2024-04-30T06:00","10.4","16.6","86.0"
"2024-04-30T07:00","11.9","18.4","276.0"
"2024-04-30T08:00","13.0","18.4","385.0"
"2024-04-30T09:00","14.2","18.2","515.0"
"2024-04-30T10:00","15.2","18.6","649.0"
"2024-04-30T11:00","15.9","19.9","695.0"
"2024-04-30T12:00","16.6","21.3","681.0"
"2024-04-30T13:00","17.1","21.8","654.0"
"2024-04-30T14:00","17.0","23.7","596.0"
"2024-04-30T15:00","16.4","25.5","490.0"
"2024-04-30T16:00","15.4","24.5","360.0"
"2024-04-30T17:00","13.9","25.2","228.0"
"2024-04-30T18:00","12.3","25.6","94.0"
"2024-04-30T19:00","11.1","22.1","12.0"
"2024-04-30T20:00","10.3","20.6","0.0"
"2024-04-30T21:00","10.1","18.5","0.0"
"2024-04-30T22:00","10.1","18.5","0.0"
"2024-04-30T23:00","10.1","18.6","0.0"
"2024-05-01T00:00","10.1","17.6","0.0"
"2024-05-01T01:00","10.1","17.9","0.0"
"2024-05-01T02:00","9.9","17.9","0.0"
"2024-05-01T03:00","9.8","18.2","0.0"
"2024-05-01T04:00","9.9","18.2","5.0"
"2024-05-01T05:00","10.7","19.6","75.0"
"2024-05-01T06:00","11.7","18.8","200.0"
"2024-05-01T07:00","12.9","21.2","349.0"
"2024-05-01T08:00","14.2","21.7","477.0"
"2024-05-01T09:00","15.4","20.4","597.0"
"2024-05-01T10:00","16.5","20.3","679.0"
"2024-05-01T11:00","17.4","21.3","724.0"
"2024-05-01T12:00","17.7","20.4","727.0"
"2024-05-01T13:00","18.4","20.2","719.0"
"2024-05-01T14:00","18.6","21.3","646.0"
"2024-05-01T15:00","18.6","24.3","540.0"
"2024-05-01T16:00","17.0","29.2","409.0"
"2024-05-01T17:00","15.2","30.4","249.0"
"2024-05-01T18:00","13.6","29.1","99.0"
"2024-05-01T19:00","12.5","28.7","17.0"
"2024-05-01T20:00","11.9","29.0","0.0"
"2024-05-01T21:00","11.9","28.9","0.0"
"2024-05-01T22:00","12.1","28.8","0.0"
"2024-05-01T23:00","12.2","27.0","0.0"
"2024-05-02T00:00","11.9","25.7","0.0"
"2024-05-02T01:00","12.1","24.6","0.0"
"2024-05-02T02:00","12.1","26.4","0.0"
"2024-05-02T03:00","11.4","25.5","0.0"
"2024-05-02T04:00","11.1","26.0","6.0"
"2024-05-02T05:00","11.6","26.4","75.0"
"2024-05-02T06:00","12.2","23.7","156.0"
"2024-05-02T07:00","13.0","26.0","281.0"
"2024-05-02T08:00","14.3","25.9","447.0"
"2024-05-02T09:00","15.6","25.8","619.0"
"2024-05-02T10:00","16.5","24.8","696.0"
"2024-05-02T11:00","17.0","24.1","750.0"
"2024-05-02T12:00","17.3","23.8","760.0"
"2024-05-02T13:00","18.0","24.2","730.0"
"2024-05-02T14:00","17.4","24.6","649.0"
"2024-05-02T15:00","16.9","23.3","536.0"
"2024-05-02T16:00","16.1","24.8","397.0"
"2024-05-02T17:00","14.8","25.9","252.0"
"2024-05-02T18:00","13.4","29.2","116.0"
"2024-05-02T19:00","12.4","28.5","18.0"
"2024-05-02T20:00","12.0","29.3","0.0"
"2024-05-02T21:00","12.1","28.9","0.0"
"2024-05-02T22:00","12.1","27.9","0.0"
"2024-05-02T23:00","11.9","27.3","0.0"
"2024-05-03T00:00","11.7","25.5","0.0"
"2024-05-03T01:00","11.6","24.6","0.0"
"2024-05-03T02:00","11.4","22.7","0.0"
"2024-05-03T03:00","11.1","21.5","0.0"
"2024-05-03T04:00","10.9","22.3","6.0"
"2024-05-03T05:00","11.4","23.7","81.0"
"2024-05-03T06:00","12.1","22.4","213.0"
"2024-05-03T07:00","13.2","24.6","358.0"
"2024-05-03T08:00","14.4","25.2","487.0"
"2024-05-03T09:00","15.4","21.2","602.0"
"2024-05-03T10:00","16.3","19.6","689.0"
"2024-05-03T11:00","17.0","18.0","730.0"
"2024-05-03T12:00","17.1","16.6","734.0"
"2024-05-03T13:00","18.0","17.4","716.0"
"2024-05-03T14:00","16.6","15.9","608.0"
"2024-05-03T15:00","16.8","16.9","523.0"
"2024-05-03T16:00","16.7","19.1","401.0"
"2024-05-03T17:00","15.2","16.0","257.0"
"2024-05-03T18:00","13.6","11.6","119.0"
"2024-05-03T19:00","11.8","8.7","20.0"
"2024-05-03T20:00","10.9","11.0","0.0"
"2024-05-03T21:00","10.2","10.6","0.0"
"2024-05-03T22:00","9.7","9.0","0.0"
"2024-05-03T23:00","9.1","7.4","0.0"
"2024-05-04T00:00","8.2","6.2","0.0"
"2024-05-04T01:00","8.5","5.3","0.0"
"2024-05-04T02:00","8.0","4.7","0.0"
"2024-05-04T03:00","8.1","4.0","0.0"
"2024-05-04T04:00","8.6","3.9","7.0"
"2024-05-04T05:00","9.6","4.3","57.0"
"2024-05-04T06:00","10.6","3.6","122.0"
"2024-05-04T07:00","12.2","6.8","204.0"
"2024-05-04T08:00","13.6","10.3","257.0"
"2024-05-04T09:00","14.1","12.7","205.0"
"2024-05-04T10:00","13.9","16.3","162.0"
"2024-05-04T11:00","14.6","13.7","295.0"
"2024-05-04T12:00","16.1","12.0","653.0"
"2024-05-04T13:00","14.4","11.5","337.0"
"2024-05-04T14:00","14.9","8.5","291.0"
"2024-05-04T15:00","15.1","7.1","239.0"
"2024-05-04T16:00","15.0","5.9","156.0"
"2024-05-04T17:00","14.8","5.2","122.0"
"2024-05-04T18:00","14.0","2.1","48.0"
"2024-05-04T19:00","13.1","1.5","9.0"
"2024-05-04T20:00","12.2","2.3","0.0"
"2024-05-04T21:00","11.1","5.5","0.0"
"2024-05-04T22:00","10.6","5.1","0.0"
"2024-05-04T23:00","11.2","2.6","0.0"
"2024-05-05T00:00","10.4","3.9","0.0"
"2024-05-05T01:00","9.0","7.1","0.0"
"2024-05-05T02:00","8.4","6.5","0.0"
"2024-05-05T03:00","7.9","5.9","0.0"
"2024-05-05T04:00","8.5","6.5","8.0"
"2024-05-05T05:00","9.1","9.4","50.0"
"2024-05-05T06:00","10.4","10.0","143.0"
"2024-05-05T07:00","10.9","14.2","179.0"
"2024-05-05T08:00","10.6","14.1","163.0"
"2024-05-05T09:00","10.9","18.0","223.0"
"2024-05-05T10:00","10.5","18.2","188.0"
"2024-05-05T11:00","9.9","18.6","275.0"
"2024-05-05T12:00","10.6","15.9","383.0"
"2024-05-05T13:00","12.6","15.5","368.0"
"2024-05-05T14:00","14.0","15.7","412.0"
"2024-05-05T15:00","14.8","11.3","421.0"
"2024-05-05T16:00","15.1","13.1","382.0"
"2024-05-05T17:00","14.4","10.7","251.0"
"2024-05-05T18:00","13.2","6.6","97.0"
"2024-05-05T19:00","12.0","9.1","12.0"
"2024-05-05T20:00","11.0","7.6","0.0"
"2024-05-05T21:00","10.6","5.2","0.0"
"2024-05-05T22:00","9.8","6.2","0.0"
"2024-05-05T23:00","8.6","6.3","0.0"
"2024-05-06T00:00","7.3","7.6","0.0"
"2024-05-06T01:00","8.5","6.3","0.0"
"2024-05-06T02:00","8.4","4.8","0.0"
"2024-05-06T03:00","8.3","7.7","0.0"
"2024-05-06T04:00","8.2","10.8","9.0"
"2024-05-06T05:00","9.2","12.6","85.0"
"2024-05-06T06:00","10.4","17.2","172.0"
"2024-05-06T07:00","11.0","18.6","229.0"
"2024-05-06T08:00","11.6","17.9","290.0"
"2024-05-06T09:00","12.3","17.3","351.0"
"2024-05-06T10:00","12.7","16.3","361.0"
"2024-05-06T11:00","13.4","15.1","447.0"
"2024-05-06T12:00","14.1","14.3","421.0"
"2024-05-06T13:00","13.6","14.8","510.0"
"2024-05-06T14:00","13.6","15.3","462.0"
"2024-05-06T15:00","13.1","14.3","345.0"
"2024-05-06T16:00","12.9","13.0","286.0"
"2024-05-06T17:00","12.9","12.4","173.0"
"2024-05-06T18:00","12.4","11.0","66.0"
"2024-05-06T19:00","11.1","7.7","20.0"
"2024-05-06T20:00","10.6","8.1","0.0"
"2024-05-06T21:00","10.9","15.6","0.0"
"2024-05-06T22:00","10.2","17.3","0.0"
"2024-05-06T23:00","9.4","16.3","0.0"
"2024-05-07T00:00","9.1","15.0","0.0"
"2024-05-07T01:00","8.9","14.4","0.0"
"2024-05-07T02:00","8.4","12.6","0.0"
"2024-05-07T03:00","7.7","10.4","0.0"
"2024-05-07T04:00","7.1","10.5","11.0"
"2024-05-07T05:00","7.6","11.3","101.0"
"2024-05-07T06:00","8.2","12.1","236.0"
"2024-05-07T07:00","8.8","11.6","385.0"
"2024-05-07T08:00","9.8","10.1","526.0"
"2024-05-07T09:00","10.7","9.7","648.0"
"2024-05-07T10:00","11.4","8.9","731.0"
"2024-05-07T11:00","12.1","8.2","779.0"
"2024-05-07T12:00","12.4","6.9","783.0"
"2024-05-07T13:00","12.7","9.4","753.0"
"2024-05-07T14:00","12.6","10.2","651.0"
"2024-05-07T15:00","12.8","15.3","510.0"
"2024-05-07T16:00","11.6","14.5","368.0"
"2024-05-07T17:00","10.9","11.0","262.0"
"2024-05-07T18:00","9.6","9.7","133.0"
"2024-05-07T19:00","7.7","9.1","28.0"
"2024-05-07T20:00","6.9","8.0","0.0"
"2024-05-07T21:00","6.2","6.0","0.0"
"2024-05-07T22:00","6.2","6.4","0.0"
"2024-05-07T23:00","5.8","6.8","0.0"
"2024-05-08T00:00","5.6","6.9","0.0"
"2024-05-08T01:00","4.7","8.1","0.0"
"2024-05-08T02:00","4.1","9.1","0.0"
"2024-05-08T03:00","4.2","8.3","0.0"
"2024-05-08T04:00","5.3","5.4","12.0"
"2024-05-08T05:00","7.6","6.8","79.0"
"2024-05-08T06:00","9.2","5.2","197.0"
"2024-05-08T07:00","10.9","6.5","380.0"
"2024-05-08T08:00","12.6","7.7","521.0"
"2024-05-08T09:00","13.7","4.3","641.0"
"2024-05-08T10:00","14.2","5.6","727.0"
"2024-05-08T11:00","14.9","8.9","749.0"
"2024-05-08T12:00","14.8","12.3","560.0"
"2024-05-08T13:00","15.4","7.6","556.0"
"2024-05-08T14:00","15.4","7.4","460.0"
"2024-05-08T15:00","15.6","7.5","420.0"
"2024-05-08T16:00","15.6","7.6","335.0"
"2024-05-08T17:00","15.2","8.0","245.0"
"2024-05-08T18:00","13.8","5.8","128.0"
"2024-05-08T19:00","11.6","7.2","29.0"
"2024-05-08T20:00","10.8","9.9","0.0"
"2024-05-08T21:00","9.9","11.6","0.0"
"2024-05-08T22:00","9.4","12.5","0.0"
"2024-05-08T23:00","8.9","12.2","0.0"
"2024-05-09T00:00","8.6","11.9","0.0"
"2024-05-09T01:00","8.4","11.5","0.0"
"2024-05-09T02:00","7.8","10.4","0.0"
"2024-05-09T03:00","7.2","8.6","0.0"
"2024-05-09T04:00","7.2","9.4","14.0"
"2024-05-09T05:00","8.9","12.4","105.0"
"2024-05-09T06:00","10.2","11.7","225.0"
"2024-05-09T07:00","11.6","10.8","383.0"
"2024-05-09T08:00","13.0","12.3","520.0"
"2024-05-09T09:00","14.2","14.1","627.0"
"2024-05-09T10:00","15.1","14.4","658.0"
"2024-05-09T11:00","15.6","17.3","632.0"
"2024-05-09T12:00","15.9","17.5","596.0"
"2024-05-09T13:00","16.2","18.1","612.0"
"2024-05-09T14:00","16.1","19.7","433.0"
"2024-05-09T15:00","15.2","22.0","264.0"
"2024-05-09T16:00","14.4","18.9","128.0"
"2024-05-09T17:00","14.4","20.2","133.0"
"2024-05-09T18:00","13.4","20.2","49.0"
"2024-05-09T19:00","12.3","19.8","12.0"
"2024-05-09T20:00","11.8","19.4","0.0"
"2024-05-09T21:00","11.4","19.2","0.0"
"2024-05-09T22:00","10.9","18.4","0.0"
"2024-05-09T23:00","10.2","17.3","0.0"
"2024-05-10T00:00","10.4","18.0","0.0"
"2024-05-10T01:00","10.8","18.4","0.0"
"2024-05-10T02:00","10.6","18.4","0.0"
"2024-05-10T03:00","10.8","17.5","0.0"
"2024-05-10T04:00","10.4","17.3","8.0"
"2024-05-10T05:00","10.4","20.0","61.0"
"2024-05-10T06:00","10.8","19.3","95.0"
"2024-05-10T07:00","11.4","18.8","130.0"
"2024-05-10T08:00","12.2","18.5","222.0"
"2024-05-10T09:00","13.1","18.2","323.0"
"2024-05-10T10:00","13.6","16.8","380.0"
"2024-05-10T11:00","14.3","16.2","478.0"
"2024-05-10T12:00","15.0","16.1","514.0"
"2024-05-10T13:00","15.6","13.6","569.0"
"2024-05-10T14:00","15.9","12.5","590.0"
"2024-05-10T15:00","15.8","9.7","521.0"
"2024-05-10T16:00","15.4","7.1","417.0"
"2024-05-10T17:00","14.4","3.3","230.0"
"2024-05-10T18:00","13.0","4.0","92.0"
"2024-05-10T19:00","11.1","4.5","25.0"
"2024-05-10T20:00","10.3","5.5","0.0"
"2024-05-10T21:00","8.7","5.9","0.0"
"2024-05-10T22:00","9.6","3.1","0.0"
"2024-05-10T23:00","8.3","4.8","0.0"
"2024-05-11T00:00","7.2","7.7","0.0"
"2024-05-11T01:00","7.8","5.9","0.0"
"2024-05-11T02:00","7.4","5.1","0.0"
"2024-05-11T03:00","7.3","5.0","0.0"
"2024-05-11T04:00","7.7","5.6","16.0"
"2024-05-11T05:00","9.1","6.4","107.0"
"2024-05-11T06:00","10.9","7.3","241.0"
"2024-05-11T07:00","12.4","9.5","369.0"
"2024-05-11T08:00","13.4","8.6","309.0"
"2024-05-11T09:00","13.9","6.6","349.0"
"2024-05-11T10:00","14.4","5.5","536.0"
"2024-05-11T11:00","14.6","6.1","604.0"
"2024-05-11T12:00","14.6","6.8","622.0"
"2024-05-11T13:00","15.1","9.3","626.0"
"2024-05-11T14:00","15.2","10.2","580.0"
"2024-05-11T15:00","14.9","12.3","483.0"
"2024-05-11T16:00","12.5","14.1","306.0"
"2024-05-11T17:00","11.6","11.4","186.0"
"2024-05-11T18:00","10.8","10.4","110.0"
"2024-05-11T19:00","9.9","11.2","31.0"
"2024-05-11T20:00","9.6","12.5","0.0"
"2024-05-11T21:00","9.1","11.8","0.0"
"2024-05-11T22:00","8.4","10.2","0.0"
"2024-05-11T23:00","7.9","9.9","0.0"
"2024-05-12T00:00","7.6","9.1","0.0"
"2024-05-12T01:00","7.1","6.6","0.0"
"2024-05-12T02:00","6.9","6.7","0.0"
"2024-05-12T03:00","6.3","7.5","0.0"
"2024-05-12T04:00","7.4","6.8","20.0"
"2024-05-12T05:00","9.0","10.4","116.0"
"2024-05-12T06:00","9.8","12.2","254.0"
"2024-05-12T07:00","10.4","14.3","403.0"
"2024-05-12T08:00","11.3","15.5","546.0"
"2024-05-12T09:00","11.9","17.1","667.0"
"2024-05-12T10:00","12.3","18.1","758.0"
"2024-05-12T11:00","12.4","18.6","809.0"
"2024-05-12T12:00","12.5","19.1","816.0"
"2024-05-12T13:00","12.6","18.9","780.0"
"2024-05-12T14:00","12.5","18.4","703.0"
"2024-05-12T15:00","12.4","17.9","591.0"
"2024-05-12T16:00","12.1","17.1","454.0"
"2024-05-12T17:00","11.6","15.8","305.0"
"2024-05-12T18:00","10.9","15.3","159.0"
"2024-05-12T19:00","9.9","13.0","42.0"
"2024-05-12T20:00","9.3","12.2","0.0"
"2024-05-12T21:00","8.9","11.1","0.0"
"2024-05-12T22:00","8.6","10.8","0.0"
"2024-05-12T23:00","8.4","11.4","0.0"
"2024-05-13T00:00","8.5","13.0","0.0"
"2024-05-13T01:00","7.8","12.4","0.0"
"2024-05-13T02:00","7.8","12.3","0.0"
"2024-05-13T03:00","7.8","12.7","0.0"
"2024-05-13T04:00","8.5","13.8","22.0"
"2024-05-13T05:00","9.9","15.9","124.0"
"2024-05-13T06:00","10.9","16.9","266.0"
"2024-05-13T07:00","11.9","19.3","417.0"
"2024-05-13T08:00","12.7","21.1","559.0"
"2024-05-13T09:00","13.1","23.3","677.0"
"2024-05-13T10:00","13.4","24.4","766.0"
"2024-05-13T11:00","13.8","24.4","815.0"
"2024-05-13T12:00","14.1","23.3","822.0"
"2024-05-13T13:00","14.6","24.4","785.0"
"2024-05-13T14:00","14.4","24.0","705.0"
"2024-05-13T15:00","14.2","24.2","595.0"
"2024-05-13T16:00","13.9","23.6","457.0"
"2024-05-13T17:00","13.5","20.6","308.0"
"2024-05-13T18:00","12.8","21.2","162.0"
"2024-05-13T19:00","11.9","19.1","44.0"
"2024-05-13T20:00","11.3","18.2","0.0"
"2024-05-13T21:00","10.9","17.7","0.0"
"2024-05-13T22:00","10.8","17.4","0.0"
"2024-05-13T23:00","10.8","17.1","0.0"
"2024-05-14T00:00","10.7","16.8","0.0"
"2024-05-14T01:00","10.6","17.1","0.0"
"2024-05-14T02:00","10.6","16.9","0.0"
"2024-05-14T03:00","10.7","16.6","0.0"
"2024-05-14T04:00","11.1","17.7","24.0"
"2024-05-14T05:00","11.9","19.2","125.0"
"2024-05-14T06:00","12.6","19.7","264.0"
"2024-05-14T07:00","13.2","21.3","411.0"
"2024-05-14T08:00","13.9","21.7","551.0"
"2024-05-14T09:00","14.5","22.7","669.0"
"2024-05-14T10:00","15.0","22.3","755.0"
"2024-05-14T11:00","15.2","22.4","803.0"
"2024-05-14T12:00","15.6","23.0","808.0"
"2024-05-14T13:00","17.0","24.3","776.0"
"2024-05-14T14:00","17.2","25.4","699.0"
"2024-05-14T15:00","17.0","25.8","587.0"
"2024-05-14T16:00","16.5","23.7","451.0"
"2024-05-14T17:00","15.9","20.7","304.0"
"2024-05-14T18:00","14.9","21.1","160.0"
"2024-05-14T19:00","13.9","19.6","45.0"
"2024-05-14T20:00","13.0","19.7","0.0"
"2024-05-14T21:00","12.4","19.5","0.0"
"2024-05-14T22:00","12.2","19.1","0.0"
"2024-05-14T23:00","12.1","19.5","0.0"
"2024-05-15T00:00","12.1","19.4","0.0"
"2024-05-15T01:00","11.6","18.0","0.0"
"2024-05-15T02:00","11.8","18.4","0.0"
"2024-05-15T03:00","11.7","17.7","0.0"
"2024-05-15T04:00","11.9","17.9","25.0"
"2024-05-15T05:00","12.8","18.9","126.0"
"2024-05-15T06:00","13.7","19.2","260.0"
"2024-05-15T07:00","14.9","21.0","408.0"
"2024-05-15T08:00","15.6","22.7","546.0"
"2024-05-15T09:00","16.1","24.5","662.0"
"2024-05-15T10:00","16.4","24.5","747.0"
"2024-05-15T11:00","16.4","24.0","794.0"
"2024-05-15T12:00","16.5","24.7","800.0"
"2024-05-15T13:00","17.2","27.2","771.0"
"2024-05-15T14:00","17.3","27.2","696.0"
"2024-05-15T15:00","17.4","26.4","584.0"
"2024-05-15T16:00","17.4","25.4","450.0"
"2024-05-15T17:00","17.2","23.4","305.0"
"2024-05-15T18:00","16.8","25.7","162.0"
"2024-05-15T19:00","15.6","25.7","46.0"
"2024-05-15T20:00","14.6","25.8","1.0"
"2024-05-15T21:00","13.8","25.3","0.0"
"2024-05-15T22:00","13.6","25.2","0.0"
"2024-05-15T23:00","13.4","24.8","0.0"
"2024-05-16T00:00","13.3","24.6","0.0"
"2024-05-16T01:00","12.8","23.3","0.0"
"2024-05-16T02:00","12.8","23.9","0.0"
"2024-05-16T03:00","12.7","24.3","0.0"
"2024-05-16T04:00","12.8","25.2","27.0"
"2024-05-16T05:00","13.2","27.3","132.0"
"2024-05-16T06:00","13.8","27.3","272.0"
"2024-05-16T07:00","14.4","29.4","421.0"
"2024-05-16T08:00","14.9","30.8","561.0"
"2024-05-16T09:00","15.4","31.4","678.0"
"2024-05-16T10:00","15.9","31.0","765.0"
"2024-05-16T11:00","16.5","30.8","812.0"
"2024-05-16T12:00","17.9","31.7","818.0"
"2024-05-16T13:00","18.4","32.1","786.0"
"2024-05-16T14:00","18.2","31.8","708.0"
"2024-05-16T15:00","18.2","30.7","594.0"
"2024-05-16T16:00","17.6","29.2","456.0"
"2024-05-16T17:00","16.6","27.1","306.0"
"2024-05-16T18:00","15.4","30.2","162.0"
"2024-05-16T19:00","14.5","28.8","47.0"
"2024-05-16T20:00","14.4","27.8","1.0"
"2024-05-16T21:00","14.2","26.8","0.0"
"2024-05-16T22:00","14.0","26.1","0.0"
"2024-05-16T23:00","13.9","25.9","0.0"
"2024-05-17T00:00","13.8","25.1","0.0"
"2024-05-17T01:00","13.6","25.5","0.0"
"2024-05-17T02:00","13.4","24.7","0.0"
"2024-05-17T03:00","12.9","23.2","0.0"
"2024-05-17T04:00","13.1","23.4","29.0"
"2024-05-17T05:00","13.6","24.6","132.0"
"2024-05-17T06:00","14.4","23.9","272.0"
"2024-05-17T07:00","15.0","26.4","420.0"
"2024-05-17T08:00","15.4","27.6","561.0"
"2024-05-17T09:00","16.1","28.2","681.0"
"2024-05-17T10:00","16.9","28.0","767.0"
"2024-05-17T11:00","17.8","27.2","817.0"
"2024-05-17T12:00","18.7","27.5","831.0"
"2024-05-17T13:00","18.4","26.1","798.0"
"2024-05-17T14:00","18.2","25.9","721.0"
"2024-05-17T15:00","17.8","25.6","610.0"
"2024-05-17T16:00","17.5","24.5","473.0"
"2024-05-17T17:00","16.7","24.5","322.0"
"2024-05-17T18:00","15.4","25.0","174.0"
"2024-05-17T19:00","14.1","24.9","53.0"
"2024-05-17T20:00","13.4","23.5","1.0"
"2024-05-17T21:00","13.1","21.6","0.0"
"2024-05-17T22:00","12.9","19.8","0.0"
"2024-05-17T23:00","12.6","17.8","0.0"
"2024-05-18T00:00","12.1","16.5","0.0"
"2024-05-18T01:00","11.1","13.9","0.0"
"2024-05-18T02:00","10.9","13.9","0.0"
"2024-05-18T03:00","10.7","14.7","0.0"
"2024-05-18T04:00","11.1","15.7","31.0"
"2024-05-18T05:00","12.3","15.1","137.0"
"2024-05-18T06:00","13.6","16.2","277.0"
"2024-05-18T07:00","15.2","17.3","425.0"
"2024-05-18T08:00","17.0","17.7","563.0"
"2024-05-18T09:00","18.5","18.4","680.0"
"2024-05-18T10:00","19.6","19.5","764.0"
"2024-05-18T11:00","20.4","18.8","811.0"
"2024-05-18T12:00","20.4","14.6","816.0"
"2024-05-18T13:00","20.0","12.4","782.0"
"2024-05-18T14:00","19.3","13.2","701.0"
"2024-05-18T15:00","19.0","12.8","558.0"
"2024-05-18T16:00","18.9","9.9","449.0"
"2024-05-18T17:00","18.8","7.9","314.0"
"2024-05-18T18:00","18.1","12.9","170.0"
"2024-05-18T19:00","16.8","15.3","53.0"
"2024-05-18T20:00","15.6","14.5","1.0"
"2024-05-18T21:00","14.6","13.0","0.0"
"2024-05-18T22:00","13.9","12.9","0.0"
"2024-05-18T23:00","13.2","11.2","0.0"
"2024-05-19T00:00","12.9","9.8","0.0"
"2024-05-19T01:00","12.3","8.7","0.0"
"2024-05-19T02:00","11.6","7.2","0.0"
"2024-05-19T03:00","10.4","7.6","0.0"
"2024-05-19T04:00","11.6","6.9","31.0"
"2024-05-19T05:00","13.1","10.1","135.0"
"2024-05-19T06:00","14.8","9.4","272.0"
"2024-05-19T07:00","15.9","10.5","359.0"
"2024-05-19T08:00","17.2","11.3","503.0"
"2024-05-19T09:00","18.4","12.0","669.0"
"2024-05-19T10:00","19.2","12.7","726.0"
"2024-05-19T11:00","19.9","12.6","788.0"
"2024-05-19T12:00","19.7","11.1","761.0"
"2024-05-19T13:00","19.0","7.8","728.0"
"2024-05-19T14:00","18.7","11.0","665.0"
"2024-05-19T15:00","18.1","10.2","550.0"
"2024-05-19T16:00","17.6","8.4","425.0"
"2024-05-19T17:00","16.9","7.1","295.0"
"2024-05-19T18:00","16.0","5.6","166.0"
"2024-05-19T19:00","14.1","5.1","53.0"
"2024-05-19T20:00","12.6","8.4","2.0"
"2024-05-19T21:00","13.1","6.8","0.0"
"2024-05-19T22:00","14.3","6.2","0.0"
"2024-05-19T23:00","14.9","4.0","0.0"
"2024-05-20T00:00","14.6","0.8","0.0"
"2024-05-20T01:00","10.7","5.2","0.0"
"2024-05-20T02:00","9.6","6.5","0.0"
"2024-05-20T03:00","8.9","7.3","0.0"
"2024-05-20T04:00","10.4","5.2","33.0"
"2024-05-20T05:00","12.9","8.6","137.0"
"2024-05-20T06:00","14.9","8.0","273.0"
"2024-05-20T07:00","16.8","9.9","417.0"
"2024-05-20T08:00","17.8","13.3","552.0"
"2024-05-20T09:00","18.5","13.7","665.0"
"2024-05-20T10:00","19.0","13.2","740.0"
"2024-05-20T11:00","18.8","14.2","762.0"
"2024-05-20T12:00","18.5","15.2","684.0"
"2024-05-20T13:00","19.0","15.5","723.0"
"2024-05-20T14:00","18.7","17.6","676.0"
"2024-05-20T15:00","18.8","16.4","537.0"
"2024-05-20T16:00","18.5","12.7","430.0"
"2024-05-20T17:00","17.9","10.8","310.0"
"2024-05-20T18:00","17.1","11.5","171.0"
"2024-05-20T19:00","15.9","13.3","56.0"
"2024-05-20T20:00","15.0","14.8","2.0"
"2024-05-20T21:00","14.3","18.0","0.0"
"2024-05-20T22:00","13.9","20.2","0.0"
"2024-05-20T23:00","13.5","19.1","0.0"
"2024-05-21T00:00","13.1","18.6","0.0"
"2024-05-21T01:00","12.6","16.7","0.0"
"2024-05-21T02:00","12.2","16.4","0.0"
"2024-05-21T03:00","11.9","17.1","0.0"
"2024-05-21T04:00","12.1","17.9","35.0"
"2024-05-21T05:00","13.1","15.8","139.0"
"2024-05-21T06:00","14.1","16.3","278.0"
"2024-05-21T07:00","15.3","17.0","423.0"
"2024-05-21T08:00","16.6","18.4","558.0"
"2024-05-21T09:00","18.1","21.3","670.0"
"2024-05-21T10:00","19.2","24.2","751.0"
"2024-05-21T11:00","19.7","22.9","796.0"
"2024-05-21T12:00","20.0","22.7","800.0"
"2024-05-21T13:00","20.0","25.9","759.0"
"2024-05-21T14:00","20.1","23.9","691.0"
"2024-05-21T15:00","19.9","23.4","584.0"
"2024-05-21T16:00","19.2","26.0","454.0"
"2024-05-21T17:00","18.1","26.3","312.0"
"2024-05-21T18:00","16.8","26.7","173.0"
"2024-05-21T19:00","15.6","29.5","58.0"
"2024-05-21T20:00","15.1","29.3","2.0"
"2024-05-21T21:00","14.9","29.7","0.0"
"2024-05-21T22:00","14.8","29.5","0.0"
"2024-05-21T23:00","14.5","28.8","0.0"
"2024-05-22T00:00","14.1","28.5","0.0"
"2024-05-22T01:00","13.6","25.2","0.0"
"2024-05-22T02:00","13.5","23.7","0.0"
"2024-05-22T03:00","13.6","24.0","0.0"
"2024-05-22T04:00","14.1","25.7","36.0"
"2024-05-22T05:00","14.9","23.0","135.0"
"2024-05-22T06:00","16.1","28.0","255.0"
"2024-05-22T07:00","17.5","29.9","390.0"
"2024-05-22T08:00","19.0","31.0","537.0"
"2024-05-22T09:00","20.4","31.3","638.0"
"2024-05-22T10:00","21.2","31.4","722.0"
"2024-05-22T11:00","21.7","30.8","750.0"
"2024-05-22T12:00","22.2","31.0","771.0"
"2024-05-22T13:00","21.6","33.0","741.0"
"2024-05-22T14:00","21.5","31.8","687.0"
"2024-05-22T15:00","20.8","32.0","591.0"
"2024-05-22T16:00","19.4","30.9","454.0"
"2024-05-22T17:00","18.4","27.8","306.0"
"2024-05-22T18:00","17.5","25.0","173.0"
"2024-05-22T19:00","16.6","28.6","59.0"
"2024-05-22T20:00","16.0","28.8","3.0"
"2024-05-22T21:00","15.7","28.3","0.0"
"2024-05-22T22:00","15.4","26.4","0.0"
"2024-05-22T23:00","15.2","25.8","0.0"
"2024-05-23T00:00","14.9","24.2","0.0"
"2024-05-23T01:00","14.6","17.9","0.0"
"2024-05-23T02:00","14.1","16.6","0.0"
"2024-05-23T03:00","13.8","16.6","0.0"
"2024-05-23T04:00","14.1","16.6","36.0"
"2024-05-23T05:00","14.9","15.9","140.0"
"2024-05-23T06:00","15.8","18.1","239.0"
"2024-05-23T07:00","16.1","18.8","302.0"
"2024-05-23T08:00","16.0","16.7","260.0"
"2024-05-23T09:00","15.9","15.1","260.0"
"2024-05-23T10:00","15.4","13.6","209.0"
"2024-05-23T11:00","14.8","13.8","220.0"
"2024-05-23T12:00","14.6","16.7","191.0"
"2024-05-23T13:00","15.7","16.9","260.0"
"2024-05-23T14:00","14.4","15.1","101.0"
"2024-05-23T15:00","15.3","14.6","285.0"
"2024-05-23T16:00","16.1","9.7","184.0"
"2024-05-23T17:00","16.4","16.3","156.0"
"2024-05-23T18:00","15.4","17.3","61.0"
"2024-05-23T19:00","15.1","14.4","34.0"
"2024-05-23T20:00","14.6","13.0","2.0"
"2024-05-23T21:00","13.9","12.6","0.0"
"2024-05-23T22:00","13.2","12.8","0.0"
"2024-05-23T23:00","12.9","12.3","0.0"
"2024-05-24T00:00","12.6","11.6","0.0"
"2024-05-24T01:00","12.2","10.4","0.0"
"2024-05-24T02:00","11.9","9.7","0.0"
"2024-05-24T03:00","11.4","9.1","0.0"
"2024-05-24T04:00","11.8","9.6","39.0"
"2024-05-24T05:00","12.9","11.6","135.0"
"2024-05-24T06:00","14.2","13.0","257.0"
"2024-05-24T07:00","15.4","12.6","362.0"
"2024-05-24T08:00","16.6","10.9","461.0"
"2024-05-24T09:00","17.9","9.3","550.0"
"2024-05-24T10:00","19.0","8.9","620.0"
"2024-05-24T11:00","20.3","10.7","734.0"
"2024-05-24T12:00","21.1","11.0","746.0"
"2024-05-24T13:00","18.5","10.6","718.0"
"2024-05-24T14:00","18.2","9.0","659.0"
"2024-05-24T15:00","17.9","9.8","518.0"
"2024-05-24T16:00","17.6","9.8","445.0"
"2024-05-24T17:00","17.3","10.5","312.0"
"2024-05-24T18:00","16.5","9.4","185.0"
"2024-05-24T19:00","14.9","8.5","66.0"
"2024-05-24T20:00","13.2","9.7","4.0"
"2024-05-24T21:00","12.2","9.0","0.0"
"2024-05-24T22:00","11.5","7.9","0.0"
"2024-05-24T23:00","11.4","10.5","0.0"
"2024-05-25T00:00","11.5","10.1","0.0"
"2024-05-25T01:00","11.7","9.8","0.0"
"2024-05-25T02:00","11.8","8.9","0.0"
"2024-05-25T03:00","11.6","7.7","0.0"
"2024-05-25T04:00","12.6","8.9","41.0"
"2024-05-25T05:00","14.2","9.5","146.0"
"2024-05-25T06:00","15.6","8.9","281.0"
"2024-05-25T07:00","17.0","9.2","427.0"
"2024-05-25T08:00","17.9","11.2","525.0"
"2024-05-25T09:00","18.0","11.5","420.0"
"2024-05-25T10:00","18.6","10.5","543.0"
"2024-05-25T11:00","19.8","11.9","719.0"
"2024-05-25T12:00","18.5","17.0","776.0"
"2024-05-25T13:00","16.8","16.9","731.0"
"2024-05-25T14:00","15.7","14.5","678.0"
"2024-05-25T15:00","15.6","13.3","578.0"
"2024-05-25T16:00","15.6","13.3","445.0"
"2024-05-25T17:00","14.9","13.6","301.0"
"2024-05-25T18:00","13.9","11.7","162.0"
"2024-05-25T19:00","13.1","10.0","58.0"
"2024-05-25T20:00","12.9","9.3","4.0"
"2024-05-25T21:00","12.6","8.4","0.0"
"2024-05-25T22:00","12.7","8.7","0.0"
"2024-05-25T23:00","12.8","8.9","0.0"
"2024-05-26T00:00","12.8","9.3","0.0"
"2024-05-26T01:00","13.1","6.9","0.0"
"2024-05-26T02:00","12.6","5.8","0.0"
"2024-05-26T03:00","13.1","8.9","0.0"
"2024-05-26T04:00","13.8","6.6","31.0"
"2024-05-26T05:00","14.7","10.5","84.0"
"2024-05-26T06:00","16.0","10.4","168.0"
"2024-05-26T07:00","17.0","12.4","360.0"
"2024-05-26T08:00","18.2","11.6","500.0"
"2024-05-26T09:00","19.3","12.3","653.0"
"2024-05-26T10:00","19.1","16.8","752.0"
"2024-05-26T11:00","18.6","15.5","781.0"
"2024-05-26T12:00","19.5","12.8","817.0"
"2024-05-26T13:00","18.5","22.4","671.0"
"2024-05-26T14:00","19.0","22.7","705.0"
"2024-05-26T15:00","18.0","19.2","558.0"
"2024-05-26T16:00","16.9","15.3","335.0"
"2024-05-26T17:00","16.5","15.9","276.0"
"2024-05-26T18:00","15.9","14.8","162.0"
"2024-05-26T19:00","14.8","14.5","63.0"
"2024-05-26T20:00","14.6","14.5","4.0"
"2024-05-26T21:00","14.4","13.2","0.0"
"2024-05-26T22:00","14.2","13.7","0.0"
"2024-05-26T23:00","14.2","12.5","0.0"
"2024-05-27T00:00","14.2","10.4","0.0"
"2024-05-27T01:00","15.1","13.1","0.0"
"2024-05-27T02:00","15.4","11.2","0.0"
"2024-05-27T03:00","15.1","12.2","1.0"
"2024-05-27T04:00","15.2","10.6","36.0"
"2024-05-27T05:00","15.6","11.3","111.0"
"2024-05-27T06:00","16.3","14.1","251.0"
"2024-05-27T07:00","16.7","16.8","322.0"
"2024-05-27T08:00","18.4","14.6","498.0"
"2024-05-27T09:00","16.6","8.8","361.0"
"2024-05-27T10:00","17.1","11.3","259.0"
"2024-05-27T11:00","18.2","17.0","583.0"
"2024-05-27T12:00","18.0","15.9","505.0"
"2024-05-27T13:00","17.4","16.0","473.0"
"2024-05-27T14:00","18.2","8.2","398.0"
"2024-05-27T15:00","19.0","9.0","495.0"
"2024-05-27T16:00","19.1","7.6","403.0"
"2024-05-27T17:00","19.2","7.9","305.0"
"2024-05-27T18:00","18.6","6.4","184.0"
"2024-05-27T19:00","16.5","5.5","69.0"
"2024-05-27T20:00","14.2","8.6","5.0"
"2024-05-27T21:00","13.7","6.8","0.0"
"2024-05-27T22:00","15.1","2.9","0.0"
"2024-05-27T23:00","15.1","2.3","0.0"
"2024-05-28T00:00","14.8","4.3","0.0"
"2024-05-28T01:00","11.5","7.9","0.0"
"2024-05-28T02:00","11.6","6.4","0.0"
"2024-05-28T03:00","12.9","10.1","1.0"
"2024-05-28T04:00","13.9","13.0","32.0"
"2024-05-28T05:00","15.2","14.4","117.0"
"2024-05-28T06:00","15.1","10.7","120.0"
"2024-05-28T07:00","15.8","19.2","196.0"
"2024-05-28T08:00","15.4","20.7","392.0"
"2024-05-28T09:00","15.2","22.0","380.0"
"2024-05-28T10:00","16.6","22.3","384.0"
"2024-05-28T11:00","18.3","21.3","498.0"
"2024-05-28T12:00","18.2","26.6","496.0"
"2024-05-28T13:00","15.9","22.1","183.0"
"2024-05-28T14:00","15.3","21.2","235.0"
"2024-05-28T15:00","15.6","20.9","392.0"
"2024-05-28T16:00","15.3","17.8","250.0"
"2024-05-28T17:00","15.3","17.1","269.0"
"2024-05-28T18:00","14.7","15.4","95.0"
"2024-05-28T19:00","13.9","9.4","47.0"
"2024-05-28T20:00","12.2","5.5","5.0"
"2024-05-28T21:00","11.6","5.1","0.0"
"2024-05-28T22:00","11.2","6.9","0.0"
"2024-05-28T23:00","10.8","8.3","0.0"
"2024-05-29T00:00","10.9","9.7","0.0"
"2024-05-29T01:00","10.3","8.7","0.0"
"2024-05-29T02:00","10.6","9.4","0.0"
"2024-05-29T03:00","11.4","12.6","1.0"
"2024-05-29T04:00","12.6","15.7","47.0"
"2024-05-29T05:00","13.6","17.4","155.0"
"2024-05-29T06:00","14.6","18.9","292.0"
"2024-05-29T07:00","15.1","21.4","290.0"
"2024-05-29T08:00","15.5","23.1","427.0"
"2024-05-29T09:00","15.6","23.5","326.0"
"2024-05-29T10:00","16.4","26.9","493.0"
"2024-05-29T11:00","17.4","29.6","702.0"
"2024-05-29T12:00","17.4","29.9","550.0"
"2024-05-29T13:00","14.4","20.7","134.0"
"2024-05-29T14:00","14.4","15.8","174.0"
"2024-05-29T15:00","15.8","18.0","308.0"
"2024-05-29T16:00","15.1","25.4","215.0"
"2024-05-29T17:00","14.9","21.5","97.0"
"2024-05-29T18:00","14.7","19.6","80.0"
"2024-05-29T19:00","14.4","19.8","37.0"
"2024-05-29T20:00","14.4","19.0","2.0"
"2024-05-29T21:00","14.1","22.2","0.0"
"2024-05-29T22:00","13.9","18.2","0.0"
"2024-05-29T23:00","13.9","17.2","0.0"
"2024-05-30T00:00","13.6","17.1","0.0"
"2024-05-30T01:00","13.6","7.6","0.0"
"2024-05-30T02:00","13.2","10.1","0.0"
"2024-05-30T03:00","13.1","10.1","1.0"
"2024-05-30T04:00","13.3","13.6","26.0"
"2024-05-30T05:00","14.2","13.9","98.0"
"2024-05-30T06:00","15.0","16.5","247.0"
"2024-05-30T07:00","15.3","16.6","324.0"
"2024-05-30T08:00","15.6","17.1","388.0"
"2024-05-30T09:00","16.4","14.6","530.0"
"2024-05-30T10:00","16.5","15.5","499.0"
"2024-05-30T11:00","17.0","15.8","534.0"
"2024-05-30T12:00","17.4","14.3","603.0"
"2024-05-30T13:00","17.5","12.5","658.0"
"2024-05-30T14:00","17.9","12.9","714.0"
"2024-05-30T15:00","17.1","11.8","394.0"
"2024-05-30T16:00","16.5","12.2","364.0"
"2024-05-30T17:00","16.1","11.0","281.0"
"2024-05-30T18:00","15.6","5.8","160.0"
"2024-05-30T19:00","15.1","5.0","61.0"
"2024-05-30T20:00","14.3","6.9","6.0"
"2024-05-30T21:00","14.4","10.8","0.0"
"2024-05-30T22:00","14.4","13.1","0.0"
"2024-05-30T23:00","14.2","13.2","0.0"
"2024-05-31T00:00","13.9","13.3","0.0"
"2024-05-31T01:00","13.8","11.7","0.0"
"2024-05-31T02:00","14.1","10.3","0.0"
"2024-05-31T03:00","14.3","12.2","0.0"
"2024-05-31T04:00","14.5","12.0","26.0"
"2024-05-31T05:00","15.1","13.0","75.0"
"2024-05-31T06:00","16.0","13.5","176.0"
"2024-05-31T07:00","17.2","14.0","342.0"
"2024-05-31T08:00","18.9","14.8","548.0"
"2024-05-31T09:00","20.0","16.2","663.0"
"2024-05-31T10:00","21.0","15.8","735.0"
"2024-05-31T11:00","21.2","12.0","714.0"
"2024-05-31T12:00","20.0","9.5","737.0"
"2024-05-31T13:00","22.0","13.6","744.0"
"2024-05-31T14:00","21.6","9.8","595.0"
"2024-05-31T15:00","20.5","3.2","499.0"
"2024-05-31T16:00","20.2","9.4","365.0"
"2024-05-31T17:00","20.5","9.2","320.0"
"2024-05-31T18:00","20.3","8.3","188.0"
"2024-05-31T19:00","19.3","10.9","70.0"
"2024-05-31T20:00","18.1","11.9","7.0"
"2024-05-31T21:00","17.0","12.2","0.0"
"2024-05-31T22:00","16.1","11.4","0.0"
"2024-05-31T23:00","15.4","10.0","0.0"
"2024-06-01T00:00","14.9","9.6","0.0"
"2024-06-01T01:00","14.8","11.7","0.0"
"2024-06-01T02:00","14.5","10.9","0.0"
"2024-06-01T03:00","14.4","11.3","2.0"
"2024-06-01T04:00","15.1","12.3","50.0"
"2024-06-01T05:00","16.5","12.1","157.0"
"2024-06-01T06:00","18.2","10.0","288.0"
"2024-06-01T07:00","19.8","9.4","430.0"
"2024-06-01T08:00","21.3","10.0","557.0"
"2024-06-01T09:00","22.5","10.2","663.0"
"2024-06-01T10:00","23.6","9.8","760.0"
"2024-06-01T11:00","24.0","11.7","753.0"
"2024-06-01T12:00","23.4","15.1","690.0"
"2024-06-01T13:00","24.0","15.0","752.0"
"2024-06-01T14:00","23.6","16.4","679.0"
"2024-06-01T15:00","23.0","16.3","540.0"
"2024-06-01T16:00","22.5","18.6","431.0"
"2024-06-01T17:00","21.8","17.2","313.0"
"2024-06-01T18:00","20.8","15.0","187.0"
"2024-06-01T19:00","19.5","13.9","75.0"
"2024-06-01T20:00","18.1","15.1","8.0"
"2024-06-01T21:00","17.0","16.1","0.0"
"2024-06-01T22:00","16.4","15.8","0.0"
"2024-06-01T23:00","16.1","16.9","0.0"
"2024-06-02T00:00","16.0","17.1","0.0"
"2024-06-02T01:00","16.1","15.0","0.0"
"2024-06-02T02:00","15.9","14.5","0.0"
"2024-06-02T03:00","15.6","15.0","2.0"
"2024-06-02T04:00","16.0","16.8","50.0"
"2024-06-02T05:00","17.1","16.0","151.0"
"2024-06-02T06:00","18.4","17.6","282.0"
"2024-06-02T07:00","19.4","18.4","419.0"
"2024-06-02T08:00","20.6","17.8","557.0"
"2024-06-02T09:00","21.5","18.4","643.0"
"2024-06-02T10:00","22.5","19.1","763.0"
"2024-06-02T11:00","23.2","17.7","805.0"
"2024-06-02T12:00","22.7","15.0","779.0"
"2024-06-02T13:00","23.4","19.9","785.0"
"2024-06-02T14:00","22.9","19.6","705.0"
"2024-06-02T15:00","22.4","19.4","580.0"
"2024-06-02T16:00","22.1","18.0","436.0"
"2024-06-02T17:00","21.6","17.3","307.0"
"2024-06-02T18:00","20.8","15.1","171.0"
"2024-06-02T19:00","19.6","13.0","77.0"
"2024-06-02T20:00","18.3","16.5","9.0"
"2024-06-02T21:00","17.3","19.4","0.0"
"2024-06-02T22:00","16.5","19.1","0.0"
"2024-06-02T23:00","15.4","20.3","0.0"
"2024-06-03T00:00","14.2","17.5","0.0"
"2024-06-03T01:00","13.4","17.4","0.0"
"2024-06-03T02:00","12.6","18.8","0.0"
"2024-06-03T03:00","12.0","18.4","2.0"
"2024-06-03T04:00","12.2","21.0","52.0"
"2024-06-03T05:00","13.1","21.2","153.0"
"2024-06-03T06:00","14.1","20.9","262.0"
"2024-06-03T07:00","15.1","18.8","400.0"
"2024-06-03T08:00","16.1","20.4","499.0"
"2024-06-03T09:00","17.0","21.8","584.0"
"2024-06-03T10:00","17.9","22.7","576.0"
"2024-06-03T11:00","18.0","23.2","500.0"
"2024-06-03T12:00","18.0","23.9","426.0"
"2024-06-03T13:00","17.5","24.2","319.0"
"2024-06-03T14:00","17.9","24.5","311.0"
"2024-06-03T15:00","17.8","24.6","298.0"
"2024-06-03T16:00","17.8","25.0","246.0"
"2024-06-03T17:00","17.5","24.5","239.0"
"2024-06-03T18:00","17.1","22.3","119.0"
"2024-06-03T19:00","15.8","21.5","80.0"
"2024-06-03T20:00","14.4","18.4","10.0"
"2024-06-03T21:00","13.4","17.3","0.0"
"2024-06-03T22:00","12.9","16.9","0.0"
"2024-06-03T23:00","12.4","17.0","0.0"
"2024-06-04T00:00","11.8","16.0","0.0"
"2024-06-04T01:00","10.8","15.8","0.0"
"2024-06-04T02:00","10.2","15.0","0.0"
"2024-06-04T03:00","10.2","14.5","2.0"
"2024-06-04T04:00","10.9","13.6","47.0"
"2024-06-04T05:00","12.2","13.3","134.0"
"2024-06-04T06:00","13.5","12.2","259.0"
"2024-06-04T07:00","14.9","8.9","401.0"
"2024-06-04T08:00","16.0","6.5","527.0"
"2024-06-04T09:00","17.0","5.5","662.0"
"2024-06-04T10:00","17.9","9.4","733.0"
"2024-06-04T11:00","18.1","14.4","696.0"
"2024-06-04T12:00","18.0","16.3","635.0"
"2024-06-04T13:00","17.8","15.1","608.0"
"2024-06-04T14:00","17.5","14.6","347.0"
"2024-06-04T15:00","17.6","16.1","259.0"
"2024-06-04T16:00","16.8","16.2","170.0"
"2024-06-04T17:00","17.1","16.1","147.0"
"2024-06-04T18:00","16.9","15.5","139.0"
"2024-06-04T19:00","15.8","17.9","39.0"
"2024-06-04T20:00","15.1","14.4","3.0"
"2024-06-04T21:00","15.1","16.0","0.0"
"2024-06-04T22:00","15.1","18.9","0.0"
"2024-06-04T23:00","14.6","18.9","0.0"
"2024-06-05T00:00","14.4","19.7","0.0"
"2024-06-05T01:00","14.4","19.2","0.0"
"2024-06-05T02:00","14.4","19.8","0.0"
"2024-06-05T03:00","14.5","21.6","2.0"
"2024-06-05T04:00","14.9","23.1","28.0"
"2024-06-05T05:00","15.3","25.8","113.0"
"2024-06-05T06:00","15.1","29.0","103.0"
"2024-06-05T07:00","14.4","25.0","71.0"
"2024-06-05T08:00","13.6","22.5","150.0"
"2024-06-05T09:00","15.1","23.8","711.0"
"2024-06-05T10:00","15.9","23.9","718.0"
"2024-06-05T11:00","16.5","22.1","801.0"
"2024-06-05T12:00","16.8","21.6","779.0"
"2024-06-05T13:00","16.3","21.5","584.0"
"2024-06-05T14:00","16.2","22.2","598.0"
"2024-06-05T15:00","15.9","20.7","397.0"
"2024-06-05T16:00","15.6","22.1","391.0"
"2024-06-05T17:00","14.1","19.1","253.0"
"2024-06-05T18:00","13.5","17.5","185.0"
"2024-06-05T19:00","12.8","13.9","76.0"
"2024-06-05T20:00","11.6","12.0","11.0"
"2024-06-05T21:00","10.8","13.2","0.0"
"2024-06-05T22:00","10.2","14.0","0.0"
"2024-06-05T23:00","9.9","16.6","0.0"
"2024-06-06T00:00","9.7","15.8","0.0"
"2024-06-06T01:00","8.9","12.4","0.0"
"2024-06-06T02:00","8.4","11.6","0.0"
"2024-06-06T03:00","8.4","12.5","3.0"
"2024-06-06T04:00","9.2","15.0","58.0"
"2024-06-06T05:00","10.8","14.5","158.0"
"2024-06-06T06:00","12.2","22.8","307.0"
"2024-06-06T07:00","13.1","22.5","401.0"
"2024-06-06T08:00","14.1","24.5","505.0"
"2024-06-06T09:00","14.6","25.8","612.0"
"2024-06-06T10:00","15.0","24.9","610.0"
"2024-06-06T11:00","14.1","25.3","494.0"
"2024-06-06T12:00","13.6","24.4","510.0"
"2024-06-06T13:00","14.1","20.9","556.0"
"2024-06-06T14:00","12.4","22.4","377.0"
"2024-06-06T15:00","12.6","19.4","222.0"
"2024-06-06T16:00","13.7","21.3","436.0"
"2024-06-06T17:00","13.6","18.9","243.0"
"2024-06-06T18:00","12.9","16.3","85.0"
"2024-06-06T19:00","12.0","15.3","73.0"
"2024-06-06T20:00","10.9","13.2","11.0"
"2024-06-06T21:00","9.9","10.5","0.0"
"2024-06-06T22:00","9.3","9.5","0.0"
"2024-06-06T23:00","8.9","10.0","0.0"
"2024-06-07T00:00","8.9","10.0","0.0"
"2024-06-07T01:00","8.4","9.3","0.0"
"2024-06-07T02:00","8.2","8.2","0.0"
"2024-06-07T03:00","8.3","9.3","3.0"
"2024-06-07T04:00","9.1","10.6","50.0"
"2024-06-07T05:00","10.8","10.0","157.0"
"2024-06-07T06:00","12.1","12.5","285.0"
"2024-06-07T07:00","12.9","12.6","376.0"
"2024-06-07T08:00","13.6","15.6","505.0"
"2024-06-07T09:00","14.0","17.4","500.0"
"2024-06-07T10:00","14.6","18.5","623.0"
"2024-06-07T11:00","15.1","18.5","684.0"
"2024-06-07T12:00","15.8","19.4","742.0"
"2024-06-07T13:00","14.8","21.7","621.0"
"2024-06-07T14:00","13.8","17.7","354.0"
"2024-06-07T15:00","14.3","20.1","416.0"
"2024-06-07T16:00","14.1","20.6","294.0"
"2024-06-07T17:00","14.0","17.4","201.0"
"2024-06-07T18:00","13.6","21.1","179.0"
"2024-06-07T19:00","12.4","16.9","48.0"
"2024-06-07T20:00","11.2","15.6","11.0"
"2024-06-07T21:00","10.2","12.7","0.0"
"2024-06-07T22:00","10.1","13.2","0.0"
"2024-06-07T23:00","10.0","14.3","0.0"
"2024-06-08T00:00","10.1","13.7","0.0"
"2024-06-08T01:00","9.4","9.9","0.0"
"2024-06-08T02:00","9.4","12.1","0.0"
"2024-06-08T03:00","9.3","12.0","3.0"
"2024-06-08T04:00","10.2","14.0","59.0"
"2024-06-08T05:00","11.9","14.8","167.0"
"2024-06-08T06:00","13.8","17.9","284.0"
"2024-06-08T07:00","15.1","22.2","439.0"
"2024-06-08T08:00","15.8","25.6","416.0"
"2024-06-08T09:00","15.7","24.8","405.0"
"2024-06-08T10:00","15.7","22.5","261.0"
"2024-06-08T11:00","17.1","26.3","563.0"
"2024-06-08T12:00","17.4","27.1","518.0"
"2024-06-08T13:00","17.0","25.3","357.0"
"2024-06-08T14:00","15.6","24.0","332.0"
"2024-06-08T15:00","16.5","21.0","321.0"
"2024-06-08T16:00","13.6","25.9","182.0"
"2024-06-08T17:00","11.9","21.6","42.0"
"2024-06-08T18:00","11.3","17.5","24.0"
"2024-06-08T19:00","11.2","20.5","19.0"
"2024-06-08T20:00","10.8","20.0","6.0"
"2024-06-08T21:00","10.1","19.5","0.0"
"2024-06-08T22:00","9.6","20.6","0.0"
"2024-06-08T23:00","9.0","19.6","0.0"
"2024-06-09T00:00","8.4","19.0","0.0"
"2024-06-09T01:00","8.2","15.7","0.0"
"2024-06-09T02:00","7.9","16.9","0.0"
"2024-06-09T03:00","8.1","19.0","3.0"
"2024-06-09T04:00","8.8","21.4","58.0"
"2024-06-09T05:00","9.9","24.7","159.0"
"2024-06-09T06:00","11.0","25.2","309.0"
"2024-06-09T07:00","12.2","29.0","454.0"
"2024-06-09T08:00","12.6","28.7","503.0"
"2024-06-09T09:00","13.5","30.2","598.0"
"2024-06-09T10:00","13.9","33.7","676.0"
"2024-06-09T11:00","13.2","35.2","706.0"
"2024-06-09T12:00","13.8","33.4","626.0"
"2024-06-09T13:00","11.8","29.4","312.0"
"2024-06-09T14:00","12.6","30.9","315.0"
"2024-06-09T15:00","13.1","33.6","552.0"
"2024-06-09T16:00","12.8","28.3","319.0"
"2024-06-09T17:00","12.9","28.7","306.0"
"2024-06-09T18:00","12.5","23.8","196.0"
"2024-06-09T19:00","11.7","21.1","88.0"
"2024-06-09T20:00","10.8","20.8","13.0"
"2024-06-09T21:00","10.4","21.4","0.0"
"2024-06-09T22:00","9.9","21.6","0.0"
"2024-06-09T23:00","9.8","21.9","0.0"
"2024-06-10T00:00","9.6","22.6","0.0"
"2024-06-10T01:00","9.4","22.7","0.0"
"2024-06-10T02:00","9.4","22.4","0.0"
"2024-06-10T03:00","9.5","23.3","3.0"
"2024-06-10T04:00","10.2","24.3","56.0"
"2024-06-10T05:00","11.2","24.7","163.0"
"2024-06-10T06:00","12.3","29.9","313.0"
"2024-06-10T07:00","12.9","28.6","363.0"
"2024-06-10T08:00","13.7","25.9","432.0"
"2024-06-10T09:00","14.6","24.8","566.0"
"2024-06-10T10:00","15.5","24.3","686.0"
"2024-06-10T11:00","16.0","24.9","737.0"
"2024-06-10T12:00","16.2","25.6","713.0"
"2024-06-10T13:00","16.0","23.6","651.0"
"2024-06-10T14:00","15.9","22.3","558.0"
"2024-06-10T15:00","15.8","21.9","503.0"
"2024-06-10T16:00","15.4","21.1","382.0"
"2024-06-10T17:00","14.8","18.8","206.0"
"2024-06-10T18:00","14.3","16.4","141.0"
"2024-06-10T19:00","13.4","15.3","70.0"
"2024-06-10T20:00","12.6","14.5","11.0"
"2024-06-10T21:00","12.1","11.8","0.0"
"2024-06-10T22:00","11.4","9.7","0.0"
"2024-06-10T23:00","11.0","8.4","0.0"
"2024-06-11T00:00","10.6","7.1","0.0"
"2024-06-11T01:00","10.4","5.1","0.0"
"2024-06-11T02:00","10.1","5.1","0.0"
"2024-06-11T03:00","10.2","5.4","1.0"
"2024-06-11T04:00","10.4","7.1","17.0"
"2024-06-11T05:00","10.8","7.6","43.0"
"2024-06-11T06:00","11.4","10.9","93.0"
"2024-06-11T07:00","12.2","11.9","196.0"
"2024-06-11T08:00","13.1","11.7","317.0"
"2024-06-11T09:00","13.6","13.8","331.0"
"2024-06-11T10:00","14.2","14.8","423.0"
"2024-06-11T11:00","15.2","16.2","574.0"
"2024-06-11T12:00","15.6","18.6","672.0"
"2024-06-11T13:00","13.9","21.5","498.0"
"2024-06-11T14:00","13.7","21.8","311.0"
"2024-06-11T15:00","14.1","21.3","338.0"
"2024-06-11T16:00","13.9","21.3","248.0"
"2024-06-11T17:00","13.4","20.6","179.0"
"2024-06-11T18:00","13.0","17.1","89.0"
"2024-06-11T19:00","13.0","15.5","44.0"
"2024-06-11T20:00","12.9","15.6","8.0"
"2024-06-11T21:00","12.4","19.3","0.0"
"2024-06-11T22:00","11.6","19.5","0.0"
"2024-06-11T23:00","10.9","19.6","0.0"
"2024-06-12T00:00","10.1","18.4","0.0"
"2024-06-12T01:00","10.5","18.4","0.0"
"2024-06-12T02:00","10.6","20.3","0.0"
"2024-06-12T03:00","10.9","21.9","1.0"
"2024-06-12T04:00","10.9","22.9","11.0"
"2024-06-12T05:00","11.2","24.2","47.0"
"2024-06-12T06:00","11.2","25.3","92.0"
"2024-06-12T07:00","11.5","25.5","135.0"
"2024-06-12T08:00","12.6","26.7","364.0"
"2024-06-12T09:00","13.4","26.6","563.0"
"2024-06-12T10:00","13.6","25.4","555.0"
"2024-06-12T11:00","14.2","25.3","682.0"
"2024-06-12T12:00","14.2","24.5","654.0"
"2024-06-12T13:00","13.9","23.7","669.0"
"2024-06-12T14:00","14.1","19.9","491.0"
"2024-06-12T15:00","13.9","21.5","563.0"
"2024-06-12T16:00","13.6","20.6","362.0"
"2024-06-12T17:00","13.2","21.3","304.0"
"2024-06-12T18:00","12.1","18.0","171.0"
"2024-06-12T19:00","11.4","17.0","76.0"
"2024-06-12T20:00","10.4","14.5","14.0"
"2024-06-12T21:00","9.6","14.2","0.0"
"2024-06-12T22:00","9.3","14.3","0.0"
"2024-06-12T23:00","9.0","13.8","0.0"
"2024-06-13T00:00","8.6","14.3","0.0"
"2024-06-13T01:00","8.1","13.7","0.0"
"2024-06-13T02:00","7.8","14.5","0.0"
"2024-06-13T03:00","7.8","13.2","3.0"
"2024-06-13T04:00","8.6","14.3","54.0"
"2024-06-13T05:00","9.9","15.8","173.0"
"2024-06-13T06:00","10.8","16.7","302.0"
"2024-06-13T07:00","11.6","17.9","409.0"
"2024-06-13T08:00","12.4","18.8","544.0"
"2024-06-13T09:00","13.2","19.5","635.0"
"2024-06-13T10:00","13.6","19.1","580.0"
"2024-06-13T11:00","14.5","19.1","733.0"
"2024-06-13T12:00","14.6","19.2","600.0"
"2024-06-13T13:00","13.7","19.0","453.0"
"2024-06-13T14:00","12.2","19.1","440.0"
"2024-06-13T15:00","14.1","17.7","515.0"
"2024-06-13T16:00","12.5","19.6","371.0"
"2024-06-13T17:00","12.8","17.4","227.0"
"2024-06-13T18:00","12.1","13.5","163.0"
"2024-06-13T19:00","11.9","12.6","70.0"
"2024-06-13T20:00","10.9","10.5","13.0"
"2024-06-13T21:00","10.4","14.3","0.0"
"2024-06-13T22:00","10.4","11.3","0.0"
"2024-06-13T23:00","10.1","9.0","0.0"
"2024-06-14T00:00","10.0","9.2","0.0"
"2024-06-14T01:00","9.4","6.8","0.0"
"2024-06-14T02:00","9.6","7.6","0.0"
"2024-06-14T03:00","10.4","8.3","2.0"
"2024-06-14T04:00","11.2","9.4","26.0"
"2024-06-14T05:00","11.9","12.2","61.0"
"2024-06-14T06:00","12.6","17.1","114.0"
"2024-06-14T07:00","13.6","20.5","263.0"
"2024-06-14T08:00","14.4","20.9","379.0"
"2024-06-14T09:00","15.6","22.2","612.0"
"2024-06-14T10:00","16.1","23.2","667.0"
"2024-06-14T11:00","16.5","25.3","744.0"
"2024-06-14T12:00","16.4","26.8","686.0"
"2024-06-14T13:00","16.8","28.3","779.0"
"2024-06-14T14:00","16.4","27.8","704.0"
"2024-06-14T15:00","16.0","28.1","611.0"
"2024-06-14T16:00","15.9","26.8","479.0"
"2024-06-14T17:00","15.6","24.0","356.0"
"2024-06-14T18:00","15.3","19.1","219.0"
"2024-06-14T19:00","14.6","21.4","97.0"
"2024-06-14T20:00","14.2","20.0","16.0"
"2024-06-14T21:00","14.1","18.9","0.0"
"2024-06-14T22:00","13.9","20.6","0.0"
"2024-06-14T23:00","13.8","19.6","0.0"
"2024-06-15T00:00","13.6","18.4","0.0"
"2024-06-15T01:00","14.1","21.9","0.0"
"2024-06-15T02:00","13.8","21.4","0.0"
"2024-06-15T03:00","13.9","24.6","3.0"
"2024-06-15T04:00","14.3","24.0","48.0"
"2024-06-15T05:00","14.9","23.1","118.0"
"2024-06-15T06:00","15.3","24.2","185.0"
"2024-06-15T07:00","15.9","28.0","323.0"
"2024-06-15T08:00","16.0","30.7","415.0"
"2024-06-15T09:00","15.1","32.6","204.0"
"2024-06-15T10:00","14.6","32.6","165.0"
"2024-06-15T11:00","14.8","30.7","63.0"
"2024-06-15T12:00","14.9","26.5","81.0"
"2024-06-15T13:00","14.9","28.1","144.0"
"2024-06-15T14:00","15.2","20.7","155.0"
"2024-06-15T15:00","14.7","24.9","92.0"
"2024-06-15T16:00","15.6","24.0","398.0"
"2024-06-15T17:00","15.2","25.5","307.0"
"2024-06-15T18:00","14.8","24.2","220.0"
"2024-06-15T19:00","14.1","19.4","99.0"
"2024-06-15T20:00","13.4","17.3","16.0"
"2024-06-15T21:00","12.7","13.7","0.0"
"2024-06-15T22:00","11.6","9.8","0.0"
"2024-06-15T23:00","11.2","10.1","0.0"
"2024-06-16T00:00","11.4","12.0","0.0"
"2024-06-16T01:00","12.1","15.0","0.0"
"2024-06-16T02:00","12.6","17.2","0.0"
"2024-06-16T03:00","12.9","17.8","3.0"
"2024-06-16T04:00","14.1","18.7","44.0"
"2024-06-16T05:00","14.9","20.3","142.0"
"2024-06-16T06:00","15.6","19.2","202.0"
"2024-06-16T07:00","16.3","18.9","261.0"
"2024-06-16T08:00","17.3","18.9","452.0"
"2024-06-16T09:00","18.0","19.2","625.0"
"2024-06-16T10:00","18.1","20.9","764.0"
"2024-06-16T11:00","18.3","21.1","802.0"
"2024-06-16T12:00","18.9","20.5","757.0"
"2024-06-16T13:00","18.9","20.9","788.0"
"2024-06-16T14:00","19.0","18.8","718.0"
"2024-06-16T15:00","18.4","17.8","583.0"
"2024-06-16T16:00","17.8","16.2","359.0"
"2024-06-16T17:00","17.3","13.4","305.0"
"2024-06-16T18:00","16.5","14.0","199.0"
"2024-06-16T19:00","15.9","16.4","53.0"
"2024-06-16T20:00","15.6","16.0","8.0"
"2024-06-16T21:00","15.3","13.9","0.0"
"2024-06-16T22:00","15.1","15.6","0.0"
"2024-06-16T23:00","14.7","13.7","0.0"
"2024-06-17T00:00","14.3","13.4","0.0"
"2024-06-17T01:00","12.7","8.6","0.0"
"2024-06-17T02:00","12.2","7.7","0.0"
"2024-06-17T03:00","11.4","6.6","4.0"
"2024-06-17T04:00","12.7","5.4","58.0"
"2024-06-17T05:00","13.9","5.2","160.0"
"2024-06-17T06:00","15.1","6.6","262.0"
"2024-06-17T07:00","16.2","8.7","410.0"
"2024-06-17T08:00","17.0","8.7","545.0"
"2024-06-17T09:00","18.0","9.4","659.0"
"2024-06-17T10:00","18.6","11.8","652.0"
"2024-06-17T11:00","19.4","12.7","714.0"
"2024-06-17T12:00","19.0","13.0","610.0"
"2024-06-17T13:00","18.7","11.4","579.0"
"2024-06-17T14:00","19.1","13.6","685.0"
"2024-06-17T15:00","19.1","14.5","622.0"
"2024-06-17T16:00","18.7","15.9","429.0"
"2024-06-17T17:00","18.2","15.4","329.0"
"2024-06-17T18:00","17.5","11.3","191.0"
"2024-06-17T19:00","16.5","8.7","93.0"
"2024-06-17T20:00","14.8","7.7","17.0"
"2024-06-17T21:00","13.9","7.4","0.0"
"2024-06-17T22:00","13.2","7.8","0.0"
"2024-06-17T23:00","12.9","8.6","0.0"
"2024-06-18T00:00","12.8","9.4","0.0"
"2024-06-18T01:00","12.6","10.9","0.0"
"2024-06-18T02:00","12.2","9.7","0.0"
"2024-06-18T03:00","12.1","10.3","3.0"
"2024-06-18T04:00","12.8","11.6","57.0"
"2024-06-18T05:00","13.8","10.7","163.0"
"2024-06-18T06:00","14.7","13.0","312.0"
"2024-06-18T07:00","15.8","16.4","421.0"
"2024-06-18T08:00","16.5","17.0","443.0"
"2024-06-18T09:00","17.2","16.5","559.0"
"2024-06-18T10:00","17.9","17.1","635.0"
"2024-06-18T11:00","18.4","16.7","676.0"
"2024-06-18T12:00","18.6","17.9","701.0"
"2024-06-18T13:00","18.4","17.1","607.0"
"2024-06-18T14:00","18.8","17.6","613.0"
"2024-06-18T15:00","18.7","15.9","545.0"
"2024-06-18T16:00","18.1","14.9","365.0"
"2024-06-18T17:00","17.5","10.5","163.0"
"2024-06-18T18:00","17.1","6.6","95.0"
"2024-06-18T19:00","16.2","4.6","41.0"
"2024-06-18T20:00","15.1","4.7","9.0"
"2024-06-18T21:00","14.9","4.9","0.0"
"2024-06-18T22:00","14.5","7.9","0.0"
"2024-06-18T23:00","13.5","10.5","0.0"
"2024-06-19T00:00","12.8","10.2","0.0"
"2024-06-19T01:00","13.3","13.5","0.0"
"2024-06-19T02:00","11.9","11.0","0.0"
"2024-06-19T03:00","11.6","11.8","3.0"
"2024-06-19T04:00","11.8","13.5","48.0"
"2024-06-19T05:00","12.6","17.9","155.0"
"2024-06-19T06:00","13.8","19.2","277.0"
"2024-06-19T07:00","14.6","19.8","411.0"
"2024-06-19T08:00","15.6","20.2","530.0"
"2024-06-19T09:00","16.1","21.1","619.0"
"2024-06-19T10:00","16.4","22.3","567.0"
"2024-06-19T11:00","16.6","23.2","581.0"
"2024-06-19T12:00","16.9","23.7","461.0"
"2024-06-19T13:00","16.8","23.2","665.0"
"2024-06-19T14:00","16.6","26.2","569.0"
"2024-06-19T15:00","16.6","27.0","487.0"
"2024-06-19T16:00","16.5","26.4","422.0"
"2024-06-19T17:00","15.9","25.8","243.0"
"2024-06-19T18:00","15.2","22.7","163.0"
"2024-06-19T19:00","14.2","21.6","89.0"
"2024-06-19T20:00","12.9","21.1","17.0"
"2024-06-19T21:00","11.8","19.9","0.0"
"2024-06-19T22:00","11.1","19.0","0.0"
"2024-06-19T23:00","10.4","17.7","0.0"
"2024-06-20T00:00","9.9","18.4","0.0"
"2024-06-20T01:00","9.9","17.3","0.0"
"2024-06-20T02:00","9.6","18.4","0.0"
"2024-06-20T03:00","9.6","18.7","4.0"
"2024-06-20T04:00","10.4","18.4","59.0"
"2024-06-20T05:00","11.9","18.9","169.0"
"2024-06-20T06:00","13.0","20.9","307.0"
"2024-06-20T07:00","14.0","20.1","434.0"
"2024-06-20T08:00","15.1","17.4","579.0"
"2024-06-20T09:00","16.3","16.2","703.0"
"2024-06-20T10:00","17.2","16.6","788.0"
"2024-06-20T11:00","17.8","16.4","837.0"
"2024-06-20T12:00","18.2","16.5","841.0"
"2024-06-20T13:00","18.6","13.4","697.0"
"2024-06-20T14:00","18.2","14.8","515.0"
"2024-06-20T15:00","18.2","13.4","508.0"
"2024-06-20T16:00","18.0","12.5","432.0"
"2024-06-20T17:00","17.6","10.9","304.0"
"2024-06-20T18:00","17.0","9.8","195.0"
"2024-06-20T19:00","15.6","10.1","97.0"
"2024-06-20T20:00","13.7","7.6","18.0"
"2024-06-20T21:00","13.2","10.0","0.0"
"2024-06-20T22:00","13.4","8.9","0.0"
"2024-06-20T23:00","12.9","8.1","0.0"
"2024-06-21T00:00","11.9","8.3","0.0"
"2024-06-21T01:00","10.8","6.6","0.0"
"2024-06-21T02:00","10.8","5.3","0.0"
"2024-06-21T03:00","10.6","4.1","2.0"
"2024-06-21T04:00","11.6","2.3","32.0"
"2024-06-21T05:00","13.1","2.6","145.0"
"2024-06-21T06:00","14.7","3.3","308.0"
"2024-06-21T07:00","15.9","8.1","451.0"
"2024-06-21T08:00","16.8","7.0","586.0"
"2024-06-21T09:00","17.5","8.2","698.0"
"2024-06-21T10:00","18.0","9.6","767.0"
"2024-06-21T11:00","18.2","12.7","805.0"
"2024-06-21T12:00","18.3","13.7","824.0"
"2024-06-21T13:00","18.2","13.0","793.0"
"2024-06-21T14:00","17.5","11.3","412.0"
"2024-06-21T15:00","18.1","12.3","412.0"
"2024-06-21T16:00","18.5","13.7","325.0"
"2024-06-21T17:00","17.5","13.5","182.0"
"2024-06-21T18:00","17.0","14.8","116.0"
"2024-06-21T19:00","16.9","16.8","54.0"
"2024-06-21T20:00","16.5","21.1","3.0"
"2024-06-21T21:00","15.2","22.4","0.0"
"2024-06-21T22:00","15.0","19.5","0.0"
"2024-06-21T23:00","15.2","20.6","0.0"
"2024-06-22T00:00","14.9","16.6","0.0"
"2024-06-22T01:00","14.4","15.6","0.0"
"2024-06-22T02:00","14.7","15.2","0.0"
"2024-06-22T03:00","15.1","12.8","1.0"
"2024-06-22T04:00","15.5","11.2","21.0"
"2024-06-22T05:00","15.9","11.9","48.0"
"2024-06-22T06:00","16.6","12.4","102.0"
"2024-06-22T07:00","17.4","11.9","132.0"
"2024-06-22T08:00","17.8","15.1","146.0"
"2024-06-22T09:00","18.0","15.2","217.0"
"2024-06-22T10:00","18.6","15.1","349.0"
"2024-06-22T11:00","18.6","20.3","304.0"
"2024-06-22T12:00","17.1","26.5","151.0"
"2024-06-22T13:00","16.8","25.7","279.0"
"2024-06-22T14:00","16.5","24.6","219.0"
"2024-06-22T15:00","16.1","25.9","168.0"
"2024-06-22T16:00","15.6","24.7","97.0"
"2024-06-22T17:00","15.9","20.0","109.0"
"2024-06-22T18:00","15.9","18.8","57.0"
"2024-06-22T19:00","16.0","21.5","39.0"
"2024-06-22T20:00","15.7","21.8","8.0"
"2024-06-22T21:00","14.9","22.5","0.0"
"2024-06-22T22:00","14.8","23.5","0.0"
"2024-06-22T23:00","14.5","22.8","0.0"
"2024-06-23T00:00","14.2","23.1","0.0"
"2024-06-23T01:00","13.8","22.4","0.0"
"2024-06-23T02:00","13.5","19.6","0.0"
"2024-06-23T03:00","13.4","18.6","2.0"
"2024-06-23T04:00","13.7","19.0","24.0"
"2024-06-23T05:00","14.0","23.2","155.0"
"2024-06-23T06:00","14.6","25.1","258.0"
"2024-06-23T07:00","15.1","24.7","298.0"
"2024-06-23T08:00","16.0","23.8","387.0"
"2024-06-23T09:00","16.6","23.2","446.0"
"2024-06-23T10:00","17.2","23.0","527.0"
"2024-06-23T11:00","17.8","22.4","585.0"
"2024-06-23T12:00","18.7","24.1","706.0"
"2024-06-23T13:00","17.5","23.4","372.0"
"2024-06-23T14:00","18.0","23.2","398.0"
"2024-06-23T15:00","18.2","23.2","337.0"
"2024-06-23T16:00","18.6","22.0","343.0"
"2024-06-23T17:00","18.4","19.7","255.0"
"2024-06-23T18:00","18.0","14.9","185.0"
"2024-06-23T19:00","16.9","10.5","92.0"
"2024-06-23T20:00","15.9","10.8","16.0"
"2024-06-23T21:00","15.0","11.6","0.0"
"2024-06-23T22:00","14.1","11.4","0.0"
"2024-06-23T23:00","13.4","10.9","0.0"
"2024-06-24T00:00","12.9","11.3","0.0"
"2024-06-24T01:00","12.4","10.9","0.0"
"2024-06-24T02:00","12.1","10.4","0.0"
"2024-06-24T03:00","12.0","10.7","3.0"
"2024-06-24T04:00","12.6","11.6","57.0"
"2024-06-24T05:00","14.1","14.2","143.0"
"2024-06-24T06:00","15.1","12.9","244.0"
"2024-06-24T07:00","16.1","11.6","367.0"
"2024-06-24T08:00","17.0","10.1","485.0"
"2024-06-24T09:00","17.9","8.6","645.0"
"2024-06-24T10:00","18.6","7.6","750.0"
"2024-06-24T11:00","19.5","8.0","830.0"
"2024-06-24T12:00","20.0","8.1","829.0"
"2024-06-24T13:00","20.5","7.7","785.0"
"2024-06-24T14:00","20.5","7.6","686.0"
"2024-06-24T15:00","20.4","7.9","578.0"
"2024-06-24T16:00","20.0","8.4","424.0"
"2024-06-24T17:00","19.6","7.5","319.0"
"2024-06-24T18:00","19.0","6.5","201.0"
"2024-06-24T19:00","17.3","5.1","90.0"
"2024-06-24T20:00","15.2","6.1","17.0"
"2024-06-24T21:00","13.8","8.4","0.0"
"2024-06-24T22:00","13.4","7.8","0.0"
"2024-06-24T23:00","13.5","7.0","0.0"
"2024-06-25T00:00","12.4","8.0","0.0"
"2024-06-25T01:00","11.6","8.7","0.0"
"2024-06-25T02:00","11.1","8.9","0.0"
"2024-06-25T03:00","11.4","6.6","3.0"
"2024-06-25T04:00","12.9","9.1","52.0"
"2024-06-25T05:00","14.6","7.9","156.0"
"2024-06-25T06:00","15.9","8.5","302.0"
"2024-06-25T07:00","16.9","9.8","439.0"
"2024-06-25T08:00","17.7","9.9","571.0"
"2024-06-25T09:00","18.5","9.5","690.0"
"2024-06-25T10:00","19.2","10.2","779.0"
"2024-06-25T11:00","19.7","11.6","834.0"
"2024-06-25T12:00","20.0","11.0","842.0"
"2024-06-25T13:00","20.4","10.7","815.0"
"2024-06-25T14:00","20.2","13.2","744.0"
"2024-06-25T15:00","19.5","14.8","642.0"
"2024-06-25T16:00","18.9","13.2","514.0"
"2024-06-25T17:00","18.1","11.0","373.0"
"2024-06-25T18:00","17.1","9.2","232.0"
"2024-06-25T19:00","16.0","7.9","106.0"
"2024-06-25T20:00","14.6","6.6","19.0"
"2024-06-25T21:00","13.9","6.4","0.0"
"2024-06-25T22:00","13.6","7.2","0.0"
"2024-06-25T23:00","13.8","6.6","0.0"
"2024-06-26T00:00","13.9","6.6","0.0"
"2024-06-26T01:00","13.9","7.3","0.0"
"2024-06-26T02:00","13.9","8.5","0.0"
"2024-06-26T03:00","13.9","9.1","3.0"
"2024-06-26T04:00","14.8","10.5","56.0"
"2024-06-26T05:00","15.9","9.7","164.0"
"2024-06-26T06:00","17.0","11.5","298.0"
"2024-06-26T07:00","18.0","11.6","437.0"
"2024-06-26T08:00","19.1","11.1","573.0"
"2024-06-26T09:00","20.2","11.3","687.0"
"2024-06-26T10:00","20.5","13.0","773.0"
"2024-06-26T11:00","21.4","11.6","825.0"
"2024-06-26T12:00","22.1","11.3","843.0"
"2024-06-26T13:00","22.6","12.2","797.0"
"2024-06-26T14:00","22.4","12.0","709.0"
"2024-06-26T15:00","22.1","12.2","629.0"
"2024-06-26T16:00","22.0","12.5","506.0"
"2024-06-26T17:00","21.4","12.5","364.0"
"2024-06-26T18:00","20.4","12.2","225.0"
"2024-06-26T19:00","19.5","14.6","102.0"
"2024-06-26T20:00","18.8","13.1","18.0"
"2024-06-26T21:00","18.2","10.5","0.0"
"2024-06-26T22:00","17.7","9.3","0.0"
"2024-06-26T23:00","17.3","9.1","0.0"
"2024-06-27T00:00","16.9","9.0","0.0"
"2024-06-27T01:00","15.7","7.3","0.0"
"2024-06-27T02:00","15.6","8.9","0.0"
"2024-06-27T03:00","15.8","9.9","3.0"
"2024-06-27T04:00","16.7","11.2","56.0"
"2024-06-27T05:00","18.0","10.0","165.0"
"2024-06-27T06:00","19.2","10.4","275.0"
"2024-06-27T07:00","20.3","10.7","390.0"
"2024-06-27T08:00","21.4","11.3","508.0"
"2024-06-27T09:00","22.1","12.6","624.0"
"2024-06-27T10:00","22.9","15.0","757.0"
"2024-06-27T11:00","23.0","14.7","752.0"
"2024-06-27T12:00","22.7","15.9","716.0"
"2024-06-27T13:00","23.9","15.1","681.0"
"2024-06-27T14:00","24.4","17.0","679.0"
"2024-06-27T15:00","24.6","16.6","567.0"
"2024-06-27T16:00","23.0","18.4","313.0"
"2024-06-27T17:00","22.5","17.6","254.0"
"2024-06-27T18:00","21.5","17.8","116.0"
"2024-06-27T19:00","20.6","18.8","49.0"
"2024-06-27T20:00","19.6","17.2","11.0"
"2024-06-27T21:00","19.5","13.2","0.0"
"2024-06-27T22:00","19.2","11.8","0.0"
"2024-06-27T23:00","19.1","12.7","0.0"
"2024-06-28T00:00","20.0","11.5","0.0"
"2024-06-28T01:00","18.2","5.9","0.0"
"2024-06-28T02:00","17.5","4.7","0.0"
"2024-06-28T03:00","17.0","4.3","2.0"
"2024-06-28T04:00","17.8","7.3","44.0"
"2024-06-28T05:00","18.8","8.9","160.0"
"2024-06-28T06:00","20.0","7.4","294.0"
"2024-06-28T07:00","21.4","8.5","404.0"
"2024-06-28T08:00","22.4","12.5","422.0"
"2024-06-28T09:00","22.8","14.6","473.0"
"2024-06-28T10:00","22.2","17.4","473.0"
"2024-06-28T11:00","22.8","21.7","583.0"
"2024-06-28T12:00","21.8","23.2","647.0"
"2024-06-28T13:00","22.9","25.3","666.0"
"2024-06-28T14:00","22.5","27.9","665.0"
"2024-06-28T15:00","21.5","29.2","565.0"
"2024-06-28T16:00","20.5","29.9","470.0"
"2024-06-28T17:00","19.8","26.0","343.0"
"2024-06-28T18:00","18.9","24.1","221.0"
"2024-06-28T19:00","17.5","18.8","102.0"
"2024-06-28T20:00","16.5","17.5","18.0"
"2024-06-28T21:00","15.8","19.5","0.0"
"2024-06-28T22:00","15.4","21.1","0.0"
"2024-06-28T23:00","14.9","20.6","0.0"
"2024-06-29T00:00","14.4","17.9","0.0"
"2024-06-29T01:00","14.1","15.1","0.0"
"2024-06-29T02:00","13.6","14.7","0.0"
"2024-06-29T03:00","13.4","13.9","2.0"
"2024-06-29T04:00","14.1","14.8","54.0"
"2024-06-29T05:00","15.1","14.8","155.0"
"2024-06-29T06:00","16.2","17.8","266.0"
"2024-06-29T07:00","17.2","17.9","376.0"
"2024-06-29T08:00","18.0","17.4","434.0"
"2024-06-29T09:00","18.5","17.8","536.0"
"2024-06-29T10:00","18.6","18.6","458.0"
"2024-06-29T11:00","19.3","16.1","587.0"
"2024-06-29T12:00","19.5","14.7","498.0"
"2024-06-29T13:00","20.2","14.6","520.0"
"2024-06-29T14:00","20.4","12.6","426.0"
"2024-06-29T15:00","20.8","11.6","514.0"
"2024-06-29T16:00","20.7","12.6","469.0"
"2024-06-29T17:00","19.1","15.5","346.0"
"2024-06-29T18:00","17.8","15.2","209.0"
"2024-06-29T19:00","16.8","12.3","100.0"
"2024-06-29T20:00","15.8","8.4","18.0"
"2024-06-29T21:00","15.1","7.6","0.0"
"2024-06-29T22:00","15.0","8.4","0.0"
"2024-06-29T23:00","15.4","11.7","0.0"
"2024-06-30T00:00","15.1","11.6","0.0"
"2024-06-30T01:00","14.9","14.5","0.0"
"2024-06-30T02:00","15.5","13.6","0.0"
"2024-06-30T03:00","15.8","16.8","1.0"
"2024-06-30T04:00","16.0","21.3","15.0"
"2024-06-30T05:00","16.0","23.0","25.0"
"2024-06-30T06:00","15.8","19.1","33.0"
"2024-06-30T07:00","16.1","24.6","46.0"
"2024-06-30T08:00","16.2","17.8","84.0"
"2024-06-30T09:00","16.3","17.2","80.0"
"2024-06-30T10:00","16.1","19.5","114.0"
"2024-06-30T11:00","16.0","22.9","99.0"
"2024-06-30T12:00","18.0","26.7","573.0"
"2024-06-30T13:00","16.4","23.0","164.0"
"2024-06-30T14:00","16.3","25.0","125.0"
"2024-06-30T15:00","16.5","23.0","140.0"
"2024-06-30T16:00","16.5","24.2","176.0"
"2024-06-30T17:00","16.9","24.2","256.0"
"2024-06-30T18:00","16.6","20.9","171.0"
"2024-06-30T19:00","15.8","16.3","76.0"
"2024-06-30T20:00","14.6","15.6","17.0"
"2024-06-30T21:00","14.4","15.9","0.0"
"2024-06-30T22:00","14.0","15.0","0.0"
"2024-06-30T23:00","13.6","13.4","0.0"
"2024-07-01T00:00","13.1","12.9","0.0"
"2024-07-01T01:00","13.1","10.5","0.0"
"2024-07-01T02:00","13.0","10.8","0.0"
"2024-07-01T03:00","12.2","10.2","2.0"
"2024-07-01T04:00","12.8","10.6","50.0"
"2024-07-01T05:00","13.8","9.8","155.0"
"2024-07-01T06:00","14.9","12.7","283.0"
"2024-07-01T07:00","15.9","13.0","427.0"
"2024-07-01T08:00","16.9","14.1","562.0"
"2024-07-01T09:00","17.8","14.6","643.0"
"2024-07-01T10:00","18.2","15.3","609.0"
"2024-07-01T11:00","18.5","16.0","554.0"
"2024-07-01T12:00","18.6","16.6","569.0"
"2024-07-01T13:00","18.5","14.3","505.0"
"2024-07-01T14:00","18.0","15.3","338.0"
"2024-07-01T15:00","17.8","15.2","398.0"
"2024-07-01T16:00","17.4","14.1","334.0"
"2024-07-01T17:00","17.2","15.5","303.0"
"2024-07-01T18:00","16.3","15.2","171.0"
"2024-07-01T19:00","15.6","13.0","95.0"
"2024-07-01T20:00","14.6","13.8","16.0"
"2024-07-01T21:00","13.6","13.3","0.0"
"2024-07-01T22:00","13.2","13.3","0.0"
"2024-07-01T23:00","13.1","14.4","0.0"
"2024-07-02T00:00","13.1","15.5","0.0"
"2024-07-02T01:00","12.2","14.0","0.0"
"2024-07-02T02:00","11.6","14.4","0.0"
"2024-07-02T03:00","11.2","14.1","2.0"
"2024-07-02T04:00","11.9","14.6","49.0"
"2024-07-02T05:00","13.3","16.3","92.0"
"2024-07-02T06:00","13.7","15.7","84.0"
"2024-07-02T07:00","14.4","19.1","167.0"
"2024-07-02T08:00","14.7","18.7","164.0"
"2024-07-02T09:00","15.2","20.2","225.0"
"2024-07-02T10:00","16.1","20.5","273.0"
"2024-07-02T11:00","16.4","22.0","277.0"
"2024-07-02T12:00","16.9","22.8","310.0"
"2024-07-02T13:00","16.8","23.0","260.0"
"2024-07-02T14:00","16.7","25.0","232.0"
"2024-07-02T15:00","17.1","24.3","269.0"
"2024-07-02T16:00","16.6","23.8","203.0"
"2024-07-02T17:00","16.0","23.8","123.0"
"2024-07-02T18:00","15.5","20.6","60.0"
"2024-07-02T19:00","14.9","19.1","48.0"
"2024-07-02T20:00","14.2","19.6","9.0"
"2024-07-02T21:00","13.9","21.1","0.0"
"2024-07-02T22:00","13.6","21.3","0.0"
"2024-07-02T23:00","13.2","21.3","0.0"
"2024-07-03T00:00","12.5","19.8","0.0"
"2024-07-03T01:00","12.7","20.9","0.0"
"2024-07-03T02:00","12.2","21.3","0.0"
"2024-07-03T03:00","11.9","20.9","2.0"
"2024-07-03T04:00","12.2","20.9","48.0"
"2024-07-03T05:00","12.9","20.5","114.0"
"2024-07-03T06:00","14.0","25.0","242.0"
"2024-07-03T07:00","14.6","23.8","364.0"
"2024-07-03T08:00","15.3","24.5","519.0"
"2024-07-03T09:00","15.8","24.1","567.0"
"2024-07-03T10:00","16.5","25.0","596.0"
"2024-07-03T11:00","16.8","24.2","510.0"
"2024-07-03T12:00","17.1","23.0","506.0"
"2024-07-03T13:00","17.9","18.8","688.0"
"2024-07-03T14:00","18.2","16.2","542.0"
"2024-07-03T15:00","18.2","17.3","451.0"
"2024-07-03T16:00","17.4","20.0","274.0"
"2024-07-03T17:00","16.5","21.0","257.0"
"2024-07-03T18:00","16.0","18.6","195.0"
"2024-07-03T19:00","14.9","17.1","87.0"
"2024-07-03T20:00","14.0","15.5","10.0"
"2024-07-03T21:00","13.4","17.0","0.0"
"2024-07-03T22:00","13.4","19.7","0.0"
"2024-07-03T23:00","13.1","19.4","0.0"
"2024-07-04T00:00","12.8","19.6","0.0"
"2024-07-04T01:00","12.4","16.1","0.0"
"2024-07-04T02:00","12.1","13.3","0.0"
"2024-07-04T03:00","12.2","14.2","1.0"
"2024-07-04T04:00","12.4","16.2","35.0"
"2024-07-04T05:00","12.9","17.9","78.0"
"2024-07-04T06:00","13.7","20.3","165.0"
"2024-07-04T07:00","14.9","24.3","298.0"
"2024-07-04T08:00","15.1","27.1","309.0"
"2024-07-04T09:00","15.7","32.1","432.0"
"2024-07-04T10:00","15.1","30.0","259.0"
"2024-07-04T11:00","13.9","31.3","97.0"
"2024-07-04T12:00","14.8","19.0","92.0"
"2024-07-04T13:00","16.6","26.0","707.0"
"2024-07-04T14:00","17.4","28.8","688.0"
"2024-07-04T15:00","16.8","31.0","586.0"
"2024-07-04T16:00","15.9","29.5","461.0"
"2024-07-04T17:00","14.3","27.6","291.0"
"2024-07-04T18:00","13.2","21.8","182.0"
"2024-07-04T19:00","12.6","22.9","85.0"
"2024-07-04T20:00","11.9","22.2","16.0"
"2024-07-04T21:00","11.4","22.2","0.0"
"2024-07-04T22:00","11.3","21.4","0.0"
"2024-07-04T23:00","11.3","21.3","0.0"
"2024-07-05T00:00","11.4","21.3","0.0"
"2024-07-05T01:00","10.9","21.1","0.0"
"2024-07-05T02:00","10.9","22.2","0.0"
"2024-07-05T03:00","10.9","21.7","1.0"
"2024-07-05T04:00","11.4","24.2","44.0"
"2024-07-05T05:00","12.4","23.9","148.0"
"2024-07-05T06:00","13.8","26.0","286.0"
"2024-07-05T07:00","14.0","32.1","410.0"
"2024-07-05T08:00","15.6","32.1","553.0"
"2024-07-05T09:00","16.0","31.7","509.0"
"2024-07-05T10:00","16.1","30.8","602.0"
"2024-07-05T11:00","15.9","33.6","737.0"
"2024-07-05T12:00","17.5","27.8","689.0"
"2024-07-05T13:00","15.9","29.0","517.0"
"2024-07-05T14:00","17.9","29.0","631.0"
"2024-07-05T15:00","16.4","25.4","457.0"
"2024-07-05T16:00","16.2","29.0","343.0"
"2024-07-05T17:00","16.0","27.4","270.0"
"2024-07-05T18:00","15.6","25.0","173.0"
"2024-07-05T19:00","14.9","22.4","98.0"
"2024-07-05T20:00","14.1","21.3","16.0"
"2024-07-05T21:00","13.4","18.8","0.0"
"2024-07-05T22:00","12.9","18.4","0.0"
"2024-07-05T23:00","12.4","15.5","0.0"
"2024-07-06T00:00","11.8","13.8","0.0"
"2024-07-06T01:00","11.9","10.9","0.0"
"2024-07-06T02:00","13.1","7.8","0.0"
"2024-07-06T03:00","13.5","8.8","0.0"
"2024-07-06T04:00","14.2","11.9","14.0"
"2024-07-06T05:00","15.6","18.9","140.0"
"2024-07-06T06:00","16.0","19.2","178.0"
"2024-07-06T07:00","16.0","18.5","119.0"
"2024-07-06T08:00","17.2","21.6","257.0"
"2024-07-06T09:00","17.8","22.4","289.0"
"2024-07-06T10:00","20.1","26.7","512.0"
"2024-07-06T11:00","22.4","29.7","627.0"
"2024-07-06T12:00","23.2","28.4","669.0"
"2024-07-06T13:00","24.1","29.7","617.0"
"2024-07-06T14:00","24.1","27.8","553.0"
"2024-07-06T15:00","22.0","20.3","452.0"
"2024-07-06T16:00","18.5","19.2","156.0"
"2024-07-06T17:00","18.1","13.8","106.0"
"2024-07-06T18:00","18.5","25.6","127.0"
"2024-07-06T19:00","17.1","17.6","28.0"
"2024-07-06T20:00","17.1","27.9","8.0"
"2024-07-06T21:00","15.4","32.5","0.0"
"2024-07-06T22:00","14.4","32.3","0.0"
"2024-07-06T23:00","13.9","31.8","0.0"
"2024-07-07T00:00","13.5","30.8","0.0"
"2024-07-07T01:00","13.0","26.8","0.0"
"2024-07-07T02:00","13.1","25.3","0.0"
"2024-07-07T03:00","12.9","24.9","1.0"
"2024-07-07T04:00","13.2","26.0","45.0"
"2024-07-07T05:00","14.1","25.3","151.0"
"2024-07-07T06:00","15.2","29.4","281.0"
"2024-07-07T07:00","15.9","30.3","412.0"
"2024-07-07T08:00","16.7","33.3","557.0"
"2024-07-07T09:00","17.4","33.0","598.0"
"2024-07-07T10:00","18.0","30.8","699.0"
"2024-07-07T11:00","17.4","30.6","635.0"
"2024-07-07T12:00","17.9","26.6","617.0"
"2024-07-07T13:00","16.9","29.1","605.0"
"2024-07-07T14:00","17.8","28.9","611.0"
"2024-07-07T15:00","17.8","26.2","595.0"
"2024-07-07T16:00","17.6","22.8","480.0"
"2024-07-07T17:00","17.3","19.5","351.0"
"2024-07-07T18:00","16.9","14.6","202.0"
"2024-07-07T19:00","16.0","11.8","67.0"
"2024-07-07T20:00","15.4","10.5","9.0"
"2024-07-07T21:00","14.8","9.8","0.0"
"2024-07-07T22:00","14.1","9.1","0.0"
"2024-07-07T23:00","13.8","8.9","0.0"
"2024-07-08T00:00","13.4","9.2","0.0"
"2024-07-08T01:00","13.1","8.6","0.0"
"2024-07-08T02:00","13.8","10.0","0.0"
"2024-07-08T03:00","13.9","5.4","0.0"
"2024-07-08T04:00","14.0","3.7","22.0"
"2024-07-08T05:00","14.8","6.5","82.0"
"2024-07-08T06:00","15.6","11.5","186.0"
"2024-07-08T07:00","16.1","11.5","194.0"
"2024-07-08T08:00","18.0","18.9","522.0"
"2024-07-08T09:00","18.4","22.3","654.0"
"2024-07-08T10:00","18.2","20.1","475.0"
"2024-07-08T11:00","19.4","21.3","748.0"
"2024-07-08T12:00","19.5","23.7","799.0"
"2024-07-08T13:00","19.2","22.9","712.0"
"2024-07-08T14:00","19.4","22.9","612.0"
"2024-07-08T15:00","19.0","22.5","543.0"
"2024-07-08T16:00","18.8","18.1","433.0"
"2024-07-08T17:00","18.5","15.9","343.0"
"2024-07-08T18:00","17.9","12.2","215.0"
"2024-07-08T19:00","16.5","7.0","94.0"
"2024-07-08T20:00","13.8","7.7","14.0"
"2024-07-08T21:00","12.5","8.0","0.0"
"2024-07-08T22:00","11.8","7.4","0.0"
"2024-07-08T23:00","11.4","6.2","0.0"
"2024-07-09T00:00","11.8","4.4","0.0"
"2024-07-09T01:00","11.0","4.0","0.0"
"2024-07-09T02:00","12.4","1.1","0.0"
"2024-07-09T03:00","12.4","2.2","1.0"
"2024-07-09T04:00","12.3","3.6","42.0"
"2024-07-09T05:00","14.1","5.2","144.0"
"2024-07-09T06:00","16.0","7.1","259.0"
"2024-07-09T07:00","17.2","9.7","342.0"
"2024-07-09T08:00","17.4","11.6","287.0"
"2024-07-09T09:00","17.9","13.0","357.0"
"2024-07-09T10:00","18.6","13.5","423.0"
"2024-07-09T11:00","18.1","13.4","244.0"
"2024-07-09T12:00","17.6","15.6","220.0"
"2024-07-09T13:00","18.8","16.7","292.0"
"2024-07-09T14:00","18.8","17.4","204.0"
"2024-07-09T15:00","19.3","19.9","204.0"
"2024-07-09T16:00","20.1","20.7","320.0"
"2024-07-09T17:00","19.8","18.8","235.0"
"2024-07-09T18:00","19.2","20.2","187.0"
"2024-07-09T19:00","18.5","20.0","65.0"
"2024-07-09T20:00","17.9","20.5","9.0"
"2024-07-09T21:00","17.8","21.5","0.0"
"2024-07-09T22:00","17.9","24.8","0.0"
"2024-07-09T23:00","18.0","28.8","0.0"
"2024-07-10T00:00","18.3","30.6","0.0"
"2024-07-10T01:00","18.2","28.5","0.0"
"2024-07-10T02:00","18.2","26.7","0.0"
"2024-07-10T03:00","18.2","24.5","0.0"
"2024-07-10T04:00","18.6","19.2","27.0"
"2024-07-10T05:00","19.0","17.1","96.0"
"2024-07-10T06:00","19.5","19.7","162.0"
"2024-07-10T07:00","20.2","19.9","272.0"
"2024-07-10T08:00","20.2","16.2","293.0"
"2024-07-10T09:00","20.8","20.0","485.0"
"2024-07-10T10:00","22.4","13.9","699.0"
"2024-07-10T11:00","24.6","12.6","767.0"
"2024-07-10T12:00","24.0","14.2","541.0"
"2024-07-10T13:00","22.8","4.0","344.0"
"2024-07-10T14:00","21.9","3.6","227.0"
"2024-07-10T15:00","21.9","12.7","255.0"
"2024-07-10T16:00","21.8","17.0","343.0"
"2024-07-10T17:00","21.7","13.6","294.0"
"2024-07-10T18:00","21.2","8.3","187.0"
"2024-07-10T19:00","20.0","4.2","60.0"
"2024-07-10T20:00","18.1","6.2","12.0"
"2024-07-10T21:00","17.7","7.2","0.0"
"2024-07-10T22:00","16.9","5.6","0.0"
"2024-07-10T23:00","16.6","6.2","0.0"
"2024-07-11T00:00","15.6","7.5","0.0"
"2024-07-11T01:00","15.4","6.5","0.0"
"2024-07-11T02:00","14.8","6.5","0.0"
"2024-07-11T03:00","14.6","6.8","0.0"
"2024-07-11T04:00","16.3","8.0","31.0"
"2024-07-11T05:00","17.4","7.6","98.0"
"2024-07-11T06:00","18.0","11.5","107.0"
"2024-07-11T07:00","18.6","7.2","190.0"
"2024-07-11T08:00","18.9","11.5","250.0"
"2024-07-11T09:00","19.8","10.0","454.0"
"2024-07-11T10:00","20.2","9.7","472.0"
"2024-07-11T11:00","20.9","9.0","512.0"
"2024-07-11T12:00","22.2","11.9","720.0"
"2024-07-11T13:00","20.4","11.5","336.0"
"2024-07-11T14:00","21.1","14.5","393.0"
"2024-07-11T15:00","21.2","16.4","426.0"
"2024-07-11T16:00","21.0","17.6","442.0"
"2024-07-11T17:00","20.5","15.0","330.0"
"2024-07-11T18:00","19.9","10.4","203.0"
"2024-07-11T19:00","18.6","5.9","86.0"
"2024-07-11T20:00","16.5","7.1","11.0"
"2024-07-11T21:00","15.6","5.9","0.0"
"2024-07-11T22:00","15.4","7.0","0.0"
"2024-07-11T23:00","14.9","7.1","0.0"
"2024-07-12T00:00","14.3","7.1","0.0"
"2024-07-12T01:00","14.1","7.6","0.0"
"2024-07-12T02:00","13.8","7.7","0.0"
"2024-07-12T03:00","13.4","7.2","0.0"
"2024-07-12T04:00","14.4","7.6","30.0"
"2024-07-12T05:00","15.1","4.1","84.0"
"2024-07-12T06:00","16.5","3.3","201.0"
"2024-07-12T07:00","17.7","1.6","325.0"
"2024-07-12T08:00","18.9","5.5","525.0"
"2024-07-12T09:00","19.5","9.3","621.0"
"2024-07-12T10:00","19.8","11.5","621.0"
"2024-07-12T11:00","19.9","12.4","623.0"
"2024-07-12T12:00","20.0","14.6","592.0"
"2024-07-12T13:00","20.5","13.4","672.0"
"2024-07-12T14:00","20.5","13.7","635.0"
"2024-07-12T15:00","20.3","15.5","475.0"
"2024-07-12T16:00","20.6","18.0","392.0"
"2024-07-12T17:00","20.5","17.6","300.0"
"2024-07-12T18:00","20.2","18.1","124.0"
"2024-07-12T19:00","19.2","20.5","49.0"
"2024-07-12T20:00","19.0","23.6","4.0"
"2024-07-12T21:00","18.5","23.0","0.0"
"2024-07-12T22:00","18.2","24.3","0.0"
"2024-07-12T23:00","17.4","26.5","0.0"
"2024-07-13T00:00","16.5","22.3","0.0"
"2024-07-13T01:00","17.8","24.5","0.0"
"2024-07-13T02:00","17.7","25.2","0.0"
"2024-07-13T03:00","17.5","22.0","0.0"
"2024-07-13T04:00","16.7","18.8","13.0"
"2024-07-13T05:00","17.1","21.7","56.0"
"2024-07-13T06:00","17.0","24.4","29.0"
"2024-07-13T07:00","17.1","24.0","83.0"
"2024-07-13T08:00","17.0","22.9","80.0"
"2024-07-13T09:00","16.9","19.9","61.0"
"2024-07-13T10:00","16.6","11.5","46.0"
"2024-07-13T11:00","16.7","7.4","79.0"
"2024-07-13T12:00","16.6","8.4","96.0"
"2024-07-13T13:00","16.4","9.3","112.0"
"2024-07-13T14:00","16.2","10.5","97.0"
"2024-07-13T15:00","16.0","11.6","108.0"
"2024-07-13T16:00","16.4","9.4","82.0"
"2024-07-13T17:00","17.0","10.0","131.0"
"2024-07-13T18:00","17.0","10.5","141.0"
"2024-07-13T19:00","16.3","10.5","76.0"
"2024-07-13T20:00","15.2","7.2","9.0"
"2024-07-13T21:00","14.7","8.2","0.0"
"2024-07-13T22:00","14.1","9.7","0.0"
"2024-07-13T23:00","13.9","11.4","0.0"
"2024-07-14T00:00","13.9","13.5","0.0"
"2024-07-14T01:00","14.3","14.3","0.0"
"2024-07-14T02:00","14.2","14.3","0.0"
"2024-07-14T03:00","14.1","14.5","0.0"
"2024-07-14T04:00","14.4","15.8","28.0"
"2024-07-14T05:00","15.3","18.1","100.0"
"2024-07-14T06:00","16.1","19.6","216.0"
"2024-07-14T07:00","16.8","22.4","346.0"
"2024-07-14T08:00","17.2","21.7","426.0"
"2024-07-14T09:00","18.1","22.7","585.0"
"2024-07-14T10:00","18.6","23.2","611.0"
"2024-07-14T11:00","18.9","23.2","614.0"
"2024-07-14T12:00","19.4","22.7","739.0"
"2024-07-14T13:00","19.4","20.2","704.0"
"2024-07-14T14:00","19.5","18.4","669.0"
"2024-07-14T15:00","19.5","18.8","483.0"
"2024-07-14T16:00","19.4","18.6","432.0"
"2024-07-14T17:00","19.0","17.3","311.0"
"2024-07-14T18:00","18.2","12.7","175.0"
"2024-07-14T19:00","17.0","11.9","83.0"
"2024-07-14T20:00","16.0","14.6","10.0"
"2024-07-14T21:00","16.2","16.9","0.0"
"2024-07-14T22:00","16.2","17.7","0.0"
"2024-07-14T23:00","15.9","19.1","0.0"
"2024-07-15T00:00","16.4","18.4","0.0"
"2024-07-15T01:00","15.9","19.6","0.0"
"2024-07-15T02:00","16.2","18.6","0.0"
"2024-07-15T03:00","16.2","18.5","0.0"
"2024-07-15T04:00","16.2","16.3","9.0"
"2024-07-15T05:00","16.2","13.3","30.0"
"2024-07-15T06:00","17.5","19.0","139.0"
"2024-07-15T07:00","18.3","21.4","327.0"
"2024-07-15T08:00","18.8","23.4","370.0"
"2024-07-15T09:00","19.3","26.1","484.0"
"2024-07-15T10:00","19.8","26.8","595.0"
"2024-07-15T11:00","19.7","26.0","690.0"
"2024-07-15T12:00","19.1","22.0","445.0"
"2024-07-15T13:00","19.2","22.7","443.0"
"2024-07-15T14:00","19.7","23.1","404.0"
"2024-07-15T15:00","19.9","20.2","439.0"
"2024-07-15T16:00","19.7","19.4","394.0"
"2024-07-15T17:00","19.4","15.1","276.0"
"2024-07-15T18:00","19.0","12.1","189.0"
"2024-07-15T19:00","17.8","6.6","77.0"
"2024-07-15T20:00","15.3","8.2","9.0"
"2024-07-15T21:00","15.6","6.5","0.0"
"2024-07-15T22:00","16.5","3.6","0.0"
"2024-07-15T23:00","14.9","8.5","0.0"
"2024-07-16T00:00","14.1","6.9","0.0"
"2024-07-16T01:00","14.6","8.4","0.0"
"2024-07-16T02:00","14.9","8.9","0.0"
"2024-07-16T03:00","15.1","9.8","0.0"
"2024-07-16T04:00","15.9","10.7","21.0"
"2024-07-16T05:00","16.6","12.6","82.0"
"2024-07-16T06:00","16.2","11.7","26.0"
"2024-07-16T07:00","17.1","11.8","109.0"
"2024-07-16T08:00","17.3","12.7","95.0"
"2024-07-16T09:00","17.5","14.0","81.0"
"2024-07-16T10:00","17.9","9.3","99.0"
"2024-07-16T11:00","18.5","13.0","160.0"
"2024-07-16T12:00","19.1","15.8","485.0"
"2024-07-16T13:00","17.8","15.5","145.0"
"2024-07-16T14:00","18.8","11.2","367.0"
"2024-07-16T15:00","19.4","9.4","495.0"
"2024-07-16T16:00","19.2","5.5","343.0"
"2024-07-16T17:00","19.0","5.7","215.0"
"2024-07-16T18:00","18.7","2.9","84.0"
"2024-07-16T19:00","17.8","3.6","62.0"
"2024-07-16T20:00","16.7","7.0","8.0"
"2024-07-16T21:00","16.5","8.8","0.0"
"2024-07-16T22:00","16.0","10.2","0.0"
"2024-07-16T23:00","15.6","8.7","0.0"
"2024-07-17T00:00","15.4","7.2","0.0"
"2024-07-17T01:00","15.6","11.2","0.0"
"2024-07-17T02:00","14.9","10.5","0.0"
"2024-07-17T03:00","14.8","10.7","0.0"
"2024-07-17T04:00","15.1","11.0","27.0"
"2024-07-17T05:00","16.2","11.2","103.0"
"2024-07-17T06:00","17.5","14.5","231.0"
"2024-07-17T07:00","17.5","18.6","355.0"
"2024-07-17T08:00","17.6","14.9","269.0"
"2024-07-17T09:00","19.1","15.3","546.0"
"2024-07-17T10:00","17.9","15.5","312.0"
"2024-07-17T11:00","18.9","12.0","469.0"
"2024-07-17T12:00","20.6","15.0","668.0"
"2024-07-17T13:00","20.5","15.1","570.0"
"2024-07-17T14:00","20.9","18.1","558.0"
"2024-07-17T15:00","21.0","17.9","535.0"
"2024-07-17T16:00","20.6","18.9","397.0"
"2024-07-17T17:00","19.1","20.1","205.0"
"2024-07-17T18:00","18.9","18.1","168.0"
"2024-07-17T19:00","18.1","16.6","64.0"
"2024-07-17T20:00","17.2","16.0","7.0"
"2024-07-17T21:00","16.6","16.0","0.0"
"2024-07-17T22:00","16.1","17.4","0.0"
"2024-07-17T23:00","15.8","20.7","0.0"
"2024-07-18T00:00","14.8","18.5","0.0"
"2024-07-18T01:00","14.4","19.2","0.0"
"2024-07-18T02:00","13.9","19.9","0.0"
"2024-07-18T03:00","13.7","19.9","0.0"
"2024-07-18T04:00","13.9","19.7","28.0"
"2024-07-18T05:00","14.9","21.6","124.0"
"2024-07-18T06:00","15.9","23.1","256.0"
"2024-07-18T07:00","17.0","20.5","388.0"
"2024-07-18T08:00","18.1","21.8","530.0"
"2024-07-18T09:00","19.0","24.0","631.0"
"2024-07-18T10:00","18.9","22.3","454.0"
"2024-07-18T11:00","19.1","20.5","400.0"
"2024-07-18T12:00","20.1","19.1","595.0"
"2024-07-18T13:00","19.5","19.1","453.0"
"2024-07-18T14:00","19.6","19.1","395.0"
"2024-07-18T15:00","19.8","19.1","352.0"
"2024-07-18T16:00","19.5","18.1","249.0"
"2024-07-18T17:00","19.2","15.5","202.0"
"2024-07-18T18:00","18.8","11.9","156.0"
"2024-07-18T19:00","17.3","6.9","78.0"
"2024-07-18T20:00","15.8","7.2","7.0"
"2024-07-18T21:00","15.2","8.4","0.0"
"2024-07-18T22:00","14.7","9.4","0.0"
"2024-07-18T23:00","14.0","8.4","0.0"
"2024-07-19T00:00","13.2","6.9","0.0"
"2024-07-19T01:00","12.7","8.7","0.0"
"2024-07-19T02:00","12.2","8.3","0.0"
"2024-07-19T03:00","11.8","7.6","0.0"
"2024-07-19T04:00","12.4","8.6","28.0"
"2024-07-19T05:00","14.1","9.8","127.0"
"2024-07-19T06:00","15.8","8.3","259.0"
"2024-07-19T07:00","17.4","8.8","401.0"
"2024-07-19T08:00","18.8","9.0","536.0"
"2024-07-19T09:00","20.0","8.7","643.0"
"2024-07-19T10:00","20.8","8.0","727.0"
"2024-07-19T11:00","21.5","8.2","775.0"
"2024-07-19T12:00","22.0","8.3","797.0"
"2024-07-19T13:00","22.3","8.5","776.0"
"2024-07-19T14:00","22.5","8.7","707.0"
"2024-07-19T15:00","22.3","7.3","605.0"
"2024-07-19T16:00","21.9","5.5","467.0"
"2024-07-19T17:00","21.2","3.3","335.0"
"2024-07-19T18:00","20.0","3.1","196.0"
"2024-07-19T19:00","17.9","4.9","77.0"
"2024-07-19T20:00","15.9","7.3","7.0"
"2024-07-19T21:00","14.9","8.2","0.0"
"2024-07-19T22:00","15.7","6.7","0.0"
"2024-07-19T23:00","15.3","6.0","0.0"
"2024-07-20T00:00","14.1","6.5","0.0"
"2024-07-20T01:00","14.1","5.2","0.0"
"2024-07-20T02:00","15.0","3.9","0.0"
"2024-07-20T03:00","14.8","1.8","0.0"
"2024-07-20T04:00","13.6","5.1","26.0"
"2024-07-20T05:00","15.6","4.8","122.0"
"2024-07-20T06:00","17.2","3.3","255.0"
"2024-07-20T07:00","18.5","5.0","397.0"
"2024-07-20T08:00","19.4","7.0","531.0"
"2024-07-20T09:00","20.1","8.3","648.0"
"2024-07-20T10:00","20.6","9.2","736.0"
"2024-07-20T11:00","21.1","8.6","789.0"
"2024-07-20T12:00","21.6","7.8","802.0"
"2024-07-20T13:00","22.5","6.6","777.0"
"2024-07-20T14:00","22.5","6.6","709.0"
"2024-07-20T15:00","22.5","6.9","608.0"
"2024-07-20T16:00","22.0","7.2","481.0"
"2024-07-20T17:00","21.4","7.1","340.0"
"2024-07-20T18:00","20.2","5.7","199.0"
"2024-07-20T19:00","18.0","7.6","77.0"
"2024-07-20T20:00","16.5","9.4","6.0"
"2024-07-20T21:00","15.7","9.3","0.0"
"2024-07-20T22:00","15.0","9.7","0.0"
"2024-07-20T23:00","14.9","9.7","0.0"
"2024-07-21T00:00","15.1","8.9","0.0"
"2024-07-21T01:00","15.1","8.0","0.0"
"2024-07-21T02:00","14.9","7.7","0.0"
"2024-07-21T03:00","14.9","7.4","0.0"
"2024-07-21T04:00","16.4","9.5","25.0"
"2024-07-21T05:00","17.8","13.7","122.0"
"2024-07-21T06:00","18.6","13.2","256.0"
"2024-07-21T07:00","19.4","15.6","399.0"
"2024-07-21T08:00","20.0","17.0","535.0"
"2024-07-21T09:00","20.6","18.1","650.0"
"2024-07-21T10:00","21.1","19.8","737.0"
"2024-07-21T11:00","21.5","20.6","789.0"
"2024-07-21T12:00","21.9","19.5","800.0"
"2024-07-21T13:00","22.4","20.5","765.0"
"2024-07-21T14:00","22.2","19.9","686.0"
"2024-07-21T15:00","21.6","19.4","539.0"
"2024-07-21T16:00","21.0","18.6","351.0"
"2024-07-21T17:00","20.7","18.2","269.0"
"2024-07-21T18:00","20.1","17.2","141.0"
"2024-07-21T19:00","19.5","16.9","53.0"
"2024-07-21T20:00","19.0","15.6","5.0"
"2024-07-21T21:00","18.9","15.5","0.0"
"2024-07-21T22:00","18.5","16.3","0.0"
"2024-07-21T23:00","18.5","11.8","0.0"
"2024-07-22T00:00","18.0","7.4","0.0"
"2024-07-22T01:00","18.1","10.9","0.0"
"2024-07-22T02:00","18.2","14.0","0.0"
"2024-07-22T03:00","17.9","14.2","0.0"
"2024-07-22T04:00","18.2","15.7","18.0"
"2024-07-22T05:00","18.9","15.9","97.0"
"2024-07-22T06:00","19.7","8.9","174.0"
"2024-07-22T07:00","20.5","11.3","171.0"
"2024-07-22T08:00","20.5","8.0","173.0"
"2024-07-22T09:00","20.0","6.3","109.0"
"2024-07-22T10:00","20.2","7.6","143.0"
"2024-07-22T11:00","19.6","13.9","149.0"
"2024-07-22T12:00","19.5","21.1","158.0"
"2024-07-22T13:00","18.6","23.5","152.0"
"2024-07-22T14:00","19.1","22.4","198.0"
"2024-07-22T15:00","19.0","25.5","191.0"
"2024-07-22T16:00","18.5","23.7","150.0"
"2024-07-22T17:00","19.0","21.6","255.0"
"2024-07-22T18:00","18.5","18.2","162.0"
"2024-07-22T19:00","17.5","17.9","59.0"
"2024-07-22T20:00","16.7","17.1","4.0"
"2024-07-22T21:00","15.9","15.5","0.0"
"2024-07-22T22:00","15.0","14.4","0.0"
"2024-07-22T23:00","14.2","14.0","0.0"
"2024-07-23T00:00","13.9","13.7","0.0"
"2024-07-23T01:00","12.9","9.4","0.0"
"2024-07-23T02:00","12.4","7.7","0.0"
"2024-07-23T03:00","12.1","7.0","0.0"
"2024-07-23T04:00","12.7","8.0","21.0"
"2024-07-23T05:00","14.4","7.9","115.0"
"2024-07-23T06:00","16.3","8.4","244.0"
"2024-07-23T07:00","17.6","10.1","355.0"
"2024-07-23T08:00","18.6","13.1","381.0"
"2024-07-23T09:00","19.5","15.5","476.0"
"2024-07-23T10:00","19.9","16.7","469.0"
"2024-07-23T11:00","21.2","17.9","673.0"
"2024-07-23T12:00","21.2","17.7","557.0"
"2024-07-23T13:00","21.4","15.8","625.0"
"2024-07-23T14:00","19.3","9.0","291.0"
"2024-07-23T15:00","19.2","18.9","397.0"
"2024-07-23T16:00","18.5","9.2","175.0"
"2024-07-23T17:00","19.8","10.2","281.0"
"2024-07-23T18:00","19.8","10.9","151.0"
"2024-07-23T19:00","18.6","8.9","52.0"
"2024-07-23T20:00","17.4","7.8","4.0"
"2024-07-23T21:00","16.7","7.6","0.0"
"2024-07-23T22:00","15.8","5.9","0.0"
"2024-07-23T23:00","15.3","6.2","0.0"
"2024-07-24T00:00","15.1","5.9","0.0"
"2024-07-24T01:00","15.0","7.3","0.0"
"2024-07-24T02:00","14.8","7.4","0.0"
"2024-07-24T03:00","14.6","10.0","0.0"
"2024-07-24T04:00","14.7","11.9","19.0"
"2024-07-24T05:00","15.8","15.3","95.0"
"2024-07-24T06:00","16.6","15.0","215.0"
"2024-07-24T07:00","17.5","15.3","349.0"
"2024-07-24T08:00","18.6","16.1","499.0"
"2024-07-24T09:00","19.8","16.3","604.0"
"2024-07-24T10:00","20.3","17.6","641.0"
"2024-07-24T11:00","20.1","19.8","635.0"
"2024-07-24T12:00","20.7","20.8","710.0"
"2024-07-24T13:00","20.7","21.7","693.0"
"2024-07-24T14:00","20.8","22.8","643.0"
"2024-07-24T15:00","20.5","24.1","583.0"
"2024-07-24T16:00","19.8","23.6","438.0"
"2024-07-24T17:00","19.2","21.9","297.0"
"2024-07-24T18:00","18.5","17.2","178.0"
"2024-07-24T19:00","17.2","15.0","65.0"
"2024-07-24T20:00","16.5","14.7","3.0"
"2024-07-24T21:00","15.6","13.7","0.0"
"2024-07-24T22:00","14.8","14.4","0.0"
"2024-07-24T23:00","14.4","14.4","0.0"
"2024-07-25T00:00","14.2","13.7","0.0"
"2024-07-25T01:00","13.8","14.3","0.0"
"2024-07-25T02:00","13.9","15.0","0.0"
"2024-07-25T03:00","13.8","14.7","0.0"
"2024-07-25T04:00","13.6","12.9","18.0"
"2024-07-25T05:00","14.8","15.6","107.0"
"2024-07-25T06:00","15.8","16.1","209.0"
"2024-07-25T07:00","16.6","13.2","292.0"
"2024-07-25T08:00","17.9","12.0","482.0"
"2024-07-25T09:00","18.5","13.7","540.0"
"2024-07-25T10:00","18.5","14.5","454.0"
"2024-07-25T11:00","19.1","14.8","616.0"
"2024-07-25T12:00","19.6","11.6","728.0"
"2024-07-25T13:00","20.1","8.6","612.0"
"2024-07-25T14:00","20.5","9.3","689.0"
"2024-07-25T15:00","20.5","10.1","555.0"
"2024-07-25T16:00","20.4","10.6","445.0"
"2024-07-25T17:00","19.9","10.1","325.0"
"2024-07-25T18:00","19.0","7.8","190.0"
"2024-07-25T19:00","17.5","5.1","52.0"
"2024-07-25T20:00","17.4","7.2","2.0"
"2024-07-25T21:00","17.2","5.9","0.0"
"2024-07-25T22:00","16.8","7.3","0.0"
"2024-07-25T23:00","17.3","10.1","0.0"
"2024-07-26T00:00","17.0","10.8","0.0"
"2024-07-26T01:00","17.0","10.2","0.0"
"2024-07-26T02:00","16.4","12.0","0.0"
"2024-07-26T03:00","16.7","14.2","0.0"
"2024-07-26T04:00","17.3","15.7","9.0"
"2024-07-26T05:00","17.7","15.9","50.0"
"2024-07-26T06:00","17.9","15.5","68.0"
"2024-07-26T07:00","18.3","15.0","130.0"
"2024-07-26T08:00","19.4","17.5","303.0"
"2024-07-26T09:00","20.5","18.9","466.0"
"2024-07-26T10:00","21.4","20.8","621.0"
"2024-07-26T11:00","21.5","22.4","653.0"
"2024-07-26T12:00","21.2","22.7","561.0"
"2024-07-26T13:00","18.6","18.7","158.0"
"2024-07-26T14:00","18.7","21.7","240.0"
"2024-07-26T15:00","19.1","20.4","252.0"
"2024-07-26T16:00","18.6","20.5","105.0"
"2024-07-26T17:00","18.5","18.7","113.0"
"2024-07-26T18:00","18.6","16.2","61.0"
"2024-07-26T19:00","18.4","17.9","24.0"
"2024-07-26T20:00","18.0","13.5","1.0"
"2024-07-26T21:00","17.5","12.0","0.0"
"2024-07-26T22:00","17.2","13.7","0.0"
"2024-07-26T23:00","16.6","11.9","0.0"
"2024-07-27T00:00","15.9","12.0","0.0"
"2024-07-27T01:00","15.4","10.1","0.0"
"2024-07-27T02:00","14.9","8.6","0.0"
"2024-07-27T03:00","14.2","8.7","0.0"
"2024-07-27T04:00","14.3","10.1","14.0"
"2024-07-27T05:00","15.1","11.2","104.0"
"2024-07-27T06:00","16.4","12.1","235.0"
"2024-07-27T07:00","17.5","11.2","364.0"
"2024-07-27T08:00","18.5","11.6","483.0"
"2024-07-27T09:00","19.4","9.9","582.0"
"2024-07-27T10:00","20.1","9.1","661.0"
"2024-07-27T11:00","21.1","10.1","745.0"
"2024-07-27T12:00","21.7","11.2","722.0"
"2024-07-27T13:00","21.5","10.8","696.0"
"2024-07-27T14:00","21.7","11.2","629.0"
"2024-07-27T15:00","21.5","9.7","540.0"
"2024-07-27T16:00","21.1","8.8","419.0"
"2024-07-27T17:00","20.5","9.0","305.0"
"2024-07-27T18:00","19.5","8.0","172.0"
"2024-07-27T19:00","17.5","5.4","54.0"
"2024-07-27T20:00","15.4","7.5","2.0"
"2024-07-27T21:00","14.1","7.9","0.0"
"2024-07-27T22:00","13.4","7.1","0.0"
"2024-07-27T23:00","13.8","5.7","0.0"
"2024-07-28T00:00","14.4","7.9","0.0"
"2024-07-28T01:00","14.8","9.4","0.0"
"2024-07-28T02:00","15.2","10.6","0.0"
"2024-07-28T03:00","14.8","8.7","0.0"
"2024-07-28T04:00","14.8","9.3","7.0"
"2024-07-28T05:00","15.2","13.0","46.0"
"2024-07-28T06:00","16.1","16.3","145.0"
"2024-07-28T07:00","17.7","19.5","362.0"
"2024-07-28T08:00","18.6","24.3","494.0"
"2024-07-28T09:00","19.2","27.4","585.0"
"2024-07-28T10:00","19.8","28.4","651.0"
"2024-07-28T11:00","20.2","30.3","708.0"
"2024-07-28T12:00","20.8","31.7","736.0"
"2024-07-28T13:00","21.0","31.6","731.0"
"2024-07-28T14:00","20.8","31.6","650.0"
"2024-07-28T15:00","20.5","32.5","566.0"
"2024-07-28T16:00","19.8","32.2","460.0"
"2024-07-28T17:00","19.4","29.2","308.0"
"2024-07-28T18:00","18.9","22.3","165.0"
"2024-07-28T19:00","17.9","22.4","53.0"
"2024-07-28T20:00","16.8","22.2","2.0"
"2024-07-28T21:00","16.1","22.4","0.0"
"2024-07-28T22:00","15.5","23.0","0.0"
"2024-07-28T23:00","15.1","22.7","0.0"
"2024-07-29T00:00","14.6","21.7","0.0"
"2024-07-29T01:00","14.1","20.3","0.0"
"2024-07-29T02:00","13.8","20.4","0.0"
"2024-07-29T03:00","13.5","19.6","0.0"
"2024-07-29T04:00","13.6","19.7","13.0"
"2024-07-29T05:00","14.8","24.3","100.0"
"2024-07-29T06:00","16.1","23.1","227.0"
"2024-07-29T07:00","17.1","20.7","377.0"
"2024-07-29T08:00","18.2","22.3","521.0"
"2024-07-29T09:00","19.0","19.2","621.0"
"2024-07-29T10:00","19.6","19.1","668.0"
"2024-07-29T11:00","20.2","20.5","711.0"
"2024-07-29T12:00","20.2","20.3","638.0"
"2024-07-29T13:00","20.6","17.2","678.0"
"2024-07-29T14:00","20.9","18.1","685.0"
"2024-07-29T15:00","20.9","18.8","584.0"
"2024-07-29T16:00","20.7","17.8","455.0"
"2024-07-29T17:00","20.3","15.5","314.0"
"2024-07-29T18:00","19.6","9.9","170.0"
"2024-07-29T19:00","16.9","7.9","55.0"
"2024-07-29T20:00","16.9","5.0","1.0"
"2024-07-29T21:00","14.4","6.8","0.0"
"2024-07-29T22:00","14.1","6.2","0.0"
"2024-07-29T23:00","13.8","6.1","0.0"
"2024-07-30T00:00","13.6","9.0","0.0"
"2024-07-30T01:00","13.4","8.3","0.0"
"2024-07-30T02:00","13.0","7.7","0.0"
"2024-07-30T03:00","12.5","6.3","0.0"
"2024-07-30T04:00","12.8","5.2","12.0"
"2024-07-30T05:00","14.7","6.4","93.0"
"2024-07-30T06:00","16.9","4.0","230.0"
"2024-07-30T07:00","18.4","5.0","367.0"
"2024-07-30T08:00","19.5","7.2","504.0"
"2024-07-30T09:00","20.5","7.7","553.0"
"2024-07-30T10:00","21.2","9.0","587.0"
"2024-07-30T11:00","22.0","9.7","652.0"
"2024-07-30T12:00","22.6","9.4","723.0"
"2024-07-30T13:00","22.6","8.6","726.0"
"2024-07-30T14:00","22.8","9.5","681.0"
"2024-07-30T15:00","22.6","10.2","577.0"
"2024-07-30T16:00","22.2","10.5","446.0"
"2024-07-30T17:00","21.8","11.1","314.0"
"2024-07-30T18:00","20.3","7.4","174.0"
"2024-07-30T19:00","17.0","8.1","54.0"
"2024-07-30T20:00","17.8","5.5","1.0"
"2024-07-30T21:00","16.8","3.8","0.0"
"2024-07-30T22:00","14.4","5.3","0.0"
"2024-07-30T23:00","14.1","6.4","0.0"
"2024-07-31T00:00","14.0","7.4","0.0"
"2024-07-31T01:00","13.6","8.7","0.0"
"2024-07-31T02:00","13.9","9.1","0.0"
"2024-07-31T03:00","13.6","9.1","0.0"
"2024-07-31T04:00","13.7","9.4","11.0"
"2024-07-31T05:00","15.4","11.2","94.0"
"2024-07-31T06:00","17.2","10.7","221.0"
"2024-07-31T07:00","18.6","14.2","357.0"
"2024-07-31T08:00","19.5","15.6","496.0"
"2024-07-31T09:00","20.1","15.8","613.0"
"2024-07-31T10:00","21.0","17.6","696.0"
"2024-07-31T11:00","21.1","17.6","728.0"
"2024-07-31T12:00","21.2","16.2","742.0"
"2024-07-31T13:00","21.1","17.7","758.0"
"2024-07-31T14:00","21.0","16.6","696.0"
"2024-07-31T15:00","20.6","17.2","593.0"
"2024-07-31T16:00","20.0","17.7","461.0"
"2024-07-31T17:00","19.5","16.2","314.0"
"2024-07-31T18:00","18.7","13.8","169.0"
"2024-07-31T19:00","17.4","8.7","50.0"
"2024-07-31T20:00","15.9","8.2","1.0"
"2024-07-31T21:00","15.4","10.1","0.0"
"2024-07-31T22:00","14.7","8.3","0.0"
"2024-07-31T23:00","14.1","8.2","0.0"
"2024-08-01T00:00","13.5","9.7","0.0"
"2024-08-01T01:00","12.4","8.4","0.0"
"2024-08-01T02:00","11.9","7.8","0.0"
"2024-08-01T03:00","11.4","7.3","0.0"
"2024-08-01T04:00","11.4","7.5","10.0"
"2024-08-01T05:00","13.1","9.5","92.0"
"2024-08-01T06:00","15.1","8.8","224.0"
"2024-08-01T07:00","16.5","9.7","352.0"
"2024-08-01T08:00","17.5","8.0","428.0"
"2024-08-01T09:00","18.5","5.5","590.0"
"2024-08-01T10:00","19.4","4.0","698.0"
"2024-08-01T11:00","20.2","3.7","748.0"
"2024-08-01T12:00","21.0","4.4","774.0"
"2024-08-01T13:00","21.5","2.7","757.0"
"2024-08-01T14:00","21.5","4.0","683.0"
"2024-08-01T15:00","21.5","1.5","576.0"
"2024-08-01T16:00","21.2","2.6","438.0"
"2024-08-01T17:00","20.5","7.0","298.0"
"2024-08-01T18:00","19.4","9.7","159.0"
"2024-08-01T19:00","17.6","9.2","46.0"
"2024-08-01T20:00","16.1","8.3","0.0"
"2024-08-01T21:00","15.1","5.0","0.0"
"2024-08-01T22:00","14.8","5.2","0.0"
"2024-08-01T23:00","14.1","5.4","0.0"
"2024-08-02T00:00","13.4","6.3","0.0"
"2024-08-02T01:00","12.1","6.8","0.0"
"2024-08-02T02:00","11.4","7.1","0.0"
"2024-08-02T03:00","11.2","6.9","0.0"
"2024-08-02T04:00","11.6","5.1","8.0"
"2024-08-02T05:00","13.4","5.1","77.0"
"2024-08-02T06:00","15.6","2.6","182.0"
"2024-08-02T07:00","17.5","1.3","331.0"
"2024-08-02T08:00","18.6","3.0","461.0"
"2024-08-02T09:00","19.9","3.2","538.0"
"2024-08-02T10:00","20.9","1.3","508.0"
"2024-08-02T11:00","21.4","2.5","541.0"
"2024-08-02T12:00","21.5","5.9","565.0"
"2024-08-02T13:00","21.5","3.1","539.0"
"2024-08-02T14:00","22.0","5.4","539.0"
"2024-08-02T15:00","22.0","9.1","517.0"
"2024-08-02T16:00","21.5","12.4","430.0"
"2024-08-02T17:00","20.4","16.3","279.0"
"2024-08-02T18:00","19.2","12.2","149.0"
"2024-08-02T19:00","17.5","5.6","43.0"
"2024-08-02T20:00","15.8","6.4","0.0"
"2024-08-02T21:00","14.7","6.6","0.0"
"2024-08-02T22:00","14.4","6.2","0.0"
"2024-08-02T23:00","14.5","6.5","0.0"
"2024-08-03T00:00","14.5","8.5","0.0"
"2024-08-03T01:00","14.6","9.1","0.0"
"2024-08-03T02:00","14.3","9.2","0.0"
"2024-08-03T03:00","14.1","8.7","0.0"
"2024-08-03T04:00","14.1","9.0","7.0"
"2024-08-03T05:00","15.4","11.4","81.0"
"2024-08-03T06:00","17.1","12.4","198.0"
"2024-08-03T07:00","18.3","13.2","304.0"
"2024-08-03T08:00","19.1","12.0","318.0"
"2024-08-03T09:00","19.8","13.2","362.0"
"2024-08-03T10:00","20.6","12.9","442.0"
"2024-08-03T11:00","21.0","12.9","371.0"
"2024-08-03T12:00","21.2","12.6","379.0"
"2024-08-03T13:00","23.0","12.1","608.0"
"2024-08-03T14:00","23.4","13.7","533.0"
"2024-08-03T15:00","23.5","13.1","468.0"
"2024-08-03T16:00","23.2","11.7","229.0"
"2024-08-03T17:00","22.8","9.4","168.0"
"2024-08-03T18:00","21.6","5.2","101.0"
"2024-08-03T19:00","20.9","3.3","32.0"
"2024-08-03T20:00","20.1","2.9","0.0"
"2024-08-03T21:00","18.0","5.2","0.0"
"2024-08-03T22:00","18.5","15.4","0.0"
"2024-08-03T23:00","17.2","10.2","0.0"
"2024-08-04T00:00","16.9","11.4","0.0"
"2024-08-04T01:00","17.5","8.4","0.0"
"2024-08-04T02:00","16.9","10.9","0.0"
"2024-08-04T03:00","16.5","4.6","0.0"
"2024-08-04T04:00","16.5","6.5","4.0"
"2024-08-04T05:00","17.0","7.4","46.0"
"2024-08-04T06:00","17.8","8.2","94.0"
"2024-08-04T07:00","18.9","11.8","303.0"
"2024-08-04T08:00","18.2","9.7","132.0"
"2024-08-04T09:00","19.2","12.2","296.0"
"2024-08-04T10:00","20.0","9.3","359.0"
"2024-08-04T11:00","18.4","14.8","332.0"
"2024-08-04T12:00","18.9","10.9","235.0"
"2024-08-04T13:00","20.4","16.1","611.0"
"2024-08-04T14:00","20.8","16.9","563.0"
"2024-08-04T15:00","21.0","19.8","531.0"
"2024-08-04T16:00","20.0","20.3","380.0"
"2024-08-04T17:00","19.0","20.8","240.0"
"2024-08-04T18:00","17.9","19.9","92.0"
"2024-08-04T19:00","17.1","15.8","13.0"
"2024-08-04T20:00","17.2","14.8","0.0"
"2024-08-04T21:00","16.5","18.5","0.0"
"2024-08-04T22:00","15.4","17.9","0.0"
"2024-08-04T23:00","14.6","16.9","0.0"
"2024-08-05T00:00","13.8","15.3","0.0"
"2024-08-05T01:00","13.6","15.0","0.0"
"2024-08-05T02:00","13.1","14.2","0.0"
"2024-08-05T03:00","12.9","13.7","0.0"
"2024-08-05T04:00","12.9","13.5","6.0"
"2024-08-05T05:00","14.1","15.3","80.0"
"2024-08-05T06:00","15.9","17.6","207.0"
"2024-08-05T07:00","17.2","17.6","329.0"
"2024-08-05T08:00","18.4","17.9","464.0"
"2024-08-05T09:00","19.4","18.6","588.0"
"2024-08-05T10:00","20.0","15.7","660.0"
"2024-08-05T11:00","20.2","14.7","669.0"
"2024-08-05T12:00","20.5","15.1","674.0"
"2024-08-05T13:00","21.1","14.4","672.0"
"2024-08-05T14:00","21.5","15.3","620.0"
"2024-08-05T15:00","21.1","15.0","525.0"
"2024-08-05T16:00","20.7","14.3","382.0"
"2024-08-05T17:00","20.0","12.6","249.0"
"2024-08-05T18:00","19.1","8.7","131.0"
"2024-08-05T19:00","16.5","6.1","36.0"
"2024-08-05T20:00","15.4","6.1","0.0"
"2024-08-05T21:00","14.2","7.7","0.0"
"2024-08-05T22:00","14.3","6.6","0.0"
"2024-08-05T23:00","15.1","3.6","0.0"
"2024-08-06T00:00","13.1","3.3","0.0"
"2024-08-06T01:00","14.9","2.1","0.0"
"2024-08-06T02:00","14.4","2.1","0.0"
"2024-08-06T03:00","14.1","2.3","0.0"
"2024-08-06T04:00","14.1","1.9","5.0"
"2024-08-06T05:00","14.8","2.9","75.0"
"2024-08-06T06:00","16.9","4.1","200.0"
"2024-08-06T07:00","18.4","5.2","340.0"
"2024-08-06T08:00","19.4","5.6","480.0"
"2024-08-06T09:00","20.1","6.9","600.0"
"2024-08-06T10:00","20.6","8.9","688.0"
"2024-08-06T11:00","21.1","11.5","737.0"
"2024-08-06T12:00","21.4","14.1","746.0"
"2024-08-06T13:00","21.5","14.0","730.0"
"2024-08-06T14:00","21.5","14.6","658.0"
"2024-08-06T15:00","21.5","14.8","551.0"
"2024-08-06T16:00","21.0","13.5","426.0"
"2024-08-06T17:00","20.4","11.6","280.0"
"2024-08-06T18:00","19.3","10.6","142.0"
"2024-08-06T19:00","17.8","10.1","33.0"
"2024-08-06T20:00","17.1","9.4","0.0"
"2024-08-06T21:00","17.2","10.0","0.0"
"2024-08-06T22:00","17.5","11.2","0.0"
"2024-08-06T23:00","17.5","15.7","0.0"
"2024-08-07T00:00","17.4","12.0","0.0"
"2024-08-07T01:00","17.7","14.2","0.0"
"2024-08-07T02:00","17.6","13.6","0.0"
"2024-08-07T03:00","17.7","12.9","0.0"
"2024-08-07T04:00","17.6","13.0","4.0"
"2024-08-07T05:00","18.2","14.8","71.0"
"2024-08-07T06:00","19.2","14.2","194.0"
"2024-08-07T07:00","20.5","15.5","328.0"
"2024-08-07T08:00","21.5","16.6","439.0"
"2024-08-07T09:00","22.5","18.4","571.0"
"2024-08-07T10:00","23.1","19.8","674.0"
"2024-08-07T11:00","23.2","21.5","707.0"
"2024-08-07T12:00","23.2","22.5","736.0"
"2024-08-07T13:00","23.5","23.2","681.0"
"2024-08-07T14:00","22.9","23.4","554.0"
"2024-08-07T15:00","22.0","21.4","392.0"
"2024-08-07T16:00","21.5","17.8","273.0"
"2024-08-07T17:00","20.9","14.3","141.0"
"2024-08-07T18:00","20.2","11.0","43.0"
"2024-08-07T19:00","19.6","9.2","11.0"
"2024-08-07T20:00","19.2","8.7","0.0"
"2024-08-07T21:00","19.2","11.2","0.0"
"2024-08-07T22:00","19.1","8.3","0.0"
"2024-08-07T23:00","18.4","12.0","0.0"
"2024-08-08T00:00","17.8","14.7","0.0"
"2024-08-08T01:00","17.6","8.6","0.0"
"2024-08-08T02:00","17.3","11.6","0.0"
"2024-08-08T03:00","16.8","12.7","0.0"
"2024-08-08T04:00","16.3","12.9","3.0"
"2024-08-08T05:00","16.5","15.5","59.0"
"2024-08-08T06:00","17.2","16.5","165.0"
"2024-08-08T07:00","18.0","14.8","306.0"
"2024-08-08T08:00","18.9","12.6","428.0"
"2024-08-08T09:00","19.8","17.3","458.0"
"2024-08-08T10:00","20.2","18.2","433.0"
"2024-08-08T11:00","20.6","17.8","409.0"
"2024-08-08T12:00","20.6","17.5","370.0"
"2024-08-08T13:00","21.0","17.5","489.0"
"2024-08-08T14:00","21.4","15.7","461.0"
"2024-08-08T15:00","21.1","17.3","339.0"
"2024-08-08T16:00","20.1","15.1","222.0"
"2024-08-08T17:00","20.3","12.3","187.0"
"2024-08-08T18:00","19.6","8.7","128.0"
"2024-08-08T19:00","18.0","7.6","27.0"
"2024-08-08T20:00","17.1","8.1","0.0"
"2024-08-08T21:00","16.4","9.1","0.0"
"2024-08-08T22:00","15.6","7.9","0.0"
"2024-08-08T23:00","15.6","7.3","0.0"
"2024-08-09T00:00","15.2","5.9","0.0"
"2024-08-09T01:00","14.4","7.2","0.0"
"2024-08-09T02:00","14.6","9.0","0.0"
"2024-08-09T03:00","15.4","12.1","0.0"
"2024-08-09T04:00","15.9","15.9","3.0"
"2024-08-09T05:00","17.1","20.4","32.0"
"2024-08-09T06:00","18.3","25.6","73.0"
"2024-08-09T07:00","19.9","25.9","286.0"
"2024-08-09T08:00","19.8","28.1","227.0"
"2024-08-09T09:00","18.4","26.3","100.0"
"2024-08-09T10:00","18.1","27.7","128.0"
"2024-08-09T11:00","18.2","28.3","119.0"
"2024-08-09T12:00","19.3","30.0","213.0"
"2024-08-09T13:00","18.6","26.6","51.0"
"2024-08-09T14:00","20.0","27.6","143.0"
"2024-08-09T15:00","20.4","25.7","201.0"
"2024-08-09T16:00","20.3","24.5","258.0"
"2024-08-09T17:00","20.4","27.6","256.0"
"2024-08-09T18:00","19.5","25.4","122.0"
"2024-08-09T19:00","18.1","24.6","24.0"
"2024-08-09T20:00","17.4","24.6","0.0"
"2024-08-09T21:00","16.9","23.1","0.0"
"2024-08-09T22:00","16.4","22.3","0.0"
"2024-08-09T23:00","15.8","19.9","0.0"
"2024-08-10T00:00","15.2","19.2","0.0"
"2024-08-10T01:00","15.1","22.0","0.0"
"2024-08-10T02:00","15.0","21.6","0.0"
"2024-08-10T03:00","15.1","20.4","0.0"
"2024-08-10T04:00","15.0","18.8","2.0"
"2024-08-10T05:00","15.9","19.9","53.0"
"2024-08-10T06:00","17.0","20.9","143.0"
"2024-08-10T07:00","18.2","24.5","315.0"
"2024-08-10T08:00","19.0","26.9","436.0"
"2024-08-10T09:00","19.6","27.3","524.0"
"2024-08-10T10:00","20.0","27.8","586.0"
"2024-08-10T11:00","20.4","29.0","592.0"
"2024-08-10T12:00","21.1","28.2","647.0"
"2024-08-10T13:00","21.2","31.3","647.0"
"2024-08-10T14:00","21.3","31.0","604.0"
"2024-08-10T15:00","20.9","29.2","501.0"
"2024-08-10T16:00","20.5","26.7","377.0"
"2024-08-10T17:00","19.9","25.7","244.0"
"2024-08-10T18:00","19.0","25.2","112.0"
"2024-08-10T19:00","18.1","26.1","20.0"
"2024-08-10T20:00","17.4","26.4","0.0"
"2024-08-10T21:00","16.6","23.5","0.0"
"2024-08-10T22:00","16.1","21.4","0.0"
"2024-08-10T23:00","15.6","21.7","0.0"
"2024-08-11T00:00","15.4","21.6","0.0"
"2024-08-11T01:00","15.6","21.6","0.0"
"2024-08-11T02:00","15.4","22.0","0.0"
"2024-08-11T03:00","15.1","21.7","0.0"
"2024-08-11T04:00","15.1","21.7","2.0"
"2024-08-11T05:00","15.6","23.1","57.0"
"2024-08-11T06:00","16.5","24.1","159.0"
"2024-08-11T07:00","17.6","28.3","312.0"
"2024-08-11T08:00","18.4","28.2","396.0"
"2024-08-11T09:00","19.2","27.9","566.0"
"2024-08-11T10:00","20.0","28.0","682.0"
"2024-08-11T11:00","20.5","32.3","747.0"
"2024-08-11T12:00","20.6","31.9","643.0"
"2024-08-11T13:00","20.1","28.0","468.0"
"2024-08-11T14:00","19.9","26.1","349.0"
"2024-08-11T15:00","19.8","27.1","338.0"
"2024-08-11T16:00","19.5","26.2","264.0"
"2024-08-11T17:00","19.1","23.9","221.0"
"2024-08-11T18:00","18.2","18.2","118.0"
"2024-08-11T19:00","17.0","15.3","22.0"
"2024-08-11T20:00","15.9","14.1","0.0"
"2024-08-11T21:00","15.0","13.9","0.0"
"2024-08-11T22:00","14.3","13.5","0.0"
"2024-08-11T23:00","13.9","13.1","0.0"
"2024-08-12T00:00","13.4","13.9","0.0"
"2024-08-12T01:00","12.8","15.1","0.0"
"2024-08-12T02:00","12.4","14.8","0.0"
"2024-08-12T03:00","12.3","13.6","0.0"
"2024-08-12T04:00","12.2","12.6","1.0"
"2024-08-12T05:00","13.3","13.1","54.0"
"2024-08-12T06:00","15.0","14.8","170.0"
"2024-08-12T07:00","16.2","15.6","315.0"
"2024-08-12T08:00","17.1","13.3","459.0"
"2024-08-12T09:00","18.0","12.5","575.0"
"2024-08-12T10:00","18.7","11.8","657.0"
"2024-08-12T11:00","19.2","10.9","705.0"
"2024-08-12T12:00","19.6","9.2","714.0"
"2024-08-12T13:00","20.4","10.2","701.0"
"2024-08-12T14:00","20.4","8.6","635.0"
"2024-08-12T15:00","20.1","8.5","533.0"
"2024-08-12T16:00","19.6","9.4","404.0"
"2024-08-12T17:00","18.8","9.1","261.0"
"2024-08-12T18:00","17.5","6.9","122.0"
"2024-08-12T19:00","15.1","6.2","20.0"
"2024-08-12T20:00","14.2","6.1","0.0"
"2024-08-12T21:00","13.2","8.1","0.0"
"2024-08-12T22:00","12.9","9.4","0.0"
"2024-08-12T23:00","12.8","9.4","0.0"
"2024-08-13T00:00","13.6","7.2","0.0"
"2024-08-13T01:00","13.8","8.0","0.0"
"2024-08-13T02:00","14.1","8.2","0.0"
"2024-08-13T03:00","14.4","9.2","0.0"
"2024-08-13T04:00","14.9","10.8","1.0"
"2024-08-13T05:00","16.2","14.9","56.0"
"2024-08-13T06:00","17.5","17.4","178.0"
"2024-08-13T07:00","18.5","19.1","321.0"
"2024-08-13T08:00","19.3","22.2","459.0"
"2024-08-13T09:00","19.8","23.9","571.0"
"2024-08-13T10:00","20.0","24.2","647.0"
"2024-08-13T11:00","20.0","24.8","661.0"
"2024-08-13T12:00","20.1","25.3","666.0"
"2024-08-13T13:00","20.3","23.2","710.0"
"2024-08-13T14:00","20.1","25.0","620.0"
"2024-08-13T15:00","19.8","27.1","507.0"
"2024-08-13T16:00","19.3","27.0","333.0"
"2024-08-13T17:00","18.8","24.6","172.0"
"2024-08-13T18:00","18.5","25.7","74.0"
"2024-08-13T19:00","18.3","24.8","15.0"
"2024-08-13T20:00","18.3","22.5","0.0"
"2024-08-13T21:00","18.4","22.4","0.0"
"2024-08-13T22:00","18.5","21.8","0.0"
"2024-08-13T23:00","18.5","20.5","0.0"
"2024-08-14T00:00","18.6","18.7","0.0"
"2024-08-14T01:00","18.2","10.4","0.0"
"2024-08-14T02:00","17.9","8.4","0.0"
"2024-08-14T03:00","18.0","13.4","0.0"
"2024-08-14T04:00","18.5","19.0","0.0"
"2024-08-14T05:00","18.9","22.5","45.0"
"2024-08-14T06:00","19.6","19.3","167.0"
"2024-08-14T07:00","20.4","20.4","276.0"
"2024-08-14T08:00","21.0","21.4","392.0"
"2024-08-14T09:00","21.5","21.5","555.0"
"2024-08-14T10:00","21.6","23.4","672.0"
"2024-08-14T11:00","21.6","24.7","719.0"
"2024-08-14T12:00","21.7","25.2","683.0"
"2024-08-14T13:00","22.0","22.4","604.0"
"2024-08-14T14:00","21.8","19.9","508.0"
"2024-08-14T15:00","21.6","19.8","398.0"
"2024-08-14T16:00","21.5","19.6","280.0"
"2024-08-14T17:00","21.2","17.5","187.0"
"2024-08-14T18:00","20.5","16.6","96.0"
"2024-08-14T19:00","20.0","14.9","10.0"
"2024-08-14T20:00","19.9","12.0","0.0"
"2024-08-14T21:00","19.5","6.4","0.0"
"2024-08-14T22:00","19.3","6.4","0.0"
"2024-08-14T23:00","18.7","4.0","0.0"
"2024-08-15T00:00","18.6","6.5","0.0"
"2024-08-15T01:00","18.5","5.6","0.0"
"2024-08-15T02:00","16.9","5.6","0.0"
"2024-08-15T03:00","16.8","6.5","0.0"
"2024-08-15T04:00","16.2","7.2","0.0"
"2024-08-15T05:00","17.4","11.7","40.0"
"2024-08-15T06:00","19.4","10.8","153.0"
"2024-08-15T07:00","21.2","8.7","275.0"
"2024-08-15T08:00","22.6","7.7","432.0"
"2024-08-15T09:00","24.0","10.2","542.0"
"2024-08-15T10:00","23.9","12.8","444.0"
"2024-08-15T11:00","25.0","11.9","633.0"
"2024-08-15T12:00","25.0","13.4","608.0"
"2024-08-15T13:00","23.5","14.0","403.0"
"2024-08-15T14:00","24.0","12.6","430.0"
"2024-08-15T15:00","24.4","13.6","422.0"
"2024-08-15T16:00","24.2","15.6","279.0"
"2024-08-15T17:00","23.5","16.5","206.0"
"2024-08-15T18:00","22.1","13.2","98.0"
"2024-08-15T19:00","20.7","11.5","13.0"
"2024-08-15T20:00","20.4","13.8","0.0"
"2024-08-15T21:00","19.8","10.0","0.0"
"2024-08-15T22:00","19.1","10.6","0.0"
"2024-08-15T23:00","18.9","13.0","0.0"
"2024-08-16T00:00","18.8","13.7","0.0"
"2024-08-16T01:00","19.1","14.1","0.0"
"2024-08-16T02:00","18.6","11.8","0.0"
"2024-08-16T03:00","18.1","10.2","0.0"
"2024-08-16T04:00","17.8","9.3","0.0"
"2024-08-16T05:00","18.5","9.6","26.0"
"2024-08-16T06:00","19.1","9.5","75.0"
"2024-08-16T07:00","20.2","15.0","135.0"
"2024-08-16T08:00","19.6","13.8","113.0"
"2024-08-16T09:00","19.0","13.0","63.0"
"2024-08-16T10:00","19.2","17.5","150.0"
"2024-08-16T11:00","19.0","18.4","152.0"
"2024-08-16T12:00","19.0","17.9","174.0"
"2024-08-16T13:00","20.5","19.1","313.0"
"2024-08-16T14:00","20.8","20.3","285.0"
"2024-08-16T15:00","20.8","17.2","285.0"
"2024-08-16T16:00","20.2","17.6","237.0"
"2024-08-16T17:00","19.9","15.3","145.0"
"2024-08-16T18:00","19.2","9.4","41.0"
"2024-08-16T19:00","18.1","6.9","6.0"
"2024-08-16T20:00","16.8","3.8","0.0"
"2024-08-16T21:00","15.5","4.4","0.0"
"2024-08-16T22:00","14.4","4.7","0.0"
"2024-08-16T23:00","13.6","5.4","0.0"
"2024-08-17T00:00","12.7","5.9","0.0"
"2024-08-17T01:00","13.4","4.7","0.0"
"2024-08-17T02:00","15.6","4.7","0.0"
"2024-08-17T03:00","15.4","7.9","0.0"
"2024-08-17T04:00","15.1","10.8","0.0"
"2024-08-17T05:00","14.8","13.7","40.0"
"2024-08-17T06:00","15.6","13.3","162.0"
"2024-08-17T07:00","16.8","16.2","318.0"
"2024-08-17T08:00","17.7","14.5","463.0"
"2024-08-17T09:00","18.5","13.2","573.0"
"2024-08-17T10:00","19.4","14.0","659.0"
"2024-08-17T11:00","20.0","14.1","704.0"
"2024-08-17T12:00","20.5","13.5","708.0"
"2024-08-17T13:00","20.1","13.2","578.0"
"2024-08-17T14:00","20.3","13.4","552.0"
"2024-08-17T15:00","20.0","13.2","474.0"
"2024-08-17T16:00","19.6","10.5","367.0"
"2024-08-17T17:00","19.0","8.7","225.0"
"2024-08-17T18:00","16.9","5.4","100.0"
"2024-08-17T19:00","17.0","2.3","11.0"
"2024-08-17T20:00","16.2","1.3","0.0"
"2024-08-17T21:00","15.1","3.7","0.0"
"2024-08-17T22:00","12.6","6.0","0.0"
"2024-08-17T23:00","11.5","7.1","0.0"
"2024-08-18T00:00","11.2","5.2","0.0"
"2024-08-18T01:00","10.1","5.7","0.0"
"2024-08-18T02:00","10.2","5.2","0.0"
"2024-08-18T03:00","12.4","3.5","0.0"
"2024-08-18T04:00","12.0","3.6","0.0"
"2024-08-18T05:00","12.3","2.6","38.0"
"2024-08-18T06:00","14.5","5.8","145.0"
"2024-08-18T07:00","16.3","5.9","205.0"
"2024-08-18T08:00","17.4","7.2","246.0"
"2024-08-18T09:00","17.9","7.9","291.0"
"2024-08-18T10:00","18.5","7.5","402.0"
"2024-08-18T11:00","18.9","5.8","373.0"
"2024-08-18T12:00","19.2","5.1","332.0"
"2024-08-18T13:00","19.8","3.9","448.0"
"2024-08-18T14:00","19.8","4.6","349.0"
"2024-08-18T15:00","19.9","6.4","298.0"
"2024-08-18T16:00","19.7","9.3","219.0"
"2024-08-18T17:00","19.5","9.8","139.0"
"2024-08-18T18:00","18.4","6.9","56.0"
"2024-08-18T19:00","17.1","8.9","7.0"
"2024-08-18T20:00","16.3","9.6","0.0"
"2024-08-18T21:00","15.2","8.7","0.0"
"2024-08-18T22:00","14.6","9.8","0.0"
"2024-08-18T23:00","14.1","11.9","0.0"
"2024-08-19T00:00","13.9","11.7","0.0"
"2024-08-19T01:00","13.1","11.0","0.0"
"2024-08-19T02:00","12.8","11.2","0.0"
"2024-08-19T03:00","12.6","10.8","0.0"
"2024-08-19T04:00","12.5","10.1","0.0"
"2024-08-19T05:00","13.4","11.7","40.0"
"2024-08-19T06:00","15.1","11.8","153.0"
"2024-08-19T07:00","16.7","13.7","294.0"
"2024-08-19T08:00","17.9","13.0","433.0"
"2024-08-19T09:00","18.9","15.2","551.0"
"2024-08-19T10:00","19.3","13.5","575.0"
"2024-08-19T11:00","19.8","11.2","616.0"
"2024-08-19T12:00","20.2","11.2","634.0"
"2024-08-19T13:00","20.5","11.8","514.0"
"2024-08-19T14:00","20.5","11.9","411.0"
"2024-08-19T15:00","20.3","12.9","416.0"
"2024-08-19T16:00","19.7","12.5","330.0"
"2024-08-19T17:00","19.2","8.3","215.0"
"2024-08-19T18:00","17.8","5.1","83.0"
"2024-08-19T19:00","14.9","7.3","8.0"
"2024-08-19T20:00","14.1","8.4","0.0"
"2024-08-19T21:00","14.0","8.0","0.0"
"2024-08-19T22:00","13.9","8.1","0.0"
"2024-08-19T23:00","13.8","8.0","0.0"
"2024-08-20T00:00","13.8","7.4","0.0"
"2024-08-20T01:00","13.6","8.4","0.0"
"2024-08-20T02:00","13.4","8.0","0.0"
"2024-08-20T03:00","13.9","8.8","0.0"
"2024-08-20T04:00","14.0","9.4","0.0"
"2024-08-20T05:00","15.2","12.0","37.0"
"2024-08-20T06:00","17.1","13.1","152.0"
"2024-08-20T07:00","18.9","15.7","294.0"
"2024-08-20T08:00","20.1","18.8","431.0"
"2024-08-20T09:00","21.2","21.7","554.0"
"2024-08-20T10:00","22.4","20.9","608.0"
"2024-08-20T11:00","23.0","19.5","684.0"
"2024-08-20T12:00","23.1","20.3","699.0"
"2024-08-20T13:00","23.0","22.9","605.0"
"2024-08-20T14:00","22.2","26.5","466.0"
"2024-08-20T15:00","21.7","26.7","366.0"
"2024-08-20T16:00","20.5","25.2","283.0"
"2024-08-20T17:00","19.7","22.7","212.0"
"2024-08-20T18:00","19.0","20.0","84.0"
"2024-08-20T19:00","18.5","18.5","6.0"
"2024-08-20T20:00","18.5","19.0","0.0"
"2024-08-20T21:00","18.5","21.0","0.0"
"2024-08-20T22:00","18.5","22.6","0.0"
"2024-08-20T23:00","18.7","21.7","0.0"
"2024-08-21T00:00","18.9","20.8","0.0"
"2024-08-21T01:00","19.1","15.6","0.0"
"2024-08-21T02:00","18.6","17.2","0.0"
"2024-08-21T03:00","17.9","13.7","0.0"
"2024-08-21T04:00","17.1","12.0","0.0"
"2024-08-21T05:00","17.1","9.7","14.0"
"2024-08-21T06:00","17.2","11.1","25.0"
"2024-08-21T07:00","17.0","20.3","37.0"
"2024-08-21T08:00","16.2","24.8","63.0"
"2024-08-21T09:00","16.1","23.9","92.0"
"2024-08-21T10:00","17.8","24.2","321.0"
"2024-08-21T11:00","19.6","25.6","646.0"
"2024-08-21T12:00","20.0","27.2","651.0"
"2024-08-21T13:00","19.0","25.6","605.0"
"2024-08-21T14:00","19.2","24.2","520.0"
"2024-08-21T15:00","17.5","25.2","427.0"
"2024-08-21T16:00","17.4","24.9","304.0"
"2024-08-21T17:00","16.8","24.4","194.0"
"2024-08-21T18:00","15.7","23.2","75.0"
"2024-08-21T19:00","14.9","21.7","4.0"
"2024-08-21T20:00","14.4","22.1","0.0"
"2024-08-21T21:00","14.5","22.2","0.0"
"2024-08-21T22:00","14.0","21.0","0.0"
"2024-08-21T23:00","13.9","19.9","0.0"
"2024-08-22T00:00","13.6","18.2","0.0"
"2024-08-22T01:00","13.3","14.2","0.0"
"2024-08-22T02:00","13.1","13.6","0.0"
"2024-08-22T03:00","13.1","13.2","0.0"
"2024-08-22T04:00","13.6","13.0","0.0"
"2024-08-22T05:00","14.2","13.8","13.0"
"2024-08-22T06:00","14.8","14.8","24.0"
"2024-08-22T07:00","15.1","17.2","26.0"
"2024-08-22T08:00","15.9","18.3","89.0"
"2024-08-22T09:00","16.9","25.5","145.0"
"2024-08-22T10:00","18.5","27.0","403.0"
"2024-08-22T11:00","18.5","24.2","288.0"
"2024-08-22T12:00","19.3","26.5","330.0"
"2024-08-22T13:00","18.8","25.5","189.0"
"2024-08-22T14:00","18.8","27.4","178.0"
"2024-08-22T15:00","18.0","23.0","72.0"
"2024-08-22T16:00","17.5","22.1","83.0"
"2024-08-22T17:00","17.4","21.9","48.0"
"2024-08-22T18:00","17.3","20.1","47.0"
"2024-08-22T19:00","17.0","18.2","3.0"
"2024-08-22T20:00","17.4","18.9","0.0"
"2024-08-22T21:00","17.9","18.9","0.0"
"2024-08-22T22:00","18.6","21.3","0.0"
"2024-08-22T23:00","18.5","22.4","0.0"
"2024-08-23T00:00","17.7","21.7","0.0"
"2024-08-23T01:00","18.9","20.4","0.0"
"2024-08-23T02:00","18.0","21.4","0.0"
"2024-08-23T03:00","17.8","23.5","0.0"
"2024-08-23T04:00","17.4","19.2","0.0"
"2024-08-23T05:00","17.1","20.2","9.0"
"2024-08-23T06:00","17.4","21.5","45.0"
"2024-08-23T07:00","18.1","23.9","66.0"
"2024-08-23T08:00","18.3","24.4","90.0"
"2024-08-23T09:00","18.2","24.0","75.0"
"2024-08-23T10:00","18.5","26.5","145.0"
"2024-08-23T11:00","19.9","25.4","325.0"
"2024-08-23T12:00","21.6","27.1","404.0"
"2024-08-23T13:00","21.5","26.1","349.0"
"2024-08-23T14:00","21.9","32.8","150.0"
"2024-08-23T15:00","22.2","37.4","163.0"
"2024-08-23T16:00","20.9","41.1","120.0"
"2024-08-23T17:00","20.5","36.1","143.0"
"2024-08-23T18:00","18.7","31.1","75.0"
"2024-08-23T19:00","17.4","28.2","3.0"
"2024-08-23T20:00","16.8","24.5","0.0"
"2024-08-23T21:00","16.2","22.8","0.0"
"2024-08-23T22:00","15.6","20.4","0.0"
"2024-08-23T23:00","15.2","19.5","0.0"
"2024-08-24T00:00","14.8","17.1","0.0"
"2024-08-24T01:00","13.4","12.2","0.0"
"2024-08-24T02:00","12.7","12.0","0.0"
"2024-08-24T03:00","12.6","10.2","0.0"
"2024-08-24T04:00","12.1","9.3","0.0"
"2024-08-24T05:00","12.9","9.1","26.0"
"2024-08-24T06:00","14.9","13.0","137.0"
"2024-08-24T07:00","17.0","13.0","275.0"
"2024-08-24T08:00","18.6","16.5","400.0"
"2024-08-24T09:00","19.1","22.1","363.0"
"2024-08-24T10:00","19.5","25.4","323.0"
"2024-08-24T11:00","20.6","22.4","448.0"
"2024-08-24T12:00","21.6","20.1","391.0"
"2024-08-24T13:00","22.1","21.7","385.0"
"2024-08-24T14:00","23.0","20.4","279.0"
"2024-08-24T15:00","23.2","18.5","287.0"
"2024-08-24T16:00","22.6","20.7","274.0"
"2024-08-24T17:00","21.9","20.4","176.0"
"2024-08-24T18:00","21.0","19.7","64.0"
"2024-08-24T19:00","21.1","23.0","2.0"
"2024-08-24T20:00","22.2","23.1","0.0"
"2024-08-24T21:00","22.1","23.9","0.0"
"2024-08-24T22:00","22.1","24.8","0.0"
"2024-08-24T23:00","22.1","22.0","0.0"
"2024-08-25T00:00","21.1","16.4","0.0"
"2024-08-25T01:00","18.9","20.6","0.0"
"2024-08-25T02:00","17.8","19.3","0.0"
"2024-08-25T03:00","17.0","23.7","0.0"
"2024-08-25T04:00","16.8","21.9","0.0"
"2024-08-25T05:00","17.0","20.7","10.0"
"2024-08-25T06:00","16.8","22.9","77.0"
"2024-08-25T07:00","16.1","19.7","103.0"
"2024-08-25T08:00","16.6","19.0","148.0"
"2024-08-25T09:00","18.0","24.1","372.0"
"2024-08-25T10:00","18.8","26.0","520.0"
"2024-08-25T11:00","19.0","27.6","543.0"
"2024-08-25T12:00","19.7","26.9","635.0"
"2024-08-25T13:00","19.5","27.0","582.0"
"2024-08-25T14:00","19.5","26.4","510.0"
"2024-08-25T15:00","19.5","26.0","407.0"
"2024-08-25T16:00","18.9","23.4","286.0"
"2024-08-25T17:00","18.0","20.5","168.0"
"2024-08-25T18:00","17.0","15.4","63.0"
"2024-08-25T19:00","15.7","13.1","2.0"
"2024-08-25T20:00","15.1","12.3","0.0"
"2024-08-25T21:00","14.4","11.5","0.0"
"2024-08-25T22:00","14.1","11.3","0.0"
"2024-08-25T23:00","13.9","11.5","0.0"
"2024-08-26T00:00","13.8","12.9","0.0"
"2024-08-26T01:00","13.2","14.8","0.0"
"2024-08-26T02:00","13.5","16.8","0.0"
"2024-08-26T03:00","13.7","17.7","0.0"
"2024-08-26T04:00","13.8","18.7","0.0"
"2024-08-26T05:00","14.1","18.8","24.0"
"2024-08-26T06:00","15.6","18.9","132.0"
"2024-08-26T07:00","17.4","19.6","261.0"
"2024-08-26T08:00","19.1","25.3","394.0"
"2024-08-26T09:00","20.1","27.6","503.0"
"2024-08-26T10:00","20.4","27.2","601.0"
"2024-08-26T11:00","20.8","26.0","670.0"
"2024-08-26T12:00","21.0","25.9","681.0"
"2024-08-26T13:00","21.0","27.7","542.0"
"2024-08-26T14:00","20.8","26.3","396.0"
"2024-08-26T15:00","20.0","25.9","213.0"
"2024-08-26T16:00","19.5","24.7","266.0"
"2024-08-26T17:00","18.8","20.5","140.0"
"2024-08-26T18:00","17.7","16.4","52.0"
"2024-08-26T19:00","16.6","13.8","1.0"
"2024-08-26T20:00","16.0","11.8","0.0"
"2024-08-26T21:00","15.4","10.4","0.0"
"2024-08-26T22:00","14.6","8.4","0.0"
"2024-08-26T23:00","14.1","8.2","0.0"
"2024-08-27T00:00","13.9","8.3","0.0"
"2024-08-27T01:00","14.0","8.7","0.0"
"2024-08-27T02:00","13.9","8.1","0.0"
"2024-08-27T03:00","13.8","8.7","0.0"
"2024-08-27T04:00","13.9","8.5","0.0"
"2024-08-27T05:00","14.4","10.6","21.0"
"2024-08-27T06:00","15.9","10.6","124.0"
"2024-08-27T07:00","17.7","11.3","263.0"
"2024-08-27T08:00","19.2","13.9","378.0"
"2024-08-27T09:00","20.5","15.6","468.0"
"2024-08-27T10:00","21.5","16.6","540.0"
"2024-08-27T11:00","22.1","16.3","551.0"
"2024-08-27T12:00","22.7","14.6","611.0"
"2024-08-27T13:00","22.6","12.1","594.0"
"2024-08-27T14:00","22.0","17.1","504.0"
"2024-08-27T15:00","21.0","17.5","288.0"
"2024-08-27T16:00","20.7","15.6","221.0"
"2024-08-27T17:00","19.6","14.2","168.0"
"2024-08-27T18:00","17.9","15.0","54.0"
"2024-08-27T19:00","17.0","13.4","1.0"
"2024-08-27T20:00","17.0","13.4","0.0"
"2024-08-27T21:00","17.2","14.5","0.0"
"2024-08-27T22:00","17.3","14.8","0.0"
"2024-08-27T23:00","17.3","13.3","0.0"
"2024-08-28T00:00","17.5","13.6","0.0"
"2024-08-28T01:00","17.0","12.2","0.0"
"2024-08-28T02:00","16.5","10.3","0.0"
"2024-08-28T03:00","16.2","9.7","0.0"
"2024-08-28T04:00","16.0","9.8","0.0"
"2024-08-28T05:00","16.8","12.2","20.0"
"2024-08-28T06:00","18.4","13.7","125.0"
"2024-08-28T07:00","19.9","15.8","263.0"
"2024-08-28T08:00","20.9","19.0","402.0"
"2024-08-28T09:00","21.5","19.1","520.0"
"2024-08-28T10:00","22.0","19.4","590.0"
"2024-08-28T11:00","22.0","20.9","653.0"
"2024-08-28T12:00","21.5","22.2","651.0"
"2024-08-28T13:00","21.6","24.9","566.0"
"2024-08-28T14:00","21.6","26.3","526.0"
"2024-08-28T15:00","21.4","25.6","452.0"
"2024-08-28T16:00","20.7","25.2","321.0"
"2024-08-28T17:00","20.0","23.7","180.0"
"2024-08-28T18:00","19.2","24.3","53.0"
"2024-08-28T19:00","19.0","24.5","0.0"
"2024-08-28T20:00","19.0","23.7","0.0"
"2024-08-28T21:00","19.0","23.5","0.0"
"2024-08-28T22:00","19.0","22.4","0.0"
"2024-08-28T23:00","19.0","20.7","0.0"
"2024-08-29T00:00","19.0","20.2","0.0"
"2024-08-29T01:00","18.8","18.3","0.0"
"2024-08-29T02:00","18.7","16.7","0.0"
"2024-08-29T03:00","18.6","16.8","0.0"
"2024-08-29T04:00","18.5","16.8","0.0"
"2024-08-29T05:00","18.9","16.9","17.0"
"2024-08-29T06:00","20.0","15.6","117.0"
"2024-08-29T07:00","21.5","15.9","253.0"
"2024-08-29T08:00","22.4","17.8","390.0"
"2024-08-29T09:00","23.2","17.1","505.0"
"2024-08-29T10:00","23.9","17.3","570.0"
"2024-08-29T11:00","24.5","17.8","608.0"
"2024-08-29T12:00","25.5","16.6","634.0"
"2024-08-29T13:00","25.6","16.7","586.0"
"2024-08-29T14:00","26.2","15.4","514.0"
"2024-08-29T15:00","27.0","11.5","422.0"
"2024-08-29T16:00","27.4","11.4","277.0"
"2024-08-29T17:00","26.8","13.7","150.0"
"2024-08-29T18:00","24.6","8.2","44.0"
"2024-08-29T19:00","23.1","9.4","0.0"
"2024-08-29T20:00","22.6","9.6","0.0"
"2024-08-29T21:00","21.8","8.0","0.0"
"2024-08-29T22:00","20.9","11.9","0.0"
"2024-08-29T23:00","19.6","15.6","0.0"
"2024-08-30T00:00","18.9","10.7","0.0"
"2024-08-30T01:00","18.1","17.2","0.0"
"2024-08-30T02:00","17.2","16.4","0.0"
"2024-08-30T03:00","16.6","16.8","0.0"
"2024-08-30T04:00","15.8","16.6","0.0"
"2024-08-30T05:00","15.4","16.4","14.0"
"2024-08-30T06:00","15.8","15.9","99.0"
"2024-08-30T07:00","16.5","15.5","202.0"
"2024-08-30T08:00","17.5","14.3","313.0"
"2024-08-30T09:00","17.7","14.0","298.0"
"2024-08-30T10:00","17.5","13.0","219.0"
"2024-08-30T11:00","19.0","12.2","479.0"
"2024-08-30T12:00","20.0","13.8","625.0"
"2024-08-30T13:00","19.7","15.8","633.0"
"2024-08-30T14:00","19.7","15.5","550.0"
"2024-08-30T15:00","19.5","13.8","445.0"
"2024-08-30T16:00","19.2","12.4","303.0"
"2024-08-30T17:00","18.8","12.6","149.0"
"2024-08-30T18:00","17.1","7.2","43.0"
"2024-08-30T19:00","15.6","7.6","0.0"
"2024-08-30T20:00","15.4","12.3","0.0"
"2024-08-30T21:00","15.0","13.4","0.0"
"2024-08-30T22:00","14.3","12.2","0.0"
"2024-08-30T23:00","13.8","13.4","0.0"
"2024-08-31T00:00","13.2","13.7","0.0"
"2024-08-31T01:00","12.8","14.3","0.0"
"2024-08-31T02:00","12.3","13.8","0.0"
"2024-08-31T03:00","11.8","9.5","0.0"
"2024-08-31T04:00","11.2","8.1","0.0"
"2024-08-31T05:00","11.7","9.9","15.0"
"2024-08-31T06:00","13.6","10.5","116.0"
"2024-08-31T07:00","15.6","11.6","255.0"
"2024-08-31T08:00","17.0","14.8","383.0"
"2024-08-31T09:00","17.9","13.0","493.0"
"2024-08-31T10:00","18.5","11.0","591.0"
"2024-08-31T11:00","19.1","11.2","632.0"
"2024-08-31T12:00","19.5","11.4","637.0"
"2024-08-31T13:00","19.4","12.7","613.0"
"2024-08-31T14:00","19.1","13.8","544.0"
"2024-08-31T15:00","18.7","12.6","441.0"
"2024-08-31T16:00","18.0","11.0","311.0"
"2024-08-31T17:00","17.0","10.5","165.0"
"2024-08-31T18:00","15.3","7.4","41.0"
"2024-08-31T19:00","14.2","6.9","0.0"
"2024-08-31T20:00","12.9","6.5","0.0"
"2024-08-31T21:00","12.3","6.8","0.0"
"2024-08-31T22:00","11.9","8.0","0.0"
"2024-08-31T23:00","11.6","7.7","0.0"
"2024-09-01T00:00","11.1","7.0","0.0"
"2024-09-01T01:00","9.6","8.4","0.0"
"2024-09-01T02:00","9.6","6.9","0.0"
"2024-09-01T03:00","9.3","7.2","0.0"
"2024-09-01T04:00","9.4","6.9","0.0"
"2024-09-01T05:00","11.0","5.3","12.0"
"2024-09-01T06:00","12.7","6.6","82.0"
"2024-09-01T07:00","14.2","6.1","180.0"
"2024-09-01T08:00","15.9","6.8","303.0"
"2024-09-01T09:00","17.5","8.0","446.0"
"2024-09-01T10:00","18.1","9.0","390.0"
"2024-09-01T11:00","18.5","11.1","393.0"
"2024-09-01T12:00","18.6","10.6","342.0"
"2024-09-01T13:00","19.0","10.2","381.0"
"2024-09-01T14:00","19.0","9.5","325.0"
"2024-09-01T15:00","19.1","8.9","310.0"
"2024-09-01T16:00","18.8","7.9","184.0"
"2024-09-01T17:00","18.0","5.1","120.0"
"2024-09-01T18:00","14.9","9.0","36.0"
"2024-09-01T19:00","14.9","8.4","0.0"
"2024-09-01T20:00","13.6","6.4","0.0"
"2024-09-01T21:00","12.6","7.1","0.0"
"2024-09-01T22:00","12.1","8.2","0.0"
"2024-09-01T23:00","12.9","5.9","0.0"
"2024-09-02T00:00","12.3","5.9","0.0"
"2024-09-02T01:00","11.0","7.2","0.0"
"2024-09-02T02:00","11.4","6.4","0.0"
"2024-09-02T03:00","11.9","6.5","0.0"
"2024-09-02T04:00","11.9","6.4","0.0"
"2024-09-02T05:00","12.2","7.9","10.0"
"2024-09-02T06:00","14.2","10.3","93.0"
"2024-09-02T07:00","16.5","10.1","225.0"
"2024-09-02T08:00","17.6","12.9","337.0"
"2024-09-02T09:00","18.0","14.0","384.0"
"2024-09-02T10:00","19.0","17.7","535.0"
"2024-09-02T11:00","19.5","20.2","537.0"
"2024-09-02T12:00","19.6","20.8","501.0"
"2024-09-02T13:00","19.7","20.7","524.0"
"2024-09-02T14:00","19.4","19.9","382.0"
"2024-09-02T15:00","19.1","20.2","302.0"
"2024-09-02T16:00","18.8","20.8","233.0"
"2024-09-02T17:00","18.1","19.5","109.0"
"2024-09-02T18:00","17.5","20.2","23.0"
"2024-09-02T19:00","17.4","20.0","0.0"
"2024-09-02T20:00","17.1","21.3","0.0"
"2024-09-02T21:00","17.0","20.6","0.0"
"2024-09-02T22:00","16.8","18.4","0.0"
"2024-09-02T23:00","16.6","17.1","0.0"
"2024-09-03T00:00","16.5","17.4","0.0"
"2024-09-03T01:00","16.5","17.3","0.0"
"2024-09-03T02:00","16.9","17.8","0.0"
"2024-09-03T03:00","17.0","18.3","0.0"
"2024-09-03T04:00","17.2","20.6","0.0"
"2024-09-03T05:00","17.4","19.8","10.0"
"2024-09-03T06:00","18.3","22.6","94.0"
"2024-09-03T07:00","19.3","23.7","232.0"
"2024-09-03T08:00","20.2","23.3","369.0"
"2024-09-03T09:00","20.9","24.1","487.0"
"2024-09-03T10:00","21.2","27.1","577.0"
"2024-09-03T11:00","21.5","28.2","626.0"
"2024-09-03T12:00","21.6","26.4","629.0"
"2024-09-03T13:00","21.8","24.0","597.0"
"2024-09-03T14:00","22.0","22.9","512.0"
"2024-09-03T15:00","22.0","22.7","392.0"
"2024-09-03T16:00","21.9","21.6","278.0"
"2024-09-03T17:00","21.4","19.5","137.0"
"2024-09-03T18:00","20.8","19.3","29.0"
"2024-09-03T19:00","20.1","16.8","0.0"
"2024-09-03T20:00","19.8","14.5","0.0"
"2024-09-03T21:00","19.5","11.0","0.0"
"2024-09-03T22:00","19.5","14.2","0.0"
"2024-09-03T23:00","19.6","14.3","0.0"
"2024-09-04T00:00","19.2","12.2","0.0"
"2024-09-04T01:00","20.5","6.4","0.0"
"2024-09-04T02:00","18.5","5.1","0.0"
"2024-09-04T03:00","18.7","12.2","0.0"
"2024-09-04T04:00","18.6","10.2","0.0"
"2024-09-04T05:00","18.6","6.4","9.0"
"2024-09-04T06:00","19.9","8.8","86.0"
"2024-09-04T07:00","21.1","13.5","199.0"
"2024-09-04T08:00","22.4","17.7","356.0"
"2024-09-04T09:00","23.0","15.1","427.0"
"2024-09-04T10:00","23.2","22.1","499.0"
"2024-09-04T11:00","23.5","22.4","577.0"
"2024-09-04T12:00","23.6","24.3","593.0"
"2024-09-04T13:00","24.1","17.0","567.0"
"2024-09-04T14:00","24.4","19.4","482.0"
"2024-09-04T15:00","24.6","20.6","391.0"
"2024-09-04T16:00","24.2","23.1","267.0"
"2024-09-04T17:00","23.6","26.3","138.0"
"2024-09-04T18:00","23.0","24.9","27.0"
"2024-09-04T19:00","22.3","23.8","0.0"
"2024-09-04T20:00","21.6","23.3","0.0"
"2024-09-04T21:00","20.9","22.4","0.0"
"2024-09-04T22:00","20.1","21.6","0.0"
"2024-09-04T23:00","19.5","20.5","0.0"
"2024-09-05T00:00","19.2","19.9","0.0"
"2024-09-05T01:00","18.9","19.0","0.0"
"2024-09-05T02:00","18.9","17.8","0.0"
"2024-09-05T03:00","18.8","18.3","0.0"
"2024-09-05T04:00","18.8","18.4","0.0"
"2024-09-05T05:00","18.9","19.6","8.0"
"2024-09-05T06:00","20.0","20.9","94.0"
"2024-09-05T07:00","21.5","20.4","226.0"
"2024-09-05T08:00","23.0","22.0","362.0"
"2024-09-05T09:00","24.4","22.4","479.0"
"2024-09-05T10:00","25.5","22.5","566.0"
"2024-09-05T11:00","26.4","23.1","615.0"
"2024-09-05T12:00","26.8","23.5","621.0"
"2024-09-05T13:00","26.9","24.1","587.0"
"2024-09-05T14:00","26.1","24.7","511.0"
"2024-09-05T15:00","25.0","25.6","406.0"
"2024-09-05T16:00","23.5","26.2","275.0"
"2024-09-05T17:00","22.0","26.2","126.0"
"2024-09-05T18:00","20.7","26.8","24.0"
"2024-09-05T19:00","20.0","26.3","0.0"
"2024-09-05T20:00","19.8","26.9","0.0"
"2024-09-05T21:00","19.8","26.9","0.0"
"2024-09-05T22:00","19.7","25.8","0.0"
"2024-09-05T23:00","19.7","25.5","0.0"
"2024-09-06T00:00","19.6","25.2","0.0"
"2024-09-06T01:00","19.6","23.0","0.0"
"2024-09-06T02:00","19.4","22.5","0.0"
"2024-09-06T03:00","19.3","22.9","0.0"
"2024-09-06T04:00","19.2","22.9","0.0"
"2024-09-06T05:00","19.3","24.2","7.0"
"2024-09-06T06:00","20.0","24.8","90.0"
"2024-09-06T07:00","21.0","24.3","222.0"
"2024-09-06T08:00","22.2","25.3","359.0"
"2024-09-06T09:00","23.5","26.8","478.0"
"2024-09-06T10:00","24.1","26.6","566.0"
"2024-09-06T11:00","24.6","25.6","614.0"
"2024-09-06T12:00","25.1","24.5","618.0"
"2024-09-06T13:00","25.2","24.5","580.0"
"2024-09-06T14:00","25.1","22.7","504.0"
"2024-09-06T15:00","24.6","20.9","395.0"
"2024-09-06T16:00","23.5","21.5","264.0"
"2024-09-06T17:00","22.1","22.9","124.0"
"2024-09-06T18:00","20.6","22.5","21.0"
"2024-09-06T19:00","19.8","21.2","0.0"
"2024-09-06T20:00","19.2","20.3","0.0"
"2024-09-06T21:00","18.9","19.4","0.0"
"2024-09-06T22:00","18.7","18.4","0.0"
"2024-09-06T23:00","18.6","18.1","0.0"
"2024-09-07T00:00","18.6","17.7","0.0"
"2024-09-07T01:00","18.2","15.6","0.0"
"2024-09-07T02:00","18.2","16.2","0.0"
"2024-09-07T03:00","18.2","15.3","0.0"
"2024-09-07T04:00","18.1","15.3","0.0"
"2024-09-07T05:00","18.5","16.2","5.0"
"2024-09-07T06:00","19.5","18.0","63.0"
"2024-09-07T07:00","20.5","16.6","135.0"
"2024-09-07T08:00","21.6","19.6","248.0"
"2024-09-07T09:00","22.3","21.2","349.0"
"2024-09-07T10:00","22.8","22.4","466.0"
"2024-09-07T11:00","22.8","24.7","544.0"
"2024-09-07T12:00","22.6","24.0","592.0"
"2024-09-07T13:00","23.0","22.7","563.0"
"2024-09-07T14:00","22.6","21.9","487.0"
"2024-09-07T15:00","22.4","20.1","382.0"
"2024-09-07T16:00","21.9","18.7","241.0"
"2024-09-07T17:00","21.2","17.4","108.0"
"2024-09-07T18:00","20.6","16.3","16.0"
"2024-09-07T19:00","20.4","15.2","0.0"
"2024-09-07T20:00","20.3","14.0","0.0"
"2024-09-07T21:00","20.4","13.2","0.0"
"2024-09-07T22:00","20.3","13.0","0.0"
"2024-09-07T23:00","20.1","13.3","0.0"
"2024-09-08T00:00","20.1","14.0","0.0"
"2024-09-08T01:00","20.1","14.8","0.0"
"2024-09-08T02:00","19.6","14.2","0.0"
"2024-09-08T03:00","19.4","13.6","0.0"
"2024-09-08T04:00","19.2","13.3","0.0"
"2024-09-08T05:00","19.4","13.9","5.0"
"2024-09-08T06:00","20.5","16.5","81.0"
"2024-09-08T07:00","21.8","16.7","210.0"
"2024-09-08T08:00","22.6","20.5","344.0"
"2024-09-08T09:00","23.0","21.9","460.0"
"2024-09-08T10:00","23.4","21.6","547.0"
"2024-09-08T11:00","23.2","22.5","543.0"
"2024-09-08T12:00","23.2","22.3","531.0"
"2024-09-08T13:00","23.7","22.1","542.0"
"2024-09-08T14:00","23.6","22.5","490.0"
"2024-09-08T15:00","23.4","21.2","370.0"
"2024-09-08T16:00","22.9","20.7","234.0"
"2024-09-08T17:00","22.0","18.6","93.0"
"2024-09-08T18:00","21.6","18.5","12.0"
"2024-09-08T19:00","21.4","15.3","0.0"
"2024-09-08T20:00","20.9","12.2","0.0"
"2024-09-08T21:00","20.2","11.0","0.0"
"2024-09-08T22:00","19.8","8.9","0.0"
"2024-09-08T23:00","19.2","5.9","0.0"
"2024-09-09T00:00","19.5","3.5","0.0"
"2024-09-09T01:00","18.0","3.6","0.0"
"2024-09-09T02:00","18.2","1.8","0.0"
"2024-09-09T03:00","18.2","4.8","0.0"
"2024-09-09T04:00","18.0","10.9","0.0"
"2024-09-09T05:00","17.8","13.9","1.0"
"2024-09-09T06:00","18.2","4.1","52.0"
"2024-09-09T07:00","18.2","10.6","47.0"
"2024-09-09T08:00","18.6","4.4","125.0"
"2024-09-09T09:00","18.8","6.8","97.0"
"2024-09-09T10:00","19.5","3.7","178.0"
"2024-09-09T11:00","19.5","4.1","74.0"
"2024-09-09T12:00","19.3","3.3","61.0"
"2024-09-09T13:00","17.8","15.8","66.0"
"2024-09-09T14:00","17.6","19.4","53.0"
"2024-09-09T15:00","17.0","22.9","46.0"
"2024-09-09T16:00","16.5","25.7","15.0"
"2024-09-09T17:00","16.4","23.0","19.0"
"2024-09-09T18:00","16.4","20.4","2.0"
"2024-09-09T19:00","16.5","20.2","0.0"
"2024-09-09T20:00","16.5","20.3","0.0"
"2024-09-09T21:00","16.5","18.4","0.0"
"2024-09-09T22:00","16.1","17.8","0.0"
"2024-09-09T23:00","15.9","20.1","0.0"
"2024-09-10T00:00","15.4","22.5","0.0"
"2024-09-10T01:00","14.9","23.2","0.0"
"2024-09-10T02:00","14.4","22.1","0.0"
"2024-09-10T03:00","13.6","22.4","0.0"
"2024-09-10T04:00","13.1","22.1","0.0"
"2024-09-10T05:00","13.1","18.8","3.0"
"2024-09-10T06:00","13.7","18.8","70.0"
"2024-09-10T07:00","14.6","22.5","192.0"
"2024-09-10T08:00","15.1","22.0","322.0"
"2024-09-10T09:00","16.0","20.3","456.0"
"2024-09-10T10:00","17.2","22.2","557.0"
"2024-09-10T11:00","17.6","22.9","442.0"
"2024-09-10T12:00","17.5","25.0","272.0"
"2024-09-10T13:00","16.5","29.4","245.0"
"2024-09-10T14:00","16.8","32.1","249.0"
"2024-09-10T15:00","16.9","35.1","308.0"
"2024-09-10T16:00","16.5","28.7","69.0"
"2024-09-10T17:00","16.3","28.3","48.0"
"2024-09-10T18:00","15.8","28.4","3.0"
"2024-09-10T19:00","15.4","29.5","0.0"
"2024-09-10T20:00","14.6","29.4","0.0"
"2024-09-10T21:00","14.2","24.5","0.0"
"2024-09-10T22:00","14.4","19.4","0.0"
"2024-09-10T23:00","14.2","15.9","0.0"
"2024-09-11T00:00","13.9","12.4","0.0"
"2024-09-11T01:00","13.4","9.9","0.0"
"2024-09-11T02:00","13.2","6.2","0.0"
"2024-09-11T03:00","13.1","4.7","0.0"
"2024-09-11T04:00","12.5","10.9","0.0"
"2024-09-11T05:00","12.0","9.4","0.0"
"2024-09-11T06:00","11.9","11.4","7.0"
"2024-09-11T07:00","11.8","10.6","17.0"
"2024-09-11T08:00","11.9","12.1","94.0"
"2024-09-11T09:00","11.8","13.5","69.0"
"2024-09-11T10:00","12.6","14.1","144.0"
"2024-09-11T11:00","14.1","13.7","409.0"
"2024-09-11T12:00","15.4","13.5","589.0"
"2024-09-11T13:00","14.8","10.0","512.0"
"2024-09-11T14:00","11.7","20.1","375.0"
"2024-09-11T15:00","12.6","10.8","216.0"
"2024-09-11T16:00","13.1","13.4","226.0"
"2024-09-11T17:00","12.4","13.3","105.0"
"2024-09-11T18:00","11.4","17.3","9.0"
"2024-09-11T19:00","10.5","12.2","0.0"
"2024-09-11T20:00","10.4","13.1","0.0"
"2024-09-11T21:00","10.4","13.0","0.0"
"2024-09-11T22:00","10.4","14.0","0.0"
"2024-09-11T23:00","10.2","14.6","0.0"
"2024-09-12T00:00","9.9","14.3","0.0"
"2024-09-12T01:00","9.2","12.8","0.0"
"2024-09-12T02:00","9.0","13.6","0.0"
"2024-09-12T03:00","9.1","14.1","0.0"
"2024-09-12T04:00","8.4","12.3","0.0"
"2024-09-12T05:00","8.6","12.9","2.0"
"2024-09-12T06:00","10.2","14.7","65.0"
"2024-09-12T07:00","11.8","13.9","190.0"
"2024-09-12T08:00","12.9","18.4","323.0"
"2024-09-12T09:00","13.8","18.7","400.0"
"2024-09-12T10:00","14.0","18.8","430.0"
"2024-09-12T11:00","13.9","16.7","450.0"
"2024-09-12T12:00","14.9","16.5","570.0"
"2024-09-12T13:00","14.4","19.6","476.0"
"2024-09-12T14:00","13.9","20.7","395.0"
"2024-09-12T15:00","13.7","17.9","333.0"
"2024-09-12T16:00","13.6","17.4","223.0"
"2024-09-12T17:00","12.8","13.0","84.0"
"2024-09-12T18:00","11.5","10.0","7.0"
"2024-09-12T19:00","10.6","9.2","0.0"
"2024-09-12T20:00","9.8","7.6","0.0"
"2024-09-12T21:00","9.1","7.2","0.0"
"2024-09-12T22:00","9.1","8.0","0.0"
"2024-09-12T23:00","9.1","6.6","0.0"
"2024-09-13T00:00","9.1","6.9","0.0"
"2024-09-13T01:00","8.6","8.8","0.0"
"2024-09-13T02:00","8.6","9.7","0.0"
"2024-09-13T03:00","8.9","7.9","0.0"
"2024-09-13T04:00","9.1","8.9","0.0"
"2024-09-13T05:00","9.4","10.2","1.0"
"2024-09-13T06:00","11.0","14.0","57.0"
"2024-09-13T07:00","12.6","14.3","144.0"
"2024-09-13T08:00","13.9","16.9","298.0"
"2024-09-13T09:00","14.2","17.2","353.0"
"2024-09-13T10:00","14.5","18.9","399.0"
"2024-09-13T11:00","14.7","20.3","441.0"
"2024-09-13T12:00","14.9","20.6","456.0"
"2024-09-13T13:00","14.4","22.4","419.0"
"2024-09-13T14:00","14.5","23.5","380.0"
"2024-09-13T15:00","14.0","20.8","221.0"
"2024-09-13T16:00","13.6","17.4","117.0"
"2024-09-13T17:00","13.3","15.9","62.0"
"2024-09-13T18:00","12.1","14.3","6.0"
"2024-09-13T19:00","11.8","14.1","0.0"
"2024-09-13T20:00","12.1","16.4","0.0"
"2024-09-13T21:00","12.2","17.8","0.0"
"2024-09-13T22:00","12.1","18.6","0.0"
"2024-09-13T23:00","11.6","18.9","0.0"
"2024-09-14T00:00","11.6","18.6","0.0"
"2024-09-14T01:00","10.9","17.6","0.0"
"2024-09-14T02:00","11.4","19.4","0.0"
"2024-09-14T03:00","11.8","19.2","0.0"
"2024-09-14T04:00","11.6","19.1","0.0"
"2024-09-14T05:00","11.6","19.9","1.0"
"2024-09-14T06:00","12.4","20.0","56.0"
"2024-09-14T07:00","13.6","20.8","189.0"
"2024-09-14T08:00","14.4","24.3","264.0"
"2024-09-14T09:00","15.0","24.3","339.0"
"2024-09-14T10:00","15.3","23.7","378.0"
"2024-09-14T11:00","15.8","23.5","510.0"
"2024-09-14T12:00","15.6","24.2","471.0"
"2024-09-14T13:00","15.4","25.2","444.0"
"2024-09-14T14:00","15.1","24.3","451.0"
"2024-09-14T15:00","14.9","23.5","368.0"
"2024-09-14T16:00","14.3","21.3","233.0"
"2024-09-14T17:00","13.2","17.9","94.0"
"2024-09-14T18:00","12.2","15.3","6.0"
"2024-09-14T19:00","11.6","12.9","0.0"
"2024-09-14T20:00","10.9","10.6","0.0"
"2024-09-14T21:00","10.6","10.5","0.0"
"2024-09-14T22:00","10.9","12.5","0.0"
"2024-09-14T23:00","10.7","13.3","0.0"
"2024-09-15T00:00","10.6","13.3","0.0"
"2024-09-15T01:00","9.9","12.1","0.0"
"2024-09-15T02:00","9.8","11.6","0.0"
"2024-09-15T03:00","9.7","9.6","0.0"
"2024-09-15T04:00","9.4","8.1","0.0"
"2024-09-15T05:00","9.1","7.1","1.0"
"2024-09-15T06:00","10.6","8.3","52.0"
"2024-09-15T07:00","12.1","7.4","161.0"
"2024-09-15T08:00","13.6","9.7","289.0"
"2024-09-15T09:00","14.8","13.6","392.0"
"2024-09-15T10:00","15.5","11.7","456.0"
"2024-09-15T11:00","16.0","11.2","495.0"
"2024-09-15T12:00","16.4","10.4","522.0"
"2024-09-15T13:00","16.6","7.6","546.0"
"2024-09-15T14:00","16.6","8.6","483.0"
"2024-09-15T15:00","16.0","12.1","355.0"
"2024-09-15T16:00","14.9","13.3","218.0"
"2024-09-15T17:00","13.2","10.4","86.0"
"2024-09-15T18:00","11.4","8.7","4.0"
"2024-09-15T19:00","10.3","6.8","0.0"
"2024-09-15T20:00","9.9","7.8","0.0"
"2024-09-15T21:00","9.2","8.1","0.0"
"2024-09-15T22:00","8.7","7.0","0.0"
"2024-09-15T23:00","8.2","6.7","0.0"
"2024-09-16T00:00","7.6","9.1","0.0"
"2024-09-16T01:00","7.1","5.6","0.0"
"2024-09-16T02:00","7.1","5.6","0.0"
"2024-09-16T03:00","7.7","7.7","0.0"
"2024-09-16T04:00","8.0","7.3","0.0"
"2024-09-16T05:00","8.3","9.0","1.0"
"2024-09-16T06:00","9.4","11.4","49.0"
"2024-09-16T07:00","10.9","9.2","163.0"
"2024-09-16T08:00","13.1","8.1","286.0"
"2024-09-16T09:00","14.8","8.1","394.0"
"2024-09-16T10:00","16.0","10.8","442.0"
"2024-09-16T11:00","17.0","13.3","477.0"
"2024-09-16T12:00","17.6","13.0","451.0"
"2024-09-16T13:00","17.9","13.0","530.0"
"2024-09-16T14:00","17.8","13.8","446.0"
"2024-09-16T15:00","17.5","13.0","288.0"
"2024-09-16T16:00","16.5","14.2","162.0"
"2024-09-16T17:00","15.1","15.1","60.0"
"2024-09-16T18:00","14.0","14.1","3.0"
"2024-09-16T19:00","13.4","13.7","0.0"
"2024-09-16T20:00","13.5","12.6","0.0"
"2024-09-16T21:00","13.6","13.0","0.0"
"2024-09-16T22:00","13.6","12.2","0.0"
"2024-09-16T23:00","13.8","11.5","0.0"
"2024-09-17T00:00","13.8","10.4","0.0"
"2024-09-17T01:00","12.1","10.1","0.0"
"2024-09-17T02:00","11.9","10.8","0.0"
"2024-09-17T03:00","11.6","7.6","0.0"
"2024-09-17T04:00","11.1","8.0","0.0"
"2024-09-17T05:00","10.8","8.7","0.0"
"2024-09-17T06:00","12.1","9.8","49.0"
"2024-09-17T07:00","13.8","7.0","157.0"
"2024-09-17T08:00","15.4","6.4","275.0"
"2024-09-17T09:00","16.9","10.1","395.0"
"2024-09-17T10:00","18.2","9.8","443.0"
"2024-09-17T11:00","19.3","7.6","423.0"
"2024-09-17T12:00","19.6","6.3","490.0"
"2024-09-17T13:00","19.2","5.7","400.0"
"2024-09-17T14:00","19.0","5.5","347.0"
"2024-09-17T15:00","18.0","3.4","242.0"
"2024-09-17T16:00","17.2","6.2","129.0"
"2024-09-17T17:00","15.9","6.8","48.0"
"2024-09-17T18:00","14.4","7.2","2.0"
"2024-09-17T19:00","13.6","8.5","0.0"
"2024-09-17T20:00","13.3","10.2","0.0"
"2024-09-17T21:00","13.2","9.0","0.0"
"2024-09-17T22:00","13.1","7.2","0.0"
"2024-09-17T23:00","12.9","6.2","0.0"
"2024-09-18T00:00","12.4","5.6","0.0"
"2024-09-18T01:00","11.9","6.5","0.0"
"2024-09-18T02:00","11.9","6.9","0.0"
"2024-09-18T03:00","12.3","6.4","0.0"
"2024-09-18T04:00","13.3","4.8","0.0"
"2024-09-18T05:00","12.6","6.1","0.0"
"2024-09-18T06:00","13.8","8.0","48.0"
"2024-09-18T07:00","15.6","7.8","168.0"
"2024-09-18T08:00","16.8","8.0","301.0"
"2024-09-18T09:00","17.7","9.2","418.0"
"2024-09-18T10:00","18.2","8.3","506.0"
"2024-09-18T11:00","18.9","6.9","556.0"
"2024-09-18T12:00","19.3","6.0","561.0"
"2024-09-18T13:00","16.7","6.6","438.0"
"2024-09-18T14:00","16.9","5.0","426.0"
"2024-09-18T15:00","17.0","2.6","325.0"
"2024-09-18T16:00","17.0","1.8","193.0"
"2024-09-18T17:00","16.3","5.0","67.0"
"2024-09-18T18:00","14.4","7.6","2.0"
"2024-09-18T19:00","14.8","8.1","0.0"
"2024-09-18T20:00","14.7","9.1","0.0"
"2024-09-18T21:00","14.6","8.7","0.0"
"2024-09-18T22:00","13.9","7.9","0.0"
"2024-09-18T23:00","13.4","8.3","0.0"
"2024-09-19T00:00","13.1","9.0","0.0"
"2024-09-19T01:00","13.1","9.8","0.0"
"2024-09-19T02:00","12.9","9.3","0.0"
"2024-09-19T03:00","12.8","9.7","0.0"
"2024-09-19T04:00","12.6","10.5","0.0"
"2024-09-19T05:00","12.4","10.7","0.0"
"2024-09-19T06:00","13.1","12.5","47.0"
"2024-09-19T07:00","14.4","12.4","170.0"
"2024-09-19T08:00","15.4","13.4","304.0"
"2024-09-19T09:00","16.5","12.8","420.0"
"2024-09-19T10:00","17.6","12.4","506.0"
"2024-09-19T11:00","18.5","13.0","556.0"
"2024-09-19T12:00","19.1","12.2","558.0"
"2024-09-19T13:00","18.3","11.2","500.0"
"2024-09-19T14:00","18.6","13.0","426.0"
"2024-09-19T15:00","18.5","15.3","316.0"
"2024-09-19T16:00","18.0","16.0","187.0"
"2024-09-19T17:00","16.6","13.4","61.0"
"2024-09-19T18:00","15.6","13.2","1.0"
"2024-09-19T19:00","15.1","11.7","0.0"
"2024-09-19T20:00","14.8","10.5","0.0"
"2024-09-19T21:00","14.5","10.7","0.0"
"2024-09-19T22:00","14.4","10.7","0.0"
"2024-09-19T23:00","14.3","10.2","0.0"
"2024-09-20T00:00","14.1","9.8","0.0"
"2024-09-20T01:00","14.1","11.6","0.0"
"2024-09-20T02:00","14.1","11.4","0.0"
"2024-09-20T03:00","14.1","11.4","0.0"
"2024-09-20T04:00","14.1","10.6","0.0"
"2024-09-20T05:00","14.1","10.5","0.0"
"2024-09-20T06:00","14.8","11.7","43.0"
"2024-09-20T07:00","16.0","10.9","165.0"
"2024-09-20T08:00","17.2","11.6","301.0"
"2024-09-20T09:00","18.5","12.3","420.0"
"2024-09-20T10:00","19.5","12.4","507.0"
"2024-09-20T11:00","20.3","12.7","554.0"
"2024-09-20T12:00","20.9","12.8","557.0"
"2024-09-20T13:00","20.2","11.2","516.0"
"2024-09-20T14:00","20.5","10.8","434.0"
"2024-09-20T15:00","20.3","10.4","321.0"
"2024-09-20T16:00","19.4","8.3","188.0"
"2024-09-20T17:00","16.4","7.3","60.0"
"2024-09-20T18:00","15.6","7.6","1.0"
"2024-09-20T19:00","15.9","10.4","0.0"
"2024-09-20T20:00","15.5","11.2","0.0"
"2024-09-20T21:00","15.0","10.8","0.0"
"2024-09-20T22:00","14.4","9.7","0.0"
"2024-09-20T23:00","14.0","8.6","0.0"
"2024-09-21T00:00","13.6","8.0","0.0"
"2024-09-21T01:00","12.9","7.4","0.0"
"2024-09-21T02:00","12.9","8.0","0.0"
"2024-09-21T03:00","12.8","8.5","0.0"
"2024-09-21T04:00","12.8","9.2","0.0"
"2024-09-21T05:00","12.6","8.3","0.0"
"2024-09-21T06:00","13.7","8.4","42.0"
"2024-09-21T07:00","15.4","10.0","166.0"
"2024-09-21T08:00","16.7","10.5","299.0"
"2024-09-21T09:00","17.7","12.0","415.0"
"2024-09-21T10:00","18.5","12.2","503.0"
"2024-09-21T11:00","19.0","13.0","549.0"
"2024-09-21T12:00","19.1","13.1","553.0"
"2024-09-21T13:00","19.5","12.8","512.0"
"2024-09-21T14:00","19.3","12.0","427.0"
"2024-09-21T15:00","18.9","10.4","303.0"
"2024-09-21T16:00","18.0","8.5","170.0"
"2024-09-21T17:00","16.4","6.2","44.0"
"2024-09-21T18:00","15.4","6.9","0.0"
"2024-09-21T19:00","15.5","6.5","0.0"
"2024-09-21T20:00","15.5","8.0","0.0"
"2024-09-21T21:00","15.3","9.1","0.0"
"2024-09-21T22:00","14.9","8.8","0.0"
"2024-09-21T23:00","14.2","8.3","0.0"
"2024-09-22T00:00","13.9","8.3","0.0"
"2024-09-22T01:00","13.8","8.8","0.0"
"2024-09-22T02:00","13.8","8.9","0.0"
"2024-09-22T03:00","13.8","10.1","0.0"
"2024-09-22T04:00","13.7","11.1","0.0"
"2024-09-22T05:00","13.8","11.3","0.0"
"2024-09-22T06:00","14.5","12.6","39.0"
"2024-09-22T07:00","15.9","12.6","158.0"
"2024-09-22T08:00","17.0","16.7","293.0"
"2024-09-22T09:00","18.0","15.7","402.0"
"2024-09-22T10:00","18.9","16.3","493.0"
"2024-09-22T11:00","19.3","16.8","541.0"
"2024-09-22T12:00","19.2","16.5","541.0"
"2024-09-22T13:00","19.0","14.2","502.0"
"2024-09-22T14:00","18.7","14.0","420.0"
"2024-09-22T15:00","18.1","12.8","306.0"
"2024-09-22T16:00","17.4","12.1","174.0"
"2024-09-22T17:00","16.1","11.3","49.0"
"2024-09-22T18:00","15.8","11.6","0.0"
"2024-09-22T19:00","15.4","10.3","0.0"
"2024-09-22T20:00","15.0","9.1","0.0"
"2024-09-22T21:00","14.7","9.1","0.0"
"2024-09-22T22:00","14.6","8.8","0.0"
"2024-09-22T23:00","14.4","8.0","0.0"
"2024-09-23T00:00","14.2","7.3","0.0"
"2024-09-23T01:00","13.9","7.6","0.0"
"2024-09-23T02:00","13.7","7.6","0.0"
"2024-09-23T03:00","13.4","6.9","0.0"
"2024-09-23T04:00","13.2","7.3","0.0"
"2024-09-23T05:00","13.2","7.6","0.0"
"2024-09-23T06:00","14.2","8.7","33.0"
"2024-09-23T07:00","15.5","9.2","143.0"
"2024-09-23T08:00","16.7","9.2","261.0"
"2024-09-23T09:00","17.9","10.3","388.0"
"2024-09-23T10:00","18.6","10.8","485.0"
"2024-09-23T11:00","19.1","11.9","526.0"
"2024-09-23T12:00","19.3","12.3","526.0"
"2024-09-23T13:00","19.3","11.7","488.0"
"2024-09-23T14:00","19.1","12.0","405.0"
"2024-09-23T15:00","18.5","12.0","286.0"
"2024-09-23T16:00","17.6","10.7","157.0"
"2024-09-23T17:00","16.0","8.7","42.0"
"2024-09-23T18:00","15.3","8.0","0.0"
"2024-09-23T19:00","15.2","7.9","0.0"
"2024-09-23T20:00","15.3","8.4","0.0"
"2024-09-23T21:00","15.1","7.3","0.0"
"2024-09-23T22:00","14.9","6.5","0.0"
"2024-09-23T23:00","14.4","6.4","0.0"
"2024-09-24T00:00","14.0","6.9","0.0"
"2024-09-24T01:00","13.5","8.1","0.0"
"2024-09-24T02:00","12.7","9.7","0.0"
"2024-09-24T03:00","12.4","9.7","0.0"
"2024-09-24T04:00","12.1","7.7","0.0"
"2024-09-24T05:00","14.2","2.5","0.0"
"2024-09-24T06:00","14.2","4.1","18.0"
"2024-09-24T07:00","15.2","8.4","78.0"
"2024-09-24T08:00","16.5","10.2","189.0"
"2024-09-24T09:00","17.3","13.0","259.0"
"2024-09-24T10:00","17.6","12.6","253.0"
"2024-09-24T11:00","18.0","12.2","294.0"
"2024-09-24T12:00","18.0","10.1","223.0"
"2024-09-24T13:00","17.1","11.2","152.0"
"2024-09-24T14:00","16.5","6.6","56.0"
"2024-09-24T15:00","16.4","5.8","65.0"
"2024-09-24T16:00","15.8","10.4","21.0"
"2024-09-24T17:00","15.2","10.4","5.0"
"2024-09-24T18:00","15.0","11.5","0.0"
"2024-09-24T19:00","14.8","13.6","0.0"
"2024-09-24T20:00","14.5","17.3","0.0"
"2024-09-24T21:00","14.2","19.4","0.0"
"2024-09-24T22:00","13.9","20.0","0.0"
"2024-09-24T23:00","13.4","18.7","0.0"
"2024-09-25T00:00","13.6","19.0","0.0"
"2024-09-25T01:00","14.5","23.9","0.0"
"2024-09-25T02:00","14.1","23.3","0.0"
"2024-09-25T03:00","14.0","23.8","0.0"
"2024-09-25T04:00","13.4","24.0","0.0"
"2024-09-25T05:00","12.8","22.3","0.0"
"2024-09-25T06:00","13.3","23.6","28.0"
"2024-09-25T07:00","14.2","24.4","113.0"
"2024-09-25T08:00","14.8","30.0","206.0"
"2024-09-25T09:00","15.0","29.5","242.0"
"2024-09-25T10:00","15.5","29.5","348.0"
"2024-09-25T11:00","15.8","29.1","358.0"
"2024-09-25T12:00","15.6","30.8","375.0"
"2024-09-25T13:00","15.7","25.9","312.0"
"2024-09-25T14:00","14.9","29.5","205.0"
"2024-09-25T15:00","13.8","19.7","59.0"
"2024-09-25T16:00","13.8","19.0","76.0"
"2024-09-25T17:00","13.1","16.5","26.0"
"2024-09-25T18:00","12.8","17.3","0.0"
"2024-09-25T19:00","12.4","15.1","0.0"
"2024-09-25T20:00","12.1","13.7","0.0"
"2024-09-25T21:00","11.8","13.4","0.0"
"2024-09-25T22:00","11.4","12.5","0.0"
"2024-09-25T23:00","11.1","10.5","0.0"
"2024-09-26T00:00","10.8","10.4","0.0"
"2024-09-26T01:00","10.4","7.1","0.0"
"2024-09-26T02:00","9.8","6.7","0.0"
"2024-09-26T03:00","10.1","6.7","0.0"
"2024-09-26T04:00","11.7","9.6","0.0"
"2024-09-26T05:00","13.1","14.5","0.0"
"2024-09-26T06:00","13.9","20.0","14.0"
"2024-09-26T07:00","14.1","22.0","23.0"
"2024-09-26T08:00","14.1","19.7","19.0"
"2024-09-26T09:00","14.2","19.0","35.0"
"2024-09-26T10:00","14.4","24.2","45.0"
"2024-09-26T11:00","14.9","24.3","71.0"
"2024-09-26T12:00","15.1","28.4","69.0"
"2024-09-26T13:00","14.5","21.4","48.0"
"2024-09-26T14:00","15.2","23.0","106.0"
"2024-09-26T15:00","15.7","23.3","184.0"
"2024-09-26T16:00","16.0","24.9","77.0"
"2024-09-26T17:00","15.8","33.4","28.0"
"2024-09-26T18:00","15.2","34.1","0.0"
"2024-09-26T19:00","15.1","38.7","0.0"
"2024-09-26T20:00","14.9","36.1","0.0"
"2024-09-26T21:00","14.4","28.2","0.0"
"2024-09-26T22:00","14.0","24.6","0.0"
"2024-09-26T23:00","13.9","24.0","0.0"
"2024-09-27T00:00","13.9","22.6","0.0"
"2024-09-27T01:00","14.5","16.2","0.0"
"2024-09-27T02:00","14.6","20.0","0.0"
"2024-09-27T03:00","14.6","22.8","0.0"
"2024-09-27T04:00","14.5","26.0","0.0"
"2024-09-27T05:00","13.9","25.2","0.0"
"2024-09-27T06:00","13.8","29.4","12.0"
"2024-09-27T07:00","13.6","33.3","95.0"
"2024-09-27T08:00","14.1","37.5","221.0"
"2024-09-27T09:00","14.9","39.6","311.0"
"2024-09-27T10:00","15.4","38.3","414.0"
"2024-09-27T11:00","15.7","37.9","461.0"
"2024-09-27T12:00","14.9","39.1","465.0"
"2024-09-27T13:00","15.1","34.1","404.0"
"2024-09-27T14:00","14.9","35.4","287.0"
"2024-09-27T15:00","13.7","29.7","159.0"
"2024-09-27T16:00","12.9","23.6","60.0"
"2024-09-27T17:00","12.9","21.3","10.0"
"2024-09-27T18:00","13.0","22.1","0.0"
"2024-09-27T19:00","12.9","15.4","0.0"
"2024-09-27T20:00","12.3","6.2","0.0"
"2024-09-27T21:00","12.1","4.7","0.0"
"2024-09-27T22:00","11.3","5.4","0.0"
"2024-09-27T23:00","11.7","5.6","0.0"
"2024-09-28T00:00","11.9","12.8","0.0"
"2024-09-28T01:00","11.2","16.6","0.0"
"2024-09-28T02:00","11.1","19.7","0.0"
"2024-09-28T03:00","10.2","19.5","0.0"
"2024-09-28T04:00","9.5","17.0","0.0"
"2024-09-28T05:00","9.2","19.2","0.0"
"2024-09-28T06:00","9.5","22.0","22.0"
"2024-09-28T07:00","10.3","23.9","123.0"
"2024-09-28T08:00","11.2","28.9","245.0"
"2024-09-28T09:00","11.4","30.4","368.0"
"2024-09-28T10:00","11.7","31.3","460.0"
"2024-09-28T11:00","11.9","31.8","487.0"
"2024-09-28T12:00","11.9","32.4","475.0"
"2024-09-28T13:00","11.9","31.2","415.0"
"2024-09-28T14:00","11.6","32.4","339.0"
"2024-09-28T15:00","11.7","28.1","212.0"
"2024-09-28T16:00","11.1","24.4","114.0"
"2024-09-28T17:00","10.3","21.5","24.0"
"2024-09-28T18:00","10.0","20.8","0.0"
"2024-09-28T19:00","10.1","21.9","0.0"
"2024-09-28T20:00","9.6","21.1","0.0"
"2024-09-28T21:00","9.3","20.5","0.0"
"2024-09-28T22:00","8.9","20.9","0.0"
"2024-09-28T23:00","8.6","21.3","0.0"
"2024-09-29T00:00","8.5","20.7","0.0"
"2024-09-29T01:00","7.8","19.5","0.0"
"2024-09-29T02:00","8.0","19.2","0.0"
"2024-09-29T03:00","8.0","19.1","0.0"
"2024-09-29T04:00","7.8","18.0","0.0"
"2024-09-29T05:00","7.7","17.4","0.0"
"2024-09-29T06:00","8.1","17.3","20.0"
"2024-09-29T07:00","9.4","15.6","126.0"
"2024-09-29T08:00","10.9","18.3","248.0"
"2024-09-29T09:00","11.9","21.3","356.0"
"2024-09-29T10:00","12.5","23.1","410.0"
"2024-09-29T11:00","12.9","22.3","395.0"
"2024-09-29T12:00","13.4","21.4","400.0"
"2024-09-29T13:00","13.2","19.0","353.0"
"2024-09-29T14:00","12.6","16.0","194.0"
"2024-09-29T15:00","12.6","13.0","131.0"
"2024-09-29T16:00","12.1","8.3","67.0"
"2024-09-29T17:00","11.4","6.0","12.0"
"2024-09-29T18:00","10.2","5.2","0.0"
"2024-09-29T19:00","8.9","6.4","0.0"
"2024-09-29T20:00","8.1","7.2","0.0"
"2024-09-29T21:00","8.6","8.7","0.0"
"2024-09-29T22:00","9.0","9.4","0.0"
"2024-09-29T23:00","8.4","7.8","0.0"
"2024-09-30T00:00","7.8","7.9","0.0"
"2024-09-30T01:00","5.4","10.3","0.0"
"2024-09-30T02:00","9.0","6.8","0.0"
"2024-09-30T03:00","7.4","8.6","0.0"
"2024-09-30T04:00","10.0","13.0","0.0"
"2024-09-30T05:00","10.6","14.0","0.0"
"2024-09-30T06:00","11.1","14.6","14.0"
"2024-09-30T07:00","12.1","17.7","93.0"
"2024-09-30T08:00","13.1","23.5","188.0"
"2024-09-30T09:00","13.4","26.7","296.0"
"2024-09-30T10:00","13.3","27.8","325.0"
"2024-09-30T11:00","13.4","28.4","303.0"
"2024-09-30T12:00","13.7","27.0","354.0"
"2024-09-30T13:00","13.6","29.5","379.0"
"2024-09-30T14:00","13.4","30.5","324.0"
"2024-09-30T15:00","13.0","31.6","250.0"
"2024-09-30T16:00","12.5","31.8","126.0"
"2024-09-30T17:00","12.2","31.6","19.0"
"2024-09-30T18:00","12.4","31.9","0.0"
"2024-09-30T19:00","12.8","32.5","0.0"
"2024-09-30T20:00","12.9","32.7","0.0"
"2024-09-30T21:00","13.0","32.7","0.0"
"2024-09-30T22:00","12.6","31.7","0.0"
"2024-09-30T23:00","12.7","31.5","0.0"
"2024-10-01T00:00","12.5","31.8","0.0"
"2024-10-01T01:00","12.9","33.2","0.0"
"2024-10-01T02:00","12.8","33.1","0.0"
"2024-10-01T03:00","12.5","32.9","0.0"
"2024-10-01T04:00","12.4","32.7","0.0"
"2024-10-01T05:00","12.5","33.4","0.0"
"2024-10-01T06:00","12.8","35.1","12.0"
"2024-10-01T07:00","12.9","35.3","71.0"
"2024-10-01T08:00","13.1","39.6","194.0"
"2024-10-01T09:00","13.2","41.4","248.0"
"2024-10-01T10:00","13.1","40.4","298.0"
"2024-10-01T11:00","12.9","38.1","323.0"
"2024-10-01T12:00","12.9","37.2","339.0"
"2024-10-01T13:00","12.8","34.8","294.0"
"2024-10-01T14:00","12.7","32.3","212.0"
"2024-10-01T15:00","12.9","30.7","134.0"
"2024-10-01T16:00","12.8","29.7","69.0"
"2024-10-01T17:00","11.8","30.9","7.0"
"2024-10-01T18:00","11.2","32.3","0.0"
"2024-10-01T19:00","10.8","30.2","0.0"
"2024-10-01T20:00","10.4","26.2","0.0"
"2024-10-01T21:00","9.8","23.6","0.0"
"2024-10-01T22:00","9.1","22.5","0.0"
"2024-10-01T23:00","8.9","21.7","0.0"
"2024-10-02T00:00","8.6","21.5","0.0"
"2024-10-02T01:00","7.9","22.5","0.0"
"2024-10-02T02:00","7.8","21.7","0.0"
"2024-10-02T03:00","7.7","21.4","0.0"
"2024-10-02T04:00","7.5","21.1","0.0"
"2024-10-02T05:00","7.3","19.5","0.0"
"2024-10-02T06:00","7.3","17.6","15.0"
"2024-10-02T07:00","8.3","17.6","116.0"
"2024-10-02T08:00","9.4","17.3","248.0"
"2024-10-02T09:00","10.5","19.4","359.0"
"2024-10-02T10:00","11.6","19.8","439.0"
"2024-10-02T11:00","12.4","23.9","485.0"
"2024-10-02T12:00","12.5","23.5","358.0"
"2024-10-02T13:00","12.0","20.8","199.0"
"2024-10-02T14:00","12.1","21.0","173.0"
"2024-10-02T15:00","11.7","17.3","75.0"
"2024-10-02T16:00","11.4","16.4","32.0"
"2024-10-02T17:00","10.8","17.5","8.0"
"2024-10-02T18:00","10.1","15.8","0.0"
"2024-10-02T19:00","9.6","14.9","0.0"
"2024-10-02T20:00","9.1","14.9","0.0"
"2024-10-02T21:00","8.9","17.4","0.0"
"2024-10-02T22:00","8.6","18.3","0.0"
"2024-10-02T23:00","8.4","18.5","0.0"
"2024-10-03T00:00","8.1","18.1","0.0"
"2024-10-03T01:00","7.9","18.5","0.0"
"2024-10-03T02:00","7.9","17.8","0.0"
"2024-10-03T03:00","7.3","18.0","0.0"
"2024-10-03T04:00","7.0","18.6","0.0"
"2024-10-03T05:00","6.9","18.3","0.0"
"2024-10-03T06:00","7.1","18.5","13.0"
"2024-10-03T07:00","8.1","17.7","111.0"
"2024-10-03T08:00","9.5","19.9","240.0"
"2024-10-03T09:00","10.9","21.5","356.0"
"2024-10-03T10:00","12.1","21.4","440.0"
"2024-10-03T11:00","13.0","20.6","484.0"
"2024-10-03T12:00","13.6","19.8","485.0"
"2024-10-03T13:00","13.6","20.7","427.0"
"2024-10-03T14:00","13.6","21.1","329.0"
"2024-10-03T15:00","13.5","17.8","211.0"
"2024-10-03T16:00","12.5","11.8","101.0"
"2024-10-03T17:00","10.7","9.6","12.0"
"2024-10-03T18:00","9.4","8.2","0.0"
"2024-10-03T19:00","8.5","9.7","0.0"
"2024-10-03T20:00","8.6","10.5","0.0"
"2024-10-03T21:00","7.9","8.1","0.0"
"2024-10-03T22:00","7.3","7.6","0.0"
"2024-10-03T23:00","7.2","7.3","0.0"
"2024-10-04T00:00","6.9","6.9","0.0"
"2024-10-04T01:00","6.3","7.1","0.0"
"2024-10-04T02:00","5.7","7.4","0.0"
"2024-10-04T03:00","5.2","6.4","0.0"
"2024-10-04T04:00","4.2","8.1","0.0"
"2024-10-04T05:00","4.0","7.0","0.0"
"2024-10-04T06:00","4.3","5.1","12.0"
"2024-10-04T07:00","6.9","3.9","108.0"
"2024-10-04T08:00","9.6","2.7","236.0"
"2024-10-04T09:00","11.1","2.8","348.0"
"2024-10-04T10:00","12.2","4.0","432.0"
"2024-10-04T11:00","13.0","4.1","476.0"
"2024-10-04T12:00","13.6","5.0","475.0"
"2024-10-04T13:00","13.6","6.6","432.0"
"2024-10-04T14:00","13.6","7.2","349.0"
"2024-10-04T15:00","13.2","6.8","233.0"
"2024-10-04T16:00","11.6","6.3","105.0"
"2024-10-04T17:00","9.2","6.8","11.0"
"2024-10-04T18:00","7.2","9.6","0.0"
"2024-10-04T19:00","7.9","6.5","0.0"
"2024-10-04T20:00","7.3","5.6","0.0"
"2024-10-04T21:00","7.5","4.1","0.0"
"2024-10-04T22:00","6.2","3.5","0.0"
"2024-10-04T23:00","4.9","3.9","0.0"
"2024-10-05T00:00","4.3","4.6","0.0"
"2024-10-05T01:00","2.5","2.7","0.0"
"2024-10-05T02:00","2.5","2.9","0.0"
"2024-10-05T03:00","2.5","2.3","0.0"
"2024-10-05T04:00","2.6","1.6","0.0"
"2024-10-05T05:00","2.2","0.6","0.0"
"2024-10-05T06:00","2.6","1.5","7.0"
"2024-10-05T07:00","4.3","2.4","70.0"
"2024-10-05T08:00","6.6","1.7","163.0"
"2024-10-05T09:00","9.1","0.9","280.0"
"2024-10-05T10:00","11.2","0.4","411.0"
"2024-10-05T11:00","12.4","2.0","467.0"
"2024-10-05T12:00","12.8","2.9","406.0"
"2024-10-05T13:00","13.3","3.2","362.0"
"2024-10-05T14:00","13.1","6.3","230.0"
"2024-10-05T15:00","12.4","9.4","165.0"
"2024-10-05T16:00","11.4","7.6","75.0"
"2024-10-05T17:00","9.6","5.4","7.0"
"2024-10-05T18:00","7.9","8.8","0.0"
"2024-10-05T19:00","7.5","8.0","0.0"
"2024-10-05T20:00","7.2","7.1","0.0"
"2024-10-05T21:00","6.0","8.0","0.0"
"2024-10-05T22:00","5.2","9.0","0.0"
"2024-10-05T23:00","4.6","9.4","0.0"
"2024-10-06T00:00","4.8","8.0","0.0"
"2024-10-06T01:00","5.1","7.6","0.0"
"2024-10-06T02:00","6.1","4.8","0.0"
"2024-10-06T03:00","5.4","4.3","0.0"
"2024-10-06T04:00","5.5","4.4","0.0"
"2024-10-06T05:00","4.6","4.0","0.0"
"2024-10-06T06:00","3.4","2.2","7.0"
"2024-10-06T07:00","5.4","3.4","79.0"
"2024-10-06T08:00","8.4","3.1","187.0"
"2024-10-06T09:00","11.4","2.7","318.0"
"2024-10-06T10:00","12.9","7.4","393.0"
"2024-10-06T11:00","12.9","12.9","356.0"
"2024-10-06T12:00","13.0","14.8","319.0"
"2024-10-06T13:00","13.3","17.9","345.0"
"2024-10-06T14:00","12.7","19.9","227.0"
"2024-10-06T15:00","12.4","18.6","114.0"
"2024-10-06T16:00","11.6","16.5","55.0"
"2024-10-06T17:00","10.8","13.9","5.0"
"2024-10-06T18:00","10.6","13.5","0.0"
"2024-10-06T19:00","10.9","14.3","0.0"
"2024-10-06T20:00","10.9","15.3","0.0"
"2024-10-06T21:00","11.1","17.0","0.0"
"2024-10-06T22:00","11.0","16.9","0.0"
"2024-10-06T23:00","10.8","17.5","0.0"
"2024-10-07T00:00","10.7","18.4","0.0"
"2024-10-07T01:00","10.8","19.2","0.0"
"2024-10-07T02:00","10.6","20.1","0.0"
"2024-10-07T03:00","11.0","20.8","0.0"
"2024-10-07T04:00","11.3","23.3","0.0"
"2024-10-07T05:00","11.4","25.1","0.0"
"2024-10-07T06:00","11.3","26.4","4.0"
"2024-10-07T07:00","11.4","29.6","65.0"
"2024-10-07T08:00","12.4","32.6","191.0"
"2024-10-07T09:00","12.9","34.6","227.0"
"2024-10-07T10:00","12.9","37.0","285.0"
"2024-10-07T11:00","13.4","34.4","315.0"
"2024-10-07T12:00","13.1","32.4","286.0"
"2024-10-07T13:00","12.5","28.9","146.0"
"2024-10-07T14:00","12.4","24.8","81.0"
"2024-10-07T15:00","11.9","21.4","50.0"
"2024-10-07T16:00","11.7","18.1","26.0"
"2024-10-07T17:00","11.8","15.3","2.0"
"2024-10-07T18:00","11.9","12.3","0.0"
"2024-10-07T19:00","11.4","8.3","0.0"
"2024-10-07T20:00","11.6","9.2","0.0"
"2024-10-07T21:00","10.7","7.8","0.0"
"2024-10-07T22:00","10.2","7.9","0.0"
"2024-10-07T23:00","9.9","7.6","0.0"
"2024-10-08T00:00","9.0","7.1","0.0"
"2024-10-08T01:00","8.4","7.3","0.0"
"2024-10-08T02:00","9.4","5.5","0.0"
"2024-10-08T03:00","10.6","9.7","0.0"
"2024-10-08T04:00","12.0","14.0","0.0"
"2024-10-08T05:00","12.5","15.7","0.0"
"2024-10-08T06:00","12.9","15.9","4.0"
"2024-10-08T07:00","13.8","19.9","45.0"
"2024-10-08T08:00","13.9","21.5","43.0"
"2024-10-08T09:00","14.1","22.9","78.0"
"2024-10-08T10:00","14.0","24.7","69.0"
"2024-10-08T11:00","14.2","25.8","63.0"
"2024-10-08T12:00","14.3","28.8","147.0"
"2024-10-08T13:00","14.2","24.6","72.0"
"2024-10-08T14:00","14.4","20.5","57.0"
"2024-10-08T15:00","14.6","18.8","48.0"
"2024-10-08T16:00","14.7","15.1","26.0"
"2024-10-08T17:00","14.5","13.8","2.0"
"2024-10-08T18:00","14.4","12.1","0.0"
"2024-10-08T19:00","14.3","10.5","0.0"
"2024-10-08T20:00","14.1","8.3","0.0"
"2024-10-08T21:00","13.8","7.2","0.0"
"2024-10-08T22:00","13.4","5.4","0.0"
"2024-10-08T23:00","13.1","4.9","0.0"
"2024-10-09T00:00","13.1","6.1","0.0"
"2024-10-09T01:00","12.9","4.4","0.0"
"2024-10-09T02:00","12.7","4.6","0.0"
"2024-10-09T03:00","12.4","5.1","0.0"
"2024-10-09T04:00","12.3","6.4","0.0"
"2024-10-09T05:00","12.0","6.0","0.0"
"2024-10-09T06:00","11.9","8.3","3.0"
"2024-10-09T07:00","12.6","9.8","43.0"
"2024-10-09T08:00","13.5","11.5","136.0"
"2024-10-09T09:00","15.0","10.6","281.0"
"2024-10-09T10:00","16.2","14.2","376.0"
"2024-10-09T11:00","15.5","18.8","342.0"
"2024-10-09T12:00","15.2","19.6","246.0"
"2024-10-09T13:00","14.0","18.4","151.0"
"2024-10-09T14:00","13.7","14.2","43.0"
"2024-10-09T15:00","13.6","14.3","47.0"
"2024-10-09T16:00","13.1","13.5","56.0"
"2024-10-09T17:00","12.5","10.8","3.0"
"2024-10-09T18:00","12.3","12.3","0.0"
"2024-10-09T19:00","12.2","11.7","0.0"
"2024-10-09T20:00","12.5","11.3","0.0"
"2024-10-09T21:00","12.8","12.0","0.0"
"2024-10-09T22:00","12.9","12.5","0.0"
"2024-10-09T23:00","13.3","13.8","0.0"
"2024-10-10T00:00","13.2","12.9","0.0"
"2024-10-10T01:00","12.9","15.0","0.0"
"2024-10-10T02:00","13.2","11.8","0.0"
"2024-10-10T03:00","13.4","11.3","0.0"
"2024-10-10T04:00","13.4","9.5","0.0"
"2024-10-10T05:00","13.2","6.6","0.0"
"2024-10-10T06:00","13.1","4.7","0.0"
"2024-10-10T07:00","13.2","2.3","7.0"
"2024-10-10T08:00","13.1","12.1","17.0"
"2024-10-10T09:00","12.9","21.3","31.0"
"2024-10-10T10:00","12.9","25.5","48.0"
"2024-10-10T11:00","13.8","28.6","133.0"
"2024-10-10T12:00","13.7","27.9","124.0"
"2024-10-10T13:00","13.1","27.4","90.0"
"2024-10-10T14:00","12.7","28.4","114.0"
"2024-10-10T15:00","11.8","29.1","177.0"
"2024-10-10T16:00","11.1","29.9","64.0"
"2024-10-10T17:00","10.9","29.9","2.0"
"2024-10-10T18:00","11.1","30.2","0.0"
"2024-10-10T19:00","10.5","30.7","0.0"
"2024-10-10T20:00","9.9","30.6","0.0"
"2024-10-10T21:00","9.8","29.2","0.0"
"2024-10-10T22:00","9.5","29.2","0.0"
"2024-10-10T23:00","9.2","30.4","0.0"
"2024-10-11T00:00","8.6","30.5","0.0"
"2024-10-11T01:00","8.8","29.3","0.0"
"2024-10-11T02:00","8.3","28.5","0.0"
"2024-10-11T03:00","8.1","26.8","0.0"
"2024-10-11T04:00","7.9","25.4","0.0"
"2024-10-11T05:00","7.9","24.1","0.0"
"2024-10-11T06:00","7.8","22.0","3.0"
"2024-10-11T07:00","8.5","21.9","74.0"
"2024-10-11T08:00","9.7","23.8","190.0"
"2024-10-11T09:00","10.3","27.6","282.0"
"2024-10-11T10:00","10.9","27.2","370.0"
"2024-10-11T11:00","11.1","28.0","383.0"
"2024-10-11T12:00","11.6","26.9","403.0"
"2024-10-11T13:00","11.3","26.2","314.0"
"2024-10-11T14:00","11.2","22.1","195.0"
"2024-10-11T15:00","11.1","20.6","167.0"
"2024-10-11T16:00","10.1","18.8","59.0"
"2024-10-11T17:00","9.6","19.6","1.0"
"2024-10-11T18:00","9.2","19.4","0.0"
"2024-10-11T19:00","9.5","21.5","0.0"
"2024-10-11T20:00","9.2","21.5","0.0"
"2024-10-11T21:00","8.9","19.6","0.0"
"2024-10-11T22:00","8.9","18.0","0.0"
"2024-10-11T23:00","8.6","17.3","0.0"
"2024-10-12T00:00","8.1","14.6","0.0"
"2024-10-12T01:00","7.8","14.2","0.0"
"2024-10-12T02:00","7.6","13.4","0.0"
"2024-10-12T03:00","7.6","13.7","0.0"
"2024-10-12T04:00","7.8","14.4","0.0"
"2024-10-12T05:00","7.8","13.4","0.0"
"2024-10-12T06:00","7.7","14.1","3.0"
"2024-10-12T07:00","8.6","16.2","71.0"
"2024-10-12T08:00","9.9","15.6","189.0"
"2024-10-12T09:00","10.9","17.4","294.0"
"2024-10-12T10:00","11.6","17.5","373.0"
"2024-10-12T11:00","12.1","18.3","396.0"
"2024-10-12T12:00","12.4","22.4","368.0"
"2024-10-12T13:00","12.1","21.7","221.0"
"2024-10-12T14:00","11.6","23.9","208.0"
"2024-10-12T15:00","11.3","23.7","98.0"
"2024-10-12T16:00","11.2","24.0","35.0"
"2024-10-12T17:00","11.3","26.0","1.0"
"2024-10-12T18:00","11.4","29.5","0.0"
"2024-10-12T19:00","11.6","30.7","0.0"
"2024-10-12T20:00","11.7","29.6","0.0"
"2024-10-12T21:00","11.8","29.4","0.0"
"2024-10-12T22:00","11.4","29.5","0.0"
"2024-10-12T23:00","11.1","29.1","0.0"
"2024-10-13T00:00","10.9","28.0","0.0"
"2024-10-13T01:00","10.2","24.9","0.0"
"2024-10-13T02:00","10.4","24.2","0.0"
"2024-10-13T03:00","10.1","22.7","0.0"
"2024-10-13T04:00","9.8","20.7","0.0"
"2024-10-13T05:00","9.4","18.0","0.0"
"2024-10-13T06:00","9.4","14.2","1.0"
"2024-10-13T07:00","9.0","18.0","10.0"
"2024-10-13T08:00","8.5","15.1","27.0"
"2024-10-13T09:00","9.1","18.6","133.0"
"2024-10-13T10:00","10.1","20.2","252.0"
"2024-10-13T11:00","10.8","17.5","224.0"
"2024-10-13T12:00","11.2","21.6","182.0"
"2024-10-13T13:00","11.4","23.0","178.0"
"2024-10-13T14:00","11.4","23.0","147.0"
"2024-10-13T15:00","11.1","20.7","102.0"
"2024-10-13T16:00","10.4","19.8","30.0"
"2024-10-13T17:00","10.1","16.3","0.0"
"2024-10-13T18:00","8.9","11.8","0.0"
"2024-10-13T19:00","8.4","11.7","0.0"
"2024-10-13T20:00","8.2","13.9","0.0"
"2024-10-13T21:00","8.3","14.8","0.0"
"2024-10-13T22:00","8.4","14.1","0.0"
"2024-10-13T23:00","8.4","14.4","0.0"
"2024-10-14T00:00","8.6","16.3","0.0"
"2024-10-14T01:00","9.9","16.8","0.0"
"2024-10-14T02:00","9.1","15.6","0.0"
"2024-10-14T03:00","8.6","14.5","0.0"
"2024-10-14T04:00","8.6","15.3","0.0"
"2024-10-14T05:00","8.4","15.9","0.0"
"2024-10-14T06:00","8.4","16.2","1.0"
"2024-10-14T07:00","9.0","15.0","39.0"
"2024-10-14T08:00","10.4","17.7","143.0"
"2024-10-14T09:00","10.9","23.3","192.0"
"2024-10-14T10:00","10.7","22.6","194.0"
"2024-10-14T11:00","11.4","23.0","319.0"
"2024-10-14T12:00","11.7","22.2","388.0"
"2024-10-14T13:00","11.6","22.2","355.0"
"2024-10-14T14:00","11.3","21.4","280.0"
"2024-10-14T15:00","10.8","16.8","159.0"
"2024-10-14T16:00","9.7","12.6","41.0"
"2024-10-14T17:00","8.9","11.7","0.0"
"2024-10-14T18:00","8.2","12.5","0.0"
"2024-10-14T19:00","8.1","13.8","0.0"
"2024-10-14T20:00","7.8","14.1","0.0"
"2024-10-14T21:00","7.4","15.2","0.0"
"2024-10-14T22:00","6.6","14.8","0.0"
"2024-10-14T23:00","6.2","15.4","0.0"
"2024-10-15T00:00","6.7","15.8","0.0"
"2024-10-15T01:00","5.8","16.3","0.0"
"2024-10-15T02:00","5.6","16.2","0.0"
"2024-10-15T03:00","5.7","14.8","0.0"
"2024-10-15T04:00","6.1","14.1","0.0"
"2024-10-15T05:00","6.1","14.3","0.0"
"2024-10-15T06:00","6.6","14.3","1.0"
"2024-10-15T07:00","7.7","14.7","51.0"
"2024-10-15T08:00","9.1","13.6","169.0"
"2024-10-15T09:00","10.4","12.4","266.0"
"2024-10-15T10:00","11.2","10.8","325.0"
"2024-10-15T11:00","11.6","10.2","319.0"
"2024-10-15T12:00","11.9","9.2","325.0"
"2024-10-15T13:00","11.8","8.9","257.0"
"2024-10-15T14:00","11.7","7.6","207.0"
"2024-10-15T15:00","11.2","6.3","114.0"
"2024-10-15T16:00","9.5","4.8","37.0"
"2024-10-15T17:00","8.0","7.3","0.0"
"2024-10-15T18:00","7.6","7.6","0.0"
"2024-10-15T19:00","7.1","6.8","0.0"
"2024-10-15T20:00","6.5","8.3","0.0"
"2024-10-15T21:00","7.3","7.8","0.0"
"2024-10-15T22:00","7.4","8.1","0.0"
"2024-10-15T23:00","7.2","7.6","0.0"
"2024-10-16T00:00","7.3","7.7","0.0"
"2024-10-16T01:00","7.5","10.0","0.0"
"2024-10-16T02:00","7.9","13.8","0.0"
"2024-10-16T03:00","8.2","16.2","0.0"
"2024-10-16T04:00","9.2","18.5","0.0"
"2024-10-16T05:00","9.2","20.7","0.0"
"2024-10-16T06:00","9.4","25.3","1.0"
"2024-10-16T07:00","10.1","27.0","46.0"
"2024-10-16T08:00","10.8","29.2","141.0"
"2024-10-16T09:00","11.3","33.7","227.0"
"2024-10-16T10:00","11.5","36.0","311.0"
"2024-10-16T11:00","11.5","36.2","318.0"
"2024-10-16T12:00","11.4","35.5","326.0"
"2024-10-16T13:00","11.3","34.9","254.0"
"2024-10-16T14:00","11.2","35.5","242.0"
"2024-10-16T15:00","10.9","34.8","149.0"
"2024-10-16T16:00","10.5","33.8","45.0"
"2024-10-16T17:00","10.6","33.4","0.0"
"2024-10-16T18:00","10.9","32.5","0.0"
"2024-10-16T19:00","11.1","31.1","0.0"
"2024-10-16T20:00","11.1","30.7","0.0"
"2024-10-16T21:00","10.9","30.2","0.0"
"2024-10-16T22:00","10.8","29.8","0.0"
"2024-10-16T23:00","10.6","29.9","0.0"
"2024-10-17T00:00","10.6","30.1","0.0"
"2024-10-17T01:00","10.3","29.4","0.0"
"2024-10-17T02:00","10.4","28.7","0.0"
"2024-10-17T03:00","10.4","30.6","0.0"
"2024-10-17T04:00","10.4","31.4","0.0"
"2024-10-17T05:00","10.4","31.3","0.0"
"2024-10-17T06:00","10.4","32.0","0.0"
"2024-10-17T07:00","10.9","32.0","52.0"
"2024-10-17T08:00","11.4","33.2","152.0"
"2024-10-17T09:00","11.8","33.3","260.0"
"2024-10-17T10:00","12.1","32.8","350.0"
"2024-10-17T11:00","12.5","31.7","381.0"
"2024-10-17T12:00","12.7","30.0","370.0"
"2024-10-17T13:00","12.2","30.0","319.0"
"2024-10-17T14:00","12.1","29.0","233.0"
"2024-10-17T15:00","11.9","26.1","127.0"
"2024-10-17T16:00","11.7","22.6","34.0"
"2024-10-17T17:00","11.9","20.0","0.0"
"2024-10-17T18:00","11.9","18.6","0.0"
"2024-10-17T19:00","12.1","18.3","0.0"
"2024-10-17T20:00","12.1","18.1","0.0"
"2024-10-17T21:00","11.9","16.4","0.0"
"2024-10-17T22:00","12.4","15.0","0.0"
"2024-10-17T23:00","12.8","14.2","0.0"
"2024-10-18T00:00","12.7","13.1","0.0"
"2024-10-18T01:00","11.9","9.1","0.0"
"2024-10-18T02:00","11.8","10.6","0.0"
"2024-10-18T03:00","11.9","10.6","0.0"
"2024-10-18T04:00","11.9","12.1","0.0"
"2024-10-18T05:00","11.6","12.3","0.0"
"2024-10-18T06:00","11.6","11.9","0.0"
"2024-10-18T07:00","11.9","12.6","16.0"
"2024-10-18T08:00","12.3","11.2","52.0"
"2024-10-18T09:00","12.9","10.1","154.0"
"2024-10-18T10:00","13.2","10.7","178.0"
"2024-10-18T11:00","13.9","11.5","304.0"
"2024-10-18T12:00","14.0","12.5","356.0"
"2024-10-18T13:00","13.1","14.0","216.0"
"2024-10-18T14:00","12.6","14.6","223.0"
"2024-10-18T15:00","12.1","12.4","126.0"
"2024-10-18T16:00","11.2","11.6","30.0"
"2024-10-18T17:00","11.1","13.6","0.0"
"2024-10-18T18:00","11.1","13.9","0.0"
"2024-10-18T19:00","11.1","10.5","0.0"
"2024-10-18T20:00","11.2","11.5","0.0"
"2024-10-18T21:00","11.6","14.0","0.0"
"2024-10-18T22:00","11.6","14.4","0.0"
"2024-10-18T23:00","11.6","11.7","0.0"
"2024-10-19T00:00","11.6","12.1","0.0"
"2024-10-19T01:00","11.3","10.9","0.0"
"2024-10-19T02:00","11.1","10.8","0.0"
"2024-10-19T03:00","11.4","13.0","0.0"
"2024-10-19T04:00","11.5","13.6","0.0"
"2024-10-19T05:00","11.4","12.8","0.0"
"2024-10-19T06:00","11.3","14.7","0.0"
"2024-10-19T07:00","11.9","17.4","38.0"
"2024-10-19T08:00","12.4","16.0","107.0"
"2024-10-19T09:00","12.9","19.2","221.0"
"2024-10-19T10:00","13.1","19.8","325.0"
"2024-10-19T11:00","13.0","21.4","340.0"
"2024-10-19T12:00","13.1","18.7","336.0"
"2024-10-19T13:00","13.1","22.4","276.0"
"2024-10-19T14:00","12.9","18.5","161.0"
"2024-10-19T15:00","13.1","18.8","72.0"
"2024-10-19T16:00","13.4","16.2","14.0"
"2024-10-19T17:00","13.9","16.3","0.0"
"2024-10-19T18:00","14.4","16.4","0.0"
"2024-10-19T19:00","14.6","15.8","0.0"
"2024-10-19T20:00","14.7","16.2","0.0"
"2024-10-19T21:00","14.6","15.6","0.0"
"2024-10-19T22:00","14.6","13.5","0.0"
"2024-10-19T23:00","13.8","12.1","0.0"
"2024-10-20T00:00","13.9","12.0","0.0"
"2024-10-20T01:00","13.9","12.6","0.0"
"2024-10-20T02:00","13.9","14.2","0.0"
"2024-10-20T03:00","13.8","13.4","0.0"
"2024-10-20T04:00","13.4","13.7","0.0"
"2024-10-20T05:00","12.5","13.4","0.0"
"2024-10-20T06:00","11.9","13.9","0.0"
"2024-10-20T07:00","12.1","15.6","41.0"
"2024-10-20T08:00","13.3","15.1","147.0"
"2024-10-20T09:00","14.4","14.2","248.0"
"2024-10-20T10:00","15.4","15.2","322.0"
"2024-10-20T11:00","15.8","18.2","359.0"
"2024-10-20T12:00","15.9","18.7","349.0"
"2024-10-20T13:00","15.6","18.2","240.0"
"2024-10-20T14:00","15.0","18.5","173.0"
"2024-10-20T15:00","14.6","19.9","74.0"
"2024-10-20T16:00","14.1","19.1","13.0"
"2024-10-20T17:00","14.4","21.5","0.0"
"2024-10-20T18:00","14.9","24.3","0.0"
"2024-10-20T19:00","15.1","26.1","0.0"
"2024-10-20T20:00","15.2","26.9","0.0"
"2024-10-20T21:00","15.5","26.8","0.0"
"2024-10-20T22:00","15.4","27.4","0.0"
"2024-10-20T23:00","15.2","26.9","0.0"
"2024-10-21T00:00","15.1","26.2","0.0"
"2024-10-21T01:00","14.4","24.3","0.0"
"2024-10-21T02:00","14.5","23.9","0.0"
"2024-10-21T03:00","14.8","26.2","0.0"
"2024-10-21T04:00","14.9","26.7","0.0"
"2024-10-21T05:00","15.1","27.2","0.0"
"2024-10-21T06:00","14.7","26.4","0.0"
"2024-10-21T07:00","14.6","25.8","32.0"
"2024-10-21T08:00","14.8","26.8","127.0"
"2024-10-21T09:00","14.9","26.5","200.0"
"2024-10-21T10:00","15.4","29.1","290.0"
"2024-10-21T11:00","15.7","31.6","304.0"
"2024-10-21T12:00","15.9","32.7","296.0"
"2024-10-21T13:00","15.1","23.4","130.0"
"2024-10-21T14:00","14.8","23.9","61.0"
"2024-10-21T15:00","14.2","22.1","21.0"
"2024-10-21T16:00","13.6","21.3","10.0"
"2024-10-21T17:00","13.3","21.7","0.0"
"2024-10-21T18:00","12.8","21.4","0.0"
"2024-10-21T19:00","12.3","18.1","0.0"
"2024-10-21T20:00","11.9","17.1","0.0"
"2024-10-21T21:00","12.7","15.3","0.0"
"2024-10-21T22:00","11.8","15.4","0.0"
"2024-10-21T23:00","11.8","12.9","0.0"
"2024-10-22T00:00","11.8","11.0","0.0"
"2024-10-22T01:00","12.0","10.0","0.0"
"2024-10-22T02:00","11.9","10.0","0.0"
"2024-10-22T03:00","11.9","7.8","0.0"
"2024-10-22T04:00","11.7","2.7","0.0"
"2024-10-22T05:00","11.8","6.7","0.0"
"2024-10-22T06:00","11.6","11.0","0.0"
"2024-10-22T07:00","11.4","9.0","4.0"
"2024-10-22T08:00","11.4","7.7","19.0"
"2024-10-22T09:00","12.5","11.8","174.0"
"2024-10-22T10:00","13.4","20.4","304.0"
"2024-10-22T11:00","13.9","22.6","317.0"
"2024-10-22T12:00","14.2","22.7","335.0"
"2024-10-22T13:00","13.9","21.6","256.0"
"2024-10-22T14:00","13.6","20.4","202.0"
"2024-10-22T15:00","13.1","17.7","106.0"
"2024-10-22T16:00","11.9","17.6","23.0"
"2024-10-22T17:00","11.2","19.1","0.0"
"2024-10-22T18:00","10.9","20.7","0.0"
"2024-10-22T19:00","10.9","21.8","0.0"
"2024-10-22T20:00","10.9","22.8","0.0"
"2024-10-22T21:00","11.1","22.9","0.0"
"2024-10-22T22:00","10.6","21.6","0.0"
"2024-10-22T23:00","10.2","20.6","0.0"
"2024-10-23T00:00","9.8","19.8","0.0"
"2024-10-23T01:00","9.7","18.7","0.0"
"2024-10-23T02:00","9.6","18.4","0.0"
"2024-10-23T03:00","9.3","17.3","0.0"
"2024-10-23T04:00","9.0","15.2","0.0"
"2024-10-23T05:00","8.8","14.8","0.0"
"2024-10-23T06:00","8.9","15.5","0.0"
"2024-10-23T07:00","9.5","17.6","25.0"
"2024-10-23T08:00","10.6","17.1","90.0"
"2024-10-23T09:00","12.1","18.1","242.0"
"2024-10-23T10:00","13.0","21.7","310.0"
"2024-10-23T11:00","13.4","20.0","323.0"
"2024-10-23T12:00","13.8","20.0","338.0"
"2024-10-23T13:00","13.4","20.5","216.0"
"2024-10-23T14:00","13.3","18.9","173.0"
"2024-10-23T15:00","12.8","16.4","61.0"
"2024-10-23T16:00","11.2","13.9","19.0"
"2024-10-23T17:00","10.2","15.0","0.0"
"2024-10-23T18:00","9.9","15.7","0.0"
"2024-10-23T19:00","9.6","14.2","0.0"
"2024-10-23T20:00","9.6","14.6","0.0"
"2024-10-23T21:00","9.9","17.0","0.0"
"2024-10-23T22:00","9.9","16.6","0.0"
"2024-10-23T23:00","9.5","15.1","0.0"
"2024-10-24T00:00","8.9","13.0","0.0"
"2024-10-24T01:00","8.4","11.0","0.0"
"2024-10-24T02:00","8.1","10.5","0.0"
"2024-10-24T03:00","7.8","9.8","0.0"
"2024-10-24T04:00","7.3","9.4","0.0"
"2024-10-24T05:00","7.4","10.2","0.0"
"2024-10-24T06:00","7.5","12.0","0.0"
"2024-10-24T07:00","8.1","12.2","31.0"
"2024-10-24T08:00","9.3","11.2","134.0"
"2024-10-24T09:00","10.6","10.7","237.0"
"2024-10-24T10:00","11.7","11.3","315.0"
"2024-10-24T11:00","12.6","11.0","346.0"
"2024-10-24T12:00","13.3","11.8","322.0"
"2024-10-24T13:00","12.4","12.0","245.0"
"2024-10-24T14:00","12.4","10.4","161.0"
"2024-10-24T15:00","12.1","7.9","92.0"
"2024-10-24T16:00","10.2","12.2","18.0"
"2024-10-24T17:00","9.5","12.8","0.0"
"2024-10-24T18:00","9.6","15.2","0.0"
"2024-10-24T19:00","10.6","17.4","0.0"
"2024-10-24T20:00","10.4","17.2","0.0"
"2024-10-24T21:00","10.4","16.8","0.0"
"2024-10-24T22:00","10.4","17.3","0.0"
"2024-10-24T23:00","10.1","17.2","0.0"
"2024-10-25T00:00","9.9","15.8","0.0"
"2024-10-25T01:00","9.8","14.8","0.0"
"2024-10-25T02:00","9.9","15.7","0.0"
"2024-10-25T03:00","10.0","15.3","0.0"
"2024-10-25T04:00","10.1","15.5","0.0"
"2024-10-25T05:00","10.0","15.1","0.0"
"2024-10-25T06:00","10.1","14.3","0.0"
"2024-10-25T07:00","10.7","15.3","14.0"
"2024-10-25T08:00","11.1","15.9","91.0"
"2024-10-25T09:00","11.7","15.1","185.0"
"2024-10-25T10:00","12.6","14.6","270.0"
"2024-10-25T11:00","13.1","15.7","302.0"
"2024-10-25T12:00","13.1","14.6","260.0"
"2024-10-25T13:00","11.8","13.0","114.0"
"2024-10-25T14:00","12.1","11.3","99.0"
"2024-10-25T15:00","11.9","9.7","66.0"
"2024-10-25T16:00","10.4","10.2","15.0"
"2024-10-25T17:00","10.1","10.6","0.0"
"2024-10-25T18:00","9.5","8.2","0.0"
"2024-10-25T19:00","9.1","6.9","0.0"
"2024-10-25T20:00","9.4","7.3","0.0"
"2024-10-25T21:00","8.8","6.9","0.0"
"2024-10-25T22:00","8.9","6.5","0.0"
"2024-10-25T23:00","8.9","6.5","0.0"
"2024-10-26T00:00","8.6","7.6","0.0"
"2024-10-26T01:00","9.5","5.9","0.0"
"2024-10-26T02:00","9.1","5.5","0.0"
"2024-10-26T03:00","9.1","4.6","0.0"
"2024-10-26T04:00","8.7","3.8","0.0"
"2024-10-26T05:00","8.8","3.2","0.0"
"2024-10-26T06:00","8.9","4.8","0.0"
"2024-10-26T07:00","9.2","4.4","8.0"
"2024-10-26T08:00","9.7","2.6","34.0"
"2024-10-26T09:00","10.2","2.3","58.0"
"2024-10-26T10:00","11.1","3.0","91.0"
"2024-10-26T11:00","11.8","4.4","118.0"
"2024-10-26T12:00","12.6","6.5","139.0"
"2024-10-26T13:00","13.2","4.8","150.0"
"2024-10-26T14:00","13.2","4.1","114.0"
"2024-10-26T15:00","12.4","7.2","68.0"
"2024-10-26T16:00","11.1","9.4","11.0"
"2024-10-26T17:00","11.4","9.5","0.0"
"2024-10-26T18:00","11.2","10.9","0.0"
"2024-10-26T19:00","10.8","13.1","0.0"
"2024-10-26T20:00","11.2","14.5","0.0"
"2024-10-26T21:00","11.6","15.7","0.0"
"2024-10-26T22:00","11.7","17.5","0.0"
"2024-10-26T23:00","11.6","17.8","0.0"
"2024-10-27T00:00","11.6","18.1","0.0"
"2024-10-27T01:00","11.3","18.3","0.0"
"2024-10-27T02:00","11.2","17.7","0.0"
"2024-10-27T03:00","11.2","17.7","0.0"
"2024-10-27T04:00","11.3","17.7","0.0"
"2024-10-27T05:00","11.4","17.7","0.0"
"2024-10-27T06:00","11.1","18.3","0.0"
"2024-10-27T07:00","11.1","18.0","19.0"
"2024-10-27T08:00","11.9","18.7","80.0"
"2024-10-27T09:00","12.9","19.7","136.0"
"2024-10-27T10:00","13.1","18.7","65.0"
"2024-10-27T11:00","12.8","18.0","34.0"
"2024-10-27T12:00","12.2","16.2","49.0"
"2024-10-27T13:00","11.2","14.0","30.0"
"2024-10-27T14:00","12.1","20.4","98.0"
"2024-10-27T15:00","12.2","21.9","55.0"
"2024-10-27T16:00","10.8","20.5","10.0"
"2024-10-27T17:00","9.2","16.7","0.0"
"2024-10-27T18:00","8.4","15.3","0.0"
"2024-10-27T19:00","8.4","16.4","0.0"
"2024-10-27T20:00","8.1","16.4","0.0"
"2024-10-27T21:00","7.5","14.2","0.0"
"2024-10-27T22:00","6.7","11.9","0.0"
"2024-10-27T23:00","6.9","14.5","0.0"
"2024-10-28T00:00","6.8","13.8","0.0"
"2024-10-28T01:00","6.8","14.1","0.0"
"2024-10-28T02:00","7.7","11.9","0.0"
"2024-10-28T03:00","7.9","8.4","0.0"
"2024-10-28T04:00","7.9","8.8","0.0"
"2024-10-28T05:00","8.4","12.5","0.0"
"2024-10-28T06:00","8.6","14.7","0.0"
"2024-10-28T07:00","8.8","12.8","5.0"
"2024-10-28T08:00","9.1","11.2","16.0"
"2024-10-28T09:00","9.9","12.4","54.0"
"2024-10-28T10:00","10.4","13.8","42.0"
"2024-10-28T11:00","10.9","15.3","52.0"
"2024-10-28T12:00","11.0","16.7","42.0"
"2024-10-28T13:00","11.2","15.9","63.0"
"2024-10-28T14:00","10.9","16.7","28.0"
"2024-10-28T15:00","10.9","16.1","28.0"
"2024-10-28T16:00","10.9","16.8","3.0"
"2024-10-28T17:00","11.0","16.3","0.0"
"2024-10-28T18:00","11.2","14.0","0.0"
"2024-10-28T19:00","11.4","11.5","0.0"
"2024-10-28T20:00","11.6","10.8","0.0"
"2024-10-28T21:00","11.6","10.0","0.0"
"2024-10-28T22:00","11.6","9.6","0.0"
"2024-10-28T23:00","11.8","9.6","0.0"
"2024-10-29T00:00","11.7","8.6","0.0"
"2024-10-29T01:00","11.6","7.0","0.0"
"2024-10-29T02:00","11.4","7.4","0.0"
"2024-10-29T03:00","11.3","6.4","0.0"
"2024-10-29T04:00","11.1","5.5","0.0"
"2024-10-29T05:00","11.1","4.8","0.0"
"2024-10-29T06:00","10.9","4.6","0.0"
"2024-10-29T07:00","11.1","5.4","6.0"
"2024-10-29T08:00","11.5","6.8","31.0"
"2024-10-29T09:00","11.8","6.5","44.0"
"2024-10-29T10:00","12.1","6.0","41.0"
"2024-10-29T11:00","12.6","6.7","65.0"
"2024-10-29T12:00","12.7","6.9","43.0"
"2024-10-29T13:00","13.4","12.0","71.0"
"2024-10-29T14:00","13.5","12.8","58.0"
"2024-10-29T15:00","13.4","12.8","35.0"
"2024-10-29T16:00","12.9","11.6","4.0"
"2024-10-29T17:00","12.8","11.9","0.0"
"2024-10-29T18:00","12.9","12.9","0.0"
"2024-10-29T19:00","12.9","12.6","0.0"
"2024-10-29T20:00","12.8","13.4","0.0"
"2024-10-29T21:00","12.2","13.7","0.0"
"2024-10-29T22:00","12.4","13.9","0.0"
"2024-10-29T23:00","11.8","16.6","0.0"
"2024-10-30T00:00","12.1","18.9","0.0"
"2024-10-30T01:00","12.6","20.0","0.0"
"2024-10-30T02:00","12.0","20.8","0.0"
"2024-10-30T03:00","11.6","22.4","0.0"
"2024-10-30T04:00","11.7","22.1","0.0"
"2024-10-30T05:00","11.0","22.6","0.0"
"2024-10-30T06:00","10.6","22.9","0.0"
"2024-10-30T07:00","10.4","25.0","13.0"
"2024-10-30T08:00","10.6","25.8","92.0"
"2024-10-30T09:00","11.2","29.6","188.0"
"2024-10-30T10:00","11.4","29.8","218.0"
"2024-10-30T11:00","11.8","31.6","254.0"
"2024-10-30T12:00","11.9","34.1","215.0"
"2024-10-30T13:00","12.1","28.3","175.0"
"2024-10-30T14:00","11.6","26.9","156.0"
"2024-10-30T15:00","10.6","25.4","79.0"
"2024-10-30T16:00","9.8","24.2","7.0"
"2024-10-30T17:00","9.5","23.6","0.0"
"2024-10-30T18:00","9.4","22.3","0.0"
"2024-10-30T19:00","9.2","22.6","0.0"
"2024-10-30T20:00","9.1","21.3","0.0"
"2024-10-30T21:00","8.9","21.6","0.0"
"2024-10-30T22:00","8.7","19.5","0.0"
"2024-10-30T23:00","8.6","19.7","0.0"
"2024-10-31T00:00","8.9","20.6","0.0"
"2024-10-31T01:00","8.4","18.6","0.0"
"2024-10-31T02:00","8.4","18.0","0.0"
"2024-10-31T03:00","8.5","18.6","0.0"
"2024-10-31T04:00","8.6","18.2","0.0"
"2024-10-31T05:00","9.7","19.5","0.0"
"2024-10-31T06:00","9.6","20.8","0.0"
"2024-10-31T07:00","10.8","23.8","7.0"
"2024-10-31T08:00","11.6","26.2","41.0"
"2024-10-31T09:00","12.4","26.7","82.0"
"2024-10-31T10:00","12.9","35.0","98.0"
"2024-10-31T11:00","13.4","36.0","140.0"
"2024-10-31T12:00","13.6","35.5","137.0"
"2024-10-31T13:00","12.9","34.6","108.0"
"2024-10-31T14:00","12.6","30.8","53.0"
"2024-10-31T15:00","12.6","31.7","32.0"
"2024-10-31T16:00","12.6","31.6","3.0"
"2024-10-31T17:00","12.6","32.2","0.0"
"2024-10-31T18:00","12.5","33.4","0.0"
"2024-10-31T19:00","12.6","33.3","0.0"
"2024-10-31T20:00","12.6","33.7","0.0"
"2024-10-31T21:00","12.6","34.1","0.0"
"2024-10-31T22:00","11.9","34.1","0.0"
"2024-10-31T23:00","11.7","34.3","0.0"
"2024-11-01T00:00","11.6","35.0","0.0"
"2024-11-01T01:00","11.6","35.1","0.0"
"2024-11-01T02:00","11.8","34.8","0.0"
"2024-11-01T03:00","11.6","34.1","0.0"
"2024-11-01T04:00","11.8","33.1","0.0"
"2024-11-01T05:00","11.9","33.2","0.0"
"2024-11-01T06:00","11.9","32.7","0.0"
"2024-11-01T07:00","12.1","32.3","11.0"
"2024-11-01T08:00","13.1","33.0","60.0"
"2024-11-01T09:00","13.9","29.0","105.0"
"2024-11-01T10:00","14.5","28.4","154.0"
"2024-11-01T11:00","15.1","34.2","194.0"
"2024-11-01T12:00","14.8","33.3","141.0"
"2024-11-01T13:00","14.2","34.2","36.0"
"2024-11-01T14:00","14.1","34.3","30.0"
"2024-11-01T15:00","13.6","33.1","13.0"
"2024-11-01T16:00","12.4","33.7","2.0"
"2024-11-01T17:00","11.3","31.6","0.0"
"2024-11-01T18:00","10.6","33.7","0.0"
"2024-11-01T19:00","8.8","30.6","0.0"
"2024-11-01T20:00","8.2","25.8","0.0"
"2024-11-01T21:00","7.8","24.9","0.0"
"2024-11-01T22:00","7.2","21.7","0.0"
"2024-11-01T23:00","7.2","20.3","0.0"
"2024-11-02T00:00","7.2","18.2","0.0"
"2024-11-02T01:00","6.9","14.7","0.0"
"2024-11-02T02:00","5.9","10.8","0.0"
"2024-11-02T03:00","4.9","7.7","0.0"
"2024-11-02T04:00","4.5","7.7","0.0"
"2024-11-02T05:00","4.5","9.0","0.0"
"2024-11-02T06:00","3.0","8.3","0.0"
"2024-11-02T07:00","3.8","5.2","10.0"
"2024-11-02T08:00","5.1","6.0","89.0"
"2024-11-02T09:00","6.8","5.6","179.0"
"2024-11-02T10:00","7.8","7.2","242.0"
"2024-11-02T11:00","8.4","8.9","276.0"
"2024-11-02T12:00","8.8","8.7","254.0"
"2024-11-02T13:00","8.3","8.4","190.0"
"2024-11-02T14:00","8.2","10.3","122.0"
"2024-11-02T15:00","7.8","8.5","41.0"
"2024-11-02T16:00","5.8","6.8","4.0"
"2024-11-02T17:00","4.8","8.1","0.0"
"2024-11-02T18:00","4.0","8.5","0.0"
"2024-11-02T19:00","5.1","8.4","0.0"
"2024-11-02T20:00","5.3","10.3","0.0"
"2024-11-02T21:00","5.3","10.7","0.0"
"2024-11-02T22:00","4.7","11.6","0.0"
"2024-11-02T23:00","4.6","13.9","0.0"
"2024-11-03T00:00","4.7","14.1","0.0"
"2024-11-03T01:00","3.8","14.0","0.0"
"2024-11-03T02:00","4.0","15.1","0.0"
"2024-11-03T03:00","4.4","17.2","0.0"
"2024-11-03T04:00","4.9","18.2","0.0"
"2024-11-03T05:00","6.3","21.3","0.0"
"2024-11-03T06:00","7.2","21.3","0.0"
"2024-11-03T07:00","7.2","21.1","7.0"
"2024-11-03T08:00","8.1","22.4","63.0"
"2024-11-03T09:00","10.1","26.6","125.0"
"2024-11-03T10:00","10.6","23.2","83.0"
"2024-11-03T11:00","11.1","23.2","90.0"
"2024-11-03T12:00","11.2","27.8","70.0"
"2024-11-03T13:00","11.4","32.4","143.0"
"2024-11-03T14:00","11.4","27.8","71.0"
"2024-11-03T15:00","11.0","27.1","65.0"
"2024-11-03T16:00","10.3","25.8","3.0"
"2024-11-03T17:00","10.1","26.9","0.0"
"2024-11-03T18:00","10.1","27.4","0.0"
"2024-11-03T19:00","10.8","27.5","0.0"
"2024-11-03T20:00","10.6","25.8","0.0"
"2024-11-03T21:00","10.6","22.5","0.0"
"2024-11-03T22:00","10.4","19.7","0.0"
"2024-11-03T23:00","9.9","16.7","0.0"
"2024-11-04T00:00","9.3","14.7","0.0"
"2024-11-04T01:00","8.9","12.7","0.0"
"2024-11-04T02:00","8.7","11.2","0.0"
"2024-11-04T03:00","8.1","8.0","0.0"
"2024-11-04T04:00","7.7","7.1","0.0"
"2024-11-04T05:00","8.2","6.0","0.0"
"2024-11-04T06:00","8.7","4.5","0.0"
"2024-11-04T07:00","9.1","3.7","3.0"
"2024-11-04T08:00","9.7","1.2","33.0"
"2024-11-04T09:00","10.1","4.3","49.0"
"2024-11-04T10:00","10.7","7.2","83.0"
"2024-11-04T11:00","11.1","8.3","94.0"
"2024-11-04T12:00","11.2","7.7","78.0"
"2024-11-04T13:00","11.1","7.5","67.0"
"2024-11-04T14:00","11.1","6.8","45.0"
"2024-11-04T15:00","10.6","4.6","17.0"
"2024-11-04T16:00","9.9","4.6","1.0"
"2024-11-04T17:00","9.7","5.8","0.0"
"2024-11-04T18:00","9.4","5.1","0.0"
"2024-11-04T19:00","8.9","4.2","0.0"
"2024-11-04T20:00","9.1","5.9","0.0"
"2024-11-04T21:00","8.8","6.9","0.0"
"2024-11-04T22:00","8.3","7.8","0.0"
"2024-11-04T23:00","8.5","7.9","0.0"
"2024-11-05T00:00","8.8","7.0","0.0"
"2024-11-05T01:00","8.2","5.9","0.0"
"2024-11-05T02:00","8.1","6.4","0.0"
"2024-11-05T03:00","8.0","6.1","0.0"
"2024-11-05T04:00","7.8","4.9","0.0"
"2024-11-05T05:00","7.8","4.1","0.0"
"2024-11-05T06:00","7.8","3.9","0.0"
"2024-11-05T07:00","8.1","3.9","3.0"
"2024-11-05T08:00","8.9","5.7","32.0"
"2024-11-05T09:00","9.5","4.7","74.0"
"2024-11-05T10:00","10.1","4.9","122.0"
"2024-11-05T11:00","10.3","5.4","147.0"
"2024-11-05T12:00","10.4","4.3","138.0"
"2024-11-05T13:00","9.8","4.2","90.0"
"2024-11-05T14:00","9.6","2.6","63.0"
"2024-11-05T15:00","9.4","2.3","20.0"
"2024-11-05T16:00","9.0","3.6","1.0"
"2024-11-05T17:00","9.0","4.7","0.0"
"2024-11-05T18:00","8.9","5.3","0.0"
"2024-11-05T19:00","8.9","5.6","0.0"
"2024-11-05T20:00","8.8","5.8","0.0"
"2024-11-05T21:00","8.6","5.1","0.0"
"2024-11-05T22:00","8.4","4.0","0.0"
"2024-11-05T23:00","8.1","2.6","0.0"
"2024-11-06T00:00","8.1","2.7","0.0"
"2024-11-06T01:00","7.5","2.4","0.0"
"2024-11-06T02:00","7.5","3.1","0.0"
"2024-11-06T03:00","7.5","4.3","0.0"
"2024-11-06T04:00","7.2","3.8","0.0"
"2024-11-06T05:00","7.6","4.1","0.0"
"2024-11-06T06:00","7.7","3.5","0.0"
"2024-11-06T07:00","7.8","2.5","2.0"
"2024-11-06T08:00","8.4","2.0","27.0"
"2024-11-06T09:00","9.0","1.3","58.0"
"2024-11-06T10:00","9.4","2.8","87.0"
"2024-11-06T11:00","9.8","3.6","128.0"
"2024-11-06T12:00","9.8","3.3","99.0"
"2024-11-06T13:00","8.9","7.3","64.0"
"2024-11-06T14:00","8.9","7.6","53.0"
"2024-11-06T15:00","8.6","6.6","16.0"
"2024-11-06T16:00","8.3","5.7","1.0"
"2024-11-06T17:00","8.1","5.0","0.0"
"2024-11-06T18:00","7.9","4.9","0.0"
"2024-11-06T19:00","7.7","7.1","0.0"
"2024-11-06T20:00","7.4","8.6","0.0"
"2024-11-06T21:00","7.4","9.9","0.0"
"2024-11-06T22:00","7.2","9.4","0.0"
"2024-11-06T23:00","7.2","6.1","0.0"
"2024-11-07T00:00","7.2","6.8","0.0"
"2024-11-07T01:00","7.4","10.2","0.0"
"2024-11-07T02:00","7.1","8.9","0.0"
"2024-11-07T03:00","6.8","9.7","0.0"
"2024-11-07T04:00","6.9","8.5","0.0"
"2024-11-07T05:00","7.2","9.4","0.0"
"2024-11-07T06:00","7.3","9.9","0.0"
"2024-11-07T07:00","7.7","12.3","2.0"
"2024-11-07T08:00","8.4","11.2","26.0"
"2024-11-07T09:00","9.4","12.1","62.0"
"2024-11-07T10:00","9.8","11.7","56.0"
"2024-11-07T11:00","10.4","10.0","82.0"
"2024-11-07T12:00","10.8","8.3","91.0"
"2024-11-07T13:00","10.3","9.7","61.0"
"2024-11-07T14:00","10.2","8.2","42.0"
"2024-11-07T15:00","9.9","6.1","19.0"
"2024-11-07T16:00","9.6","5.7","0.0"
"2024-11-07T17:00","9.2","4.5","0.0"
"2024-11-07T18:00","9.1","4.0","0.0"
"2024-11-07T19:00","8.7","3.4","0.0"
"2024-11-07T20:00","8.6","3.3","0.0"
"2024-11-07T21:00","8.6","2.8","0.0"
"2024-11-07T22:00","8.6","4.3","0.0"
"2024-11-07T23:00","8.5","4.5","0.0"
"2024-11-08T00:00","8.6","4.7","0.0"
"2024-11-08T01:00","8.2","4.0","0.0"
"2024-11-08T02:00","8.3","6.4","0.0"
"2024-11-08T03:00","8.6","6.3","0.0"
"2024-11-08T04:00","8.6","6.5","0.0"
"2024-11-08T05:00","8.8","7.3","0.0"
"2024-11-08T06:00","8.8","7.6","0.0"
"2024-11-08T07:00","8.8","8.7","2.0"
"2024-11-08T08:00","9.1","10.5","30.0"
"2024-11-08T09:00","9.4","12.9","73.0"
"2024-11-08T10:00","9.9","15.9","121.0"
"2024-11-08T11:00","9.9","17.7","123.0"
"2024-11-08T12:00","10.1","20.3","121.0"
"2024-11-08T13:00","9.6","18.7","78.0"
"2024-11-08T14:00","9.6","17.7","54.0"
"2024-11-08T15:00","9.1","19.9","27.0"
"2024-11-08T16:00","8.9","19.8","0.0"
"2024-11-08T17:00","8.9","21.0","0.0"
"2024-11-08T18:00","8.8","21.1","0.0"
"2024-11-08T19:00","8.6","20.9","0.0"
"2024-11-08T20:00","8.4","20.4","0.0"
"2024-11-08T21:00","8.4","20.5","0.0"
"2024-11-08T22:00","7.8","20.9","0.0"
"2024-11-08T23:00","7.6","19.3","0.0"
"2024-11-09T00:00","7.2","19.2","0.0"
"2024-11-09T01:00","7.6","18.1","0.0"
"2024-11-09T02:00","7.3","18.1","0.0"
"2024-11-09T03:00","7.2","17.7","0.0"
"2024-11-09T04:00","7.1","17.8","0.0"
"2024-11-09T05:00","7.0","16.9","0.0"
"2024-11-09T06:00","7.0","16.6","0.0"
"2024-11-09T07:00","7.2","17.9","1.0"
"2024-11-09T08:00","7.3","20.0","25.0"
"2024-11-09T09:00","7.3","19.5","53.0"
"2024-11-09T10:00","7.4","19.4","81.0"
"2024-11-09T11:00","7.3","19.7","98.0"
"2024-11-09T12:00","7.2","20.1","88.0"
"2024-11-09T13:00","7.0","20.6","57.0"
"2024-11-09T14:00","7.1","19.5","46.0"
"2024-11-09T15:00","7.0","16.5","16.0"
"2024-11-09T16:00","6.9","17.1","0.0"
"2024-11-09T17:00","6.8","17.7","0.0"
"2024-11-09T18:00","6.6","18.1","0.0"
"2024-11-09T19:00","6.6","17.0","0.0"
"2024-11-09T20:00","6.6","16.2","0.0"
"2024-11-09T21:00","6.6","15.0","0.0"
"2024-11-09T22:00","6.7","14.0","0.0"
"2024-11-09T23:00","6.6","13.5","0.0"
"2024-11-10T00:00","6.5","13.3","0.0"
"2024-11-10T01:00","6.3","12.0","0.0"
"2024-11-10T02:00","6.3","11.6","0.0"
"2024-11-10T03:00","6.3","11.9","0.0"
"2024-11-10T04:00","6.2","12.7","0.0"
"2024-11-10T05:00","6.1","13.3","0.0"
"2024-11-10T06:00","5.8","13.1","0.0"
"2024-11-10T07:00","5.8","14.0","1.0"
"2024-11-10T08:00","5.6","13.9","24.0"
"2024-11-10T09:00","5.6","12.3","55.0"
"2024-11-10T10:00","5.7","11.6","74.0"
"2024-11-10T11:00","6.1","11.4","96.0"
"2024-11-10T12:00","6.1","10.7","88.0"
"2024-11-10T13:00","5.4","10.6","49.0"
"2024-11-10T14:00","5.6","9.5","30.0"
"2024-11-10T15:00","5.5","8.5","12.0"
"2024-11-10T16:00","5.4","9.2","0.0"
"2024-11-10T17:00","5.6","10.1","0.0"
"2024-11-10T18:00","5.8","10.2","0.0"
"2024-11-10T19:00","5.8","10.0","0.0"
"2024-11-10T20:00","5.8","10.2","0.0"
"2024-11-10T21:00","6.2","12.5","0.0"
"2024-11-10T22:00","6.6","15.9","0.0"
"2024-11-10T23:00","6.5","16.6","0.0"
"2024-11-11T00:00","6.2","16.2","0.0"
"2024-11-11T01:00","6.6","17.1","0.0"
"2024-11-11T02:00","6.8","16.3","0.0"
"2024-11-11T03:00","7.2","16.1","0.0"
"2024-11-11T04:00","7.4","16.0","0.0"
"2024-11-11T05:00","7.8","14.4","0.0"
"2024-11-11T06:00","7.8","12.4","0.0"
"2024-11-11T07:00","7.8","10.8","1.0"
"2024-11-11T08:00","8.1","11.0","20.0"
"2024-11-11T09:00","8.4","10.3","51.0"
"2024-11-11T10:00","8.8","10.2","76.0"
"2024-11-11T11:00","8.9","9.9","63.0"
"2024-11-11T12:00","9.1","6.4","65.0"
"2024-11-11T13:00","8.9","4.5","46.0"
"2024-11-11T14:00","8.8","3.8","28.0"
"2024-11-11T15:00","8.1","4.0","13.0"
"2024-11-11T16:00","8.6","2.3","0.0"
"2024-11-11T17:00","7.9","3.6","0.0"
"2024-11-11T18:00","7.6","4.6","0.0"
"2024-11-11T19:00","7.7","4.2","0.0"
"2024-11-11T20:00","7.6","4.0","0.0"
"2024-11-11T21:00","7.7","3.5","0.0"
"2024-11-11T22:00","7.0","3.6","0.0"
"2024-11-11T23:00","6.4","4.4","0.0"
"2024-11-12T00:00","6.9","5.4","0.0"
"2024-11-12T01:00","6.3","6.8","0.0"
"2024-11-12T02:00","6.7","8.3","0.0"
"2024-11-12T03:00","6.7","7.3","0.0"
"2024-11-12T04:00","6.1","7.6","0.0"
"2024-11-12T05:00","5.2","7.9","0.0"
"2024-11-12T06:00","4.8","10.9","0.0"
"2024-11-12T07:00","4.7","11.4","1.0"
"2024-11-12T08:00","5.6","9.0","39.0"
"2024-11-12T09:00","6.2","9.5","111.0"
"2024-11-12T10:00","7.2","11.8","136.0"
"2024-11-12T11:00","7.2","11.7","119.0"
"2024-11-12T12:00","6.8","11.0","106.0"
"2024-11-12T13:00","6.8","12.4","127.0"
"2024-11-12T14:00","6.3","11.9","85.0"
"2024-11-12T15:00","5.8","12.2","26.0"
"2024-11-12T16:00","5.6","10.7","0.0"
"2024-11-12T17:00","5.3","9.8","0.0"
"2024-11-12T18:00","5.0","9.5","0.0"
"2024-11-12T19:00","5.0","9.9","0.0"
"2024-11-12T20:00","5.2","9.6","0.0"
"2024-11-12T21:00","5.2","7.5","0.0"
"2024-11-12T22:00","5.2","7.0","0.0"
"2024-11-12T23:00","5.3","7.2","0.0"
"2024-11-13T00:00","5.4","8.2","0.0"
"2024-11-13T01:00","5.1","8.8","0.0"
"2024-11-13T02:00","5.1","6.4","0.0"
"2024-11-13T03:00","4.2","3.1","0.0"
"2024-11-13T04:00","4.1","2.4","0.0"
"2024-11-13T05:00","4.1","4.5","0.0"
"2024-11-13T06:00","4.3","5.3","0.0"
"2024-11-13T07:00","4.1","6.5","1.0"
"2024-11-13T08:00","5.4","7.6","18.0"
"2024-11-13T09:00","6.1","6.2","45.0"
"2024-11-13T10:00","7.0","11.2","130.0"
"2024-11-13T11:00","7.2","12.1","122.0"
"2024-11-13T12:00","7.2","13.3","100.0"
"2024-11-13T13:00","8.1","14.1","66.0"
"2024-11-13T14:00","8.5","12.4","44.0"
"2024-11-13T15:00","8.3","12.6","14.0"
"2024-11-13T16:00","7.9","13.9","0.0"
"2024-11-13T17:00","7.9","15.0","0.0"
"2024-11-13T18:00","8.1","16.1","0.0"
"2024-11-13T19:00","8.2","15.9","0.0"
"2024-11-13T20:00","8.5","14.0","0.0"
"2024-11-13T21:00","9.2","13.0","0.0"
"2024-11-13T22:00","9.2","12.7","0.0"
"2024-11-13T23:00","8.8","14.5","0.0"
"2024-11-14T00:00","8.6","14.3","0.0"
"2024-11-14T01:00","7.8","15.1","0.0"
"2024-11-14T02:00","7.9","14.8","0.0"
"2024-11-14T03:00","7.6","14.8","0.0"
"2024-11-14T04:00","6.9","14.7","0.0"
"2024-11-14T05:00","6.3","14.8","0.0"
"2024-11-14T06:00","6.1","16.3","0.0"
"2024-11-14T07:00","6.1","16.4","1.0"
"2024-11-14T08:00","6.8","15.9","47.0"
"2024-11-14T09:00","8.1","15.4","135.0"
"2024-11-14T10:00","9.3","14.6","204.0"
"2024-11-14T11:00","9.9","17.9","230.0"
"2024-11-14T12:00","10.1","17.1","217.0"
"2024-11-14T13:00","9.8","19.6","173.0"
"2024-11-14T14:00","8.9","17.7","110.0"
"2024-11-14T15:00","7.3","14.1","31.0"
"2024-11-14T16:00","6.3","12.3","0.0"
"2024-11-14T17:00","5.8","11.1","0.0"
"2024-11-14T18:00","5.7","11.6","0.0"
"2024-11-14T19:00","5.6","11.2","0.0"
"2024-11-14T20:00","5.6","11.7","0.0"
"2024-11-14T21:00","5.4","11.3","0.0"
"2024-11-14T22:00","5.2","10.6","0.0"
"2024-11-14T23:00","5.1","11.1","0.0"
"2024-11-15T00:00","4.9","11.6","0.0"
"2024-11-15T01:00","4.2","12.4","0.0"
"2024-11-15T02:00","4.5","14.4","0.0"
"2024-11-15T03:00","4.9","15.4","0.0"
"2024-11-15T04:00","5.5","17.2","0.0"
"2024-11-15T05:00","6.3","17.3","0.0"
"2024-11-15T06:00","6.9","17.0","0.0"
"2024-11-15T07:00","7.2","17.1","0.0"
"2024-11-15T08:00","8.3","17.3","28.0"
"2024-11-15T09:00","9.4","18.0","46.0"
"2024-11-15T10:00","10.1","18.0","60.0"
"2024-11-15T11:00","10.6","18.5","56.0"
"2024-11-15T12:00","11.5","20.2","103.0"
"2024-11-15T13:00","10.9","16.2","63.0"
"2024-11-15T14:00","10.9","16.9","36.0"
"2024-11-15T15:00","10.7","17.5","9.0"
"2024-11-15T16:00","10.6","16.7","0.0"
"2024-11-15T17:00","10.7","16.6","0.0"
"2024-11-15T18:00","10.6","16.9","0.0"
"2024-11-15T19:00","10.7","18.0","0.0"
"2024-11-15T20:00","10.7","21.8","0.0"
"2024-11-15T21:00","10.5","24.0","0.0"
"2024-11-15T22:00","10.1","24.5","0.0"
"2024-11-15T23:00","9.9","23.5","0.0"
"2024-11-16T00:00","9.9","23.7","0.0"
"2024-11-16T01:00","9.8","26.9","0.0"
"2024-11-16T02:00","9.6","26.0","0.0"
"2024-11-16T03:00","9.6","26.7","0.0"
"2024-11-16T04:00","9.6","26.6","0.0"
"2024-11-16T05:00","9.8","26.8","0.0"
"2024-11-16T06:00","10.0","26.6","0.0"
"2024-11-16T07:00","10.2","25.7","0.0"
"2024-11-16T08:00","10.4","26.2","10.0"
"2024-11-16T09:00","10.6","26.2","29.0"
"2024-11-16T10:00","10.8","26.3","36.0"
"2024-11-16T11:00","10.9","24.5","54.0"
"2024-11-16T12:00","10.8","22.7","56.0"
"2024-11-16T13:00","10.1","23.5","33.0"
"2024-11-16T14:00","9.8","21.3","15.0"
"2024-11-16T15:00","9.4","14.8","4.0"
"2024-11-16T16:00","9.1","15.9","0.0"
"2024-11-16T17:00","8.7","16.9","0.0"
"2024-11-16T18:00","8.6","18.1","0.0"
"2024-11-16T19:00","7.8","17.4","0.0"
"2024-11-16T20:00","7.5","18.2","0.0"
"2024-11-16T21:00","7.2","17.7","0.0"
"2024-11-16T22:00","7.5","17.4","0.0"
"2024-11-16T23:00","7.6","17.3","0.0"
"2024-11-17T00:00","7.2","19.2","0.0"
"2024-11-17T01:00","6.7","17.1","0.0"
"2024-11-17T02:00","6.3","18.2","0.0"
"2024-11-17T03:00","6.2","17.8","0.0"
"2024-11-17T04:00","5.9","18.0","0.0"
"2024-11-17T05:00","5.7","19.4","0.0"
"2024-11-17T06:00","5.7","19.2","0.0"
"2024-11-17T07:00","5.5","20.2","0.0"
"2024-11-17T08:00","5.8","21.8","38.0"
"2024-11-17T09:00","6.8","22.9","118.0"
"2024-11-17T10:00","7.2","24.7","182.0"
"2024-11-17T11:00","7.5","28.0","215.0"
"2024-11-17T12:00","7.7","27.4","176.0"
"2024-11-17T13:00","7.7","24.7","129.0"
"2024-11-17T14:00","7.2","24.1","86.0"
"2024-11-17T15:00","6.4","23.8","24.0"
"2024-11-17T16:00","5.8","23.4","0.0"
"2024-11-17T17:00","5.6","23.1","0.0"
"2024-11-17T18:00","5.3","23.2","0.0"
"2024-11-17T19:00","5.0","22.9","0.0"
"2024-11-17T20:00","4.3","21.2","0.0"
"2024-11-17T21:00","4.2","20.1","0.0"
"2024-11-17T22:00","3.7","22.4","0.0"
"2024-11-17T23:00","3.2","22.7","0.0"
"2024-11-18T00:00","3.5","21.8","0.0"
"2024-11-18T01:00","3.9","22.6","0.0"
"2024-11-18T02:00","3.5","20.2","0.0"
"2024-11-18T03:00","3.1","19.4","0.0"
"2024-11-18T04:00","2.9","19.5","0.0"
"2024-11-18T05:00","2.9","17.2","0.0"
"2024-11-18T06:00","2.8","16.3","0.0"
"2024-11-18T07:00","2.8","15.2","0.0"
"2024-11-18T08:00","3.2","15.1","33.0"
"2024-11-18T09:00","4.6","16.9","94.0"
"2024-11-18T10:00","5.4","18.8","160.0"
"2024-11-18T11:00","6.2","21.3","187.0"
"2024-11-18T12:00","6.6","21.4","193.0"
"2024-11-18T13:00","5.8","21.3","121.0"
"2024-11-18T14:00","5.7","21.4","90.0"
"2024-11-18T15:00","5.1","18.3","23.0"
"2024-11-18T16:00","4.3","18.0","0.0"
"2024-11-18T17:00","3.8","17.8","0.0"
"2024-11-18T18:00","3.5","17.7","0.0"
"2024-11-18T19:00","3.6","19.6","0.0"
"2024-11-18T20:00","3.7","19.3","0.0"
"2024-11-18T21:00","3.6","20.2","0.0"
"2024-11-18T22:00","3.5","18.1","0.0"
"2024-11-18T23:00","3.1","16.2","0.0"
"2024-11-19T00:00","2.7","15.9","0.0"
"2024-11-19T01:00","2.5","15.8","0.0"
"2024-11-19T02:00","2.0","13.3","0.0"
"2024-11-19T03:00","1.7","12.2","0.0"
"2024-11-19T04:00","1.4","10.7","0.0"
"2024-11-19T05:00","1.2","11.1","0.0"
"2024-11-19T06:00","1.1","8.9","0.0"
"2024-11-19T07:00","1.2","6.7","0.0"
"2024-11-19T08:00","1.6","5.3","16.0"
"2024-11-19T09:00","2.7","4.3","52.0"
"2024-11-19T10:00","3.5","4.8","81.0"
"2024-11-19T11:00","4.3","3.7","121.0"
"2024-11-19T12:00","4.5","5.9","109.0"
"2024-11-19T13:00","3.0","3.6","48.0"
"2024-11-19T14:00","2.5","6.5","27.0"
"2024-11-19T15:00","2.2","9.3","9.0"
"2024-11-19T16:00","1.8","8.4","0.0"
"2024-11-19T17:00","2.0","8.9","0.0"
"2024-11-19T18:00","2.2","10.6","0.0"
"2024-11-19T19:00","2.2","13.1","0.0"
"2024-11-19T20:00","1.9","13.1","0.0"
"2024-11-19T21:00","1.1","12.7","0.0"
"2024-11-19T22:00","0.7","12.0","0.0"
"2024-11-19T23:00","0.8","11.9","0.0"
"2024-11-20T00:00","0.6","12.4","0.0"
"2024-11-20T01:00","0.3","11.0","0.0"
"2024-11-20T02:00","0.3","9.8","0.0"
"2024-11-20T03:00","0.2","10.4","0.0"
"2024-11-20T04:00","-0.2","10.4","0.0"
"2024-11-20T05:00","0.4","9.9","0.0"
"2024-11-20T06:00","-0.8","9.0","0.0"
"2024-11-20T07:00","-0.9","10.8","0.0"
"2024-11-20T08:00","-0.6","10.8","30.0"
"2024-11-20T09:00","0.0","9.1","101.0"
"2024-11-20T10:00","0.8","8.4","174.0"
"2024-11-20T11:00","1.5","6.9","190.0"
"2024-11-20T12:00","1.6","6.3","163.0"
"2024-11-20T13:00","1.9","9.5","92.0"
"2024-11-20T14:00","1.5","7.7","68.0"
"2024-11-20T15:00","0.6","8.2","17.0"
"2024-11-20T16:00","-0.3","9.6","0.0"
"2024-11-20T17:00","-0.9","8.9","0.0"
"2024-11-20T18:00","-1.0","10.8","0.0"
"2024-11-20T19:00","-0.9","13.0","0.0"
"2024-11-20T20:00","-0.8","13.1","0.0"
"2024-11-20T21:00","-1.0","10.9","0.0"
"2024-11-20T22:00","-1.0","10.1","0.0"
"2024-11-20T23:00","-1.0","11.9","0.0"
"2024-11-21T00:00","-0.9","13.2","0.0"
"2024-11-21T01:00","-1.0","12.4","0.0"
"2024-11-21T02:00","-0.6","14.6","0.0"
"2024-11-21T03:00","-0.5","14.7","0.0"
"2024-11-21T04:00","-0.8","14.3","0.0"
"2024-11-21T05:00","-0.4","15.7","0.0"
"2024-11-21T06:00","-0.4","15.1","0.0"
"2024-11-21T07:00","-0.8","13.0","0.0"
"2024-11-21T08:00","-0.3","10.9","25.0"
"2024-11-21T09:00","0.9","9.9","98.0"
"2024-11-21T10:00","1.8","8.3","171.0"
"2024-11-21T11:00","2.4","6.5","182.0"
"2024-11-21T12:00","2.3","5.8","149.0"
"2024-11-21T13:00","1.6","4.1","88.0"
"2024-11-21T14:00","0.6","4.4","66.0"
"2024-11-21T15:00","0.2","4.9","10.0"
"2024-11-21T16:00","0.1","6.9","0.0"
"2024-11-21T17:00","0.4","5.5","0.0"
"2024-11-21T18:00","-0.6","5.6","0.0"
"2024-11-21T19:00","-0.7","7.6","0.0"
"2024-11-21T20:00","-1.0","7.0","0.0"
"2024-11-21T21:00","-1.5","5.9","0.0"
"2024-11-21T22:00","-2.1","3.5","0.0"
"2024-11-21T23:00","-1.4","6.3","0.0"
"2024-11-22T00:00","-0.9","7.6","0.0"
"2024-11-22T01:00","-1.6","12.0","0.0"
"2024-11-22T02:00","-1.4","12.0","0.0"
"2024-11-22T03:00","-1.9","10.7","0.0"
"2024-11-22T04:00","-2.5","11.2","0.0"
"2024-11-22T05:00","-2.5","11.2","0.0"
"2024-11-22T06:00","-2.8","10.6","0.0"
"2024-11-22T07:00","-3.0","8.5","0.0"
"2024-11-22T08:00","-2.5","7.2","25.0"
"2024-11-22T09:00","-0.8","6.9","81.0"
"2024-11-22T10:00","0.4","4.1","78.0"
"2024-11-22T11:00","0.9","7.5","82.0"
"2024-11-22T12:00","1.1","9.0","67.0"
"2024-11-22T13:00","1.9","18.4","91.0"
"2024-11-22T14:00","0.8","16.3","15.0"
"2024-11-22T15:00","1.1","15.7","5.0"
"2024-11-22T16:00","1.0","13.2","0.0"
"2024-11-22T17:00","0.0","15.2","0.0"
"2024-11-22T18:00","-0.2","19.0","0.0"
"2024-11-22T19:00","-0.4","9.4","0.0"
"2024-11-22T20:00","-2.0","12.3","0.0"
"2024-11-22T21:00","-1.0","8.6","0.0"
"2024-11-22T22:00","-2.1","12.0","0.0"
"2024-11-22T23:00","-1.9","14.8","0.0"
"2024-11-23T00:00","-1.9","14.5","0.0"
"2024-11-23T01:00","-0.7","20.3","0.0"
"2024-11-23T02:00","-0.3","20.7","0.0"
"2024-11-23T03:00","-0.1","20.4","0.0"
"2024-11-23T04:00","0.4","20.5","0.0"
"2024-11-23T05:00","0.8","19.8","0.0"
"2024-11-23T06:00","0.7","18.9","0.0"
"2024-11-23T07:00","0.7","19.7","0.0"
"2024-11-23T08:00","1.0","20.2","23.0"
"2024-11-23T09:00","1.9","20.2","97.0"
"2024-11-23T10:00","2.8","21.3","163.0"
"2024-11-23T11:00","3.5","19.3","203.0"
"2024-11-23T12:00","3.8","18.1","201.0"
"2024-11-23T13:00","3.0","15.7","157.0"
"2024-11-23T14:00","2.5","14.7","80.0"
"2024-11-23T15:00","2.0","16.3","16.0"
"2024-11-23T16:00","1.6","14.6","0.0"
"2024-11-23T17:00","1.7","16.5","0.0"
"2024-11-23T18:00","1.6","17.3","0.0"
"2024-11-23T19:00","2.0","17.6","0.0"
"2024-11-23T20:00","2.5","18.4","0.0"
"2024-11-23T21:00","2.8","23.0","0.0"
"2024-11-23T22:00","2.4","25.4","0.0"
"2024-11-23T23:00","2.7","27.2","0.0"
"2024-11-24T00:00","2.2","27.1","0.0"
"2024-11-24T01:00","2.5","26.7","0.0"
"2024-11-24T02:00","2.8","26.5","0.0"
"2024-11-24T03:00","3.0","23.6","0.0"
"2024-11-24T04:00","3.2","19.9","0.0"
"2024-11-24T05:00","3.8","19.7","0.0"
"2024-11-24T06:00","4.2","20.7","0.0"
"2024-11-24T07:00","4.8","21.9","0.0"
"2024-11-24T08:00","5.3","24.1","2.0"
"2024-11-24T09:00","6.0","22.0","21.0"
"2024-11-24T10:00","7.1","23.4","26.0"
"2024-11-24T11:00","8.2","25.4","25.0"
"2024-11-24T12:00","8.8","26.0","35.0"
"2024-11-24T13:00","8.8","23.6","22.0"
"2024-11-24T14:00","9.1","25.0","40.0"
"2024-11-24T15:00","9.6","24.3","7.0"
"2024-11-24T16:00","9.8","24.0","0.0"
"2024-11-24T17:00","10.5","25.6","0.0"
"2024-11-24T18:00","11.5","26.4","0.0"
"2024-11-24T19:00","12.4","27.1","0.0"
"2024-11-24T20:00","12.9","26.5","0.0"
"2024-11-24T21:00","13.1","27.6","0.0"
"2024-11-24T22:00","13.4","28.4","0.0"
"2024-11-24T23:00","13.7","28.4","0.0"
"2024-11-25T00:00","13.5","28.4","0.0"
"2024-11-25T01:00","13.8","27.5","0.0"
"2024-11-25T02:00","13.9","26.8","0.0"
"2024-11-25T03:00","14.1","27.6","0.0"
"2024-11-25T04:00","14.1","27.8","0.0"
"2024-11-25T05:00","13.6","28.1","0.0"
"2024-11-25T06:00","13.6","28.1","0.0"
"2024-11-25T07:00","13.1","27.7","0.0"
"2024-11-25T08:00","13.1","28.2","14.0"
"2024-11-25T09:00","13.6","28.4","56.0"
"2024-11-25T10:00","13.9","27.7","69.0"
"2024-11-25T11:00","13.9","26.8","69.0"
"2024-11-25T12:00","13.4","26.9","75.0"
"2024-11-25T13:00","13.9","26.9","49.0"
"2024-11-25T14:00","14.0","24.1","28.0"
"2024-11-25T15:00","13.8","23.0","5.0"
"2024-11-25T16:00","13.2","22.5","0.0"
"2024-11-25T17:00","13.2","23.2","0.0"
"2024-11-25T18:00","11.6","21.8","0.0"
"2024-11-25T19:00","10.4","17.6","0.0"
"2024-11-25T20:00","9.8","19.3","0.0"
"2024-11-25T21:00","9.4","21.0","0.0"
"2024-11-25T22:00","8.9","20.4","0.0"
"2024-11-25T23:00","8.4","19.4","0.0"
"2024-11-26T00:00","8.2","20.4","0.0"
"2024-11-26T01:00","8.4","20.4","0.0"
"2024-11-26T02:00","8.2","21.0","0.0"
"2024-11-26T03:00","8.4","21.7","0.0"
"2024-11-26T04:00","7.9","22.9","0.0"
"2024-11-26T05:00","7.7","24.1","0.0"
"2024-11-26T06:00","7.6","23.9","0.0"
"2024-11-26T07:00","7.2","23.5","0.0"
"2024-11-26T08:00","7.3","23.2","17.0"
"2024-11-26T09:00","8.1","24.2","89.0"
"2024-11-26T10:00","8.8","24.4","155.0"
"2024-11-26T11:00","8.9","25.1","189.0"
"2024-11-26T12:00","8.9","24.7","180.0"
"2024-11-26T13:00","8.9","24.3","137.0"
"2024-11-26T14:00","8.4","23.3","77.0"
"2024-11-26T15:00","7.7","21.9","13.0"
"2024-11-26T16:00","7.3","22.5","0.0"
"2024-11-26T17:00","7.1","22.4","0.0"
"2024-11-26T18:00","6.8","22.4","0.0"
"2024-11-26T19:00","6.5","22.5","0.0"
"2024-11-26T20:00","6.3","21.9","0.0"
"2024-11-26T21:00","6.1","20.7","0.0"
"2024-11-26T22:00","6.0","20.5","0.0"
"2024-11-26T23:00","6.1","20.1","0.0"
"2024-11-27T00:00","6.2","20.0","0.0"
"2024-11-27T01:00","5.8","17.2","0.0"
"2024-11-27T02:00","5.5","17.3","0.0"
"2024-11-27T03:00","5.3","17.0","0.0"
"2024-11-27T04:00","5.0","17.0","0.0"
"2024-11-27T05:00","4.9","16.7","0.0"
"2024-11-27T06:00","4.7","15.4","0.0"
"2024-11-27T07:00","4.2","13.9","0.0"
"2024-11-27T08:00","4.2","13.7","15.0"
"2024-11-27T09:00","5.1","13.6","84.0"
"2024-11-27T10:00","5.9","10.1","151.0"
"2024-11-27T11:00","6.9","11.8","188.0"
"2024-11-27T12:00","7.3","10.8","188.0"
"2024-11-27T13:00","7.4","10.1","137.0"
"2024-11-27T14:00","6.7","9.0","71.0"
"2024-11-27T15:00","5.6","8.0","9.0"
"2024-11-27T16:00","5.2","9.3","0.0"
"2024-11-27T17:00","5.3","10.8","0.0"
"2024-11-27T18:00","5.8","13.6","0.0"
"2024-11-27T19:00","6.0","16.6","0.0"
"2024-11-27T20:00","5.8","20.2","0.0"
"2024-11-27T21:00","5.4","26.9","0.0"
"2024-11-27T22:00","5.4","31.3","0.0"
"2024-11-27T23:00","5.6","34.6","0.0"
"2024-11-28T00:00","5.8","35.8","0.0"
"2024-11-28T01:00","5.7","32.2","0.0"
"2024-11-28T02:00","5.3","30.3","0.0"
"2024-11-28T03:00","5.2","30.4","0.0"
"2024-11-28T04:00","5.2","31.7","0.0"
"2024-11-28T05:00","4.6","32.9","0.0"
"2024-11-28T06:00","4.2","32.1","0.0"
"2024-11-28T07:00","4.2","32.7","0.0"
"2024-11-28T08:00","3.8","30.5","2.0"
"2024-11-28T09:00","4.1","29.3","20.0"
"2024-11-28T10:00","4.4","29.0","50.0"
"2024-11-28T11:00","4.7","25.8","46.0"
"2024-11-28T12:00","5.2","23.0","32.0"
"2024-11-28T13:00","5.5","20.2","31.0"
"2024-11-28T14:00","5.7","20.6","15.0"
"2024-11-28T15:00","5.3","21.5","6.0"
"2024-11-28T16:00","4.8","20.7","0.0"
"2024-11-28T17:00","4.4","17.8","0.0"
"2024-11-28T18:00","3.8","17.0","0.0"
"2024-11-28T19:00","3.5","13.9","0.0"
"2024-11-28T20:00","3.0","10.5","0.0"
"2024-11-28T21:00","2.5","12.4","0.0"
"2024-11-28T22:00","3.5","12.3","0.0"
"2024-11-28T23:00","3.8","12.4","0.0"
"2024-11-29T00:00","3.8","10.4","0.0"
"2024-11-29T01:00","4.1","10.0","0.0"
"2024-11-29T02:00","4.1","9.8","0.0"
"2024-11-29T03:00","3.1","8.5","0.0"
"2024-11-29T04:00","2.0","5.2","0.0"
"2024-11-29T05:00","2.0","6.1","0.0"
"2024-11-29T06:00","2.3","7.1","0.0"
"2024-11-29T07:00","2.5","9.4","0.0"
"2024-11-29T08:00","3.2","6.5","9.0"
"2024-11-29T09:00","3.6","9.0","73.0"
"2024-11-29T10:00","4.1","8.0","120.0"
"2024-11-29T11:00","4.8","10.6","122.0"
"2024-11-29T12:00","5.2","13.6","142.0"
"2024-11-29T13:00","4.4","12.0","52.0"
"2024-11-29T14:00","4.3","8.9","42.0"
"2024-11-29T15:00","3.2","9.8","10.0"
"2024-11-29T16:00","3.0","12.1","0.0"
"2024-11-29T17:00","3.5","12.6","0.0"
"2024-11-29T18:00","3.9","14.3","0.0"
"2024-11-29T19:00","3.4","14.8","0.0"
"2024-11-29T20:00","3.5","15.5","0.0"
"2024-11-29T21:00","3.6","14.6","0.0"
"2024-11-29T22:00","3.2","13.3","0.0"
"2024-11-29T23:00","2.8","13.1","0.0"
"2024-11-30T00:00","2.7","13.4","0.0"
"2024-11-30T01:00","3.1","13.9","0.0"
"2024-11-30T02:00","3.0","15.5","0.0"
"2024-11-30T03:00","2.8","16.1","0.0"
"2024-11-30T04:00","2.7","15.6","0.0"
"2024-11-30T05:00","2.7","16.7","0.0"
"2024-11-30T06:00","2.5","17.3","0.0"
"2024-11-30T07:00","2.0","17.3","0.0"
"2024-11-30T08:00","2.1","18.4","12.0"
"2024-11-30T09:00","2.8","18.4","81.0"
"2024-11-30T10:00","3.6","17.6","141.0"
"2024-11-30T11:00","4.2","17.7","176.0"
"2024-11-30T12:00","4.8","16.2","188.0"
"2024-11-30T13:00","5.0","15.7","149.0"
"2024-11-30T14:00","4.3","14.8","80.0"
"2024-11-30T15:00","3.2","14.1","12.0"
"2024-11-30T16:00","2.7","14.7","0.0"
"2024-11-30T17:00","2.5","15.0","0.0"
"2024-11-30T18:00","2.5","15.1","0.0"
"2024-11-30T19:00","2.7","15.2","0.0"
"2024-11-30T20:00","2.7","16.7","0.0"
"2024-11-30T21:00","2.5","16.7","0.0"
"2024-11-30T22:00","2.3","15.8","0.0"
"2024-11-30T23:00","2.2","14.8","0.0"
"2024-12-01T00:00","1.9","13.8","0.0"
"2024-12-01T01:00","1.6","12.1","0.0"
"2024-12-01T02:00","1.5","12.1","0.0"
"2024-12-01T03:00","1.5","11.1","0.0"
"2024-12-01T04:00","1.3","10.7","0.0"
"2024-12-01T05:00","1.2","10.6","0.0"
"2024-12-01T06:00","1.5","10.8","0.0"
"2024-12-01T07:00","1.7","10.6","0.0"
"2024-12-01T08:00","1.9","11.3","7.0"
"2024-12-01T09:00","2.2","11.8","71.0"
"2024-12-01T10:00","3.0","10.6","143.0"
"2024-12-01T11:00","3.8","11.3","178.0"
"2024-12-01T12:00","4.3","12.1","178.0"
"2024-12-01T13:00","5.1","12.3","143.0"
"2024-12-01T14:00","4.5","12.3","74.0"
"2024-12-01T15:00","3.8","12.2","10.0"
"2024-12-01T16:00","4.0","13.3","0.0"
"2024-12-01T17:00","3.5","13.9","0.0"
"2024-12-01T18:00","2.8","15.8","0.0"
"2024-12-01T19:00","2.9","16.6","0.0"
"2024-12-01T20:00","2.8","17.5","0.0"
"2024-12-01T21:00","2.8","18.2","0.0"
"2024-12-01T22:00","2.8","17.6","0.0"
"2024-12-01T23:00","2.4","16.9","0.0"
"2024-12-02T00:00","2.3","16.6","0.0"
"2024-12-02T01:00","2.5","16.4","0.0"
"2024-12-02T02:00","3.0","16.1","0.0"
"2024-12-02T03:00","4.0","16.5","0.0"
"2024-12-02T04:00","4.3","17.7","0.0"
"2024-12-02T05:00","4.9","18.5","0.0"
"2024-12-02T06:00","5.9","20.3","0.0"
"2024-12-02T07:00","6.5","19.6","0.0"
"2024-12-02T08:00","6.9","18.1","2.0"
"2024-12-02T09:00","7.3","17.8","16.0"
"2024-12-02T10:00","7.8","18.4","38.0"
"2024-12-02T11:00","8.4","20.0","61.0"
"2024-12-02T12:00","8.3","20.5","53.0"
"2024-12-02T13:00","7.4","16.5","30.0"
"2024-12-02T14:00","7.1","11.5","13.0"
"2024-12-02T15:00","7.3","17.5","1.0"
"2024-12-02T16:00","7.5","18.6","0.0"
"2024-12-02T17:00","7.6","18.1","0.0"
"2024-12-02T18:00","7.8","18.3","0.0"
"2024-12-02T19:00","7.9","18.8","0.0"
"2024-12-02T20:00","7.9","18.4","0.0"
"2024-12-02T21:00","7.8","17.9","0.0"
"2024-12-02T22:00","7.6","17.0","0.0"
"2024-12-02T23:00","7.6","17.0","0.0"
"2024-12-03T00:00","7.7","16.4","0.0"
"2024-12-03T01:00","7.3","12.9","0.0"
"2024-12-03T02:00","6.7","11.8","0.0"
"2024-12-03T03:00","6.1","11.4","0.0"
"2024-12-03T04:00","5.9","9.8","0.0"
"2024-12-03T05:00","6.2","8.0","0.0"
"2024-12-03T06:00","6.6","7.4","0.0"
"2024-12-03T07:00","6.3","8.0","0.0"
"2024-12-03T08:00","6.1","7.3","3.0"
"2024-12-03T09:00","5.9","8.1","27.0"
"2024-12-03T10:00","6.1","7.2","84.0"
"2024-12-03T11:00","6.4","7.6","145.0"
"2024-12-03T12:00","6.7","7.0","144.0"
"2024-12-03T13:00","6.3","5.9","117.0"
"2024-12-03T14:00","5.5","4.4","57.0"
"2024-12-03T15:00","4.2","5.3","8.0"
"2024-12-03T16:00","3.8","5.9","0.0"
"2024-12-03T17:00","3.8","10.6","0.0"
"2024-12-03T18:00","4.8","21.4","0.0"
"2024-12-03T19:00","4.3","19.8","0.0"
"2024-12-03T20:00","4.2","18.4","0.0"
"2024-12-03T21:00","4.1","17.4","0.0"
"2024-12-03T22:00","4.1","16.6","0.0"
"2024-12-03T23:00","4.1","15.8","0.0"
"2024-12-04T00:00","4.0","15.1","0.0"
"2024-12-04T01:00","3.3","18.2","0.0"
"2024-12-04T02:00","3.2","19.8","0.0"
"2024-12-04T03:00","2.9","20.9","0.0"
"2024-12-04T04:00","2.5","21.1","0.0"
"2024-12-04T05:00","2.6","20.9","0.0"
"2024-12-04T06:00","2.9","21.1","0.0"
"2024-12-04T07:00","3.0","21.0","0.0"
"2024-12-04T08:00","3.2","18.7","3.0"
"2024-12-04T09:00","3.8","17.5","23.0"
"2024-12-04T10:00","4.0","16.1","48.0"
"2024-12-04T11:00","4.0","15.6","43.0"
"2024-12-04T12:00","4.2","14.3","47.0"
"2024-12-04T13:00","3.6","13.8","82.0"
"2024-12-04T14:00","3.4","12.1","42.0"
"2024-12-04T15:00","2.7","12.0","6.0"
"2024-12-04T16:00","2.5","10.8","0.0"
"2024-12-04T17:00","2.2","10.2","0.0"
"2024-12-04T18:00","2.2","11.7","0.0"
"2024-12-04T19:00","1.9","12.1","0.0"
"2024-12-04T20:00","1.4","10.6","0.0"
"2024-12-04T21:00","0.9","8.9","0.0"
"2024-12-04T22:00","0.4","6.2","0.0"
"2024-12-04T23:00","0.6","6.9","0.0"
"2024-12-05T00:00","1.4","7.7","0.0"
"2024-12-05T01:00","-0.9","5.1","0.0"
"2024-12-05T02:00","-0.1","4.8","0.0"
"2024-12-05T03:00","0.4","5.2","0.0"
"2024-12-05T04:00","0.6","5.6","0.0"
"2024-12-05T05:00","1.0","7.5","0.0"
"2024-12-05T06:00","1.5","6.7","0.0"
"2024-12-05T07:00","2.7","9.6","0.0"
"2024-12-05T08:00","3.3","10.9","3.0"
"2024-12-05T09:00","4.6","13.5","27.0"
"2024-12-05T10:00","5.1","13.3","47.0"
"2024-12-05T11:00","5.0","14.9","99.0"
"2024-12-05T12:00","5.1","17.7","114.0"
"2024-12-05T13:00","4.8","20.7","86.0"
"2024-12-05T14:00","4.4","22.5","59.0"
"2024-12-05T15:00","3.7","23.9","8.0"
"2024-12-05T16:00","3.7","24.9","0.0"
"2024-12-05T17:00","4.0","27.7","0.0"
"2024-12-05T18:00","4.0","28.6","0.0"
"2024-12-05T19:00","3.9","29.0","0.0"
"2024-12-05T20:00","3.8","28.1","0.0"
"2024-12-05T21:00","3.7","28.5","0.0"
"2024-12-05T22:00","3.8","29.4","0.0"
"2024-12-05T23:00","3.7","28.3","0.0"
"2024-12-06T00:00","3.8","29.3","0.0"
"2024-12-06T01:00","4.2","27.8","0.0"
"2024-12-06T02:00","4.3","29.5","0.0"
"2024-12-06T03:00","4.2","31.1","0.0"
"2024-12-06T04:00","4.4","31.8","0.0"
"2024-12-06T05:00","4.4","31.2","0.0"
"2024-12-06T06:00","4.3","31.2","0.0"
"2024-12-06T07:00","4.4","29.4","0.0"
"2024-12-06T08:00","4.8","29.7","1.0"
"2024-12-06T09:00","4.8","28.9","10.0"
"2024-12-06T10:00","5.1","27.5","42.0"
"2024-12-06T11:00","5.1","23.5","36.0"
"2024-12-06T12:00","4.8","21.6","23.0"
"2024-12-06T13:00","4.6","21.3","22.0"
"2024-12-06T14:00","4.6","21.1","16.0"
"2024-12-06T15:00","4.6","17.4","2.0"
"2024-12-06T16:00","4.7","14.5","0.0"
"2024-12-06T17:00","4.7","14.7","0.0"
"2024-12-06T18:00","4.7","10.9","0.0"
"2024-12-06T19:00","4.4","9.0","0.0"
"2024-12-06T20:00","4.4","9.9","0.0"
"2024-12-06T21:00","4.6","12.2","0.0"
"2024-12-06T22:00","4.7","10.6","0.0"
"2024-12-06T23:00","4.6","8.1","0.0"
"2024-12-07T00:00","4.5","5.5","0.0"
"2024-12-07T01:00","4.7","8.1","0.0"
"2024-12-07T02:00","4.7","8.3","0.0"
"2024-12-07T03:00","4.7","9.0","0.0"
"2024-12-07T04:00","4.7","11.7","0.0"
"2024-12-07T05:00","4.8","13.5","0.0"
"2024-12-07T06:00","4.8","14.5","0.0"
"2024-12-07T07:00","4.8","15.7","0.0"
"2024-12-07T08:00","4.8","16.4","2.0"
"2024-12-07T09:00","5.1","17.9","14.0"
"2024-12-07T10:00","5.4","19.2","31.0"
"2024-12-07T11:00","5.7","18.4","38.0"
"2024-12-07T12:00","5.8","17.8","34.0"
"2024-12-07T13:00","5.8","19.6","29.0"
"2024-12-07T14:00","5.8","21.7","27.0"
"2024-12-07T15:00","5.9","23.2","3.0"
"2024-12-07T16:00","6.0","22.7","0.0"
"2024-12-07T17:00","6.1","22.2","0.0"
"2024-12-07T18:00","6.3","23.8","0.0"
"2024-12-07T19:00","6.2","22.9","0.0"
"2024-12-07T20:00","5.8","22.4","0.0"
"2024-12-07T21:00","5.7","22.1","0.0"
"2024-12-07T22:00","5.5","19.8","0.0"
"2024-12-07T23:00","5.7","20.5","0.0"
"2024-12-08T00:00","5.8","21.7","0.0"
"2024-12-08T01:00","6.1","20.5","0.0"
"2024-12-08T02:00","6.1","20.2","0.0"
"2024-12-08T03:00","6.1","19.2","0.0"
"2024-12-08T04:00","6.1","18.6","0.0"
"2024-12-08T05:00","6.2","18.9","0.0"
"2024-12-08T06:00","6.3","18.9","0.0"
"2024-12-08T07:00","6.2","18.1","0.0"
"2024-12-08T08:00","5.9","18.0","2.0"
"2024-12-08T09:00","6.1","18.4","13.0"
"2024-12-08T10:00","6.2","18.9","22.0"
"2024-12-08T11:00","6.3","17.5","56.0"
"2024-12-08T12:00","6.5","18.3","91.0"
"2024-12-08T13:00","6.1","20.5","54.0"
"2024-12-08T14:00","5.5","21.9","18.0"
"2024-12-08T15:00","5.3","19.7","3.0"
"2024-12-08T16:00","5.1","19.3","0.0"
"2024-12-08T17:00","4.7","18.3","0.0"
"2024-12-08T18:00","4.2","18.2","0.0"
"2024-12-08T19:00","3.8","16.7","0.0"
"2024-12-08T20:00","3.7","17.4","0.0"
"2024-12-08T21:00","3.8","18.3","0.0"
"2024-12-08T22:00","4.1","18.0","0.0"
"2024-12-08T23:00","4.2","19.0","0.0"
"2024-12-09T00:00","4.2","19.9","0.0"
"2024-12-09T01:00","4.6","22.2","0.0"
"2024-12-09T02:00","4.8","22.1","0.0"
"2024-12-09T03:00","4.9","22.5","0.0"
"2024-12-09T04:00","4.8","23.0","0.0"
"2024-12-09T05:00","4.4","22.2","0.0"
"2024-12-09T06:00","4.4","21.7","0.0"
"2024-12-09T07:00","4.4","21.1","0.0"
"2024-12-09T08:00","4.1","22.1","1.0"
"2024-12-09T09:00","4.0","22.9","18.0"
"2024-12-09T10:00","4.2","22.9","46.0"
"2024-12-09T11:00","4.3","19.5","60.0"
"2024-12-09T12:00","4.1","19.6","85.0"
"2024-12-09T13:00","3.7","16.5","34.0"
"2024-12-09T14:00","3.4","18.3","42.0"
"2024-12-09T15:00","3.0","19.9","6.0"
"2024-12-09T16:00","3.3","19.2","0.0"
"2024-12-09T17:00","2.9","18.7","0.0"
"2024-12-09T18:00","2.5","17.9","0.0"
"2024-12-09T19:00","2.7","16.9","0.0"
"2024-12-09T20:00","2.7","16.7","0.0"
"2024-12-09T21:00","2.6","16.2","0.0"
"2024-12-09T22:00","2.5","14.4","0.0"
"2024-12-09T23:00","2.5","13.0","0.0"
"2024-12-10T00:00","2.5","12.4","0.0"
"2024-12-10T01:00","2.3","12.6","0.0"
"2024-12-10T02:00","2.4","12.8","0.0"
"2024-12-10T03:00","2.2","13.0","0.0"
"2024-12-10T04:00","2.0","12.5","0.0"
"2024-12-10T05:00","2.0","12.0","0.0"
"2024-12-10T06:00","2.1","11.7","0.0"
"2024-12-10T07:00","2.0","10.4","0.0"
"2024-12-10T08:00","1.9","9.5","3.0"
"2024-12-10T09:00","2.5","8.4","34.0"
"2024-12-10T10:00","3.0","7.4","78.0"
"2024-12-10T11:00","3.0","8.1","114.0"
"2024-12-10T12:00","3.0","9.9","108.0"
"2024-12-10T13:00","2.0","8.4","57.0"
"2024-12-10T14:00","1.6","7.0","30.0"
"2024-12-10T15:00","1.0","6.1","4.0"
"2024-12-10T16:00","0.4","6.2","0.0"
"2024-12-10T17:00","-0.1","4.0","0.0"
"2024-12-10T18:00","-0.3","3.8","0.0"
"2024-12-10T19:00","-0.2","3.5","0.0"
"2024-12-10T20:00","-0.6","2.2","0.0"
"2024-12-10T21:00","-0.6","2.3","0.0"
"2024-12-10T22:00","-0.2","4.9","0.0"
"2024-12-10T23:00","0.0","6.7","0.0"
"2024-12-11T00:00","0.0","6.3","0.0"
"2024-12-11T01:00","0.3","5.5","0.0"
"2024-12-11T02:00","0.7","5.5","0.0"
"2024-12-11T03:00","0.8","8.0","0.0"
"2024-12-11T04:00","0.0","9.0","0.0"
"2024-12-11T05:00","-0.6","8.0","0.0"
"2024-12-11T06:00","0.1","7.2","0.0"
"2024-12-11T07:00","0.9","6.7","0.0"
"2024-12-11T08:00","1.4","6.7","2.0"
"2024-12-11T09:00","2.1","6.0","27.0"
"2024-12-11T10:00","2.8","6.4","48.0"
"2024-12-11T11:00","3.2","7.5","53.0"
"2024-12-11T12:00","3.3","8.1","47.0"
"2024-12-11T13:00","3.0","4.7","32.0"
"2024-12-11T14:00","2.9","4.1","10.0"
"2024-12-11T15:00","2.8","4.8","1.0"
"2024-12-11T16:00","2.8","3.4","0.0"
"2024-12-11T17:00","2.8","1.5","0.0"
"2024-12-11T18:00","2.8","5.8","0.0"
"2024-12-11T19:00","2.5","7.6","0.0"
"2024-12-11T20:00","2.2","7.6","0.0"
"2024-12-11T21:00","1.5","7.8","0.0"
"2024-12-11T22:00","0.6","7.6","0.0"
"2024-12-11T23:00","0.2","6.6","0.0"
"2024-12-12T00:00","0.1","6.1","0.0"
"2024-12-12T01:00","1.1","7.5","0.0"
"2024-12-12T02:00","0.8","6.7","0.0"
"2024-12-12T03:00","0.4","7.3","0.0"
"2024-12-12T04:00","0.2","5.6","0.0"
"2024-12-12T05:00","-0.2","4.6","0.0"
"2024-12-12T06:00","-1.1","3.0","0.0"
"2024-12-12T07:00","-1.6","2.5","0.0"
"2024-12-12T08:00","-1.8","4.1","3.0"
"2024-12-12T09:00","-1.2","6.4","41.0"
"2024-12-12T10:00","-0.6","8.1","89.0"
"2024-12-12T11:00","0.3","8.7","122.0"
"2024-12-12T12:00","1.0","8.0","135.0"
"2024-12-12T13:00","2.2","6.7","99.0"
"2024-12-12T14:00","1.5","2.7","44.0"
"2024-12-12T15:00","1.1","1.5","4.0"
"2024-12-12T16:00","1.1","1.8","0.0"
"2024-12-12T17:00","1.5","3.0","0.0"
"2024-12-12T18:00","1.4","3.5","0.0"
"2024-12-12T19:00","1.2","4.0","0.0"
"2024-12-12T20:00","1.0","3.8","0.0"
"2024-12-12T21:00","1.0","3.4","0.0"
"2024-12-12T22:00","0.4","3.5","0.0"
"2024-12-12T23:00","0.1","3.7","0.0"
"2024-12-13T00:00","0.5","2.2","0.0"
"2024-12-13T01:00","0.7","5.6","0.0"
"2024-12-13T02:00","0.6","5.8","0.0"
"2024-12-13T03:00","1.0","7.4","0.0"
"2024-12-13T04:00","1.4","3.5","0.0"
"2024-12-13T05:00","1.5","3.6","0.0"
"2024-12-13T06:00","1.7","3.5","0.0"
"2024-12-13T07:00","2.0","7.6","0.0"
"2024-12-13T08:00","2.5","11.1","1.0"
"2024-12-13T09:00","2.6","11.1","17.0"
"2024-12-13T10:00","3.2","11.6","46.0"
"2024-12-13T11:00","3.5","11.1","59.0"
"2024-12-13T12:00","3.6","15.3","89.0"
"2024-12-13T13:00","3.2","11.7","44.0"
"2024-12-13T14:00","3.0","9.4","27.0"
"2024-12-13T15:00","2.7","10.4","3.0"
"2024-12-13T16:00","2.6","12.7","0.0"
"2024-12-13T17:00","2.3","14.3","0.0"
"2024-12-13T18:00","2.2","14.6","0.0"
"2024-12-13T19:00","2.2","14.7","0.0"
"2024-12-13T20:00","2.0","15.1","0.0"
"2024-12-13T21:00","1.9","15.8","0.0"
"2024-12-13T22:00","1.6","15.9","0.0"
"2024-12-13T23:00","1.4","14.9","0.0"
"2024-12-14T00:00","1.1","14.3","0.0"
"2024-12-14T01:00","1.2","14.3","0.0"
"2024-12-14T02:00","1.2","14.5","0.0"
"2024-12-14T03:00","0.9","14.3","0.0"
"2024-12-14T04:00","0.4","14.3","0.0"
"2024-12-14T05:00","0.3","14.3","0.0"
"2024-12-14T06:00","0.6","14.9","0.0"
"2024-12-14T07:00","1.1","17.6","0.0"
"2024-12-14T08:00","1.9","18.9","1.0"
"2024-12-14T09:00","2.5","20.6","12.0"
"2024-12-14T10:00","3.1","21.8","19.0"
"2024-12-14T11:00","3.5","23.4","32.0"
"2024-12-14T12:00","3.5","22.6","21.0"
"2024-12-14T13:00","3.4","22.9","17.0"
"2024-12-14T14:00","4.0","22.7","14.0"
"2024-12-14T15:00","4.7","21.8","2.0"
"2024-12-14T16:00","4.6","21.4","0.0"
"2024-12-14T17:00","4.0","21.1","0.0"
"2024-12-14T18:00","3.7","21.1","0.0"
"2024-12-14T19:00","3.5","21.7","0.0"
"2024-12-14T20:00","3.2","21.8","0.0"
"2024-12-14T21:00","3.0","22.5","0.0"
"2024-12-14T22:00","2.8","22.4","0.0"
"2024-12-14T23:00","2.8","22.0","0.0"
"2024-12-15T00:00","2.8","22.5","0.0"
"2024-12-15T01:00","3.0","23.7","0.0"
"2024-12-15T02:00","3.0","24.2","0.0"
"2024-12-15T03:00","3.1","23.9","0.0"
"2024-12-15T04:00","3.0","22.8","0.0"
"2024-12-15T05:00","3.0","21.9","0.0"
"2024-12-15T06:00","3.0","20.7","0.0"
"2024-12-15T07:00","3.0","19.0","0.0"
"2024-12-15T08:00","2.6","15.5","2.0"
"2024-12-15T09:00","3.2","15.2","39.0"
"2024-12-15T10:00","4.4","16.0","89.0"
"2024-12-15T11:00","4.7","16.0","29.0"
"2024-12-15T12:00","4.8","17.8","22.0"
"2024-12-15T13:00","5.5","22.7","14.0"
"2024-12-15T14:00","6.1","25.0","5.0"
"2024-12-15T15:00","7.1","23.7","1.0"
"2024-12-15T16:00","8.2","28.0","0.0"
"2024-12-15T17:00","9.1","30.8","0.0"
"2024-12-15T18:00","9.4","30.6","0.0"
"2024-12-15T19:00","9.6","32.1","0.0"
"2024-12-15T20:00","9.2","33.2","0.0"
"2024-12-15T21:00","9.4","34.5","0.0"
"2024-12-15T22:00","9.9","37.4","0.0"
"2024-12-15T23:00","10.2","37.2","0.0"
"2024-12-16T00:00","10.4","36.7","0.0"
"2024-12-16T01:00","10.2","37.4","0.0"
"2024-12-16T02:00","10.5","38.4","0.0"
"2024-12-16T03:00","10.6","38.6","0.0"
"2024-12-16T04:00","10.8","37.8","0.0"
"2024-12-16T05:00","10.8","35.8","0.0"
"2024-12-16T06:00","10.8","36.9","0.0"
"2024-12-16T07:00","10.4","36.0","0.0"
"2024-12-16T08:00","9.9","32.7","0.0"
"2024-12-16T09:00","9.4","29.6","10.0"
"2024-12-16T10:00","9.3","28.1","37.0"
"2024-12-16T11:00","9.4","27.3","56.0"
"2024-12-16T12:00","9.4","26.8","31.0"
"2024-12-16T13:00","9.5","27.5","30.0"
"2024-12-16T14:00","9.4","26.5","11.0"
"2024-12-16T15:00","9.3","23.3","1.0"
"2024-12-16T16:00","8.9","20.2","0.0"
"2024-12-16T17:00","8.9","28.9","0.0"
"2024-12-16T18:00","8.9","31.7","0.0"
"2024-12-16T19:00","8.9","33.4","0.0"
"2024-12-16T20:00","9.2","33.3","0.0"
"2024-12-16T21:00","9.6","34.0","0.0"
"2024-12-16T22:00","9.9","35.5","0.0"
"2024-12-16T23:00","10.0","35.3","0.0"
"2024-12-17T00:00","9.9","34.6","0.0"
"2024-12-17T01:00","9.6","34.8","0.0"
"2024-12-17T02:00","9.9","34.0","0.0"
"2024-12-17T03:00","9.7","30.8","0.0"
"2024-12-17T04:00","9.1","29.7","0.0"
"2024-12-17T05:00","8.8","27.2","0.0"
"2024-12-17T06:00","8.5","25.4","0.0"
"2024-12-17T07:00","8.6","24.4","0.0"
"2024-12-17T08:00","8.6","23.8","1.0"
"2024-12-17T09:00","8.7","24.0","32.0"
"2024-12-17T10:00","9.1","23.7","56.0"
"2024-12-17T11:00","9.4","23.1","144.0"
"2024-12-17T12:00","9.4","22.3","147.0"
"2024-12-17T13:00","8.6","20.2","115.0"
"2024-12-17T14:00","8.1","18.3","60.0"
"2024-12-17T15:00","7.4","15.8","6.0"
"2024-12-17T16:00","7.9","15.3","0.0"
"2024-12-17T17:00","8.3","14.5","0.0"
"2024-12-17T18:00","8.2","17.0","0.0"
"2024-12-17T19:00","8.2","20.3","0.0"
"2024-12-17T20:00","7.9","18.4","0.0"
"2024-12-17T21:00","8.1","19.0","0.0"
"2024-12-17T22:00","8.1","18.9","0.0"
"2024-12-17T23:00","8.0","19.0","0.0"
"2024-12-18T00:00","7.8","17.3","0.0"
"2024-12-18T01:00","7.7","18.0","0.0"
"2024-12-18T02:00","7.3","16.1","0.0"
"2024-12-18T03:00","7.2","17.6","0.0"
"2024-12-18T04:00","6.8","18.5","0.0"
"2024-12-18T05:00","6.4","18.9","0.0"
"2024-12-18T06:00","6.5","20.5","0.0"
"2024-12-18T07:00","6.6","22.8","0.0"
"2024-12-18T08:00","6.7","24.5","0.0"
"2024-12-18T09:00","6.4","24.2","7.0"
"2024-12-18T10:00","6.8","25.7","24.0"
"2024-12-18T11:00","7.6","26.3","34.0"
"2024-12-18T12:00","7.7","26.1","37.0"
"2024-12-18T13:00","7.4","25.9","24.0"
"2024-12-18T14:00","8.1","26.1","9.0"
"2024-12-18T15:00","8.6","26.7","2.0"
"2024-12-18T16:00","9.1","29.1","0.0"
"2024-12-18T17:00","9.4","32.7","0.0"
"2024-12-18T18:00","9.6","33.8","0.0"
"2024-12-18T19:00","10.0","34.5","0.0"
"2024-12-18T20:00","10.4","31.5","0.0"
"2024-12-18T21:00","10.4","28.1","0.0"
"2024-12-18T22:00","10.0","26.7","0.0"
"2024-12-18T23:00","9.7","23.9","0.0"
"2024-12-19T00:00","9.4","21.8","0.0"
"2024-12-19T01:00","9.2","20.1","0.0"
"2024-12-19T02:00","8.8","16.9","0.0"
"2024-12-19T03:00","8.7","14.2","0.0"
"2024-12-19T04:00","8.4","12.6","0.0"
"2024-12-19T05:00","8.6","14.0","0.0"
"2024-12-19T06:00","9.5","23.9","0.0"
"2024-12-19T07:00","9.4","23.9","0.0"
"2024-12-19T08:00","9.6","31.9","0.0"
"2024-12-19T09:00","9.7","28.2","3.0"
"2024-12-19T10:00","9.6","25.6","15.0"
"2024-12-19T11:00","9.7","25.4","19.0"
"2024-12-19T12:00","7.5","25.7","34.0"
"2024-12-19T13:00","5.6","22.5","20.0"
"2024-12-19T14:00","5.7","17.5","14.0"
"2024-12-19T15:00","5.4","17.4","3.0"
"2024-12-19T16:00","5.7","18.2","0.0"
"2024-12-19T17:00","5.7","20.1","0.0"
"2024-12-19T18:00","5.2","21.8","0.0"
"2024-12-19T19:00","4.6","23.7","0.0"
"2024-12-19T20:00","4.6","26.6","0.0"
"2024-12-19T21:00","4.7","27.0","0.0"
"2024-12-19T22:00","4.8","28.0","0.0"
"2024-12-19T23:00","5.2","30.0","0.0"
"2024-12-20T00:00","5.3","31.9","0.0"
"2024-12-20T01:00","5.7","30.9","0.0"
"2024-12-20T02:00","5.4","29.1","0.0"
"2024-12-20T03:00","5.6","27.5","0.0"
"2024-12-20T04:00","5.1","26.9","0.0"
"2024-12-20T05:00","4.6","24.7","0.0"
"2024-12-20T06:00","4.2","24.0","0.0"
"2024-12-20T07:00","3.9","23.8","0.0"
"2024-12-20T08:00","3.8","23.2","1.0"
"2024-12-20T09:00","4.3","25.0","46.0"
"2024-12-20T10:00","5.0","24.2","112.0"
"2024-12-20T11:00","5.5","24.6","154.0"
"2024-12-20T12:00","5.7","25.3","159.0"
"2024-12-20T13:00","5.3","25.4","124.0"
"2024-12-20T14:00","4.9","23.6","64.0"
"2024-12-20T15:00","4.5","21.9","6.0"
"2024-12-20T16:00","4.2","19.9","0.0"
"2024-12-20T17:00","4.0","19.3","0.0"
"2024-12-20T18:00","3.8","18.8","0.0"
"2024-12-20T19:00","3.8","16.4","0.0"
"2024-12-20T20:00","4.3","15.3","0.0"
"2024-12-20T21:00","4.6","16.3","0.0"
"2024-12-20T22:00","5.2","20.0","0.0"
"2024-12-20T23:00","5.3","22.7","0.0"
"2024-12-21T00:00","5.8","25.8","0.0"
"2024-12-21T01:00","5.8","25.5","0.0"
"2024-12-21T02:00","5.8","25.5","0.0"
"2024-12-21T03:00","5.7","27.0","0.0"
"2024-12-21T04:00","5.7","27.1","0.0"
"2024-12-21T05:00","5.4","32.0","0.0"
"2024-12-21T06:00","5.6","30.8","0.0"
"2024-12-21T07:00","6.1","28.1","0.0"
"2024-12-21T08:00","6.4","24.3","0.0"
"2024-12-21T09:00","6.6","21.7","21.0"
"2024-12-21T10:00","6.9","22.9","50.0"
"2024-12-21T11:00","7.2","20.4","79.0"
"2024-12-21T12:00","7.2","20.9","83.0"
"2024-12-21T13:00","6.8","23.2","94.0"
"2024-12-21T14:00","6.7","22.7","37.0"
"2024-12-21T15:00","6.6","24.3","2.0"
"2024-12-21T16:00","6.4","25.6","0.0"
"2024-12-21T17:00","6.3","26.9","0.0"
"2024-12-21T18:00","6.1","29.9","0.0"
"2024-12-21T19:00","5.9","30.9","0.0"
"2024-12-21T20:00","6.1","31.7","0.0"
"2024-12-21T21:00","6.2","31.0","0.0"
"2024-12-21T22:00","6.7","28.9","0.0"
"2024-12-21T23:00","7.1","25.3","0.0"
"2024-12-22T00:00","6.8","23.2","0.0"
"2024-12-22T01:00","6.2","19.6","0.0"
"2024-12-22T02:00","6.1","19.4","0.0"
"2024-12-22T03:00","6.0","19.0","0.0"
"2024-12-22T04:00","5.8","19.4","0.0"
"2024-12-22T05:00","5.3","19.9","0.0"
"2024-12-22T06:00","5.2","19.5","0.0"
"2024-12-22T07:00","4.6","19.1","0.0"
"2024-12-22T08:00","4.3","18.9","1.0"
"2024-12-22T09:00","4.8","20.1","43.0"
"2024-12-22T10:00","5.5","19.6","106.0"
"2024-12-22T11:00","6.0","19.0","146.0"
"2024-12-22T12:00","5.9","17.8","146.0"
"2024-12-22T13:00","5.6","16.3","105.0"
"2024-12-22T14:00","5.0","14.1","41.0"
"2024-12-22T15:00","4.1","14.0","6.0"
"2024-12-22T16:00","3.6","14.6","0.0"
"2024-12-22T17:00","3.2","13.9","0.0"
"2024-12-22T18:00","3.0","14.5","0.0"
"2024-12-22T19:00","2.8","15.2","0.0"
"2024-12-22T20:00","2.6","15.1","0.0"
"2024-12-22T21:00","2.5","15.2","0.0"
"2024-12-22T22:00","2.5","15.6","0.0"
"2024-12-22T23:00","2.5","15.4","0.0"
"2024-12-23T00:00","2.8","16.1","0.0"
"2024-12-23T01:00","3.2","16.5","0.0"
"2024-12-23T02:00","3.5","18.8","0.0"
"2024-12-23T03:00","3.6","20.8","0.0"
"2024-12-23T04:00","4.4","24.2","0.0"
"2024-12-23T05:00","4.5","20.0","0.0"
"2024-12-23T06:00","4.3","18.6","0.0"
"2024-12-23T07:00","4.2","14.3","0.0"
"2024-12-23T08:00","4.2","9.1","0.0"
"2024-12-23T09:00","4.5","5.4","8.0"
"2024-12-23T10:00","4.6","10.7","16.0"
"2024-12-23T11:00","4.6","12.6","24.0"
"2024-12-23T12:00","4.8","11.6","32.0"
"2024-12-23T13:00","5.2","14.6","24.0"
"2024-12-23T14:00","5.0","14.2","12.0"
"2024-12-23T15:00","4.8","13.7","2.0"
"2024-12-23T16:00","4.8","13.8","0.0"
"2024-12-23T17:00","4.4","12.1","0.0"
"2024-12-23T18:00","4.2","10.0","0.0"
"2024-12-23T19:00","3.8","8.2","0.0"
"2024-12-23T20:00","3.2","6.8","0.0"
"2024-12-23T21:00","3.0","6.8","0.0"
"2024-12-23T22:00","2.0","6.5","0.0"
"2024-12-23T23:00","2.0","6.9","0.0"
"2024-12-24T00:00","2.2","5.4","0.0"
"2024-12-24T01:00","1.9","3.8","0.0"
"2024-12-24T02:00","1.6","1.3","0.0"
"2024-12-24T03:00","1.5","3.9","0.0"
"2024-12-24T04:00","1.5","5.6","0.0"
"2024-12-24T05:00","1.6","5.6","0.0"
"2024-12-24T06:00","2.0","5.0","0.0"
"2024-12-24T07:00","2.5","5.6","0.0"
"2024-12-24T08:00","3.1","7.2","0.0"
"2024-12-24T09:00","3.7","7.6","13.0"
"2024-12-24T10:00","4.0","7.4","53.0"
"2024-12-24T11:00","4.1","7.7","66.0"
"2024-12-24T12:00","4.2","9.2","70.0"
"2024-12-24T13:00","4.2","8.3","55.0"
"2024-12-24T14:00","3.8","8.5","40.0"
"2024-12-24T15:00","3.2","11.1","6.0"
"2024-12-24T16:00","3.5","11.3","0.0"
"2024-12-24T17:00","3.2","12.8","0.0"
"2024-12-24T18:00","3.7","13.8","0.0"
"2024-12-24T19:00","3.5","14.1","0.0"
"2024-12-24T20:00","4.1","14.9","0.0"
"2024-12-24T21:00","3.9","16.1","0.0"
"2024-12-24T22:00","4.0","16.3","0.0"
"2024-12-24T23:00","4.4","18.2","0.0"
"2024-12-25T00:00","4.7","19.1","0.0"
"2024-12-25T01:00","5.2","17.3","0.0"
"2024-12-25T02:00","5.4","17.8","0.0"
"2024-12-25T03:00","5.5","17.0","0.0"
"2024-12-25T04:00","5.7","16.3","0.0"
"2024-12-25T05:00","5.8","16.4","0.0"
"2024-12-25T06:00","6.0","16.1","0.0"
"2024-12-25T07:00","6.2","16.4","0.0"
"2024-12-25T08:00","6.4","16.9","0.0"
"2024-12-25T09:00","6.8","16.8","9.0"
"2024-12-25T10:00","7.1","16.5","22.0"
"2024-12-25T11:00","7.5","15.2","42.0"
"2024-12-25T12:00","7.8","14.3","42.0"
"2024-12-25T13:00","7.5","14.8","30.0"
"2024-12-25T14:00","7.6","14.7","15.0"
"2024-12-25T15:00","7.6","14.4","2.0"
"2024-12-25T16:00","7.8","14.4","0.0"
"2024-12-25T17:00","7.9","14.7","0.0"
"2024-12-25T18:00","8.2","14.2","0.0"
"2024-12-25T19:00","8.2","13.4","0.0"
"2024-12-25T20:00","8.1","13.5","0.0"
"2024-12-25T21:00","8.2","13.4","0.0"
"2024-12-25T22:00","8.4","14.4","0.0"
"2024-12-25T23:00","8.6","14.5","0.0"
"2024-12-26T00:00","8.4","15.5","0.0"
"2024-12-26T01:00","7.6","12.2","0.0"
"2024-12-26T02:00","7.4","12.9","0.0"
"2024-12-26T03:00","7.3","12.7","0.0"
"2024-12-26T04:00","6.9","13.5","0.0"
"2024-12-26T05:00","6.3","14.4","0.0"
"2024-12-26T06:00","6.2","14.2","0.0"
"2024-12-26T07:00","6.2","13.9","0.0"
"2024-12-26T08:00","6.2","12.2","0.0"
"2024-12-26T09:00","6.6","12.3","14.0"
"2024-12-26T10:00","7.1","15.7","46.0"
"2024-12-26T11:00","7.3","14.7","58.0"
"2024-12-26T12:00","7.5","12.3","61.0"
"2024-12-26T13:00","7.5","8.3","46.0"
"2024-12-26T14:00","7.4","7.1","27.0"
"2024-12-26T15:00","7.0","6.9","5.0"
"2024-12-26T16:00","6.6","8.4","0.0"
"2024-12-26T17:00","6.4","8.9","0.0"
"2024-12-26T18:00","6.3","9.5","0.0"
"2024-12-26T19:00","6.4","9.1","0.0"
"2024-12-26T20:00","6.4","9.5","0.0"
"2024-12-26T21:00","6.4","9.6","0.0"
"2024-12-26T22:00","6.3","8.0","0.0"
"2024-12-26T23:00","6.0","9.3","0.0"
"2024-12-27T00:00","5.9","10.0","0.0"
"2024-12-27T01:00","5.8","7.4","0.0"
"2024-12-27T02:00","5.7","8.6","0.0"
"2024-12-27T03:00","5.6","7.9","0.0"
"2024-12-27T04:00","5.6","7.2","0.0"
"2024-12-27T05:00","5.6","6.9","0.0"
"2024-12-27T06:00","5.6","5.9","0.0"
"2024-12-27T07:00","5.4","6.4","0.0"
"2024-12-27T08:00","5.3","7.9","0.0"
"2024-12-27T09:00","5.4","8.1","14.0"
"2024-12-27T10:00","5.5","8.3","59.0"
"2024-12-27T11:00","5.8","10.7","77.0"
"2024-12-27T12:00","6.1","12.4","71.0"
"2024-12-27T13:00","5.8","8.5","43.0"
"2024-12-27T14:00","5.8","6.9","23.0"
"2024-12-27T15:00","5.4","4.8","3.0"
"2024-12-27T16:00","5.3","5.2","0.0"
"2024-12-27T17:00","5.1","5.1","0.0"
"2024-12-27T18:00","4.9","5.1","0.0"
"2024-12-27T19:00","4.9","5.6","0.0"
"2024-12-27T20:00","4.8","6.1","0.0"
"2024-12-27T21:00","4.9","6.4","0.0"
"2024-12-27T22:00","4.8","5.8","0.0"
"2024-12-27T23:00","4.9","6.0","0.0"
"2024-12-28T00:00","4.9","6.9","0.0"
"2024-12-28T01:00","4.4","5.6","0.0"
"2024-12-28T02:00","4.4","5.6","0.0"
"2024-12-28T03:00","4.5","5.8","0.0"
"2024-12-28T04:00","4.5","6.3","0.0"
"2024-12-28T05:00","4.4","6.3","0.0"
"2024-12-28T06:00","4.2","6.4","0.0"
"2024-12-28T07:00","4.2","6.1","0.0"
"2024-12-28T08:00","4.2","5.7","1.0"
"2024-12-28T09:00","4.4","7.4","16.0"
"2024-12-28T10:00","4.8","8.3","38.0"
"2024-12-28T11:00","5.0","8.5","50.0"
"2024-12-28T12:00","5.4","7.7","57.0"
"2024-12-28T13:00","4.4","7.5","45.0"
"2024-12-28T14:00","4.5","8.2","33.0"
"2024-12-28T15:00","4.2","8.3","5.0"
"2024-12-28T16:00","3.9","9.2","0.0"
"2024-12-28T17:00","3.7","9.5","0.0"
"2024-12-28T18:00","3.5","10.5","0.0"
"2024-12-28T19:00","3.4","11.2","0.0"
"2024-12-28T20:00","3.3","10.0","0.0"
"2024-12-28T21:00","3.3","11.9","0.0"
"2024-12-28T22:00","3.2","11.1","0.0"
"2024-12-28T23:00","3.1","12.3","0.0"
"2024-12-29T00:00","3.0","13.8","0.0"
"2024-12-29T01:00","3.5","13.9","0.0"
"2024-12-29T02:00","3.4","13.6","0.0"
"2024-12-29T03:00","3.7","16.5","0.0"
"2024-12-29T04:00","4.0","17.8","0.0"
"2024-12-29T05:00","4.5","17.8","0.0"
"2024-12-29T06:00","4.9","16.5","0.0"
"2024-12-29T07:00","5.2","16.6","0.0"
"2024-12-29T08:00","5.5","17.7","0.0"
"2024-12-29T09:00","5.9","18.3","13.0"
"2024-12-29T10:00","6.6","19.7","29.0"
"2024-12-29T11:00","6.8","20.7","32.0"
"2024-12-29T12:00","7.1","22.7","31.0"
"2024-12-29T13:00","6.5","19.8","35.0"
"2024-12-29T14:00","6.3","21.9","21.0"
"2024-12-29T15:00","6.5","22.5","3.0"
"2024-12-29T16:00","6.5","21.9","0.0"
"2024-12-29T17:00","6.3","23.2","0.0"
"2024-12-29T18:00","6.5","24.5","0.0"
"2024-12-29T19:00","6.6","26.5","0.0"
"2024-12-29T20:00","6.8","27.9","0.0"
"2024-12-29T21:00","6.9","28.0","0.0"
"2024-12-29T22:00","7.2","27.5","0.0"
"2024-12-29T23:00","7.4","27.9","0.0"
"2024-12-30T00:00","7.4","28.1","0.0"
"2024-12-30T01:00","7.7","26.2","0.0"
"2024-12-30T02:00","7.8","25.3","0.0"
"2024-12-30T03:00","7.8","26.7","0.0"
"2024-12-30T04:00","7.9","27.7","0.0"
"2024-12-30T05:00","8.1","27.4","0.0"
"2024-12-30T06:00","8.1","27.7","0.0"
"2024-12-30T07:00","8.1","28.2","0.0"
"2024-12-30T08:00","8.1","29.3","0.0"
"2024-12-30T09:00","8.1","29.6","8.0"
"2024-12-30T10:00","8.1","30.4","15.0"
"2024-12-30T11:00","8.4","31.1","24.0"
"2024-12-30T12:00","8.4","31.4","29.0"
"2024-12-30T13:00","7.8","30.0","14.0"
"2024-12-30T14:00","7.7","31.0","10.0"
"2024-12-30T15:00","7.4","32.3","1.0"
"2024-12-30T16:00","7.2","33.2","0.0"
"2024-12-30T17:00","7.0","34.7","0.0"
"2024-12-30T18:00","6.8","33.8","0.0"
"2024-12-30T19:00","7.0","33.7","0.0"
"2024-12-30T20:00","7.5","33.8","0.0"
"2024-12-30T21:00","8.2","34.4","0.0"
"2024-12-30T22:00","8.6","33.8","0.0"
"2024-12-30T23:00","8.8","31.4","0.0"
"2024-12-31T00:00","9.1","29.8","0.0"
"2024-12-31T01:00","8.6","26.6","0.0"
"2024-12-31T02:00","8.2","25.0","0.0"
"2024-12-31T03:00","7.8","23.9","0.0"
"2024-12-31T04:00","6.3","13.9","0.0"
"2024-12-31T05:00","4.9","8.8","0.0"
"2024-12-31T06:00","4.6","4.9","0.0"
"2024-12-31T07:00","4.6","2.5","0.0"
"2024-12-31T08:00","5.1","7.2","0.0"
"2024-12-31T09:00","6.7","22.4","6.0"
"2024-12-31T10:00","6.4","27.9","17.0"
"2024-12-31T11:00","6.1","27.7","24.0"
"2024-12-31T12:00","6.3","26.2","41.0"
"2024-12-31T13:00","6.9","26.5","34.0"
"2024-12-31T14:00","6.7","24.9","17.0"
"2024-12-31T15:00","6.2","25.8","3.0"
"2024-12-31T16:00","5.8","27.5","0.0"
"2024-12-31T17:00","5.3","29.5","0.0"
"2024-12-31T18:00","4.9","30.2","0.0"
"2024-12-31T19:00","4.7","29.8","0.0"
"2024-12-31T20:00","4.9","31.0","0.0"
"2024-12-31T21:00","5.2","35.7","0.0"
"2024-12-31T22:00","5.3","36.3","0.0"
"2024-12-31T23:00","5.3","37.7","0.0"
"2025-01-01T00:00","5.2","38.7","0.0"
"2025-01-01T01:00","5.5","37.5","0.0"
"2025-01-01T02:00","5.8","36.9","0.0"
"2025-01-01T03:00","6.5","38.8","0.0"
"2025-01-01T04:00","6.9","39.9","0.0"
"2025-01-01T05:00","7.4","37.9","0.0"
"2025-01-01T06:00","7.7","38.7","0.0"
"2025-01-01T07:00","7.8","41.1","0.0"
"2025-01-01T08:00","7.9","42.2","0.0"
"2025-01-01T09:00","7.8","41.5","5.0"
"2025-01-01T10:00","7.8","41.2","12.0"
"2025-01-01T11:00","7.6","43.2","15.0"
"2025-01-01T12:00","7.3","41.5","15.0"
"2025-01-01T13:00","7.5","46.4","11.0"
"2025-01-01T14:00","7.2","43.2","9.0"
"2025-01-01T15:00","7.1","41.8","2.0"
"2025-01-01T16:00","7.1","35.7","0.0"
"2025-01-01T17:00","6.9","29.3","0.0"
"2025-01-01T18:00","6.6","28.6","0.0"
"2025-01-01T19:00","6.2","29.5","0.0"
"2025-01-01T20:00","6.2","30.0","0.0"
"2025-01-01T21:00","6.2","27.1","0.0"
"2025-01-01T22:00","5.3","28.0","0.0"
"2025-01-01T23:00","4.2","24.0","0.0"
"2025-01-02T00:00","3.2","21.7","0.0"
"2025-01-02T01:00","2.9","18.1","0.0"
"2025-01-02T02:00","2.2","20.0","0.0"
"2025-01-02T03:00","1.9","20.6","0.0"
"2025-01-02T04:00","1.4","19.4","0.0"
"2025-01-02T05:00","0.5","21.9","0.0"
"2025-01-02T06:00","-0.1","24.7","0.0"
"2025-01-02T07:00","-0.3","22.3","0.0"
"2025-01-02T08:00","-0.6","20.1","1.0"
"2025-01-02T09:00","-0.1","18.1","42.0"
"2025-01-02T10:00","0.6","16.1","108.0"
"2025-01-02T11:00","1.1","17.5","164.0"
"2025-01-02T12:00","1.5","17.8","177.0"
"2025-01-02T13:00","1.9","16.1","145.0"
"2025-01-02T14:00","1.0","16.1","84.0"
"2025-01-02T15:00","-0.1","15.9","16.0"
"2025-01-02T16:00","-0.2","16.7","0.0"
"2025-01-02T17:00","0.4","18.5","0.0"
"2025-01-02T18:00","0.1","18.4","0.0"
"2025-01-02T19:00","0.0","17.6","0.0"
"2025-01-02T20:00","0.2","17.0","0.0"
"2025-01-02T21:00","0.5","18.0","0.0"
"2025-01-02T22:00","0.2","17.6","0.0"
"2025-01-02T23:00","0.0","16.9","0.0"
"2025-01-03T00:00","-0.2","17.1","0.0"
"2025-01-03T01:00","-0.1","16.0","0.0"
"2025-01-03T02:00","-0.3","18.3","0.0"
"2025-01-03T03:00","-0.5","20.8","0.0"
"2025-01-03T04:00","-0.8","21.5","0.0"
"2025-01-03T05:00","-0.3","24.8","0.0"
"2025-01-03T06:00","0.2","27.4","0.0"
"2025-01-03T07:00","0.8","30.9","0.0"
"2025-01-03T08:00","0.6","27.0","0.0"
"2025-01-03T09:00","1.2","24.7","16.0"
"2025-01-03T10:00","1.2","29.5","118.0"
"2025-01-03T11:00","0.6","32.3","160.0"
"2025-01-03T12:00","0.3","30.5","151.0"
"2025-01-03T13:00","-0.4","27.4","146.0"
"2025-01-03T14:00","-0.5","26.4","85.0"
"2025-01-03T15:00","-0.6","26.7","17.0"
"2025-01-03T16:00","0.2","28.2","0.0"
"2025-01-03T17:00","0.5","26.5","0.0"
"2025-01-03T18:00","0.4","25.5","0.0"
"2025-01-03T19:00","0.2","23.9","0.0"
"2025-01-03T20:00","0.2","21.3","0.0"
"2025-01-03T21:00","-0.2","20.7","0.0"
"2025-01-03T22:00","-0.8","19.0","0.0"
"2025-01-03T23:00","-2.0","15.1","0.0"
"2025-01-04T00:00","-2.8","10.9","0.0"
"2025-01-04T01:00","-3.7","9.7","0.0"
"2025-01-04T02:00","-4.5","5.0","0.0"
"2025-01-04T03:00","-4.9","5.2","0.0"
"2025-01-04T04:00","-4.3","8.9","0.0"
"2025-01-04T05:00","-4.1","10.9","0.0"
"2025-01-04T06:00","-3.8","13.0","0.0"
"2025-01-04T07:00","-3.2","13.4","0.0"
"2025-01-04T08:00","-2.7","15.0","1.0"
"2025-01-04T09:00","-1.5","16.3","35.0"
"2025-01-04T10:00","-0.1","17.0","80.0"
"2025-01-04T11:00","1.1","19.0","115.0"
"2025-01-04T12:00","1.5","19.8","122.0"
"2025-01-04T13:00","1.2","15.8","104.0"
"2025-01-04T14:00","0.6","15.2","77.0"
"2025-01-04T15:00","-0.4","14.8","16.0"
"2025-01-04T16:00","-0.8","15.6","0.0"
"2025-01-04T17:00","-0.4","16.2","0.0"
"2025-01-04T18:00","-0.6","15.1","0.0"
"2025-01-04T19:00","-0.7","15.1","0.0"
"2025-01-04T20:00","-0.9","14.5","0.0"
"2025-01-04T21:00","-1.0","14.8","0.0"
"2025-01-04T22:00","-1.1","15.2","0.0"
"2025-01-04T23:00","-1.2","14.9","0.0"
"2025-01-05T00:00","-1.4","13.7","0.0"
"2025-01-05T01:00","-1.2","12.8","0.0"
"2025-01-05T02:00","-1.4","11.3","0.0"
"2025-01-05T03:00","-1.6","9.4","0.0"
"2025-01-05T04:00","-1.8","7.4","0.0"
"2025-01-05T05:00","-1.9","6.3","0.0"
"2025-01-05T06:00","-1.7","7.8","0.0"
"2025-01-05T07:00","-1.6","9.4","0.0"
"2025-01-05T08:00","-0.8","11.9","1.0"
"2025-01-05T09:00","0.0","10.6","29.0"
"2025-01-05T10:00","0.9","11.6","69.0"
"2025-01-05T11:00","1.5","11.9","63.0"
"2025-01-05T12:00","1.8","16.1","68.0"
"2025-01-05T13:00","1.4","17.0","39.0"
"2025-01-05T14:00","1.2","18.3","24.0"
"2025-01-05T15:00","1.2","19.0","5.0"
"2025-01-05T16:00","1.5","21.6","0.0"
"2025-01-05T17:00","2.0","25.1","0.0"
"2025-01-05T18:00","2.0","28.1","0.0"
"2025-01-05T19:00","1.7","30.9","0.0"
"2025-01-05T20:00","1.5","33.4","0.0"
"2025-01-05T21:00","1.5","36.5","0.0"
"2025-01-05T22:00","1.4","39.1","0.0"
"2025-01-05T23:00","1.6","42.1","0.0"
"2025-01-06T00:00","1.5","40.9","0.0"
"2025-01-06T01:00","1.6","39.0","0.0"
"2025-01-06T02:00","1.4","35.2","0.0"
"2025-01-06T03:00","1.8","35.1","0.0"
"2025-01-06T04:00","2.2","30.8","0.0"
"2025-01-06T05:00","2.4","28.7","0.0"
"2025-01-06T06:00","2.7","25.7","0.0"
"2025-01-06T07:00","3.2","25.6","0.0"
"2025-01-06T08:00","3.7","23.9","0.0"
"2025-01-06T09:00","4.3","19.0","6.0"
"2025-01-06T10:00","5.1","17.1","11.0"
"2025-01-06T11:00","6.8","22.6","29.0"
"2025-01-06T12:00","7.2","22.2","42.0"
"2025-01-06T13:00","7.2","21.0","69.0"
"2025-01-06T14:00","6.8","21.3","42.0"
"2025-01-06T15:00","6.8","24.5","3.0"
"2025-01-06T16:00","7.0","22.3","0.0"
"2025-01-06T17:00","6.4","25.2","0.0"
"2025-01-06T18:00","6.8","26.3","0.0"
"2025-01-06T19:00","7.4","31.6","0.0"
"2025-01-06T20:00","7.6","37.9","0.0"
"2025-01-06T21:00","6.1","35.9","0.0"
"2025-01-06T22:00","5.2","31.4","0.0"
"2025-01-06T23:00","4.6","31.5","0.0"
"2025-01-07T00:00","4.6","31.6","0.0"
"2025-01-07T01:00","4.7","30.5","0.0"
"2025-01-07T02:00","4.4","28.6","0.0"
"2025-01-07T03:00","4.2","32.9","0.0"
"2025-01-07T04:00","3.9","33.2","0.0"
"2025-01-07T05:00","4.0","33.1","0.0"
"2025-01-07T06:00","4.0","35.6","0.0"
"2025-01-07T07:00","3.8","39.2","0.0"
"2025-01-07T08:00","4.1","39.8","1.0"
"2025-01-07T09:00","4.2","37.8","35.0"
"2025-01-07T10:00","4.6","33.3","84.0"
"2025-01-07T11:00","5.0","32.1","124.0"
"2025-01-07T12:00","5.1","34.0","144.0"
"2025-01-07T13:00","5.3","33.5","119.0"
"2025-01-07T14:00","5.0","30.4","83.0"
"2025-01-07T15:00","4.1","30.0","18.0"
"2025-01-07T16:00","3.7","28.8","0.0"
"2025-01-07T17:00","3.2","29.3","0.0"
"2025-01-07T18:00","3.2","29.5","0.0"
"2025-01-07T19:00","3.1","30.0","0.0"
"2025-01-07T20:00","2.9","31.1","0.0"
"2025-01-07T21:00","2.6","30.2","0.0"
"2025-01-07T22:00","2.5","30.0","0.0"
"2025-01-07T23:00","2.9","30.1","0.0"
"2025-01-08T00:00","2.9","30.3","0.0"
"2025-01-08T01:00","2.8","30.0","0.0"
"2025-01-08T02:00","2.7","30.2","0.0"
"2025-01-08T03:00","2.7","30.6","0.0"
"2025-01-08T04:00","2.3","30.5","0.0"
"2025-01-08T05:00","2.7","32.2","0.0"
"2025-01-08T06:00","3.0","31.5","0.0"
"2025-01-08T07:00","3.3","34.1","0.0"
"2025-01-08T08:00","3.5","33.7","2.0"
"2025-01-08T09:00","3.8","33.7","42.0"
"2025-01-08T10:00","4.4","31.8","102.0"
"2025-01-08T11:00","4.8","31.7","145.0"
"2025-01-08T12:00","5.1","31.7","159.0"
"2025-01-08T13:00","4.5","31.9","148.0"
"2025-01-08T14:00","4.2","32.6","75.0"
"2025-01-08T15:00","4.0","29.2","14.0"
"2025-01-08T16:00","3.8","27.0","0.0"
"2025-01-08T17:00","4.1","27.2","0.0"
"2025-01-08T18:00","4.0","25.4","0.0"
"2025-01-08T19:00","3.7","24.8","0.0"
"2025-01-08T20:00","3.5","24.2","0.0"
"2025-01-08T21:00","3.2","22.9","0.0"
"2025-01-08T22:00","2.8","20.5","0.0"
"2025-01-08T23:00","2.7","18.5","0.0"
"2025-01-09T00:00","2.2","17.2","0.0"
"2025-01-09T01:00","2.3","17.4","0.0"
"2025-01-09T02:00","2.2","15.7","0.0"
"2025-01-09T03:00","2.3","15.0","0.0"
"2025-01-09T04:00","2.2","14.1","0.0"
"2025-01-09T05:00","2.2","13.6","0.0"
"2025-01-09T06:00","2.0","12.2","0.0"
"2025-01-09T07:00","1.5","11.4","0.0"
"2025-01-09T08:00","1.3","9.9","2.0"
"2025-01-09T09:00","1.5","9.5","48.0"
"2025-01-09T10:00","2.2","8.3","115.0"
"2025-01-09T11:00","3.0","8.5","149.0"
"2025-01-09T12:00","3.5","8.2","144.0"
"2025-01-09T13:00","3.7","5.2","86.0"
"2025-01-09T14:00","3.4","3.7","43.0"
"2025-01-09T15:00","2.3","2.6","12.0"
"2025-01-09T16:00","1.5","2.0","0.0"
"2025-01-09T17:00","1.1","3.8","0.0"
"2025-01-09T18:00","0.7","5.0","0.0"
"2025-01-09T19:00","0.6","6.9","0.0"
"2025-01-09T20:00","0.6","7.5","0.0"
"2025-01-09T21:00","0.2","7.6","0.0"
"2025-01-09T22:00","0.2","8.5","0.0"
"2025-01-09T23:00","-0.1","9.1","0.0"
"2025-01-10T00:00","-0.1","10.1","0.0"
"2025-01-10T01:00","-0.1","11.2","0.0"
"2025-01-10T02:00","-0.2","9.8","0.0"
"2025-01-10T03:00","-0.2","10.4","0.0"
"2025-01-10T04:00","-0.3","11.0","0.0"
"2025-01-10T05:00","-0.2","11.0","0.0"
"2025-01-10T06:00","-0.2","10.0","0.0"
"2025-01-10T07:00","-0.8","9.6","0.0"
"2025-01-10T08:00","-0.2","10.6","2.0"
"2025-01-10T09:00","0.2","12.7","51.0"
"2025-01-10T10:00","1.0","14.0","101.0"
"2025-01-10T11:00","0.9","14.9","152.0"
"2025-01-10T12:00","1.1","14.5","166.0"
"2025-01-10T13:00","1.6","19.9","107.0"
"2025-01-10T14:00","0.9","17.1","63.0"
"2025-01-10T15:00","0.6","17.6","18.0"
"2025-01-10T16:00","0.5","17.7","0.0"
"2025-01-10T17:00","0.7","18.4","0.0"
"2025-01-10T18:00","0.7","19.1","0.0"
"2025-01-10T19:00","0.6","20.6","0.0"
"2025-01-10T20:00","0.5","22.9","0.0"
"2025-01-10T21:00","0.3","23.1","0.0"
"2025-01-10T22:00","0.1","23.6","0.0"
"2025-01-10T23:00","0.3","23.9","0.0"
"2025-01-11T00:00","-0.6","25.8","0.0"
"2025-01-11T01:00","0.1","25.0","0.0"
"2025-01-11T02:00","0.5","24.5","0.0"
"2025-01-11T03:00","0.2","27.5","0.0"
"2025-01-11T04:00","0.5","27.4","0.0"
"2025-01-11T05:00","0.4","29.7","0.0"
"2025-01-11T06:00","0.6","30.7","0.0"
"2025-01-11T07:00","0.3","30.8","0.0"
"2025-01-11T08:00","0.1","31.1","2.0"
"2025-01-11T09:00","0.1","30.1","38.0"
"2025-01-11T10:00","0.3","32.9","109.0"
"2025-01-11T11:00","0.4","31.3","136.0"
"2025-01-11T12:00","0.5","29.1","125.0"
"2025-01-11T13:00","1.1","31.3","126.0"
"2025-01-11T14:00","0.9","29.0","95.0"
"2025-01-11T15:00","0.6","28.1","28.0"
"2025-01-11T16:00","0.3","27.5","0.0"
"2025-01-11T17:00","0.1","26.0","0.0"
"2025-01-11T18:00","0.0","25.5","0.0"
"2025-01-11T19:00","-0.1","25.1","0.0"
"2025-01-11T20:00","-0.2","24.3","0.0"
"2025-01-11T21:00","-0.3","23.0","0.0"
"2025-01-11T22:00","-0.5","21.9","0.0"
"2025-01-11T23:00","-0.7","20.6","0.0"
"2025-01-12T00:00","-0.9","20.2","0.0"
"2025-01-12T01:00","-1.0","20.0","0.0"
"2025-01-12T02:00","-1.1","19.2","0.0"
"2025-01-12T03:00","-1.1","18.4","0.0"
"2025-01-12T04:00","-1.0","18.5","0.0"
"2025-01-12T05:00","-1.1","17.9","0.0"
"2025-01-12T06:00","-1.1","17.9","0.0"
"2025-01-12T07:00","-1.1","17.7","0.0"
"2025-01-12T08:00","-1.2","17.3","3.0"
"2025-01-12T09:00","-0.7","17.1","59.0"
"2025-01-12T10:00","-0.2","15.6","136.0"
"2025-01-12T11:00","0.3","16.4","187.0"
"2025-01-12T12:00","0.6","16.1","199.0"
"2025-01-12T13:00","0.7","15.4","171.0"
"2025-01-12T14:00","0.1","13.1","110.0"
"2025-01-12T15:00","-1.4","10.3","30.0"
"2025-01-12T16:00","-2.0","9.4","0.0"
"2025-01-12T17:00","-2.5","8.9","0.0"
"2025-01-12T18:00","-3.0","7.8","0.0"
"2025-01-12T19:00","-3.3","6.1","0.0"
"2025-01-12T20:00","-4.0","4.0","0.0"
"2025-01-12T21:00","-3.8","5.3","0.0"
"2025-01-12T22:00","-3.7","1.2","0.0"
"2025-01-12T23:00","-4.3","3.5","0.0"
"2025-01-13T00:00","-4.2","6.0","0.0"
"2025-01-13T01:00","-6.3","5.2","0.0"
"2025-01-13T02:00","-5.8","6.3","0.0"
"2025-01-13T03:00","-5.6","8.0","0.0"
"2025-01-13T04:00","-5.6","8.2","0.0"
"2025-01-13T05:00","-5.4","8.8","0.0"
"2025-01-13T06:00","-4.9","9.9","0.0"
"2025-01-13T07:00","-4.0","12.0","0.0"
"2025-01-13T08:00","-3.0","13.2","3.0"
"2025-01-13T09:00","-1.6","14.5","46.0"
"2025-01-13T10:00","-0.1","16.8","109.0"
"2025-01-13T11:00","0.9","15.8","167.0"
"2025-01-13T12:00","1.3","14.5","136.0"
"2025-01-13T13:00","2.0","20.7","116.0"
"2025-01-13T14:00","2.0","20.7","56.0"
"2025-01-13T15:00","1.5","20.4","25.0"
"2025-01-13T16:00","1.3","21.1","0.0"
"2025-01-13T17:00","2.2","23.1","0.0"
"2025-01-13T18:00","2.8","24.0","0.0"
"2025-01-13T19:00","2.8","24.3","0.0"
"2025-01-13T20:00","2.7","24.2","0.0"
"2025-01-13T21:00","2.7","24.6","0.0"
"2025-01-13T22:00","2.7","25.3","0.0"
"2025-01-13T23:00","3.0","26.4","0.0"
"2025-01-14T00:00","3.5","26.6","0.0"
"2025-01-14T01:00","3.3","25.2","0.0"
"2025-01-14T02:00","3.2","25.3","0.0"
"2025-01-14T03:00","3.1","25.0","0.0"
"2025-01-14T04:00","3.6","25.2","0.0"
"2025-01-14T05:00","4.1","25.9","0.0"
"2025-01-14T06:00","4.3","26.0","0.0"
"2025-01-14T07:00","4.4","25.7","0.0"
"2025-01-14T08:00","4.6","26.0","1.0"
"2025-01-14T09:00","4.8","26.4","14.0"
"2025-01-14T10:00","4.8","25.7","15.0"
"2025-01-14T11:00","5.1","25.7","30.0"
"2025-01-14T12:00","5.3","25.1","27.0"
"2025-01-14T13:00","5.1","24.8","28.0"
"2025-01-14T14:00","5.3","24.6","33.0"
"2025-01-14T15:00","5.2","23.6","10.0"
"2025-01-14T16:00","5.4","24.2","0.0"
"2025-01-14T17:00","5.8","24.7","0.0"
"2025-01-14T18:00","6.1","25.1","0.0"
"2025-01-14T19:00","6.2","25.8","0.0"
"2025-01-14T20:00","5.7","24.1","0.0"
"2025-01-14T21:00","5.2","21.1","0.0"
"2025-01-14T22:00","4.8","17.7","0.0"
"2025-01-14T23:00","4.3","17.7","0.0"
"2025-01-15T00:00","3.6","17.5","0.0"
"2025-01-15T01:00","4.4","17.3","0.0"
"2025-01-15T02:00","4.1","17.5","0.0"
"2025-01-15T03:00","3.7","18.5","0.0"
"2025-01-15T04:00","3.5","18.3","0.0"
"2025-01-15T05:00","3.2","16.5","0.0"
"2025-01-15T06:00","3.0","16.3","0.0"
"2025-01-15T07:00","2.5","13.9","0.0"
"2025-01-15T08:00","2.3","13.6","4.0"
"2025-01-15T09:00","2.8","11.3","58.0"
"2025-01-15T10:00","3.9","9.8","135.0"
"2025-01-15T11:00","4.8","8.1","186.0"
"2025-01-15T12:00","5.6","8.7","199.0"
"2025-01-15T13:00","5.9","9.0","170.0"
"2025-01-15T14:00","5.2","7.0","103.0"
"2025-01-15T15:00","3.8","7.2","37.0"
"2025-01-15T16:00","2.0","6.1","0.0"
"2025-01-15T17:00","2.3","9.5","0.0"
"2025-01-15T18:00","2.3","7.2","0.0"
"2025-01-15T19:00","2.5","9.6","0.0"
"2025-01-15T20:00","2.8","10.7","0.0"
"2025-01-15T21:00","3.2","12.3","0.0"
"2025-01-15T22:00","3.5","14.1","0.0"
"2025-01-15T23:00","3.9","16.3","0.0"
"2025-01-16T00:00","4.2","17.2","0.0"
"2025-01-16T01:00","4.2","15.4","0.0"
"2025-01-16T02:00","4.2","15.1","0.0"
"2025-01-16T03:00","4.4","15.0","0.0"
"2025-01-16T04:00","4.5","15.2","0.0"
"2025-01-16T05:00","4.5","15.7","0.0"
"2025-01-16T06:00","4.4","15.9","0.0"
"2025-01-16T07:00","4.4","17.4","0.0"
"2025-01-16T08:00","4.6","18.9","1.0"
"2025-01-16T09:00","4.8","18.1","13.0"
"2025-01-16T10:00","5.2","20.7","36.0"
"2025-01-16T11:00","5.6","20.7","52.0"
"2025-01-16T12:00","5.8","24.3","66.0"
"2025-01-16T13:00","5.9","18.9","83.0"
"2025-01-16T14:00","5.8","18.4","47.0"
"2025-01-16T15:00","5.5","15.7","16.0"
"2025-01-16T16:00","5.3","15.7","0.0"
"2025-01-16T17:00","5.2","16.2","0.0"
"2025-01-16T18:00","5.1","16.5","0.0"
"2025-01-16T19:00","5.1","16.6","0.0"
"2025-01-16T20:00","4.9","17.9","0.0"
"2025-01-16T21:00","5.0","18.2","0.0"
"2025-01-16T22:00","5.1","18.2","0.0"
"2025-01-16T23:00","5.1","18.1","0.0"
"2025-01-17T00:00","4.9","17.4","0.0"
"2025-01-17T01:00","4.9","14.4","0.0"
"2025-01-17T02:00","4.7","13.5","0.0"
"2025-01-17T03:00","4.3","12.7","0.0"
"2025-01-17T04:00","4.2","12.5","0.0"
"2025-01-17T05:00","4.1","12.9","0.0"
"2025-01-17T06:00","4.1","14.3","0.0"
"2025-01-17T07:00","4.0","15.4","0.0"
"2025-01-17T08:00","3.9","15.8","2.0"
"2025-01-17T09:00","4.1","19.4","27.0"
"2025-01-17T10:00","4.2","18.0","56.0"
"2025-01-17T11:00","4.6","17.8","94.0"
"2025-01-17T12:00","4.8","17.7","112.0"
"2025-01-17T13:00","4.5","16.4","84.0"
"2025-01-17T14:00","4.0","16.2","56.0"
"2025-01-17T15:00","3.6","17.2","18.0"
"2025-01-17T16:00","3.3","16.5","0.0"
"2025-01-17T17:00","3.0","16.7","0.0"
"2025-01-17T18:00","3.1","16.4","0.0"
"2025-01-17T19:00","3.3","15.7","0.0"
"2025-01-17T20:00","3.4","16.2","0.0"
"2025-01-17T21:00","3.5","16.2","0.0"
"2025-01-17T22:00","3.8","15.3","0.0"
"2025-01-17T23:00","4.1","15.5","0.0"
"2025-01-18T00:00","4.3","17.4","0.0"
"2025-01-18T01:00","4.2","14.9","0.0"
"2025-01-18T02:00","4.3","15.3","0.0"
"2025-01-18T03:00","4.3","14.9","0.0"
"2025-01-18T04:00","4.4","15.0","0.0"
"2025-01-18T05:00","4.3","15.3","0.0"
"2025-01-18T06:00","4.3","13.3","0.0"
"2025-01-18T07:00","4.3","12.3","0.0"
"2025-01-18T08:00","4.4","11.5","2.0"
"2025-01-18T09:00","4.7","12.0","24.0"
"2025-01-18T10:00","5.1","13.4","52.0"
"2025-01-18T11:00","5.4","11.0","74.0"
"2025-01-18T12:00","5.6","10.0","70.0"
"2025-01-18T13:00","5.2","7.7","60.0"
"2025-01-18T14:00","5.1","8.6","43.0"
"2025-01-18T15:00","4.8","7.3","17.0"
"2025-01-18T16:00","4.5","7.2","0.0"
"2025-01-18T17:00","4.2","8.3","0.0"
"2025-01-18T18:00","3.9","8.4","0.0"
"2025-01-18T19:00","3.5","8.5","0.0"
"2025-01-18T20:00","3.2","7.8","0.0"
"2025-01-18T21:00","3.0","6.2","0.0"
"2025-01-18T22:00","3.0","6.8","0.0"
"2025-01-18T23:00","2.8","8.6","0.0"
"2025-01-19T00:00","2.5","7.4","0.0"
"2025-01-19T01:00","2.3","8.9","0.0"
"2025-01-19T02:00","2.0","6.0","0.0"
"2025-01-19T03:00","1.9","6.6","0.0"
"2025-01-19T04:00","1.7","4.4","0.0"
"2025-01-19T05:00","1.5","4.0","0.0"
"2025-01-19T06:00","1.1","5.4","0.0"
"2025-01-19T07:00","0.9","5.4","0.0"
"2025-01-19T08:00","0.4","5.7","4.0"
"2025-01-19T09:00","0.3","5.1","46.0"
"2025-01-19T10:00","0.6","3.4","123.0"
"2025-01-19T11:00","1.2","2.8","186.0"
"2025-01-19T12:00","1.9","3.4","218.0"
"2025-01-19T13:00","0.9","4.2","185.0"
"2025-01-19T14:00","0.5","5.5","126.0"
"2025-01-19T15:00","-0.8","4.9","49.0"
"2025-01-19T16:00","-1.5","5.8","1.0"
"2025-01-19T17:00","-1.4","7.4","0.0"
"2025-01-19T18:00","-1.0","7.9","0.0"
"2025-01-19T19:00","-0.9","8.2","0.0"
"2025-01-19T20:00","-0.7","9.0","0.0"
"2025-01-19T21:00","-0.4","9.7","0.0"
"2025-01-19T22:00","-0.1","10.8","0.0"
"2025-01-19T23:00","0.2","11.9","0.0"
"2025-01-20T00:00","0.6","12.3","0.0"
"2025-01-20T01:00","0.6","13.1","0.0"
"2025-01-20T02:00","0.9","13.5","0.0"
"2025-01-20T03:00","1.0","13.9","0.0"
"2025-01-20T04:00","1.2","14.7","0.0"
"2025-01-20T05:00","1.5","15.2","0.0"
"2025-01-20T06:00","1.5","15.8","0.0"
"2025-01-20T07:00","1.6","16.3","0.0"
"2025-01-20T08:00","1.7","16.3","7.0"
"2025-01-20T09:00","2.3","16.8","72.0"
"2025-01-20T10:00","2.8","15.9","148.0"
"2025-01-20T11:00","3.1","15.3","200.0"
"2025-01-20T12:00","3.2","13.4","215.0"
"2025-01-20T13:00","3.7","15.2","182.0"
"2025-01-20T14:00","3.2","13.8","131.0"
"2025-01-20T15:00","2.4","13.9","52.0"
"2025-01-20T16:00","2.0","14.6","1.0"
"2025-01-20T17:00","1.9","14.3","0.0"
"2025-01-20T18:00","1.9","11.7","0.0"
"2025-01-20T19:00","1.0","7.0","0.0"
"2025-01-20T20:00","0.1","9.9","0.0"
"2025-01-20T21:00","0.3","9.6","0.0"
"2025-01-20T22:00","0.5","10.9","0.0"
"2025-01-20T23:00","0.3","11.7","0.0"
"2025-01-21T00:00","0.4","9.6","0.0"
"2025-01-21T01:00","0.9","8.8","0.0"
"2025-01-21T02:00","1.2","9.8","0.0"
"2025-01-21T03:00","1.6","13.0","0.0"
"2025-01-21T04:00","1.5","14.8","0.0"
"2025-01-21T05:00","1.6","13.2","0.0"
"2025-01-21T06:00","1.9","14.0","0.0"
"2025-01-21T07:00","1.9","14.8","0.0"
"2025-01-21T08:00","2.0","14.8","3.0"
"2025-01-21T09:00","2.0","15.9","17.0"
"2025-01-21T10:00","2.0","14.3","34.0"
"2025-01-21T11:00","2.5","16.1","60.0"
"2025-01-21T12:00","2.8","16.0","85.0"
"2025-01-21T13:00","2.8","15.2","72.0"
"2025-01-21T14:00","2.7","13.6","52.0"
"2025-01-21T15:00","2.4","12.7","24.0"
"2025-01-21T16:00","2.1","14.0","1.0"
"2025-01-21T17:00","1.9","15.9","0.0"
"2025-01-21T18:00","1.8","15.8","0.0"
"2025-01-21T19:00","1.5","15.5","0.0"
"2025-01-21T20:00","1.3","15.7","0.0"
"2025-01-21T21:00","1.1","14.3","0.0"
"2025-01-21T22:00","0.9","13.5","0.0"
"2025-01-21T23:00","0.9","13.0","0.0"
"2025-01-22T00:00","0.9","11.3","0.0"
"2025-01-22T01:00","0.9","12.1","0.0"
"2025-01-22T02:00","1.2","12.2","0.0"
"2025-01-22T03:00","1.3","12.3","0.0"
"2025-01-22T04:00","1.2","13.5","0.0"
"2025-01-22T05:00","1.4","13.3","0.0"
"2025-01-22T06:00","1.6","12.9","0.0"
"2025-01-22T07:00","1.8","13.3","0.0"
"2025-01-22T08:00","1.9","12.7","2.0"
"2025-01-22T09:00","2.2","11.3","32.0"
"2025-01-22T10:00","2.8","11.7","69.0"
"2025-01-22T11:00","3.3","13.7","89.0"
"2025-01-22T12:00","3.3","14.7","92.0"
"2025-01-22T13:00","2.4","15.8","69.0"
"2025-01-22T14:00","1.7","17.4","48.0"
"2025-01-22T15:00","1.7","18.6","20.0"
"2025-01-22T16:00","1.8","19.4","1.0"
"2025-01-22T17:00","2.0","19.8","0.0"
"2025-01-22T18:00","2.0","20.8","0.0"
"2025-01-22T19:00","2.2","21.9","0.0"
"2025-01-22T20:00","2.5","21.1","0.0"
"2025-01-22T21:00","2.5","20.0","0.0"
"2025-01-22T22:00","2.5","17.8","0.0"
"2025-01-22T23:00","2.8","19.3","0.0"
"2025-01-23T00:00","2.9","18.8","0.0"
"2025-01-23T01:00","3.0","18.9","0.0"
"2025-01-23T02:00","2.8","21.0","0.0"
"2025-01-23T03:00","2.8","21.1","0.0"
"2025-01-23T04:00","2.8","20.2","0.0"
"2025-01-23T05:00","2.8","19.8","0.0"
"2025-01-23T06:00","2.7","20.3","0.0"
"2025-01-23T07:00","2.6","19.9","0.0"
"2025-01-23T08:00","2.7","19.0","1.0"
"2025-01-23T09:00","1.9","17.2","7.0"
"2025-01-23T10:00","1.5","16.5","13.0"
"2025-01-23T11:00","1.8","17.5","30.0"
"2025-01-23T12:00","2.2","18.0","49.0"
"2025-01-23T13:00","3.2","20.4","41.0"
"2025-01-23T14:00","4.2","23.6","24.0"
"2025-01-23T15:00","4.2","22.0","41.0"
"2025-01-23T16:00","4.3","22.5","2.0"
"2025-01-23T17:00","3.9","23.1","0.0"
"2025-01-23T18:00","4.2","24.7","0.0"
"2025-01-23T19:00","4.6","24.4","0.0"
"2025-01-23T20:00","4.4","23.3","0.0"
"2025-01-23T21:00","4.0","20.8","0.0"
"2025-01-23T22:00","4.0","19.8","0.0"
"2025-01-23T23:00","3.3","19.0","0.0"
"2025-01-24T00:00","3.8","18.7","0.0"
"2025-01-24T01:00","3.8","18.8","0.0"
"2025-01-24T02:00","3.9","19.6","0.0"
"2025-01-24T03:00","3.7","18.4","0.0"
"2025-01-24T04:00","3.2","19.2","0.0"
"2025-01-24T05:00","3.0","18.8","0.0"
"2025-01-24T06:00","3.2","19.3","0.0"
"2025-01-24T07:00","3.5","20.3","0.0"
"2025-01-24T08:00","4.0","20.4","3.0"
"2025-01-24T09:00","4.3","20.0","19.0"
"2025-01-24T10:00","5.1","22.0","56.0"
"2025-01-24T11:00","5.3","20.5","74.0"
"2025-01-24T12:00","5.4","21.9","90.0"
"2025-01-24T13:00","5.4","25.7","90.0"
"2025-01-24T14:00","5.2","26.0","27.0"
"2025-01-24T15:00","4.8","28.1","11.0"
"2025-01-24T16:00","5.1","29.2","1.0"
"2025-01-24T17:00","5.5","28.3","0.0"
"2025-01-24T18:00","5.8","28.5","0.0"
"2025-01-24T19:00","6.1","29.5","0.0"
"2025-01-24T20:00","6.5","27.3","0.0"
"2025-01-24T21:00","6.9","26.1","0.0"
"2025-01-24T22:00","6.6","25.5","0.0"
"2025-01-24T23:00","6.3","23.3","0.0"
"2025-01-25T00:00","5.8","20.1","0.0"
"2025-01-25T01:00","6.0","19.6","0.0"
"2025-01-25T02:00","5.6","19.0","0.0"
"2025-01-25T03:00","5.2","20.1","0.0"
"2025-01-25T04:00","4.6","18.4","0.0"
"2025-01-25T05:00","4.2","19.5","0.0"
"2025-01-25T06:00","4.8","18.0","0.0"
"2025-01-25T07:00","4.8","14.6","0.0"
"2025-01-25T08:00","4.9","14.3","3.0"
"2025-01-25T09:00","5.1","14.4","17.0"
"2025-01-25T10:00","5.2","14.3","20.0"
"2025-01-25T11:00","5.0","11.8","29.0"
"2025-01-25T12:00","4.8","8.4","47.0"
"2025-01-25T13:00","5.2","9.5","38.0"
"2025-01-25T14:00","5.2","12.5","95.0"
"2025-01-25T15:00","4.8","15.9","63.0"
"2025-01-25T16:00","4.2","18.7","5.0"
"2025-01-25T17:00","5.1","19.6","0.0"
"2025-01-25T18:00","4.8","19.6","0.0"
"2025-01-25T19:00","4.2","19.4","0.0"
"2025-01-25T20:00","3.8","16.3","0.0"
"2025-01-25T21:00","3.0","13.9","0.0"
"2025-01-25T22:00","2.2","12.1","0.0"
"2025-01-25T23:00","1.6","12.6","0.0"
"2025-01-26T00:00","1.5","12.6","0.0"
"2025-01-26T01:00","2.0","12.1","0.0"
"2025-01-26T02:00","2.0","9.6","0.0"
"2025-01-26T03:00","1.5","5.5","0.0"
"2025-01-26T04:00","1.4","4.3","0.0"
"2025-01-26T05:00","1.1","5.9","0.0"
"2025-01-26T06:00","0.8","4.8","0.0"
"2025-01-26T07:00","0.5","3.9","0.0"
"2025-01-26T08:00","1.1","5.2","7.0"
"2025-01-26T09:00","1.6","5.4","16.0"
"2025-01-26T10:00","2.0","4.8","32.0"
"2025-01-26T11:00","2.7","1.5","73.0"
"2025-01-26T12:00","3.1","1.7","80.0"
"2025-01-26T13:00","3.2","5.5","42.0"
"2025-01-26T14:00","3.0","6.2","20.0"
"2025-01-26T15:00","2.8","4.7","9.0"
"2025-01-26T16:00","2.5","6.7","1.0"
"2025-01-26T17:00","2.4","3.7","0.0"
"2025-01-26T18:00","2.2","1.9","0.0"
"2025-01-26T19:00","0.9","4.1","0.0"
"2025-01-26T20:00","1.9","5.6","0.0"
"2025-01-26T21:00","2.0","8.1","0.0"
"2025-01-26T22:00","1.8","10.3","0.0"
"2025-01-26T23:00","1.6","12.0","0.0"
"2025-01-27T00:00","1.7","11.7","0.0"
"2025-01-27T01:00","2.3","14.7","0.0"
"2025-01-27T02:00","2.8","21.0","0.0"
"2025-01-27T03:00","2.5","22.4","0.0"
"2025-01-27T04:00","2.7","23.3","0.0"
"2025-01-27T05:00","2.6","23.5","0.0"
"2025-01-27T06:00","3.0","26.9","0.0"
"2025-01-27T07:00","3.5","26.7","0.0"
"2025-01-27T08:00","4.0","26.8","3.0"
"2025-01-27T09:00","3.8","28.1","12.0"
"2025-01-27T10:00","4.0","27.2","21.0"
"2025-01-27T11:00","4.5","28.1","19.0"
"2025-01-27T12:00","5.9","25.1","33.0"
"2025-01-27T13:00","7.6","24.1","91.0"
"2025-01-27T14:00","8.4","20.9","153.0"
"2025-01-27T15:00","8.1","18.1","61.0"
"2025-01-27T16:00","6.9","14.3","6.0"
"2025-01-27T17:00","6.1","11.9","0.0"
"2025-01-27T18:00","5.4","11.3","0.0"
"2025-01-27T19:00","5.2","13.0","0.0"
"2025-01-27T20:00","5.1","14.1","0.0"
"2025-01-27T21:00","4.3","14.0","0.0"
"2025-01-27T22:00","4.0","12.5","0.0"
"2025-01-27T23:00","3.5","11.5","0.0"
"2025-01-28T00:00","3.2","12.2","0.0"
"2025-01-28T01:00","4.2","11.7","0.0"
"2025-01-28T02:00","4.1","11.5","0.0"
"2025-01-28T03:00","3.9","12.3","0.0"
"2025-01-28T04:00","4.3","14.1","0.0"
"2025-01-28T05:00","4.0","11.4","0.0"
"2025-01-28T06:00","3.6","17.0","0.0"
"2025-01-28T07:00","4.0","16.1","0.0"
"2025-01-28T08:00","3.9","13.6","16.0"
"2025-01-28T09:00","4.6","12.5","90.0"
"2025-01-28T10:00","5.6","9.5","166.0"
"2025-01-28T11:00","6.3","8.8","205.0"
"2025-01-28T12:00","6.8","9.1","221.0"
"2025-01-28T13:00","6.7","10.9","180.0"
"2025-01-28T14:00","6.2","9.3","143.0"
"2025-01-28T15:00","5.2","10.7","56.0"
"2025-01-28T16:00","4.2","10.6","6.0"
"2025-01-28T17:00","4.0","10.1","0.0"
"2025-01-28T18:00","3.7","8.7","0.0"
"2025-01-28T19:00","3.8","11.1","0.0"
"2025-01-28T20:00","4.0","11.7","0.0"
"2025-01-28T21:00","3.6","7.2","0.0"
"2025-01-28T22:00","3.0","5.6","0.0"
"2025-01-28T23:00","2.9","6.8","0.0"
"2025-01-29T00:00","2.8","8.2","0.0"
"2025-01-29T01:00","3.0","7.6","0.0"
"2025-01-29T02:00","3.0","6.5","0.0"
"2025-01-29T03:00","2.8","5.5","0.0"
"2025-01-29T04:00","2.6","6.2","0.0"
"2025-01-29T05:00","2.5","6.3","0.0"
"2025-01-29T06:00","2.5","6.7","0.0"
"2025-01-29T07:00","2.9","5.6","0.0"
"2025-01-29T08:00","3.4","7.3","9.0"
"2025-01-29T09:00","4.0","10.5","50.0"
"2025-01-29T10:00","4.8","9.6","123.0"
"2025-01-29T11:00","5.7","8.1","163.0"
"2025-01-29T12:00","6.4","8.6","202.0"
"2025-01-29T13:00","6.6","5.3","177.0"
"2025-01-29T14:00","6.3","7.9","119.0"
"2025-01-29T15:00","5.3","6.2","23.0"
"2025-01-29T16:00","4.8","6.0","4.0"
"2025-01-29T17:00","4.8","5.1","0.0"
"2025-01-29T18:00","4.4","6.7","0.0"
"2025-01-29T19:00","4.3","11.1","0.0"
"2025-01-29T20:00","4.2","12.1","0.0"
"2025-01-29T21:00","4.8","14.2","0.0"
"2025-01-29T22:00","5.0","16.1","0.0"
"2025-01-29T23:00","5.3","20.3","0.0"
"2025-01-30T00:00","4.8","20.8","0.0"
"2025-01-30T01:00","5.1","19.3","0.0"
"2025-01-30T02:00","5.1","19.1","0.0"
"2025-01-30T03:00","4.9","20.2","0.0"
"2025-01-30T04:00","5.2","20.4","0.0"
"2025-01-30T05:00","5.2","20.1","0.0"
"2025-01-30T06:00","5.3","20.6","0.0"
"2025-01-30T07:00","5.1","20.8","0.0"
"2025-01-30T08:00","5.2","19.2","6.0"
"2025-01-30T09:00","5.8","19.9","31.0"
"2025-01-30T10:00","6.5","19.4","56.0"
"2025-01-30T11:00","6.6","22.2","59.0"
"2025-01-30T12:00","7.1","21.4","106.0"
"2025-01-30T13:00","6.9","20.8","74.0"
"2025-01-30T14:00","7.0","18.7","83.0"
"2025-01-30T15:00","6.4","16.0","51.0"
"2025-01-30T16:00","5.6","15.4","7.0"
"2025-01-30T17:00","5.2","16.2","0.0"
"2025-01-30T18:00","5.1","15.8","0.0"
"2025-01-30T19:00","4.8","15.6","0.0"
"2025-01-30T20:00","4.2","15.6","0.0"
"2025-01-30T21:00","3.8","15.3","0.0"
"2025-01-30T22:00","3.5","15.3","0.0"
"2025-01-30T23:00","3.2","14.2","0.0"
"2025-01-31T00:00","2.8","13.0","0.0"
"2025-01-31T01:00","2.8","12.1","0.0"
"2025-01-31T02:00","1.9","13.0","0.0"
"2025-01-31T03:00","1.3","12.4","0.0"
"2025-01-31T04:00","0.9","11.6","0.0"
"2025-01-31T05:00","0.5","11.1","0.0"
"2025-01-31T06:00","0.2","11.3","0.0"
"2025-01-31T07:00","0.1","11.0","0.0"
"2025-01-31T08:00","0.2","9.6","22.0"
"2025-01-31T09:00","1.4","10.6","102.0"
"2025-01-31T10:00","2.5","10.8","177.0"
"2025-01-31T11:00","3.3","9.3","205.0"
"2025-01-31T12:00","4.2","12.2","226.0"
"2025-01-31T13:00","3.8","13.8","79.0"
"2025-01-31T14:00","4.4","16.8","79.0"
"2025-01-31T15:00","4.3","12.8","39.0"
"2025-01-31T16:00","3.8","13.2","7.0"
"2025-01-31T17:00","3.1","12.6","0.0"
"2025-01-31T18:00","2.3","12.4","0.0"
"2025-01-31T19:00","1.9","12.5","0.0"
"2025-01-31T20:00","1.3","10.6","0.0"
"2025-01-31T21:00","0.8","9.6","0.0"
"2025-01-31T22:00","0.6","11.0","0.0"
"2025-01-31T23:00","0.6","9.6","0.0"
"2025-02-01T00:00","1.0","9.5","0.0"
"2025-02-01T01:00","2.0","10.7","0.0"
"2025-02-01T02:00","2.9","11.3","0.0"
"2025-02-01T03:00","3.5","10.1","0.0"
"2025-02-01T04:00","3.5","7.0","0.0"
"2025-02-01T05:00","3.2","4.0","0.0"
"2025-02-01T06:00","2.7","3.4","0.0"
"2025-02-01T07:00","2.6","3.8","0.0"
"2025-02-01T08:00","3.1","6.2","11.0"
"2025-02-01T09:00","3.8","7.7","39.0"
"2025-02-01T10:00","4.2","5.6","55.0"
"2025-02-01T11:00","4.7","5.7","88.0"
"2025-02-01T12:00","5.3","6.1","107.0"
"2025-02-01T13:00","4.7","9.2","74.0"
"2025-02-01T14:00","4.6","9.4","49.0"
"2025-02-01T15:00","4.2","8.6","25.0"
"2025-02-01T16:00","3.8","6.9","4.0"
"2025-02-01T17:00","3.3","7.2","0.0"
"2025-02-01T18:00","2.5","7.2","0.0"
"2025-02-01T19:00","2.0","5.9","0.0"
"2025-02-01T20:00","0.5","5.2","0.0"
"2025-02-01T21:00","-0.6","4.6","0.0"
"2025-02-01T22:00","-1.9","2.8","0.0"
"2025-02-01T23:00","-2.1","2.8","0.0"
"2025-02-02T00:00","-2.5","3.3","0.0"
"2025-02-02T01:00","-1.9","3.0","0.0"
"2025-02-02T02:00","-1.5","3.1","0.0"
"2025-02-02T03:00","-1.0","2.6","0.0"
"2025-02-02T04:00","-0.6","0.9","0.0"
"2025-02-02T05:00","-0.2","1.2","0.0"
"2025-02-02T06:00","0.2","3.2","0.0"
"2025-02-02T07:00","0.6","4.3","0.0"
"2025-02-02T08:00","1.0","5.8","10.0"
"2025-02-02T09:00","1.6","5.5","36.0"
"2025-02-02T10:00","2.2","6.1","56.0"
"2025-02-02T11:00","2.5","8.4","63.0"
"2025-02-02T12:00","3.0","9.0","100.0"
"2025-02-02T13:00","1.9","6.4","38.0"
"2025-02-02T14:00","2.0","8.7","34.0"
"2025-02-02T15:00","1.9","9.9","23.0"
"2025-02-02T16:00","1.5","8.8","4.0"
"2025-02-02T17:00","1.5","9.9","0.0"
"2025-02-02T18:00","1.4","9.6","0.0"
"2025-02-02T19:00","1.2","9.0","0.0"
"2025-02-02T20:00","0.8","7.6","0.0"
"2025-02-02T21:00","0.8","9.1","0.0"
"2025-02-02T22:00","0.6","10.1","0.0"
"2025-02-02T23:00","0.7","11.1","0.0"
"2025-02-03T00:00","0.4","9.8","0.0"
"2025-02-03T01:00","0.9","9.6","0.0"
"2025-02-03T02:00","0.5","7.7","0.0"
"2025-02-03T03:00","0.3","7.8","0.0"
"2025-02-03T04:00","0.2","7.2","0.0"
"2025-02-03T05:00","0.0","6.1","0.0"
"2025-02-03T06:00","-0.9","3.8","0.0"
"2025-02-03T07:00","-1.3","5.5","0.0"
"2025-02-03T08:00","-0.6","5.9","26.0"
"2025-02-03T09:00","0.4","4.4","114.0"
"2025-02-03T10:00","1.4","6.1","195.0"
"2025-02-03T11:00","2.3","10.4","228.0"
"2025-02-03T12:00","2.7","9.5","173.0"
"2025-02-03T13:00","2.5","9.9","113.0"
"2025-02-03T14:00","2.7","9.9","125.0"
"2025-02-03T15:00","2.0","7.5","69.0"
"2025-02-03T16:00","1.4","6.5","11.0"
"2025-02-03T17:00","0.9","7.5","0.0"
"2025-02-03T18:00","0.3","9.0","0.0"
"2025-02-03T19:00","0.4","9.8","0.0"
"2025-02-03T20:00","0.3","10.3","0.0"
"2025-02-03T21:00","-0.2","8.9","0.0"
"2025-02-03T22:00","-0.7","7.5","0.0"
"2025-02-03T23:00","-1.1","7.1","0.0"
"2025-02-04T00:00","-1.4","6.4","0.0"
"2025-02-04T01:00","-0.9","6.1","0.0"
"2025-02-04T02:00","-0.9","6.1","0.0"
"2025-02-04T03:00","-0.1","6.0","0.0"
"2025-02-04T04:00","0.2","7.8","0.0"
"2025-02-04T05:00","0.3","8.4","0.0"
"2025-02-04T06:00","0.3","8.7","0.0"
"2025-02-04T07:00","0.5","11.0","0.0"
"2025-02-04T08:00","0.5","11.4","19.0"
"2025-02-04T09:00","1.2","12.1","78.0"
"2025-02-04T10:00","2.3","13.4","157.0"
"2025-02-04T11:00","3.5","12.0","206.0"
"2025-02-04T12:00","4.5","14.5","258.0"
"2025-02-04T13:00","3.7","13.7","131.0"
"2025-02-04T14:00","3.5","13.2","99.0"
"2025-02-04T15:00","3.2","13.6","60.0"
"2025-02-04T16:00","2.2","13.0","11.0"
"2025-02-04T17:00","1.9","13.7","0.0"
"2025-02-04T18:00","1.9","13.8","0.0"
"2025-02-04T19:00","2.0","13.5","0.0"
"2025-02-04T20:00","2.3","14.4","0.0"
"2025-02-04T21:00","2.8","16.3","0.0"
"2025-02-04T22:00","2.8","15.8","0.0"
"2025-02-04T23:00","2.8","14.5","0.0"
"2025-02-05T00:00","3.2","16.2","0.0"
"2025-02-05T01:00","3.6","17.0","0.0"
"2025-02-05T02:00","3.5","17.3","0.0"
"2025-02-05T03:00","2.8","19.3","0.0"
"2025-02-05T04:00","2.7","18.5","0.0"
"2025-02-05T05:00","3.0","19.7","0.0"
"2025-02-05T06:00","3.3","21.4","0.0"
"2025-02-05T07:00","3.7","20.6","0.0"
"2025-02-05T08:00","4.4","19.6","14.0"
"2025-02-05T09:00","5.3","19.1","40.0"
"2025-02-05T10:00","6.9","20.0","98.0"
"2025-02-05T11:00","7.5","23.3","137.0"
"2025-02-05T12:00","8.2","23.6","241.0"
"2025-02-05T13:00","8.1","22.7","237.0"
"2025-02-05T14:00","7.8","19.7","187.0"
"2025-02-05T15:00","7.0","17.1","114.0"
"2025-02-05T16:00","5.7","15.9","24.0"
"2025-02-05T17:00","4.9","16.1","0.0"
"2025-02-05T18:00","4.3","16.1","0.0"
"2025-02-05T19:00","3.8","15.3","0.0"
"2025-02-05T20:00","3.3","15.2","0.0"
"2025-02-05T21:00","3.0","13.8","0.0"
"2025-02-05T22:00","2.8","14.0","0.0"
"2025-02-05T23:00","2.7","13.7","0.0"
"2025-02-06T00:00","2.6","12.5","0.0"
"2025-02-06T01:00","2.6","12.6","0.0"
"2025-02-06T02:00","2.3","12.0","0.0"
"2025-02-06T03:00","1.8","11.6","0.0"
"2025-02-06T04:00","1.8","13.1","0.0"
"2025-02-06T05:00","1.5","12.9","0.0"
"2025-02-06T06:00","1.0","12.2","0.0"
"2025-02-06T07:00","0.8","11.9","0.0"
"2025-02-06T08:00","1.3","11.1","38.0"
"2025-02-06T09:00","2.7","12.4","137.0"
"2025-02-06T10:00","4.2","10.3","227.0"
"2025-02-06T11:00","5.3","10.5","286.0"
"2025-02-06T12:00","6.1","10.5","304.0"
"2025-02-06T13:00","6.2","10.5","278.0"
"2025-02-06T14:00","6.1","9.9","216.0"
"2025-02-06T15:00","4.9","7.9","123.0"
"2025-02-06T16:00","2.5","6.4","27.0"
"2025-02-06T17:00","2.2","7.8","0.0"
"2025-02-06T18:00","2.0","8.2","0.0"
"2025-02-06T19:00","1.6","7.8","0.0"
"2025-02-06T20:00","1.1","8.2","0.0"
"2025-02-06T21:00","1.1","9.8","0.0"
"2025-02-06T22:00","1.0","10.3","0.0"
"2025-02-06T23:00","0.8","11.1","0.0"
"2025-02-07T00:00","0.3","9.4","0.0"
"2025-02-07T01:00","0.2","9.9","0.0"
"2025-02-07T02:00","-0.1","11.3","0.0"
"2025-02-07T03:00","-0.2","11.6","0.0"
"2025-02-07T04:00","-0.3","12.6","0.0"
"2025-02-07T05:00","-0.4","14.3","0.0"
"2025-02-07T06:00","0.1","15.3","0.0"
"2025-02-07T07:00","0.8","15.8","0.0"
"2025-02-07T08:00","0.9","16.1","14.0"
"2025-02-07T09:00","1.2","20.2","52.0"
"2025-02-07T10:00","1.4","17.5","70.0"
"2025-02-07T11:00","1.6","17.1","79.0"
"2025-02-07T12:00","2.0","17.3","75.0"
"2025-02-07T13:00","3.2","21.5","199.0"
"2025-02-07T14:00","3.2","22.7","64.0"
"2025-02-07T15:00","3.1","22.1","39.0"
"2025-02-07T16:00","2.8","22.7","14.0"
"2025-02-07T17:00","2.7","22.1","0.0"
"2025-02-07T18:00","2.8","22.0","0.0"
"2025-02-07T19:00","2.8","23.0","0.0"
"2025-02-07T20:00","2.6","24.6","0.0"
"2025-02-07T21:00","2.3","27.3","0.0"
"2025-02-07T22:00","1.9","24.6","0.0"
"2025-02-07T23:00","1.6","22.0","0.0"
"2025-02-08T00:00","1.8","24.9","0.0"
"2025-02-08T01:00","2.0","25.2","0.0"
"2025-02-08T02:00","1.6","25.8","0.0"
"2025-02-08T03:00","1.5","24.3","0.0"
"2025-02-08T04:00","1.3","23.2","0.0"
"2025-02-08T05:00","1.2","23.8","0.0"
"2025-02-08T06:00","1.1","25.0","0.0"
"2025-02-08T07:00","1.5","24.5","0.0"
"2025-02-08T08:00","1.5","25.8","10.0"
"2025-02-08T09:00","1.8","25.0","25.0"
"2025-02-08T10:00","2.0","28.1","64.0"
"2025-02-08T11:00","2.2","26.8","75.0"
"2025-02-08T12:00","2.3","26.5","96.0"
"2025-02-08T13:00","1.9","25.9","87.0"
"2025-02-08T14:00","2.0","24.6","66.0"
"2025-02-08T15:00","2.0","23.2","45.0"
"2025-02-08T16:00","1.9","21.0","14.0"
"2025-02-08T17:00","1.8","20.7","0.0"
"2025-02-08T18:00","1.9","20.2","0.0"
"2025-02-08T19:00","2.3","18.5","0.0"
"2025-02-08T20:00","2.4","16.5","0.0"
"2025-02-08T21:00","2.5","14.4","0.0"
"2025-02-08T22:00","2.4","12.8","0.0"
"2025-02-08T23:00","1.8","10.9","0.0"
"2025-02-09T00:00","1.2","9.8","0.0"
"2025-02-09T01:00","1.9","11.0","0.0"
"2025-02-09T02:00","1.5","12.7","0.0"
"2025-02-09T03:00","1.3","12.5","0.0"
"2025-02-09T04:00","1.1","12.0","0.0"
"2025-02-09T05:00","1.0","12.5","0.0"
"2025-02-09T06:00","0.7","12.8","0.0"
"2025-02-09T07:00","0.8","12.6","0.0"
"2025-02-09T08:00","1.4","13.7","30.0"
"2025-02-09T09:00","2.0","15.7","84.0"
"2025-02-09T10:00","2.5","16.2","153.0"
"2025-02-09T11:00","2.8","15.9","165.0"
"2025-02-09T12:00","3.0","16.2","149.0"
"2025-02-09T13:00","2.2","16.9","71.0"
"2025-02-09T14:00","2.2","16.9","74.0"
"2025-02-09T15:00","2.1","16.4","37.0"
"2025-02-09T16:00","1.9","15.4","9.0"
"2025-02-09T17:00","1.8","15.9","0.0"
"2025-02-09T18:00","1.8","16.2","0.0"
"2025-02-09T19:00","1.8","16.8","0.0"
"2025-02-09T20:00","1.8","17.4","0.0"
"2025-02-09T21:00","1.6","18.2","0.0"
"2025-02-09T22:00","1.5","18.5","0.0"
"2025-02-09T23:00","1.5","18.4","0.0"
"2025-02-10T00:00","1.5","18.2","0.0"
"2025-02-10T01:00","1.4","18.0","0.0"
"2025-02-10T02:00","1.4","18.6","0.0"
"2025-02-10T03:00","1.2","18.8","0.0"
"2025-02-10T04:00","1.2","19.5","0.0"
"2025-02-10T05:00","1.0","19.9","0.0"
"2025-02-10T06:00","0.9","20.7","0.0"
"2025-02-10T07:00","1.0","20.9","0.0"
"2025-02-10T08:00","1.2","22.1","20.0"
"2025-02-10T09:00","1.5","22.9","36.0"
"2025-02-10T10:00","1.8","25.2","61.0"
"2025-02-10T11:00","2.2","25.9","110.0"
"2025-02-10T12:00","2.3","25.8","101.0"
"2025-02-10T13:00","2.1","27.7","90.0"
"2025-02-10T14:00","1.9","26.6","75.0"
"2025-02-10T15:00","1.8","26.0","44.0"
"2025-02-10T16:00","1.5","23.9","17.0"
"2025-02-10T17:00","1.1","24.8","0.0"
"2025-02-10T18:00","1.0","25.2","0.0"
"2025-02-10T19:00","0.4","24.5","0.0"
"2025-02-10T20:00","0.3","24.5","0.0"
"2025-02-10T21:00","0.3","24.2","0.0"
"2025-02-10T22:00","0.2","25.6","0.0"
"2025-02-10T23:00","0.3","26.6","0.0"
"2025-02-11T00:00","0.4","26.1","0.0"
"2025-02-11T01:00","0.6","26.6","0.0"
"2025-02-11T02:00","0.5","26.1","0.0"
"2025-02-11T03:00","0.4","26.5","0.0"
"2025-02-11T04:00","0.6","27.1","0.0"
"2025-02-11T05:00","0.6","27.3","0.0"
"2025-02-11T06:00","1.1","26.8","0.0"
"2025-02-11T07:00","1.2","26.7","1.0"
"2025-02-11T08:00","1.2","28.2","31.0"
"2025-02-11T09:00","1.2","28.7","79.0"
"2025-02-11T10:00","1.4","27.8","114.0"
"2025-02-11T11:00","1.5","27.3","148.0"
"2025-02-11T12:00","1.8","26.3","163.0"
"2025-02-11T13:00","2.3","27.0","224.0"
"2025-02-11T14:00","2.5","26.5","196.0"
"2025-02-11T15:00","1.9","24.6","118.0"
"2025-02-11T16:00","1.1","22.7","36.0"
"2025-02-11T17:00","0.8","24.5","0.0"
"2025-02-11T18:00","0.6","26.7","0.0"
"2025-02-11T19:00","0.4","25.7","0.0"
"2025-02-11T20:00","0.2","24.9","0.0"
"2025-02-11T21:00","0.1","24.8","0.0"
"2025-02-11T22:00","-0.1","25.1","0.0"
"2025-02-11T23:00","0.0","24.0","0.0"
"2025-02-12T00:00","-0.1","23.5","0.0"
"2025-02-12T01:00","-0.2","23.2","0.0"
"2025-02-12T02:00","-0.2","23.6","0.0"
"2025-02-12T03:00","-0.1","23.8","0.0"
"2025-02-12T04:00","-0.2","23.4","0.0"
"2025-02-12T05:00","-0.4","23.2","0.0"
"2025-02-12T06:00","-0.8","22.8","0.0"
"2025-02-12T07:00","-1.1","21.4","1.0"
"2025-02-12T08:00","-1.0","21.6","23.0"
"2025-02-12T09:00","-0.9","20.7","75.0"
"2025-02-12T10:00","-0.6","20.4","147.0"
"2025-02-12T11:00","0.1","20.9","189.0"
"2025-02-12T12:00","0.6","20.3","200.0"
"2025-02-12T13:00","0.1","18.7","161.0"
"2025-02-12T14:00","0.6","19.6","169.0"
"2025-02-12T15:00","0.3","19.7","112.0"
"2025-02-12T16:00","-0.2","18.6","31.0"
"2025-02-12T17:00","-0.2","19.4","0.0"
"2025-02-12T18:00","-0.2","19.8","0.0"
"2025-02-12T19:00","-0.3","18.8","0.0"
"2025-02-12T20:00","-0.2","17.8","0.0"
"2025-02-12T21:00","-0.1","16.8","0.0"
"2025-02-12T22:00","-0.1","15.0","0.0"
"2025-02-12T23:00","0.0","14.9","0.0"
"2025-02-13T00:00","-0.3","14.5","0.0"
"2025-02-13T01:00","-1.0","15.3","0.0"
"2025-02-13T02:00","-1.3","16.0","0.0"
"2025-02-13T03:00","-1.2","17.3","0.0"
"2025-02-13T04:00","-1.0","17.5","0.0"
"2025-02-13T05:00","-0.9","17.6","0.0"
"2025-02-13T06:00","-0.6","17.3","0.0"
"2025-02-13T07:00","-0.4","17.2","1.0"
"2025-02-13T08:00","-0.2","18.1","21.0"
"2025-02-13T09:00","0.1","20.0","40.0"
"2025-02-13T10:00","0.4","19.8","67.0"
"2025-02-13T11:00","0.8","19.6","113.0"
"2025-02-13T12:00","0.8","17.3","114.0"
"2025-02-13T13:00","0.5","16.4","104.0"
"2025-02-13T14:00","0.1","16.6","57.0"
"2025-02-13T15:00","-0.1","16.3","41.0"
"2025-02-13T16:00","-0.5","15.9","17.0"
"2025-02-13T17:00","-1.0","15.7","0.0"
"2025-02-13T18:00","-1.8","14.7","0.0"
"2025-02-13T19:00","-2.1","13.4","0.0"
"2025-02-13T20:00","-2.4","12.2","0.0"
"2025-02-13T21:00","-1.5","10.7","0.0"
"2025-02-13T22:00","-0.8","12.2","0.0"
"2025-02-13T23:00","-0.4","13.7","0.0"
"2025-02-14T00:00","-0.5","14.2","0.0"
"2025-02-14T01:00","-0.9","14.2","0.0"
"2025-02-14T02:00","-1.3","15.0","0.0"
"2025-02-14T03:00","-1.5","13.2","0.0"
"2025-02-14T04:00","-2.4","11.6","0.0"
"2025-02-14T05:00","-3.1","8.9","0.0"
"2025-02-14T06:00","-3.3","7.7","0.0"
"2025-02-14T07:00","-3.3","7.8","2.0"
"2025-02-14T08:00","-2.0","8.6","50.0"
"2025-02-14T09:00","-1.0","8.7","135.0"
"2025-02-14T10:00","-0.6","7.5","200.0"
"2025-02-14T11:00","0.0","6.0","284.0"
"2025-02-14T12:00","0.4","4.2","314.0"
"2025-02-14T13:00","0.9","3.9","243.0"
"2025-02-14T14:00","0.8","2.9","187.0"
"2025-02-14T15:00","0.3","3.9","107.0"
"2025-02-14T16:00","-0.6","5.9","36.0"
"2025-02-14T17:00","-1.2","9.7","0.0"
"2025-02-14T18:00","-2.2","9.5","0.0"
"2025-02-14T19:00","-2.8","7.5","0.0"
"2025-02-14T20:00","-3.1","7.3","0.0"
"2025-02-14T21:00","-4.0","5.3","0.0"
"2025-02-14T22:00","-4.3","4.4","0.0"
"2025-02-14T23:00","-3.0","5.8","0.0"
"2025-02-15T00:00","-2.3","7.0","0.0"
"2025-02-15T01:00","-2.0","9.0","0.0"
"2025-02-15T02:00","-1.7","8.5","0.0"
"2025-02-15T03:00","-1.6","7.7","0.0"
"2025-02-15T04:00","-1.7","8.1","0.0"
"2025-02-15T05:00","-2.0","7.4","0.0"
"2025-02-15T06:00","-2.2","6.9","0.0"
"2025-02-15T07:00","-2.8","6.2","3.0"
"2025-02-15T08:00","-1.7","7.8","53.0"
"2025-02-15T09:00","-0.6","8.1","102.0"
"2025-02-15T10:00","-0.6","8.6","77.0"
"2025-02-15T11:00","-0.6","8.8","74.0"
"2025-02-15T12:00","-0.6","9.5","59.0"
"2025-02-15T13:00","-0.9","9.2","63.0"
"2025-02-15T14:00","-0.7","8.0","68.0"
"2025-02-15T15:00","-0.6","8.7","34.0"
"2025-02-15T16:00","-0.2","6.1","28.0"
"2025-02-15T17:00","-1.2","11.8","0.0"
"2025-02-15T18:00","-1.9","12.7","0.0"
"2025-02-15T19:00","-2.9","13.0","0.0"
"2025-02-15T20:00","-2.3","16.9","0.0"
"2025-02-15T21:00","-3.2","18.1","0.0"
"2025-02-15T22:00","-3.8","17.7","0.0"
"2025-02-15T23:00","-4.5","16.2","0.0"
"2025-02-16T00:00","-5.2","15.6","0.0"
"2025-02-16T01:00","-5.3","15.2","0.0"
"2025-02-16T02:00","-5.9","15.3","0.0"
"2025-02-16T03:00","-6.6","14.5","0.0"
"2025-02-16T04:00","-7.1","13.7","0.0"
"2025-02-16T05:00","-7.4","12.5","0.0"
"2025-02-16T06:00","-7.8","11.3","0.0"
"2025-02-16T07:00","-7.8","10.5","4.0"
"2025-02-16T08:00","-6.5","9.8","84.0"
"2025-02-16T09:00","-5.0","9.1","203.0"
"2025-02-16T10:00","-3.8","8.1","303.0"
"2025-02-16T11:00","-2.6","7.2","368.0"
"2025-02-16T12:00","-1.6","7.0","388.0"
"2025-02-16T13:00","-2.3","8.8","359.0"
"2025-02-16T14:00","-2.5","10.4","289.0"
"2025-02-16T15:00","-3.3","11.8","186.0"
"2025-02-16T16:00","-4.7","11.0","67.0"
"2025-02-16T17:00","-5.7","10.1","1.0"
"2025-02-16T18:00","-6.2","8.5","0.0"
"2025-02-16T19:00","-6.6","7.5","0.0"
"2025-02-16T20:00","-6.8","7.7","0.0"
"2025-02-16T21:00","-7.0","7.5","0.0"
"2025-02-16T22:00","-7.1","8.0","0.0"
"2025-02-16T23:00","-7.0","9.5","0.0"
"2025-02-17T00:00","-6.8","10.4","0.0"
"2025-02-17T01:00","-8.2","10.5","0.0"
"2025-02-17T02:00","-8.1","10.8","0.0"
"2025-02-17T03:00","-7.8","11.4","0.0"
"2025-02-17T04:00","-7.2","12.4","0.0"
"2025-02-17T05:00","-6.8","13.2","0.0"
"2025-02-17T06:00","-6.6","13.8","0.0"
"2025-02-17T07:00","-6.2","13.7","6.0"
"2025-02-17T08:00","-4.7","13.4","87.0"
"2025-02-17T09:00","-2.5","13.4","204.0"
"2025-02-17T10:00","-0.8","14.5","302.0"
"2025-02-17T11:00","0.3","15.4","363.0"
"2025-02-17T12:00","0.9","15.1","383.0"
"2025-02-17T13:00","0.9","17.2","277.0"
"2025-02-17T14:00","0.8","16.9","235.0"
"2025-02-17T15:00","0.3","15.3","176.0"
"2025-02-17T16:00","-1.1","14.0","69.0"
"2025-02-17T17:00","-2.3","14.3","2.0"
"2025-02-17T18:00","-2.6","14.6","0.0"
"2025-02-17T19:00","-2.8","14.0","0.0"
"2025-02-17T20:00","-2.8","14.2","0.0"
"2025-02-17T21:00","-2.6","14.1","0.0"
"2025-02-17T22:00","-2.7","14.2","0.0"
"2025-02-17T23:00","-3.0","14.0","0.0"
"2025-02-18T00:00","-3.2","13.8","0.0"
"2025-02-18T01:00","-3.5","13.8","0.0"
"2025-02-18T02:00","-3.6","13.7","0.0"
"2025-02-18T03:00","-3.7","13.5","0.0"
"2025-02-18T04:00","-3.8","13.2","0.0"
"2025-02-18T05:00","-4.0","12.6","0.0"
"2025-02-18T06:00","-4.2","11.8","0.0"
"2025-02-18T07:00","-4.2","11.2","7.0"
"2025-02-18T08:00","-2.8","11.7","92.0"
"2025-02-18T09:00","-0.9","9.4","212.0"
"2025-02-18T10:00","0.9","10.0","311.0"
"2025-02-18T11:00","2.3","11.0","373.0"
"2025-02-18T12:00","3.1","11.6","391.0"
"2025-02-18T13:00","3.4","12.2","363.0"
"2025-02-18T14:00","3.1","11.6","294.0"
"2025-02-18T15:00","2.2","9.8","191.0"
"2025-02-18T16:00","0.2","8.2","73.0"
"2025-02-18T17:00","-1.5","8.5","3.0"
"2025-02-18T18:00","-2.2","9.5","0.0"
"2025-02-18T19:00","-2.4","9.3","0.0"
"2025-02-18T20:00","-2.5","9.4","0.0"
"2025-02-18T21:00","-2.6","8.3","0.0"
"2025-02-18T22:00","-3.0","6.5","0.0"
"2025-02-18T23:00","-3.5","5.9","0.0"
"2025-02-19T00:00","-3.7","5.9","0.0"
"2025-02-19T01:00","-5.6","5.6","0.0"
"2025-02-19T02:00","-5.9","3.8","0.0"
"2025-02-19T03:00","-6.1","2.6","0.0"
"2025-02-19T04:00","-6.6","3.1","0.0"
"2025-02-19T05:00","-7.0","2.6","0.0"
"2025-02-19T06:00","-7.4","1.9","0.0"
"2025-02-19T07:00","-7.4","1.2","6.0"
"2025-02-19T08:00","-5.6","1.9","76.0"
"2025-02-19T09:00","-2.0","2.6","197.0"
"2025-02-19T10:00","0.5","2.9","297.0"
"2025-02-19T11:00","1.8","4.2","372.0"
"2025-02-19T12:00","2.3","5.8","389.0"
"2025-02-19T13:00","1.7","8.4","356.0"
"2025-02-19T14:00","1.2","9.3","294.0"
"2025-02-19T15:00","0.5","9.5","193.0"
"2025-02-19T16:00","-0.7","8.4","77.0"
"2025-02-19T17:00","-1.3","8.7","3.0"
"2025-02-19T18:00","-1.2","10.3","0.0"
"2025-02-19T19:00","-0.9","11.6","0.0"
"2025-02-19T20:00","-0.6","12.6","0.0"
"2025-02-19T21:00","-0.2","13.7","0.0"
"2025-02-19T22:00","-0.3","14.9","0.0"
"2025-02-19T23:00","-0.3","16.1","0.0"
"2025-02-20T00:00","-0.3","17.2","0.0"
"2025-02-20T01:00","-0.6","17.5","0.0"
"2025-02-20T02:00","-0.6","17.2","0.0"
"2025-02-20T03:00","-0.7","17.3","0.0"
"2025-02-20T04:00","-0.8","18.8","0.0"
"2025-02-20T05:00","-0.9","19.6","0.0"
"2025-02-20T06:00","-0.9","20.4","0.0"
"2025-02-20T07:00","-0.8","21.4","10.0"
"2025-02-20T08:00","0.1","23.1","99.0"
"2025-02-20T09:00","0.8","24.7","198.0"
"2025-02-20T10:00","1.2","26.7","279.0"
"2025-02-20T11:00","1.6","28.0","345.0"
"2025-02-20T12:00","2.0","27.8","394.0"
"2025-02-20T13:00","2.0","27.4","368.0"
"2025-02-20T14:00","1.6","26.7","284.0"
"2025-02-20T15:00","1.5","26.0","185.0"
"2025-02-20T16:00","1.0","25.3","80.0"
"2025-02-20T17:00","0.9","25.6","4.0"
"2025-02-20T18:00","1.2","25.7","0.0"
"2025-02-20T19:00","1.4","25.8","0.0"
"2025-02-20T20:00","0.9","24.2","0.0"
"2025-02-20T21:00","0.6","23.9","0.0"
"2025-02-20T22:00","0.9","22.5","0.0"
"2025-02-20T23:00","1.2","22.0","0.0"
"2025-02-21T00:00","1.4","20.8","0.0"
"2025-02-21T01:00","1.0","20.8","0.0"
"2025-02-21T02:00","1.0","18.1","0.0"
"2025-02-21T03:00","1.2","17.6","0.0"
"2025-02-21T04:00","1.5","14.8","0.0"
"2025-02-21T05:00","1.8","14.4","0.0"
"2025-02-21T06:00","2.2","11.9","0.0"
"2025-02-21T07:00","2.5","11.7","3.0"
"2025-02-21T08:00","3.1","11.5","27.0"
"2025-02-21T09:00","4.0","11.6","69.0"
"2025-02-21T10:00","4.3","11.7","66.0"
"2025-02-21T11:00","5.8","11.7","135.0"
"2025-02-21T12:00","5.6","11.9","94.0"
"2025-02-21T13:00","4.3","12.7","131.0"
"2025-02-21T14:00","4.7","14.2","113.0"
"2025-02-21T15:00","4.7","14.3","68.0"
"2025-02-21T16:00","4.2","15.1","31.0"
"2025-02-21T17:00","3.7","15.6","3.0"
"2025-02-21T18:00","3.8","16.3","0.0"
"2025-02-21T19:00","3.5","16.1","0.0"
"2025-02-21T20:00","3.8","16.7","0.0"
"2025-02-21T21:00","3.8","17.1","0.0"
"2025-02-21T22:00","3.5","16.6","0.0"
"2025-02-21T23:00","3.2","15.2","0.0"
"2025-02-22T00:00","2.8","12.8","0.0"
"2025-02-22T01:00","3.4","16.6","0.0"
"2025-02-22T02:00","3.5","17.8","0.0"
"2025-02-22T03:00","3.5","17.7","0.0"
"2025-02-22T04:00","3.1","17.2","0.0"
"2025-02-22T05:00","2.8","16.8","0.0"
"2025-02-22T06:00","2.5","16.7","0.0"
"2025-02-22T07:00","2.7","17.5","12.0"
"2025-02-22T08:00","3.5","17.5","100.0"
"2025-02-22T09:00","4.7","14.6","213.0"
"2025-02-22T10:00","5.8","15.1","309.0"
"2025-02-22T11:00","6.6","16.7","371.0"
"2025-02-22T12:00","6.8","17.4","382.0"
"2025-02-22T13:00","6.2","17.2","352.0"
"2025-02-22T14:00","5.4","16.5","143.0"
"2025-02-22T15:00","5.7","14.3","121.0"
"2025-02-22T16:00","5.3","14.1","68.0"
"2025-02-22T17:00","5.0","12.8","4.0"
"2025-02-22T18:00","5.0","12.1","0.0"
"2025-02-22T19:00","4.8","12.8","0.0"
"2025-02-22T20:00","4.9","12.5","0.0"
"2025-02-22T21:00","4.6","10.9","0.0"
"2025-02-22T22:00","4.3","11.1","0.0"
"2025-02-22T23:00","4.2","11.3","0.0"
"2025-02-23T00:00","5.1","11.5","0.0"
"2025-02-23T01:00","5.8","11.0","0.0"
"2025-02-23T02:00","5.8","11.5","0.0"
"2025-02-23T03:00","5.8","11.5","0.0"
"2025-02-23T04:00","5.8","10.5","0.0"
"2025-02-23T05:00","5.8","12.3","0.0"
"2025-02-23T06:00","5.8","13.0","0.0"
"2025-02-23T07:00","5.6","13.4","6.0"
"2025-02-23T08:00","5.6","12.1","39.0"
"2025-02-23T09:00","5.7","14.8","89.0"
"2025-02-23T10:00","5.8","12.7","114.0"
"2025-02-23T11:00","6.5","10.7","181.0"
"2025-02-23T12:00","7.8","9.6","232.0"
"2025-02-23T13:00","7.4","11.9","209.0"
"2025-02-23T14:00","7.6","11.2","174.0"
"2025-02-23T15:00","7.3","11.4","129.0"
"2025-02-23T16:00","6.1","10.1","49.0"
"2025-02-23T17:00","5.0","10.3","4.0"
"2025-02-23T18:00","4.8","10.7","0.0"
"2025-02-23T19:00","4.9","11.4","0.0"
"2025-02-23T20:00","5.2","12.2","0.0"
"2025-02-23T21:00","5.6","11.3","0.0"
"2025-02-23T22:00","5.8","12.6","0.0"
"2025-02-23T23:00","5.1","12.8","0.0"
"2025-02-24T00:00","4.2","16.0","0.0"
"2025-02-24T01:00","3.0","16.5","0.0"
"2025-02-24T02:00","3.0","16.3","0.0"
"2025-02-24T03:00","3.5","16.7","0.0"
"2025-02-24T04:00","3.8","18.1","0.0"
"2025-02-24T05:00","4.0","19.9","0.0"
"2025-02-24T06:00","4.0","20.6","0.0"
"2025-02-24T07:00","4.3","21.6","9.0"
"2025-02-24T08:00","5.1","21.2","83.0"
"2025-02-24T09:00","5.8","20.0","127.0"
"2025-02-24T10:00","7.7","19.4","269.0"
"2025-02-24T11:00","8.4","17.9","198.0"
"2025-02-24T12:00","8.6","16.8","127.0"
"2025-02-24T13:00","8.8","18.4","69.0"
"2025-02-24T14:00","8.8","18.4","51.0"
"2025-02-24T15:00","8.6","18.9","32.0"
"2025-02-24T16:00","8.4","20.0","14.0"
"2025-02-24T17:00","8.1","21.1","2.0"
"2025-02-24T18:00","7.8","21.8","0.0"
"2025-02-24T19:00","7.9","22.0","0.0"
"2025-02-24T20:00","7.8","22.0","0.0"
"2025-02-24T21:00","7.8","21.7","0.0"
"2025-02-24T22:00","7.7","20.2","0.0"
"2025-02-24T23:00","7.6","19.8","0.0"
"2025-02-25T00:00","7.6","18.6","0.0"
"2025-02-25T01:00","7.8","16.2","0.0"
"2025-02-25T02:00","7.2","12.8","0.0"
"2025-02-25T03:00","6.0","11.8","0.0"
"2025-02-25T04:00","5.4","12.3","0.0"
"2025-02-25T05:00","5.2","13.0","0.0"
"2025-02-25T06:00","5.1","13.6","0.0"
"2025-02-25T07:00","5.2","14.3","7.0"
"2025-02-25T08:00","5.7","12.7","33.0"
"2025-02-25T09:00","6.0","12.3","65.0"
"2025-02-25T10:00","6.4","12.1","111.0"
"2025-02-25T11:00","6.9","12.7","136.0"
"2025-02-25T12:00","7.6","11.5","170.0"
"2025-02-25T13:00","7.8","10.1","149.0"
"2025-02-25T14:00","7.7","11.3","138.0"
"2025-02-25T15:00","7.3","12.0","68.0"
"2025-02-25T16:00","7.1","8.0","24.0"
"2025-02-25T17:00","6.8","6.7","4.0"
"2025-02-25T18:00","5.6","7.1","0.0"
"2025-02-25T19:00","4.8","7.5","0.0"
"2025-02-25T20:00","3.8","9.0","0.0"
"2025-02-25T21:00","3.5","9.0","0.0"
"2025-02-25T22:00","3.8","8.2","0.0"
"2025-02-25T23:00","4.1","6.6","0.0"
"2025-02-26T00:00","4.2","4.6","0.0"
"2025-02-26T01:00","3.0","3.7","0.0"
"2025-02-26T02:00","2.9","3.7","0.0"
"2025-02-26T03:00","3.0","0.5","0.0"
"2025-02-26T04:00","3.0","3.1","0.0"
"2025-02-26T05:00","3.0","5.1","0.0"
"2025-02-26T06:00","2.8","5.5","0.0"
"2025-02-26T07:00","2.8","5.5","9.0"
"2025-02-26T08:00","3.0","4.2","39.0"
"2025-02-26T09:00","3.0","4.9","44.0"
"2025-02-26T10:00","3.2","7.6","88.0"
"2025-02-26T11:00","3.8","8.7","133.0"
"2025-02-26T12:00","4.1","8.7","144.0"
"2025-02-26T13:00","4.5","6.1","109.0"
"2025-02-26T14:00","4.4","7.1","102.0"
"2025-02-26T15:00","4.2","6.6","102.0"
"2025-02-26T16:00","3.8","6.0","34.0"
"2025-02-26T17:00","3.6","4.9","3.0"
"2025-02-26T18:00","3.5","5.2","0.0"
"2025-02-26T19:00","3.1","7.7","0.0"
"2025-02-26T20:00","3.0","6.9","0.0"
"2025-02-26T21:00","3.2","4.7","0.0"
"2025-02-26T22:00","3.4","3.3","0.0"
"2025-02-26T23:00","3.3","1.1","0.0"
"2025-02-27T00:00","3.1","1.0","0.0"
"2025-02-27T01:00","3.3","4.1","0.0"
"2025-02-27T02:00","2.8","5.0","0.0"
"2025-02-27T03:00","2.6","5.0","0.0"
"2025-02-27T04:00","2.5","4.4","0.0"
"2025-02-27T05:00","2.3","3.3","0.0"
"2025-02-27T06:00","2.2","2.3","0.0"
"2025-02-27T07:00","2.3","3.3","9.0"
"2025-02-27T08:00","2.5","4.6","47.0"
"2025-02-27T09:00","3.0","5.5","99.0"
"2025-02-27T10:00","3.2","5.6","114.0"
"2025-02-27T11:00","3.8","5.3","156.0"
"2025-02-27T12:00","4.2","6.1","168.0"
"2025-02-27T13:00","3.8","6.6","164.0"
"2025-02-27T14:00","3.9","7.2","142.0"
"2025-02-27T15:00","3.8","7.0","104.0"
"2025-02-27T16:00","3.4","5.7","37.0"
"2025-02-27T17:00","3.1","2.2","5.0"
"2025-02-27T18:00","2.9","3.6","0.0"
"2025-02-27T19:00","2.8","1.8","0.0"
"2025-02-27T20:00","3.0","2.1","0.0"
"2025-02-27T21:00","3.3","3.6","0.0"
"2025-02-27T22:00","3.3","6.0","0.0"
"2025-02-27T23:00","3.3","7.5","0.0"
"2025-02-28T00:00","3.2","6.9","0.0"
"2025-02-28T01:00","3.1","7.2","0.0"
"2025-02-28T02:00","3.1","7.2","0.0"
"2025-02-28T03:00","3.2","8.3","0.0"
"2025-02-28T04:00","3.4","9.4","0.0"
"2025-02-28T05:00","3.7","9.8","0.0"
"2025-02-28T06:00","3.7","9.8","0.0"
"2025-02-28T07:00","4.0","8.1","8.0"
"2025-02-28T08:00","4.5","8.4","64.0"
"2025-02-28T09:00","4.7","8.5","80.0"
"2025-02-28T10:00","5.3","9.7","165.0"
"2025-02-28T11:00","5.8","8.1","191.0"
"2025-02-28T12:00","5.6","6.5","135.0"
"2025-02-28T13:00","5.8","5.6","95.0"
"2025-02-28T14:00","6.0","4.5","113.0"
"2025-02-28T15:00","5.6","10.7","111.0"
"2025-02-28T16:00","4.0","14.5","53.0"
"2025-02-28T17:00","2.4","15.1","9.0"
"2025-02-28T18:00","1.6","14.9","0.0"
"2025-02-28T19:00","1.2","15.0","0.0"
"2025-02-28T20:00","1.2","14.4","0.0"
"2025-02-28T21:00","1.0","15.9","0.0"
"2025-02-28T22:00","0.6","15.8","0.0"
"2025-02-28T23:00","0.5","16.0","0.0"
"2025-03-01T00:00","0.6","14.5","0.0"
"2025-03-01T01:00","0.6","14.7","0.0"
"2025-03-01T02:00","0.6","15.0","0.0"
"2025-03-01T03:00","0.9","12.6","0.0"
"2025-03-01T04:00","1.2","13.6","0.0"
"2025-03-01T05:00","1.4","14.4","0.0"
"2025-03-01T06:00","1.5","13.8","0.0"
"2025-03-01T07:00","1.8","14.3","16.0"
"2025-03-01T08:00","2.0","13.9","83.0"
"2025-03-01T09:00","2.5","14.1","177.0"
"2025-03-01T10:00","3.1","15.7","285.0"
"2025-03-01T11:00","4.1","15.2","336.0"
"2025-03-01T12:00","4.8","15.5","357.0"
"2025-03-01T13:00","3.8","16.1","187.0"
"2025-03-01T14:00","4.7","17.3","179.0"
"2025-03-01T15:00","4.9","19.4","170.0"
"2025-03-01T16:00","5.2","14.7","58.0"
"2025-03-01T17:00","4.6","12.6","11.0"
"2025-03-01T18:00","3.9","14.2","0.0"
"2025-03-01T19:00","3.6","15.8","0.0"
"2025-03-01T20:00","3.5","17.4","0.0"
"2025-03-01T21:00","3.5","17.8","0.0"
"2025-03-01T22:00","3.2","18.0","0.0"
"2025-03-01T23:00","2.8","19.1","0.0"
"2025-03-02T00:00","2.8","19.1","0.0"
"2025-03-02T01:00","2.7","19.2","0.0"
"2025-03-02T02:00","3.3","18.7","0.0"
"2025-03-02T03:00","4.0","18.6","0.0"
"2025-03-02T04:00","4.3","17.8","0.0"
"2025-03-02T05:00","4.3","17.2","0.0"
"2025-03-02T06:00","4.2","18.2","0.0"
"2025-03-02T07:00","4.5","19.3","16.0"
"2025-03-02T08:00","5.0","19.7","128.0"
"2025-03-02T09:00","6.5","19.0","267.0"
"2025-03-02T10:00","7.9","21.1","368.0"
"2025-03-02T11:00","8.7","21.9","425.0"
"2025-03-02T12:00","9.0","23.0","444.0"
"2025-03-02T13:00","9.1","23.7","418.0"
"2025-03-02T14:00","8.9","27.1","354.0"
"2025-03-02T15:00","8.5","24.9","203.0"
"2025-03-02T16:00","7.8","21.6","101.0"
"2025-03-02T17:00","6.6","18.5","18.0"
"2025-03-02T18:00","5.9","18.8","0.0"
"2025-03-02T19:00","5.4","19.1","0.0"
"2025-03-02T20:00","4.9","19.3","0.0"
"2025-03-02T21:00","4.7","20.9","0.0"
"2025-03-02T22:00","4.2","21.4","0.0"
"2025-03-02T23:00","3.8","21.7","0.0"
"2025-03-03T00:00","4.0","22.3","0.0"
"2025-03-03T01:00","4.3","22.2","0.0"
"2025-03-03T02:00","3.7","21.3","0.0"
"2025-03-03T03:00","3.9","21.8","0.0"
"2025-03-03T04:00","4.7","20.7","0.0"
"2025-03-03T05:00","4.9","21.6","0.0"
"2025-03-03T06:00","5.1","21.3","0.0"
"2025-03-03T07:00","5.6","22.6","14.0"
"2025-03-03T08:00","6.4","21.8","62.0"
"2025-03-03T09:00","7.1","21.8","97.0"
"2025-03-03T10:00","8.4","33.8","325.0"
"2025-03-03T11:00","8.5","31.8","301.0"
"2025-03-03T12:00","9.1","30.1","321.0"
"2025-03-03T13:00","9.3","30.8","237.0"
"2025-03-03T14:00","9.2","30.8","207.0"
"2025-03-03T15:00","8.7","24.3","86.0"
"2025-03-03T16:00","8.3","23.4","42.0"
"2025-03-03T17:00","7.6","22.6","11.0"
"2025-03-03T18:00","7.3","21.7","0.0"
"2025-03-03T19:00","6.6","21.9","0.0"
"2025-03-03T20:00","5.8","23.1","0.0"
"2025-03-03T21:00","5.9","24.1","0.0"
"2025-03-03T22:00","5.8","24.0","0.0"
"2025-03-03T23:00","6.0","24.8","0.0"
"2025-03-04T00:00","6.2","25.7","0.0"
"2025-03-04T01:00","6.4","25.2","0.0"
"2025-03-04T02:00","6.2","23.8","0.0"
"2025-03-04T03:00","5.9","23.8","0.0"
"2025-03-04T04:00","5.8","23.6","0.0"
"2025-03-04T05:00","6.2","22.9","0.0"
"2025-03-04T06:00","6.2","22.0","0.0"
"2025-03-04T07:00","6.6","23.9","17.0"
"2025-03-04T08:00","7.2","22.9","67.0"
"2025-03-04T09:00","7.8","26.8","113.0"
"2025-03-04T10:00","8.4","31.5","203.0"
"2025-03-04T11:00","9.4","34.6","222.0"
"2025-03-04T12:00","9.8","35.1","264.0"
"2025-03-04T13:00","9.9","32.8","193.0"
"2025-03-04T14:00","10.4","30.2","191.0"
"2025-03-04T15:00","10.4","26.0","143.0"
"2025-03-04T16:00","9.6","20.6","119.0"
"2025-03-04T17:00","8.2","20.1","23.0"
"2025-03-04T18:00","7.6","21.7","0.0"
"2025-03-04T19:00","6.8","22.0","0.0"
"2025-03-04T20:00","6.2","22.9","0.0"
"2025-03-04T21:00","5.8","23.6","0.0"
"2025-03-04T22:00","5.7","25.5","0.0"
"2025-03-04T23:00","5.6","27.1","0.0"
"2025-03-05T00:00","5.5","28.1","0.0"
"2025-03-05T01:00","5.9","29.4","0.0"
"2025-03-05T02:00","5.9","30.5","0.0"
"2025-03-05T03:00","5.8","29.5","0.0"
"2025-03-05T04:00","5.7","28.9","0.0"
"2025-03-05T05:00","5.6","28.5","0.0"
"2025-03-05T06:00","5.6","29.3","0.0"
"2025-03-05T07:00","6.0","29.5","37.0"
"2025-03-05T08:00","6.9","29.6","132.0"
"2025-03-05T09:00","7.6","27.6","193.0"
"2025-03-05T10:00","8.4","29.6","267.0"
"2025-03-05T11:00","9.1","29.7","285.0"
"2025-03-05T12:00","9.9","28.2","304.0"
"2025-03-05T13:00","10.8","28.3","286.0"
"2025-03-05T14:00","11.1","28.5","298.0"
"2025-03-05T15:00","10.8","30.5","221.0"
"2025-03-05T16:00","10.1","28.5","115.0"
"2025-03-05T17:00","9.1","28.4","22.0"
"2025-03-05T18:00","8.1","27.5","0.0"
"2025-03-05T19:00","7.4","27.3","0.0"
"2025-03-05T20:00","7.2","28.6","0.0"
"2025-03-05T21:00","7.1","28.9","0.0"
"2025-03-05T22:00","6.9","27.3","0.0"
"2025-03-05T23:00","6.6","26.3","0.0"
"2025-03-06T00:00","6.2","25.4","0.0"
"2025-03-06T01:00","6.2","24.5","0.0"
"2025-03-06T02:00","5.8","24.0","0.0"
"2025-03-06T03:00","5.6","22.6","0.0"
"2025-03-06T04:00","5.2","20.9","0.0"
"2025-03-06T05:00","4.8","19.3","0.0"
"2025-03-06T06:00","4.5","17.8","0.0"
"2025-03-06T07:00","5.2","18.2","56.0"
"2025-03-06T08:00","6.6","16.2","184.0"
"2025-03-06T09:00","8.2","17.7","310.0"
"2025-03-06T10:00","9.5","18.2","408.0"
"2025-03-06T11:00","10.6","17.9","468.0"
"2025-03-06T12:00","11.2","17.3","483.0"
"2025-03-06T13:00","12.5","16.1","455.0"
"2025-03-06T14:00","12.4","16.2","383.0"
"2025-03-06T15:00","11.6","15.5","276.0"
"2025-03-06T16:00","10.5","15.7","148.0"
"2025-03-06T17:00","9.0","15.5","31.0"
"2025-03-06T18:00","8.1","15.2","0.0"
"2025-03-06T19:00","7.6","15.0","0.0"
"2025-03-06T20:00","7.1","14.8","0.0"
"2025-03-06T21:00","6.7","15.3","0.0"
"2025-03-06T22:00","6.5","15.0","0.0"
"2025-03-06T23:00","6.2","14.0","0.0"
"2025-03-07T00:00","5.9","11.9","0.0"
"2025-03-07T01:00","4.6","9.1","0.0"
"2025-03-07T02:00","4.2","8.1","0.0"
"2025-03-07T03:00","3.3","6.5","0.0"
"2025-03-07T04:00","2.7","5.9","0.0"
"2025-03-07T05:00","2.5","6.2","0.0"
"2025-03-07T06:00","2.7","7.9","0.0"
"2025-03-07T07:00","4.0","9.3","59.0"
"2025-03-07T08:00","6.2","8.5","184.0"
"2025-03-07T09:00","8.7","8.0","308.0"
"2025-03-07T10:00","10.9","7.9","409.0"
"2025-03-07T11:00","12.6","8.7","473.0"
"2025-03-07T12:00","13.5","9.2","484.0"
"2025-03-07T13:00","14.2","10.3","456.0"
"2025-03-07T14:00","14.3","9.7","381.0"
"2025-03-07T15:00","14.1","10.2","276.0"
"2025-03-07T16:00","12.8","10.6","153.0"
"2025-03-07T17:00","10.2","10.7","33.0"
"2025-03-07T18:00","8.9","11.1","0.0"
"2025-03-07T19:00","8.1","10.2","0.0"
"2025-03-07T20:00","7.6","9.9","0.0"
"2025-03-07T21:00","7.3","9.7","0.0"
"2025-03-07T22:00","6.8","9.5","0.0"
"2025-03-07T23:00","6.5","9.3","0.0"
"2025-03-08T00:00","5.9","7.7","0.0"
"2025-03-08T01:00","4.8","6.3","0.0"
"2025-03-08T02:00","4.3","5.7","0.0"
"2025-03-08T03:00","4.1","5.4","0.0"
"2025-03-08T04:00","3.9","5.1","0.0"
"2025-03-08T05:00","3.5","5.6","0.0"
"2025-03-08T06:00","3.2","5.4","1.0"
"2025-03-08T07:00","4.4","4.9","53.0"
"2025-03-08T08:00","6.0","3.8","154.0"
"2025-03-08T09:00","7.8","3.6","245.0"
"2025-03-08T10:00","9.4","3.3","344.0"
"2025-03-08T11:00","10.4","3.9","401.0"
"2025-03-08T12:00","11.1","5.1","426.0"
"2025-03-08T13:00","11.9","4.8","406.0"
"2025-03-08T14:00","11.9","4.5","340.0"
"2025-03-08T15:00","11.6","3.8","245.0"
"2025-03-08T16:00","10.3","4.7","130.0"
"2025-03-08T17:00","7.4","4.3","32.0"
"2025-03-08T18:00","6.4","5.2","0.0"
"2025-03-08T19:00","6.2","5.1","0.0"
"2025-03-08T20:00","5.8","4.7","0.0"
"2025-03-08T21:00","5.0","5.4","0.0"
"2025-03-08T22:00","4.6","5.6","0.0"
"2025-03-08T23:00","4.3","5.5","0.0"
"2025-03-09T00:00","3.7","5.2","0.0"
"2025-03-09T01:00","3.7","6.0","0.0"
"2025-03-09T02:00","3.5","6.1","0.0"
"2025-03-09T03:00","3.0","6.1","0.0"
"2025-03-09T04:00","3.0","6.6","0.0"
"2025-03-09T05:00","3.0","8.1","0.0"
"2025-03-09T06:00","3.0","9.6","1.0"
"2025-03-09T07:00","4.2","11.3","68.0"
"2025-03-09T08:00","5.9","9.6","198.0"
"2025-03-09T09:00","7.4","9.6","323.0"
"2025-03-09T10:00","9.1","9.7","419.0"
"2025-03-09T11:00","10.6","9.7","482.0"
"2025-03-09T12:00","11.8","9.5","500.0"
"2025-03-09T13:00","13.2","13.0","453.0"
"2025-03-09T14:00","13.1","15.0","378.0"
"2025-03-09T15:00","12.4","16.4","271.0"
"2025-03-09T16:00","10.9","17.1","139.0"
"2025-03-09T17:00","9.2","16.0","35.0"
"2025-03-09T18:00","7.9","15.4","0.0"
"2025-03-09T19:00","6.8","15.3","0.0"
"2025-03-09T20:00","6.2","15.4","0.0"
"2025-03-09T21:00","5.7","15.0","0.0"
"2025-03-09T22:00","5.3","14.3","0.0"
"2025-03-09T23:00","5.1","14.0","0.0"
"2025-03-10T00:00","4.8","13.5","0.0"
"2025-03-10T01:00","4.2","12.3","0.0"
"2025-03-10T02:00","3.7","11.5","0.0"
"2025-03-10T03:00","3.3","10.9","0.0"
"2025-03-10T04:00","3.0","10.7","0.0"
"2025-03-10T05:00","2.7","10.9","0.0"
"2025-03-10T06:00","2.7","11.2","2.0"
"2025-03-10T07:00","3.8","12.2","72.0"
"2025-03-10T08:00","5.3","10.8","200.0"
"2025-03-10T09:00","6.6","9.7","325.0"
"2025-03-10T10:00","7.9","8.8","423.0"
"2025-03-10T11:00","9.3","8.7","484.0"
"2025-03-10T12:00","10.6","8.2","501.0"
"2025-03-10T13:00","11.4","6.7","473.0"
"2025-03-10T14:00","11.6","8.3","402.0"
"2025-03-10T15:00","10.2","13.3","295.0"
"2025-03-10T16:00","8.2","13.9","166.0"
"2025-03-10T17:00","6.4","15.0","43.0"
"2025-03-10T18:00","5.2","16.4","0.0"
"2025-03-10T19:00","4.9","15.3","0.0"
"2025-03-10T20:00","4.7","14.9","0.0"
"2025-03-10T21:00","4.3","11.5","0.0"
"2025-03-10T22:00","3.5","9.1","0.0"
"2025-03-10T23:00","2.9","7.2","0.0"
"2025-03-11T00:00","2.2","5.2","0.0"
"2025-03-11T01:00","1.9","4.6","0.0"
"2025-03-11T02:00","2.2","6.7","0.0"
"2025-03-11T03:00","2.9","11.3","0.0"
"2025-03-11T04:00","2.7","10.4","0.0"
"2025-03-11T05:00","2.4","9.7","0.0"
"2025-03-11T06:00","2.7","11.0","2.0"
"2025-03-11T07:00","3.3","11.9","43.0"
"2025-03-11T08:00","3.7","14.8","96.0"
"2025-03-11T09:00","3.7","15.3","115.0"
"2025-03-11T10:00","3.9","15.8","132.0"
"2025-03-11T11:00","4.1","17.0","157.0"
"2025-03-11T12:00","4.1","18.7","156.0"
"2025-03-11T13:00","3.8","17.6","108.0"
"2025-03-11T14:00","3.8","17.3","109.0"
"2025-03-11T15:00","3.4","17.0","69.0"
"2025-03-11T16:00","2.6","15.7","36.0"
"2025-03-11T17:00","3.0","15.5","16.0"
"2025-03-11T18:00","2.9","15.5","0.0"
"2025-03-11T19:00","2.6","15.6","0.0"
"2025-03-11T20:00","2.7","16.7","0.0"
"2025-03-11T21:00","3.0","17.2","0.0"
"2025-03-11T22:00","3.2","17.1","0.0"
"2025-03-11T23:00","3.3","16.1","0.0"
"2025-03-12T00:00","3.3","16.4","0.0"
"2025-03-12T01:00","3.0","18.0","0.0"
"2025-03-12T02:00","3.1","17.2","0.0"
"2025-03-12T03:00","3.1","16.2","0.0"
"2025-03-12T04:00","3.3","11.4","0.0"
"2025-03-12T05:00","3.0","9.7","0.0"
"2025-03-12T06:00","2.1","8.3","3.0"
"2025-03-12T07:00","2.7","8.7","73.0"
"2025-03-12T08:00","3.8","10.0","159.0"
"2025-03-12T09:00","4.5","9.9","202.0"
"2025-03-12T10:00","4.8","10.4","154.0"
"2025-03-12T11:00","5.5","9.5","219.0"
"2025-03-12T12:00","5.9","9.8","299.0"
"2025-03-12T13:00","5.7","8.0","200.0"
"2025-03-12T14:00","5.8","9.4","155.0"
"2025-03-12T15:00","6.1","8.9","160.0"
"2025-03-12T16:00","6.1","8.1","98.0"
"2025-03-12T17:00","5.1","7.3","33.0"
"2025-03-12T18:00","3.5","8.4","0.0"
"2025-03-12T19:00","2.3","8.2","0.0"
"2025-03-12T20:00","1.5","7.2","0.0"
"2025-03-12T21:00","0.9","6.2","0.0"
"2025-03-12T22:00","0.4","6.0","0.0"
"2025-03-12T23:00","0.8","7.2","0.0"
"2025-03-13T00:00","0.2","5.3","0.0"
"2025-03-13T01:00","0.1","6.0","0.0"
"2025-03-13T02:00","-0.4","5.6","0.0"
"2025-03-13T03:00","-1.0","5.1","0.0"
"2025-03-13T04:00","-1.0","4.7","0.0"
"2025-03-13T05:00","-1.3","4.7","0.0"
"2025-03-13T06:00","-1.2","2.7","5.0"
"2025-03-13T07:00","0.5","3.4","82.0"
"2025-03-13T08:00","2.2","2.8","192.0"
"2025-03-13T09:00","3.9","5.2","295.0"
"2025-03-13T10:00","4.4","5.6","340.0"
"2025-03-13T11:00","5.3","4.1","363.0"
"2025-03-13T12:00","3.8","10.1","220.0"
"2025-03-13T13:00","3.0","9.7","201.0"
"2025-03-13T14:00","2.8","5.9","220.0"
"2025-03-13T15:00","3.0","8.8","106.0"
"2025-03-13T16:00","3.0","4.8","106.0"
"2025-03-13T17:00","2.5","2.7","29.0"
"2025-03-13T18:00","2.5","3.6","0.0"
"2025-03-13T19:00","1.1","5.5","0.0"
"2025-03-13T20:00","1.1","7.3","0.0"
"2025-03-13T21:00","0.3","7.8","0.0"
"2025-03-13T22:00","-0.2","7.6","0.0"
"2025-03-13T23:00","-0.6","4.2","0.0"
"2025-03-14T00:00","-1.3","3.4","0.0"
"2025-03-14T01:00","-0.6","8.0","0.0"
"2025-03-14T02:00","-0.3","9.0","0.0"
"2025-03-14T03:00","0.6","9.4","0.0"
"2025-03-14T04:00","1.0","11.8","0.0"
"2025-03-14T05:00","1.1","12.7","0.0"
"2025-03-14T06:00","0.3","13.9","6.0"
"2025-03-14T07:00","1.2","15.8","81.0"
"2025-03-14T08:00","2.0","16.0","186.0"
"2025-03-14T09:00","2.7","12.1","190.0"
"2025-03-14T10:00","3.3","10.1","222.0"
"2025-03-14T11:00","3.5","11.3","263.0"
"2025-03-14T12:00","3.2","14.1","254.0"
"2025-03-14T13:00","2.4","14.3","191.0"
"2025-03-14T14:00","2.0","12.6","71.0"
"2025-03-14T15:00","2.3","13.0","117.0"
"2025-03-14T16:00","2.2","12.8","71.0"
"2025-03-14T17:00","1.9","11.6","23.0"
"2025-03-14T18:00","1.5","11.0","0.0"
"2025-03-14T19:00","1.2","9.9","0.0"
"2025-03-14T20:00","0.9","9.9","0.0"
"2025-03-14T21:00","0.1","9.3","0.0"
"2025-03-14T22:00","-0.2","8.6","0.0"
"2025-03-14T23:00","-1.0","8.5","0.0"
"2025-03-15T00:00","-1.5","7.4","0.0"
"2025-03-15T01:00","-2.3","5.8","0.0"
"2025-03-15T02:00","-3.0","5.2","0.0"
"2025-03-15T03:00","-3.1","5.1","0.0"
"2025-03-15T04:00","-3.0","3.5","0.0"
"2025-03-15T05:00","-3.0","2.4","0.0"
"2025-03-15T06:00","-2.7","2.4","8.0"
"2025-03-15T07:00","-0.3","2.3","105.0"
"2025-03-15T08:00","2.0","1.0","245.0"
"2025-03-15T09:00","3.2","1.8","376.0"
"2025-03-15T10:00","4.0","4.3","477.0"
"2025-03-15T11:00","4.7","3.8","538.0"
"2025-03-15T12:00","5.3","2.8","553.0"
"2025-03-15T13:00","5.8","2.8","522.0"
"2025-03-15T14:00","6.1","2.3","447.0"
"2025-03-15T15:00","5.7","2.4","333.0"
"2025-03-15T16:00","4.1","4.3","195.0"
"2025-03-15T17:00","1.1","4.0","64.0"
"2025-03-15T18:00","-0.1","7.8","1.0"
"2025-03-15T19:00","0.0","10.7","0.0"
"2025-03-15T20:00","-0.1","12.2","0.0"
"2025-03-15T21:00","0.2","14.2","0.0"
"2025-03-15T22:00","0.4","14.0","0.0"
"2025-03-15T23:00","0.1","13.9","0.0"
"2025-03-16T00:00","0.3","14.8","0.0"
"2025-03-16T01:00","1.2","16.0","0.0"
"2025-03-16T02:00","1.2","17.1","0.0"
"2025-03-16T03:00","1.4","18.4","0.0"
"2025-03-16T04:00","2.0","17.8","0.0"
"2025-03-16T05:00","2.2","18.1","0.0"
"2025-03-16T06:00","2.0","18.6","10.0"
"2025-03-16T07:00","3.3","18.4","60.0"
"2025-03-16T08:00","4.8","19.3","84.0"
"2025-03-16T09:00","5.7","18.9","101.0"
"2025-03-16T10:00","6.0","19.5","102.0"
"2025-03-16T11:00","6.5","19.8","136.0"
"2025-03-16T12:00","7.5","23.3","230.0"
"2025-03-16T13:00","7.6","20.8","173.0"
"2025-03-16T14:00","8.4","19.0","353.0"
"2025-03-16T15:00","7.4","19.8","321.0"
"2025-03-16T16:00","6.7","18.7","178.0"
"2025-03-16T17:00","6.1","16.6","59.0"
"2025-03-16T18:00","4.8","24.4","1.0"
"2025-03-16T19:00","3.2","21.9","0.0"
"2025-03-16T20:00","2.4","20.3","0.0"
"2025-03-16T21:00","2.0","20.5","0.0"
"2025-03-16T22:00","1.1","16.2","0.0"
"2025-03-16T23:00","0.4","15.9","0.0"
"2025-03-17T00:00","0.2","15.8","0.0"
"2025-03-17T01:00","-0.2","15.4","0.0"
"2025-03-17T02:00","-1.1","13.4","0.0"
"2025-03-17T03:00","-1.9","10.4","0.0"
"2025-03-17T04:00","-2.7","8.3","0.0"
"2025-03-17T05:00","-3.0","8.5","0.0"
"2025-03-17T06:00","-2.7","9.2","13.0"
"2025-03-17T07:00","-0.9","10.0","120.0"
"2025-03-17T08:00","1.2","8.5","263.0"
"2025-03-17T09:00","2.7","9.7","394.0"
"2025-03-17T10:00","3.8","11.4","493.0"
"2025-03-17T11:00","4.4","12.7","552.0"
"2025-03-17T12:00","4.8","13.1","566.0"
"2025-03-17T13:00","5.1","13.2","533.0"
"2025-03-17T14:00","5.0","12.9","456.0"
"2025-03-17T15:00","4.8","13.9","344.0"
"2025-03-17T16:00","4.0","13.1","207.0"
"2025-03-17T17:00","2.3","10.3","71.0"
"2025-03-17T18:00","1.0","12.3","2.0"
"2025-03-17T19:00","0.8","14.8","0.0"
"2025-03-17T20:00","0.6","15.5","0.0"
"2025-03-17T21:00","0.2","15.2","0.0"
"2025-03-17T22:00","0.1","14.2","0.0"
"2025-03-17T23:00","0.2","15.5","0.0"
"2025-03-18T00:00","0.4","17.1","0.0"
"2025-03-18T01:00","0.4","16.9","0.0"
"2025-03-18T02:00","0.6","16.7","0.0"
"2025-03-18T03:00","0.6","16.6","0.0"
"2025-03-18T04:00","0.6","17.3","0.0"
"2025-03-18T05:00","0.6","18.4","0.0"
"2025-03-18T06:00","1.2","18.5","13.0"
"2025-03-18T07:00","3.0","20.4","83.0"
"2025-03-18T08:00","4.2","19.6","136.0"
"2025-03-18T09:00","5.0","19.6","193.0"
"2025-03-18T10:00","5.9","17.7","239.0"
"2025-03-18T11:00","6.8","16.9","324.0"
"2025-03-18T12:00","7.5","16.1","364.0"
"2025-03-18T13:00","7.2","15.3","262.0"
"2025-03-18T14:00","7.2","15.2","248.0"
"2025-03-18T15:00","7.2","15.8","205.0"
"2025-03-18T16:00","6.6","15.8","121.0"
"2025-03-18T17:00","5.9","12.8","41.0"
"2025-03-18T18:00","4.9","10.9","2.0"
"2025-03-18T19:00","4.1","11.7","0.0"
"2025-03-18T20:00","4.2","12.6","0.0"
"2025-03-18T21:00","4.0","12.0","0.0"
"2025-03-18T22:00","3.2","12.3","0.0"
"2025-03-18T23:00","2.5","12.9","0.0"
"2025-03-19T00:00","1.6","12.1","0.0"
"2025-03-19T01:00","1.5","11.9","0.0"
"2025-03-19T02:00","1.0","11.6","0.0"
"2025-03-19T03:00","0.9","12.4","0.0"
"2025-03-19T04:00","0.9","13.3","0.0"
"2025-03-19T05:00","1.2","13.8","0.0"
"2025-03-19T06:00","1.6","14.1","16.0"
"2025-03-19T07:00","3.2","13.8","125.0"
"2025-03-19T08:00","5.1","18.7","267.0"
"2025-03-19T09:00","6.3","16.7","335.0"
"2025-03-19T10:00","7.4","12.8","418.0"
"2025-03-19T11:00","8.2","10.1","526.0"
"2025-03-19T12:00","8.9","9.2","555.0"
"2025-03-19T13:00","9.4","6.9","533.0"
"2025-03-19T14:00","9.6","6.9","463.0"
"2025-03-19T15:00","9.4","7.4","352.0"
"2025-03-19T16:00","8.9","8.7","216.0"
"2025-03-19T17:00","7.0","10.1","80.0"
"2025-03-19T18:00","4.9","9.0","3.0"
"2025-03-19T19:00","3.6","7.6","0.0"
"2025-03-19T20:00","2.5","7.4","0.0"
"2025-03-19T21:00","1.9","8.3","0.0"
"2025-03-19T22:00","1.5","8.4","0.0"
"2025-03-19T23:00","0.4","6.4","0.0"
"2025-03-20T00:00","-0.5","5.9","0.0"
"2025-03-20T01:00","-1.3","5.5","0.0"
"2025-03-20T02:00","-1.1","6.4","0.0"
"2025-03-20T03:00","-0.6","6.8","0.0"
"2025-03-20T04:00","-0.1","7.3","0.0"
"2025-03-20T05:00","0.1","7.7","0.0"
"2025-03-20T06:00","0.8","9.6","20.0"
"2025-03-20T07:00","2.6","10.9","132.0"
"2025-03-20T08:00","4.9","8.7","270.0"
"2025-03-20T09:00","7.4","7.6","372.0"
"2025-03-20T10:00","9.9","8.2","487.0"
"2025-03-20T11:00","11.6","10.0","537.0"
"2025-03-20T12:00","12.2","10.0","444.0"
"2025-03-20T13:00","12.6","8.7","431.0"
"2025-03-20T14:00","12.9","10.0","401.0"
"2025-03-20T15:00","12.8","9.4","325.0"
"2025-03-20T16:00","11.7","6.5","209.0"
"2025-03-20T17:00","8.5","6.3","79.0"
"2025-03-20T18:00","6.3","6.0","3.0"
"2025-03-20T19:00","4.9","4.4","0.0"
"2025-03-20T20:00","3.5","5.8","0.0"
"2025-03-20T21:00","3.5","7.5","0.0"
"2025-03-20T22:00","2.5","6.7","0.0"
"2025-03-20T23:00","2.7","8.8","0.0"
"2025-03-21T00:00","2.6","8.3","0.0"
"2025-03-21T01:00","2.3","8.6","0.0"
"2025-03-21T02:00","2.0","8.8","0.0"
"2025-03-21T03:00","1.4","7.9","0.0"
"2025-03-21T04:00","0.6","6.9","0.0"
"2025-03-21T05:00","0.3","6.8","0.0"
"2025-03-21T06:00","1.2","8.6","22.0"
"2025-03-21T07:00","2.5","9.8","137.0"
"2025-03-21T08:00","4.0","9.8","278.0"
"2025-03-21T09:00","5.3","11.0","407.0"
"2025-03-21T10:00","6.7","11.5","505.0"
"2025-03-21T11:00","8.0","12.0","564.0"
"2025-03-21T12:00","8.9","13.1","578.0"
"2025-03-21T13:00","9.9","14.0","546.0"
"2025-03-21T14:00","9.5","15.0","471.0"
"2025-03-21T15:00","8.9","15.5","360.0"
"2025-03-21T16:00","8.1","15.4","225.0"
"2025-03-21T17:00","6.8","17.7","87.0"
"2025-03-21T18:00","5.4","19.7","5.0"
"2025-03-21T19:00","4.4","22.0","0.0"
"2025-03-21T20:00","4.0","23.3","0.0"
"2025-03-21T21:00","3.7","22.5","0.0"
"2025-03-21T22:00","3.2","20.6","0.0"
"2025-03-21T23:00","2.8","21.4","0.0"
"2025-03-22T00:00","2.6","21.2","0.0"
"2025-03-22T01:00","1.8","21.5","0.0"
"2025-03-22T02:00","2.2","22.3","0.0"
"2025-03-22T03:00","2.5","21.4","0.0"
"2025-03-22T04:00","2.6","22.5","0.0"
"2025-03-22T05:00","3.0","26.1","0.0"
"2025-03-22T06:00","3.5","27.9","26.0"
"2025-03-22T07:00","4.7","24.5","147.0"
"2025-03-22T08:00","5.9","26.9","292.0"
"2025-03-22T09:00","6.7","29.0","422.0"
"2025-03-22T10:00","7.3","28.7","521.0"
"2025-03-22T11:00","8.1","27.5","580.0"
"2025-03-22T12:00","8.9","26.2","592.0"
"2025-03-22T13:00","9.9","29.4","560.0"
"2025-03-22T14:00","9.2","28.8","485.0"
"2025-03-22T15:00","8.6","26.7","373.0"
"2025-03-22T16:00","7.3","27.0","234.0"
"2025-03-22T17:00","5.8","35.1","92.0"
"2025-03-22T18:00","5.0","30.8","6.0"
"2025-03-22T19:00","5.1","29.9","0.0"
"2025-03-22T20:00","5.3","28.1","0.0"
"2025-03-22T21:00","5.8","28.7","0.0"
"2025-03-22T22:00","6.4","28.0","0.0"
"2025-03-22T23:00","6.6","28.9","0.0"
"2025-03-23T00:00","6.8","28.8","0.0"
"2025-03-23T01:00","7.0","29.9","0.0"
"2025-03-23T02:00","6.8","29.2","0.0"
"2025-03-23T03:00","6.6","28.0","0.0"
"2025-03-23T04:00","6.1","27.0","0.0"
"2025-03-23T05:00","5.8","27.2","0.0"
"2025-03-23T06:00","5.8","27.6","28.0"
"2025-03-23T07:00","6.3","23.5","147.0"
"2025-03-23T08:00","7.2","24.6","291.0"
"2025-03-23T09:00","7.8","27.1","419.0"
"2025-03-23T10:00","8.3","28.8","517.0"
"2025-03-23T11:00","8.8","27.5","575.0"
"2025-03-23T12:00","9.4","25.5","589.0"
"2025-03-23T13:00","9.9","23.8","556.0"
"2025-03-23T14:00","9.6","23.6","481.0"
"2025-03-23T15:00","8.6","24.1","372.0"
"2025-03-23T16:00","7.4","22.2","229.0"
"2025-03-23T17:00","6.1","23.1","94.0"
"2025-03-23T18:00","5.2","21.4","6.0"
"2025-03-23T19:00","4.8","19.8","0.0"
"2025-03-23T20:00","4.7","18.7","0.0"
"2025-03-23T21:00","4.7","18.1","0.0"
"2025-03-23T22:00","4.8","16.9","0.0"
"2025-03-23T23:00","4.8","15.5","0.0"
"2025-03-24T00:00","4.8","13.9","0.0"
"2025-03-24T01:00","4.0","12.3","0.0"
"2025-03-24T02:00","3.8","12.4","0.0"
"2025-03-24T03:00","3.8","12.6","0.0"
"2025-03-24T04:00","3.9","11.4","0.0"
"2025-03-24T05:00","3.7","8.9","0.0"
"2025-03-24T06:00","4.1","9.8","18.0"
"2025-03-24T07:00","4.9","7.4","124.0"
"2025-03-24T08:00","5.8","8.1","226.0"
"2025-03-24T09:00","6.9","7.9","382.0"
"2025-03-24T10:00","7.9","9.2","507.0"
"2025-03-24T11:00","8.6","9.1","579.0"
"2025-03-24T12:00","8.9","9.8","583.0"
"2025-03-24T13:00","8.8","12.2","555.0"
"2025-03-24T14:00","8.2","11.6","427.0"
"2025-03-24T15:00","7.9","9.7","319.0"
"2025-03-24T16:00","7.5","7.9","209.0"
"2025-03-24T17:00","6.2","8.4","89.0"
"2025-03-24T18:00","4.8","9.1","7.0"
"2025-03-24T19:00","3.8","7.5","0.0"
"2025-03-24T20:00","3.3","7.8","0.0"
"2025-03-24T21:00","3.1","8.1","0.0"
"2025-03-24T22:00","2.8","7.6","0.0"
"2025-03-24T23:00","2.8","7.7","0.0"
"2025-03-25T00:00","3.0","9.1","0.0"
"2025-03-25T01:00","2.8","7.9","0.0"
"2025-03-25T02:00","2.9","9.1","0.0"
"2025-03-25T03:00","3.3","10.6","0.0"
"2025-03-25T04:00","3.8","11.2","0.0"
"2025-03-25T05:00","4.1","11.6","0.0"
"2025-03-25T06:00","4.3","11.9","16.0"
"2025-03-25T07:00","4.9","13.0","56.0"
"2025-03-25T08:00","5.1","15.0","56.0"
"2025-03-25T09:00","5.4","14.4","81.0"
"2025-03-25T10:00","6.2","12.9","117.0"
"2025-03-25T11:00","7.1","15.8","150.0"
"2025-03-25T12:00","7.2","17.1","110.0"
"2025-03-25T13:00","7.9","21.6","168.0"
"2025-03-25T14:00","7.8","19.5","110.0"
"2025-03-25T15:00","7.8","20.7","82.0"
"2025-03-25T16:00","7.7","21.5","43.0"
"2025-03-25T17:00","7.8","20.4","16.0"
"2025-03-25T18:00","8.0","20.0","2.0"
"2025-03-25T19:00","8.1","19.6","0.0"
"2025-03-25T20:00","8.0","18.7","0.0"
"2025-03-25T21:00","7.8","17.5","0.0"
"2025-03-25T22:00","7.8","17.3","0.0"
"2025-03-25T23:00","6.9","17.4","0.0"
"2025-03-26T00:00","6.1","17.1","0.0"
"2025-03-26T01:00","6.9","16.3","0.0"
"2025-03-26T02:00","6.8","15.9","0.0"
"2025-03-26T03:00","6.8","15.8","0.0"
"2025-03-26T04:00","6.9","16.4","0.0"
"2025-03-26T05:00","6.8","16.7","0.0"
"2025-03-26T06:00","6.2","16.8","30.0"
"2025-03-26T07:00","6.9","16.9","163.0"
"2025-03-26T08:00","8.1","18.0","304.0"
"2025-03-26T09:00","9.1","19.9","405.0"
"2025-03-26T10:00","9.9","20.9","478.0"
"2025-03-26T11:00","10.6","21.3","589.0"
"2025-03-26T12:00","10.9","22.0","601.0"
"2025-03-26T13:00","10.2","21.3","554.0"
"2025-03-26T14:00","9.8","20.5","423.0"
"2025-03-26T15:00","9.6","17.7","376.0"
"2025-03-26T16:00","8.9","13.1","227.0"
"2025-03-26T17:00","7.8","9.1","105.0"
"2025-03-26T18:00","6.2","7.0","10.0"
"2025-03-26T19:00","5.0","5.9","0.0"
"2025-03-26T20:00","4.1","5.8","0.0"
"2025-03-26T21:00","4.6","7.8","0.0"
"2025-03-26T22:00","4.8","11.2","0.0"
"2025-03-26T23:00","4.3","10.8","0.0"
"2025-03-27T00:00","3.8","10.5","0.0"
"2025-03-27T01:00","2.7","9.8","0.0"
"2025-03-27T02:00","2.5","10.2","0.0"
"2025-03-27T03:00","2.5","11.7","0.0"
"2025-03-27T04:00","2.6","13.0","0.0"
"2025-03-27T05:00","3.0","14.3","0.0"
"2025-03-27T06:00","4.1","15.5","36.0"
"2025-03-27T07:00","5.6","15.4","168.0"
"2025-03-27T08:00","7.3","18.7","308.0"
"2025-03-27T09:00","8.8","23.4","409.0"
"2025-03-27T10:00","9.4","22.5","305.0"
"2025-03-27T11:00","9.7","22.3","276.0"
"2025-03-27T12:00","10.9","23.2","468.0"
"2025-03-27T13:00","10.9","24.4","358.0"
"2025-03-27T14:00","11.2","24.1","379.0"
"2025-03-27T15:00","11.1","23.1","299.0"
"2025-03-27T16:00","10.6","18.6","188.0"
"2025-03-27T17:00","9.6","15.7","97.0"
"2025-03-27T18:00","8.2","14.5","11.0"
"2025-03-27T19:00","7.4","16.0","0.0"
"2025-03-27T20:00","7.1","16.7","0.0"
"2025-03-27T21:00","6.7","15.4","0.0"
"2025-03-27T22:00","6.2","14.3","0.0"
"2025-03-27T23:00","5.9","13.8","0.0"
"2025-03-28T00:00","5.9","14.3","0.0"
"2025-03-28T01:00","6.1","13.9","0.0"
"2025-03-28T02:00","5.7","13.8","0.0"
"2025-03-28T03:00","5.4","13.9","0.0"
"2025-03-28T04:00","5.2","14.7","0.0"
"2025-03-28T05:00","5.0","15.6","0.0"
"2025-03-28T06:00","5.7","16.4","48.0"
"2025-03-28T07:00","7.2","14.5","181.0"
"2025-03-28T08:00","8.9","15.8","323.0"
"2025-03-28T09:00","10.6","17.2","447.0"
"2025-03-28T10:00","12.1","17.4","555.0"
"2025-03-28T11:00","12.9","16.8","614.0"
"2025-03-28T12:00","13.5","16.7","628.0"
"2025-03-28T13:00","14.3","16.2","595.0"
"2025-03-28T14:00","14.1","14.5","518.0"
"2025-03-28T15:00","13.6","13.0","404.0"
"2025-03-28T16:00","12.6","11.6","265.0"
"2025-03-28T17:00","10.8","12.0","120.0"
"2025-03-28T18:00","8.9","11.9","14.0"
"2025-03-28T19:00","8.2","12.8","0.0"
"2025-03-28T20:00","7.6","11.2","0.0"
"2025-03-28T21:00","6.9","8.4","0.0"
"2025-03-28T22:00","5.7","6.5","0.0"
"2025-03-28T23:00","4.8","2.3","0.0"
"2025-03-29T00:00","4.0","3.1","0.0"
"2025-03-29T01:00","3.0","5.8","0.0"
"2025-03-29T02:00","3.6","8.4","0.0"
"2025-03-29T03:00","4.0","11.1","0.0"
"2025-03-29T04:00","4.2","12.2","0.0"
"2025-03-29T05:00","4.2","12.1","0.0"
"2025-03-29T06:00","5.0","11.7","46.0"
"2025-03-29T07:00","6.6","14.3","133.0"
"2025-03-29T08:00","7.8","15.2","220.0"
"2025-03-29T09:00","8.9","15.1","321.0"
"2025-03-29T10:00","9.9","13.6","440.0"
"2025-03-29T11:00","10.9","13.8","544.0"
"2025-03-29T12:00","11.2","15.2","615.0"
"2025-03-29T13:00","10.8","15.0","553.0"
"2025-03-29T14:00","11.1","17.7","468.0"
"2025-03-29T15:00","10.9","19.9","348.0"
"2025-03-29T16:00","10.4","17.3","197.0"
"2025-03-29T17:00","9.5","7.3","90.0"
"2025-03-29T18:00","6.8","3.8","15.0"
"2025-03-29T19:00","6.0","9.0","0.0"
"2025-03-29T20:00","5.7","12.8","0.0"
"2025-03-29T21:00","5.2","11.1","0.0"
"2025-03-29T22:00","4.3","9.1","0.0"
"2025-03-29T23:00","3.8","11.4","0.0"
"2025-03-30T00:00","3.5","11.1","0.0"
"2025-03-30T01:00","3.9","12.2","0.0"
"2025-03-30T02:00","4.4","13.6","0.0"
"2025-03-30T03:00","4.8","15.5","0.0"
"2025-03-30T04:00","5.2","19.7","0.0"
"2025-03-30T05:00","5.1","24.1","0.0"
"2025-03-30T06:00","4.3","27.6","11.0"
"2025-03-30T07:00","4.1","27.1","22.0"
"2025-03-30T08:00","5.2","24.5","62.0"
"2025-03-30T09:00","7.2","24.6","139.0"
"2025-03-30T10:00","9.1","19.2","334.0"
"2025-03-30T11:00","9.9","17.9","374.0"
"2025-03-30T12:00","9.6","16.6","306.0"
"2025-03-30T13:00","10.3","13.3","330.0"
"2025-03-30T14:00","8.1","15.8","173.0"
"2025-03-30T15:00","9.4","11.0","277.0"
"2025-03-30T16:00","8.8","11.3","195.0"
"2025-03-30T17:00","8.1","13.5","102.0"
"2025-03-30T18:00","7.2","13.6","11.0"
"2025-03-30T19:00","6.9","18.1","0.0"
"2025-03-30T20:00","5.9","17.4","0.0"
"2025-03-30T21:00","6.0","16.1","0.0"
"2025-03-30T22:00","6.1","18.4","0.0"
"2025-03-30T23:00","6.2","18.4","0.0"
"2025-03-31T00:00","6.1","18.5","0.0"
"2025-03-31T01:00","6.3","20.5","0.0"
"2025-03-31T02:00","6.1","19.8","0.0"
"2025-03-31T03:00","5.8","18.9","0.0"
"2025-03-31T04:00","5.2","17.2","0.0"
"2025-03-31T05:00","4.6","16.6","1.0"
"2025-03-31T06:00","4.8","18.3","56.0"
"2025-03-31T07:00","5.7","18.7","120.0"
"2025-03-31T08:00","6.6","16.9","186.0"
"2025-03-31T09:00","7.6","17.3","321.0"
"2025-03-31T10:00","8.1","17.5","432.0"
"2025-03-31T11:00","9.1","18.0","559.0"
"2025-03-31T12:00","9.8","19.1","588.0"
"2025-03-31T13:00","9.5","19.2","510.0"
"2025-03-31T14:00","9.1","19.6","465.0"
"2025-03-31T15:00","8.7","17.9","397.0"
"2025-03-31T16:00","8.1","16.4","274.0"
"2025-03-31T17:00","6.9","14.3","129.0"
"2025-03-31T18:00","5.3","11.8","19.0"
"2025-03-31T19:00","4.3","12.0","0.0"
"2025-03-31T20:00","3.8","11.6","0.0"
"2025-03-31T21:00","3.8","12.1","0.0"
"2025-03-31T22:00","3.9","12.6","0.0"
"2025-03-31T23:00","3.8","12.6","0.0"
"2025-04-01T00:00","3.5","11.8","0.0"
"2025-04-01T01:00","3.0","11.4","0.0"
"2025-04-01T02:00","2.7","11.2","0.0"
"2025-04-01T03:00","2.4","10.2","0.0"
"2025-04-01T04:00","2.1","9.0","0.0"
"2025-04-01T05:00","1.6","7.1","1.0"
"2025-04-01T06:00","2.8","8.3","67.0"
"2025-04-01T07:00","5.0","7.5","204.0"
"2025-04-01T08:00","7.5","5.5","349.0"
"2025-04-01T09:00","9.6","5.2","476.0"
"2025-04-01T10:00","11.2","5.5","572.0"
"2025-04-01T11:00","12.4","6.4","627.0"
"2025-04-01T12:00","13.1","6.8","638.0"
"2025-04-01T13:00","13.4","5.8","602.0"
"2025-04-01T14:00","13.4","6.4","524.0"
"2025-04-01T15:00","13.1","8.7","411.0"
"2025-04-01T16:00","12.4","11.4","274.0"
"2025-04-01T17:00","10.6","11.8","131.0"
"2025-04-01T18:00","8.4","12.2","21.0"
"2025-04-01T19:00","7.0","13.3","0.0"
"2025-04-01T20:00","6.2","11.0","0.0"
"2025-04-01T21:00","5.6","9.0","0.0"
"2025-04-01T22:00","4.7","6.6","0.0"
"2025-04-01T23:00","3.9","5.8","0.0"
"2025-04-02T00:00","3.8","4.6","0.0"
"2025-04-02T01:00","2.9","3.2","0.0"
"2025-04-02T02:00","2.8","2.9","0.0"
"2025-04-02T03:00","2.8","2.7","0.0"
"2025-04-02T04:00","2.4","4.0","0.0"
"2025-04-02T05:00","2.2","4.8","2.0"
"2025-04-02T06:00","4.4","5.8","71.0"
"2025-04-02T07:00","6.2","4.4","208.0"
"2025-04-02T08:00","7.9","3.7","352.0"
"2025-04-02T09:00","9.6","3.8","479.0"
"2025-04-02T10:00","10.8","4.2","572.0"
"2025-04-02T11:00","11.7","5.1","629.0"
"2025-04-02T12:00","12.3","5.4","638.0"
"2025-04-02T13:00","12.9","3.9","606.0"
"2025-04-02T14:00","13.3","3.3","528.0"
"2025-04-02T15:00","13.6","1.5","415.0"
"2025-04-02T16:00","13.5","2.7","278.0"
"2025-04-02T17:00","11.8","3.8","135.0"
"2025-04-02T18:00","9.3","4.4","22.0"
"2025-04-02T19:00","8.0","4.5","0.0"
"2025-04-02T20:00","6.7","5.7","0.0"
"2025-04-02T21:00","5.8","5.4","0.0"
"2025-04-02T22:00","5.2","4.4","0.0"
"2025-04-02T23:00","4.7","4.0","0.0"
"2025-04-03T00:00","4.2","3.8","0.0"
"2025-04-03T01:00","3.9","2.0","0.0"
"2025-04-03T02:00","3.8","1.1","0.0"
"2025-04-03T03:00","3.8","0.7","0.0"
"2025-04-03T04:00","3.9","0.8","0.0"
"2025-04-03T05:00","4.2","0.9","3.0"
"2025-04-03T06:00","6.2","2.8","73.0"
"2025-04-03T07:00","8.1","2.7","207.0"
"2025-04-03T08:00","10.4","2.8","348.0"
"2025-04-03T09:00","12.1","3.3","472.0"
"2025-04-03T10:00","13.2","5.0","567.0"
"2025-04-03T11:00","13.9","6.4","622.0"
"2025-04-03T12:00","14.2","7.1","633.0"
"2025-04-03T13:00","14.8","8.5","599.0"
"2025-04-03T14:00","14.8","9.3","524.0"
"2025-04-03T15:00","14.5","8.7","413.0"
"2025-04-03T16:00","14.1","8.1","279.0"
"2025-04-03T17:00","12.9","8.3","137.0"
"2025-04-03T18:00","11.1","9.2","24.0"
"2025-04-03T19:00","9.8","8.6","0.0"
"2025-04-03T20:00","8.7","7.7","0.0"
"2025-04-03T21:00","7.7","6.3","0.0"
"2025-04-03T22:00","6.9","5.8","0.0"
"2025-04-03T23:00","6.3","6.1","0.0"
"2025-04-04T00:00","6.7","8.5","0.0"
"2025-04-04T01:00","6.0","8.3","0.0"
"2025-04-04T02:00","6.2","9.6","0.0"
"2025-04-04T03:00","6.1","10.4","0.0"
"2025-04-04T04:00","6.1","11.0","0.0"
"2025-04-04T05:00","6.1","11.4","3.0"
"2025-04-04T06:00","7.6","12.0","79.0"
"2025-04-04T07:00","9.2","12.2","217.0"
"2025-04-04T08:00","10.4","10.2","365.0"
"2025-04-04T09:00","11.4","11.7","494.0"
"2025-04-04T10:00","12.1","10.2","581.0"
"2025-04-04T11:00","13.1","10.0","633.0"
"2025-04-04T12:00","13.2","12.6","621.0"
"2025-04-04T13:00","12.9","17.1","571.0"
"2025-04-04T14:00","12.6","16.6","446.0"
"2025-04-04T15:00","12.4","17.5","410.0"
"2025-04-04T16:00","11.6","17.2","294.0"
"2025-04-04T17:00","9.9","14.5","145.0"
"2025-04-04T18:00","7.9","15.1","27.0"
"2025-04-04T19:00","6.4","6.5","0.0"
"2025-04-04T20:00","5.2","3.4","0.0"
"2025-04-04T21:00","4.7","6.8","0.0"
"2025-04-04T22:00","5.2","14.3","0.0"
"2025-04-04T23:00","5.0","16.2","0.0"
"2025-04-05T00:00","4.6","14.7","0.0"
"2025-04-05T01:00","4.1","14.1","0.0"
"2025-04-05T02:00","3.5","13.7","0.0"
"2025-04-05T03:00","3.3","14.2","0.0"
"2025-04-05T04:00","3.2","15.7","0.0"
"2025-04-05T05:00","3.0","16.3","4.0"
"2025-04-05T06:00","3.7","17.7","72.0"
"2025-04-05T07:00","4.7","16.3","210.0"
"2025-04-05T08:00","5.7","16.4","366.0"
"2025-04-05T09:00","6.7","15.4","501.0"
"2025-04-05T10:00","7.5","14.6","597.0"
"2025-04-05T11:00","8.2","15.9","634.0"
"2025-04-05T12:00","9.0","14.5","579.0"
"2025-04-05T13:00","9.2","16.0","595.0"
"2025-04-05T14:00","9.0","16.6","513.0"
"2025-04-05T15:00","8.6","17.2","427.0"
"2025-04-05T16:00","7.7","16.4","295.0"
"2025-04-05T17:00","6.6","15.8","153.0"
"2025-04-05T18:00","5.1","16.1","31.0"
"2025-04-05T19:00","4.2","14.4","0.0"
"2025-04-05T20:00","4.0","15.7","0.0"
"2025-04-05T21:00","3.6","13.3","0.0"
"2025-04-05T22:00","2.5","7.6","0.0"
"2025-04-05T23:00","1.6","6.1","0.0"
"2025-04-06T00:00","1.8","8.5","0.0"
"2025-04-06T01:00","0.0","2.3","0.0"
"2025-04-06T02:00","-1.0","4.1","0.0"
"2025-04-06T03:00","-1.4","4.8","0.0"
"2025-04-06T04:00","-1.6","7.3","0.0"
"2025-04-06T05:00","-1.6","8.5","6.0"
"2025-04-06T06:00","0.2","9.5","92.0"
"2025-04-06T07:00","2.6","7.2","235.0"
"2025-04-06T08:00","4.8","7.8","378.0"
"2025-04-06T09:00","6.3","9.8","507.0"
"2025-04-06T10:00","7.7","12.5","603.0"
"2025-04-06T11:00","8.4","15.1","639.0"
"2025-04-06T12:00","8.7","15.7","633.0"
"2025-04-06T13:00","8.5","19.2","635.0"
"2025-04-06T14:00","8.4","20.1","558.0"
"2025-04-06T15:00","8.1","19.3","400.0"
"2025-04-06T16:00","7.8","17.9","292.0"
"2025-04-06T17:00","7.0","13.6","146.0"
"2025-04-06T18:00","5.8","11.7","27.0"
"2025-04-06T19:00","4.6","12.0","0.0"
"2025-04-06T20:00","3.8","11.8","0.0"
"2025-04-06T21:00","3.3","10.3","0.0"
"2025-04-06T22:00","2.8","10.0","0.0"
"2025-04-06T23:00","2.7","10.3","0.0"
"2025-04-07T00:00","2.8","11.1","0.0"
"2025-04-07T01:00","3.2","13.0","0.0"
"2025-04-07T02:00","2.8","13.3","0.0"
"2025-04-07T03:00","2.5","13.6","0.0"
"2025-04-07T04:00","2.2","13.9","0.0"
"2025-04-07T05:00","2.5","14.9","7.0"
"2025-04-07T06:00","3.8","14.5","91.0"
"2025-04-07T07:00","5.6","14.2","219.0"
"2025-04-07T08:00","7.6","15.1","378.0"
"2025-04-07T09:00","9.0","15.3","464.0"
"2025-04-07T10:00","9.6","16.3","490.0"
"2025-04-07T11:00","10.3","15.8","572.0"
"2025-04-07T12:00","11.0","16.0","594.0"
"2025-04-07T13:00","11.6","16.5","612.0"
"2025-04-07T14:00","11.2","17.6","560.0"
"2025-04-07T15:00","10.6","16.6","448.0"
"2025-04-07T16:00","9.8","15.3","307.0"
"2025-04-07T17:00","8.6","13.0","152.0"
"2025-04-07T18:00","7.2","10.2","33.0"
"2025-04-07T19:00","6.3","10.0","0.0"
"2025-04-07T20:00","5.6","6.5","0.0"
"2025-04-07T21:00","4.6","1.5","0.0"
"2025-04-07T22:00","4.3","0.9","0.0"
"2025-04-07T23:00","4.2","5.9","0.0"
"2025-04-08T00:00","4.7","7.2","0.0"
"2025-04-08T01:00","4.0","5.0","0.0"
"2025-04-08T02:00","4.1","2.6","0.0"
"2025-04-08T03:00","4.1","3.1","0.0"
"2025-04-08T04:00","4.7","6.7","0.0"
"2025-04-08T05:00","4.9","8.0","6.0"
"2025-04-08T06:00","5.8","7.6","67.0"
"2025-04-08T07:00","6.8","6.7","182.0"
"2025-04-08T08:00","7.9","7.3","352.0"
"2025-04-08T09:00","8.8","8.4","455.0"
"2025-04-08T10:00","9.5","9.2","528.0"
"2025-04-08T11:00","10.1","9.5","548.0"
"2025-04-08T12:00","10.1","9.8","383.0"
"2025-04-08T13:00","10.5","8.2","361.0"
"2025-04-08T14:00","10.4","7.7","222.0"
"2025-04-08T15:00","10.5","6.6","198.0"
"2025-04-08T16:00","10.4","4.1","108.0"
"2025-04-08T17:00","9.8","1.7","48.0"
"2025-04-08T18:00","8.2","1.2","22.0"
"2025-04-08T19:00","6.4","4.6","0.0"
"2025-04-08T20:00","6.1","5.1","0.0"
"2025-04-08T21:00","5.9","1.1","0.0"
"2025-04-08T22:00","4.4","2.7","0.0"
"2025-04-08T23:00","3.3","3.9","0.0"
"2025-04-09T00:00","3.0","5.4","0.0"
"2025-04-09T01:00","2.2","5.7","0.0"
"2025-04-09T02:00","1.9","6.2","0.0"
"2025-04-09T03:00","2.0","7.0","0.0"
"2025-04-09T04:00","2.2","8.0","0.0"
"2025-04-09T05:00","2.5","8.4","10.0"
"2025-04-09T06:00","4.4","9.6","104.0"
"2025-04-09T07:00","6.8","8.5","245.0"
"2025-04-09T08:00","8.6","10.6","388.0"
"2025-04-09T09:00","9.9","12.1","512.0"
"2025-04-09T10:00","10.9","13.4","603.0"
"2025-04-09T11:00","11.6","14.9","655.0"
"2025-04-09T12:00","11.9","15.8","622.0"
"2025-04-09T13:00","10.9","18.0","542.0"
"2025-04-09T14:00","11.0","18.6","513.0"
"2025-04-09T15:00","10.5","18.9","380.0"
"2025-04-09T16:00","9.9","17.7","284.0"
"2025-04-09T17:00","8.9","15.7","152.0"
"2025-04-09T18:00","7.6","14.7","37.0"
"2025-04-09T19:00","6.8","13.8","0.0"
"2025-04-09T20:00","6.6","12.6","0.0"
"2025-04-09T21:00","5.8","10.9","0.0"
"2025-04-09T22:00","5.2","8.8","0.0"
"2025-04-09T23:00","4.7","8.8","0.0"
"2025-04-10T00:00","4.2","7.4","0.0"
"2025-04-10T01:00","3.0","4.9","0.0"
"2025-04-10T02:00","2.3","5.4","0.0"
"2025-04-10T03:00","2.0","6.8","0.0"
"2025-04-10T04:00","1.2","5.9","0.0"
"2025-04-10T05:00","1.4","6.8","12.0"
"2025-04-10T06:00","2.8","8.1","100.0"
"2025-04-10T07:00","5.0","5.8","245.0"
"2025-04-10T08:00","6.8","6.0","396.0"
"2025-04-10T09:00","8.8","7.5","522.0"
"2025-04-10T10:00","10.5","8.9","616.0"
"2025-04-10T11:00","11.8","11.6","670.0"
"2025-04-10T12:00","12.6","16.6","679.0"
"2025-04-10T13:00","12.8","21.3","640.0"
"2025-04-10T14:00","12.7","23.6","565.0"
"2025-04-10T15:00","13.1","25.0","429.0"
"2025-04-10T16:00","12.0","27.9","298.0"
"2025-04-10T17:00","10.9","25.9","163.0"
"2025-04-10T18:00","9.9","24.9","43.0"
"2025-04-10T19:00","8.6","24.2","0.0"
"2025-04-10T20:00","7.8","27.0","0.0"
"2025-04-10T21:00","7.4","26.6","0.0"
"2025-04-10T22:00","7.4","25.5","0.0"
"2025-04-10T23:00","6.9","25.6","0.0"
"2025-04-11T00:00","6.8","26.9","0.0"
"2025-04-11T01:00","6.8","25.6","0.0"
"2025-04-11T02:00","6.8","25.3","0.0"
"2025-04-11T03:00","6.7","24.9","0.0"
"2025-04-11T04:00","6.7","24.2","0.0"
"2025-04-11T05:00","6.9","24.2","13.0"
"2025-04-11T06:00","8.2","25.7","108.0"
"2025-04-11T07:00","9.1","30.1","157.0"
"2025-04-11T08:00","9.6","27.8","151.0"
"2025-04-11T09:00","10.5","25.2","245.0"
"2025-04-11T10:00","11.3","23.7","308.0"
"2025-04-11T11:00","11.7","22.1","285.0"
"2025-04-11T12:00","12.8","22.0","389.0"
"2025-04-11T13:00","13.4","20.6","428.0"
"2025-04-11T14:00","13.6","19.2","314.0"
"2025-04-11T15:00","13.5","19.7","228.0"
"2025-04-11T16:00","13.5","18.8","164.0"
"2025-04-11T17:00","12.9","17.0","78.0"
"2025-04-11T18:00","11.9","17.1","25.0"
"2025-04-11T19:00","11.1","17.1","0.0"
"2025-04-11T20:00","10.7","17.6","0.0"
"2025-04-11T21:00","9.6","16.7","0.0"
"2025-04-11T22:00","9.0","16.6","0.0"
"2025-04-11T23:00","9.4","16.2","0.0"
"2025-04-12T00:00","9.1","15.5","0.0"
"2025-04-12T01:00","9.6","14.1","0.0"
"2025-04-12T02:00","8.3","13.4","0.0"
"2025-04-12T03:00","7.2","14.1","0.0"
"2025-04-12T04:00","6.7","13.7","0.0"
"2025-04-12T05:00","6.9","14.0","14.0"
"2025-04-12T06:00","8.4","15.9","64.0"
"2025-04-12T07:00","9.2","16.4","111.0"
"2025-04-12T08:00","10.1","15.5","167.0"
"2025-04-12T09:00","11.3","15.7","263.0"
"2025-04-12T10:00","12.5","16.2","365.0"
"2025-04-12T11:00","13.9","15.2","500.0"
"2025-04-12T12:00","15.3","15.6","645.0"
"2025-04-12T13:00","14.1","12.5","529.0"
"2025-04-12T14:00","14.8","10.5","495.0"
"2025-04-12T15:00","14.6","6.5","412.0"
"2025-04-12T16:00","14.6","5.0","309.0"
"2025-04-12T17:00","13.6","5.5","172.0"
"2025-04-12T18:00","11.3","6.2","50.0"
"2025-04-12T19:00","10.0","6.3","0.0"
"2025-04-12T20:00","8.9","6.3","0.0"
"2025-04-12T21:00","8.3","7.7","0.0"
"2025-04-12T22:00","7.6","7.2","0.0"
"2025-04-12T23:00","7.1","8.4","0.0"
"2025-04-13T00:00","6.8","8.7","0.0"
"2025-04-13T01:00","6.0","11.1","0.0"
"2025-04-13T02:00","6.1","13.1","0.0"
"2025-04-13T03:00","6.2","15.0","0.0"
"2025-04-13T04:00","6.2","16.0","0.0"
"2025-04-13T05:00","6.4","16.4","18.0"
"2025-04-13T06:00","7.4","15.3","121.0"
"2025-04-13T07:00","8.6","18.0","262.0"
"2025-04-13T08:00","9.6","18.2","406.0"
"2025-04-13T09:00","10.1","19.8","531.0"
"2025-04-13T10:00","10.5","21.2","629.0"
"2025-04-13T11:00","11.4","20.2","609.0"
"2025-04-13T12:00","11.4","17.0","352.0"
"2025-04-13T13:00","12.7","14.9","281.0"
"2025-04-13T14:00","15.9","12.4","450.0"
"2025-04-13T15:00","15.4","18.3","176.0"
"2025-04-13T16:00","13.8","17.2","44.0"
"2025-04-13T17:00","13.6","17.3","129.0"
"2025-04-13T18:00","12.8","17.6","49.0"
"2025-04-13T19:00","12.1","17.7","0.0"
"2025-04-13T20:00","11.4","19.3","0.0"
"2025-04-13T21:00","10.3","19.1","0.0"
"2025-04-13T22:00","9.2","18.1","0.0"
"2025-04-13T23:00","8.4","16.0","0.0"
"2025-04-14T00:00","7.7","14.8","0.0"
"2025-04-14T01:00","7.0","13.0","0.0"
"2025-04-14T02:00","6.6","11.2","0.0"
"2025-04-14T03:00","6.2","11.4","0.0"
"2025-04-14T04:00","5.7","8.2","0.0"
"2025-04-14T05:00","5.7","7.5","21.0"
"2025-04-14T06:00","7.3","8.7","101.0"
"2025-04-14T07:00","7.6","4.3","56.0"
"2025-04-14T08:00","8.2","8.7","92.0"
"2025-04-14T09:00","8.8","8.7","100.0"
"2025-04-14T10:00","10.1","9.9","171.0"
"2025-04-14T11:00","12.0","11.0","359.0"
"2025-04-14T12:00","12.9","9.4","466.0"
"2025-04-14T13:00","12.6","8.9","309.0"
"2025-04-14T14:00","13.7","9.8","435.0"
"2025-04-14T15:00","13.9","10.1","412.0"
"2025-04-14T16:00","13.5","10.6","292.0"
"2025-04-14T17:00","12.3","8.5","177.0"
"2025-04-14T18:00","10.4","6.2","56.0"
"2025-04-14T19:00","8.9","6.9","1.0"
"2025-04-14T20:00","7.9","6.3","0.0"
"2025-04-14T21:00","7.2","7.5","0.0"
"2025-04-14T22:00","6.7","6.8","0.0"
"2025-04-14T23:00","6.6","7.6","0.0"
"2025-04-15T00:00","6.7","10.1","0.0"
"2025-04-15T01:00","6.1","9.2","0.0"
"2025-04-15T02:00","6.2","10.6","0.0"
"2025-04-15T03:00","6.1","12.1","0.0"
"2025-04-15T04:00","6.1","14.6","0.0"
"2025-04-15T05:00","6.6","15.1","23.0"
"2025-04-15T06:00","7.9","14.0","134.0"
"2025-04-15T07:00","9.6","16.9","281.0"
"2025-04-15T08:00","11.1","20.5","420.0"
"2025-04-15T09:00","12.6","22.2","508.0"
"2025-04-15T10:00","13.3","21.1","432.0"
"2025-04-15T11:00","15.1","22.2","676.0"
"2025-04-15T12:00","15.7","21.7","685.0"
"2025-04-15T13:00","16.1","25.0","642.0"
"2025-04-15T14:00","15.9","23.8","566.0"
"2025-04-15T15:00","15.8","23.1","461.0"
"2025-04-15T16:00","15.2","22.3","325.0"
"2025-04-15T17:00","14.0","22.3","180.0"
"2025-04-15T18:00","12.6","27.0","57.0"
"2025-04-15T19:00","11.8","26.1","1.0"
"2025-04-15T20:00","11.5","23.5","0.0"
"2025-04-15T21:00","11.6","21.9","0.0"
"2025-04-15T22:00","11.1","20.9","0.0"
"2025-04-15T23:00","10.8","20.8","0.0"
"2025-04-16T00:00","10.6","19.7","0.0"
"2025-04-16T01:00","10.6","16.9","0.0"
"2025-04-16T02:00","10.6","15.9","0.0"
"2025-04-16T03:00","10.1","14.5","0.0"
"2025-04-16T04:00","10.1","13.0","0.0"
"2025-04-16T05:00","10.1","12.1","7.0"
"2025-04-16T06:00","10.4","11.9","65.0"
"2025-04-16T07:00","11.6","10.7","214.0"
"2025-04-16T08:00","13.2","10.5","413.0"
"2025-04-16T09:00","14.2","10.7","534.0"
"2025-04-16T10:00","15.2","11.5","600.0"
"2025-04-16T11:00","15.4","12.3","542.0"
"2025-04-16T12:00","15.5","13.9","588.0"
"2025-04-16T13:00","14.9","16.1","583.0"
"2025-04-16T14:00","14.8","13.3","472.0"
"2025-04-16T15:00","14.1","13.0","396.0"
"2025-04-16T16:00","12.9","11.0","289.0"
"2025-04-16T17:00","11.8","9.8","176.0"
"2025-04-16T18:00","10.1","11.3","55.0"
"2025-04-16T19:00","8.9","10.5","1.0"
"2025-04-16T20:00","7.9","9.9","0.0"
"2025-04-16T21:00","7.8","10.8","0.0"
"2025-04-16T22:00","8.0","10.7","0.0"
"2025-04-16T23:00","8.2","12.4","0.0"
"2025-04-17T00:00","8.2","13.2","0.0"
"2025-04-17T01:00","9.2","13.2","0.0"
"2025-04-17T02:00","9.5","14.0","0.0"
"2025-04-17T03:00","9.8","14.0","0.0"
"2025-04-17T04:00","9.6","16.8","0.0"
"2025-04-17T05:00","9.6","19.3","15.0"
"2025-04-17T06:00","10.3","19.8","87.0"
"2025-04-17T07:00","11.4","18.0","250.0"
"2025-04-17T08:00","12.2","17.9","379.0"
"2025-04-17T09:00","13.4","16.8","477.0"
"2025-04-17T10:00","14.6","17.4","601.0"
"2025-04-17T11:00","14.6","15.1","677.0"
"2025-04-17T12:00","15.2","13.7","685.0"
"2025-04-17T13:00","16.6","13.3","662.0"
"2025-04-17T14:00","16.4","11.5","583.0"
"2025-04-17T15:00","15.9","8.8","470.0"
"2025-04-17T16:00","15.3","7.3","338.0"
"2025-04-17T17:00","14.7","4.9","190.0"
"2025-04-17T18:00","13.2","2.8","58.0"
"2025-04-17T19:00","12.3","3.1","2.0"
"2025-04-17T20:00","11.9","6.0","0.0"
"2025-04-17T21:00","11.6","7.2","0.0"
"2025-04-17T22:00","10.8","14.3","0.0"
"2025-04-17T23:00","9.9","15.8","0.0"
"2025-04-18T00:00","9.8","15.7","0.0"
"2025-04-18T01:00","9.2","17.0","0.0"
"2025-04-18T02:00","9.4","15.7","0.0"
"2025-04-18T03:00","9.4","19.9","0.0"
"2025-04-18T04:00","9.0","20.1","0.0"
"2025-04-18T05:00","9.1","21.0","16.0"
"2025-04-18T06:00","9.9","22.1","94.0"
"2025-04-18T07:00","10.3","21.6","168.0"
"2025-04-18T08:00","10.9","21.7","291.0"
"2025-04-18T09:00","10.6","23.1","259.0"
"2025-04-18T10:00","11.3","23.2","379.0"
"2025-04-18T11:00","12.5","23.5","584.0"
"2025-04-18T12:00","12.9","24.7","648.0"
"2025-04-18T13:00","10.4","22.6","220.0"
"2025-04-18T14:00","10.6","21.9","252.0"
"2025-04-18T15:00","10.4","22.2","245.0"
"2025-04-18T16:00","10.1","20.8","162.0"
"2025-04-18T17:00","9.8","20.8","75.0"
"2025-04-18T18:00","9.4","18.1","39.0"
"2025-04-18T19:00","9.2","16.8","1.0"
"2025-04-18T20:00","9.1","17.9","0.0"
"2025-04-18T21:00","9.4","18.6","0.0"
"2025-04-18T22:00","9.5","19.2","0.0"
"2025-04-18T23:00","9.4","19.8","0.0"
"2025-04-19T00:00","9.1","17.3","0.0"
"2025-04-19T01:00","9.4","16.9","0.0"
"2025-04-19T02:00","9.1","14.1","0.0"
"2025-04-19T03:00","8.9","11.5","0.0"
"2025-04-19T04:00","8.6","14.6","0.0"
"2025-04-19T05:00","8.5","14.4","7.0"
"2025-04-19T06:00","8.4","12.5","16.0"
"2025-04-19T07:00","8.6","9.6","41.0"
"2025-04-19T08:00","9.2","7.6","87.0"
"2025-04-19T09:00","9.8","10.7","155.0"
"2025-04-19T10:00","10.1","12.6","205.0"
"2025-04-19T11:00","10.6","9.8","259.0"
"2025-04-19T12:00","10.3","11.0","192.0"
"2025-04-19T13:00","9.4","13.1","133.0"
"2025-04-19T14:00","9.4","13.6","167.0"
"2025-04-19T15:00","9.6","13.9","151.0"
"2025-04-19T16:00","9.4","13.7","60.0"
"2025-04-19T17:00","8.9","13.9","29.0"
"2025-04-19T18:00","8.9","12.8","15.0"
"2025-04-19T19:00","8.7","13.4","1.0"
"2025-04-19T20:00","8.6","13.9","0.0"
"2025-04-19T21:00","8.4","14.2","0.0"
"2025-04-19T22:00","8.1","13.7","0.0"
"2025-04-19T23:00","8.0","13.5","0.0"
"2025-04-20T00:00","7.9","13.6","0.0"
"2025-04-20T01:00","7.8","13.5","0.0"
"2025-04-20T02:00","7.6","12.6","0.0"
"2025-04-20T03:00","7.6","12.4","0.0"
"2025-04-20T04:00","7.7","13.0","0.0"
"2025-04-20T05:00","7.7","12.8","6.0"
"2025-04-20T06:00","7.8","12.5","26.0"
"2025-04-20T07:00","7.9","10.5","49.0"
"2025-04-20T08:00","8.2","10.8","90.0"
"2025-04-20T09:00","8.4","9.2","105.0"
"2025-04-20T10:00","9.1","7.6","183.0"
"2025-04-20T11:00","9.3","9.6","176.0"
"2025-04-20T12:00","9.6","9.0","181.0"
"2025-04-20T13:00","9.4","6.5","114.0"
"2025-04-20T14:00","9.2","5.3","88.0"
"2025-04-20T15:00","9.4","4.3","91.0"
"2025-04-20T16:00","9.4","3.6","69.0"
"2025-04-20T17:00","8.9","4.6","35.0"
"2025-04-20T18:00","8.6","5.3","14.0"
"2025-04-20T19:00","8.1","5.4","1.0"
"2025-04-20T20:00","7.9","5.5","0.0"
"2025-04-20T21:00","7.9","4.5","0.0"
"2025-04-20T22:00","7.9","4.0","0.0"
"2025-04-20T23:00","7.9","4.3","0.0"
"2025-04-21T00:00","8.0","4.5","0.0"
"2025-04-21T01:00","7.9","4.2","0.0"
"2025-04-21T02:00","7.8","1.9","0.0"
"2025-04-21T03:00","7.8","2.8","0.0"
"2025-04-21T04:00","8.1","3.5","0.0"
"2025-04-21T05:00","8.4","5.4","18.0"
"2025-04-21T06:00","8.9","0.4","77.0"
"2025-04-21T07:00","9.8","2.3","165.0"
"2025-04-21T08:00","10.6","3.6","253.0"
"2025-04-21T09:00","11.1","6.1","320.0"
"2025-04-21T10:00","11.4","8.3","411.0"
"2025-04-21T11:00","11.6","10.7","449.0"
"2025-04-21T12:00","11.1","12.4","327.0"
"2025-04-21T13:00","11.1","10.3","417.0"
"2025-04-21T14:00","11.2","6.7","314.0"
"2025-04-21T15:00","11.6","7.7","285.0"
"2025-04-21T16:00","11.2","6.1","155.0"
"2025-04-21T17:00","10.9","8.4","142.0"
"2025-04-21T18:00","9.6","9.2","56.0"
"2025-04-21T19:00","8.8","7.6","3.0"
"2025-04-21T20:00","7.4","5.5","0.0"
"2025-04-21T21:00","6.7","5.1","0.0"
"2025-04-21T22:00","6.1","4.6","0.0"
"2025-04-21T23:00","6.2","5.1","0.0"
"2025-04-22T00:00","6.2","5.8","0.0"
"2025-04-22T01:00","7.0","6.6","0.0"
"2025-04-22T02:00","6.9","3.5","0.0"
"2025-04-22T03:00","6.6","8.7","0.0"
"2025-04-22T04:00","6.3","7.8","0.0"
"2025-04-22T05:00","6.3","5.7","11.0"
"2025-04-22T06:00","6.8","7.6","50.0"
"2025-04-22T07:00","8.6","6.3","297.0"
"2025-04-22T08:00","10.6","7.2","418.0"
"2025-04-22T09:00","12.2","8.8","452.0"
"2025-04-22T10:00","12.9","8.9","370.0"
"2025-04-22T11:00","14.1","11.1","509.0"
"2025-04-22T12:00","14.2","13.6","493.0"
"2025-04-22T13:00","12.4","8.6","129.0"
"2025-04-22T14:00","13.4","10.8","305.0"
"2025-04-22T15:00","13.8","10.5","320.0"
"2025-04-22T16:00","13.3","9.2","181.0"
"2025-04-22T17:00","12.9","8.8","127.0"
"2025-04-22T18:00","12.1","6.3","49.0"
"2025-04-22T19:00","11.1","7.5","4.0"
"2025-04-22T20:00","10.2","7.8","0.0"
"2025-04-22T21:00","9.6","7.2","0.0"
"2025-04-22T22:00","9.2","7.5","0.0"
"2025-04-22T23:00","8.6","8.4","0.0"
"2025-04-23T00:00","7.9","8.3","0.0"
"2025-04-23T01:00","7.2","9.2","0.0"
"2025-04-23T02:00","6.7","8.3","0.0"
"2025-04-23T03:00","6.1","7.4","0.0"
"2025-04-23T04:00","5.5","6.0","0.0"
"2025-04-23T05:00","6.2","7.4","48.0"
"2025-04-23T06:00","7.8","6.9","168.0"
"2025-04-23T07:00","9.6","6.7","296.0"
"2025-04-23T08:00","10.7","5.4","379.0"
"2025-04-23T09:00","11.6","3.9","442.0"
"2025-04-23T10:00","12.4","2.3","530.0"
"2025-04-23T11:00","12.7","2.7","498.0"
"2025-04-23T12:00","12.8","4.7","524.0"
"2025-04-23T13:00","13.2","5.9","507.0"
"2025-04-23T14:00","12.9","6.5","355.0"
"2025-04-23T15:00","12.7","8.3","292.0"
"2025-04-23T16:00","11.8","11.7","229.0"
"2025-04-23T17:00","10.8","11.5","154.0"
"2025-04-23T18:00","9.9","8.4","69.0"
"2025-04-23T19:00","8.4","7.9","6.0"
"2025-04-23T20:00","7.8","8.7","0.0"
"2025-04-23T21:00","7.1","8.6","0.0"
"2025-04-23T22:00","6.6","7.3","0.0"
"2025-04-23T23:00","6.3","8.4","0.0"
"2025-04-24T00:00","6.2","9.3","0.0"
"2025-04-24T01:00","6.0","9.3","0.0"
"2025-04-24T02:00","5.8","8.7","0.0"
"2025-04-24T03:00","5.9","10.2","0.0"
"2025-04-24T04:00","6.1","11.2","1.0"
"2025-04-24T05:00","6.9","11.4","47.0"
"2025-04-24T06:00","8.6","12.3","154.0"
"2025-04-24T07:00","10.1","10.3","295.0"
"2025-04-24T08:00","11.8","10.3","422.0"
"2025-04-24T09:00","12.6","8.1","511.0"
"2025-04-24T10:00","12.9","7.1","527.0"
"2025-04-24T11:00","13.1","6.5","628.0"
"2025-04-24T12:00","13.3","5.9","606.0"
"2025-04-24T13:00","13.1","8.1","513.0"
"2025-04-24T14:00","11.8","10.2","460.0"
"2025-04-24T15:00","11.1","11.4","382.0"
"2025-04-24T16:00","9.9","12.4","195.0"
"2025-04-24T17:00","9.4","11.9","134.0"
"2025-04-24T18:00","8.8","10.9","52.0"
"2025-04-24T19:00","8.2","9.1","5.0"
"2025-04-24T20:00","7.7","9.4","0.0"
"2025-04-24T21:00","7.2","8.5","0.0"
"2025-04-24T22:00","7.6","7.1","0.0"
"2025-04-24T23:00","7.7","7.1","0.0"
"2025-04-25T00:00","7.4","5.7","0.0"
"2025-04-25T01:00","6.8","6.0","0.0"
"2025-04-25T02:00","6.0","5.3","0.0"
"2025-04-25T03:00","5.4","5.3","0.0"
"2025-04-25T04:00","5.5","5.0","1.0"
"2025-04-25T05:00","6.2","6.5","44.0"
"2025-04-25T06:00","7.1","5.6","148.0"
"2025-04-25T07:00","8.1","4.3","313.0"
"2025-04-25T08:00","9.4","4.2","459.0"
"2025-04-25T09:00","10.4","6.0","586.0"
"2025-04-25T10:00","10.8","8.3","575.0"
"2025-04-25T11:00","10.9","9.4","514.0"
"2025-04-25T12:00","10.6","10.8","418.0"
"2025-04-25T13:00","10.1","9.7","381.0"
"2025-04-25T14:00","10.8","9.0","457.0"
"2025-04-25T15:00","10.8","9.1","370.0"
"2025-04-25T16:00","9.8","9.2","170.0"
"2025-04-25T17:00","9.1","9.7","131.0"
"2025-04-25T18:00","8.1","9.9","63.0"
"2025-04-25T19:00","7.2","10.0","6.0"
"2025-04-25T20:00","6.7","9.5","0.0"
"2025-04-25T21:00","6.4","9.1","0.0"
"2025-04-25T22:00","6.1","8.2","0.0"
"2025-04-25T23:00","5.8","7.9","0.0"
"2025-04-26T00:00","5.7","7.4","0.0"
"2025-04-26T01:00","6.0","7.7","0.0"
"2025-04-26T02:00","6.1","7.9","0.0"
"2025-04-26T03:00","5.6","7.8","0.0"
"2025-04-26T04:00","5.4","9.0","1.0"
"2025-04-26T05:00","6.6","10.0","44.0"
"2025-04-26T06:00","7.3","9.4","106.0"
"2025-04-26T07:00","7.9","8.7","146.0"
"2025-04-26T08:00","8.8","8.7","231.0"
"2025-04-26T09:00","9.1","7.6","221.0"
"2025-04-26T10:00","9.7","7.1","286.0"
"2025-04-26T11:00","10.2","7.6","330.0"
"2025-04-26T12:00","10.2","11.4","383.0"
"2025-04-26T13:00","10.8","12.5","454.0"
"2025-04-26T14:00","10.6","12.6","449.0"
"2025-04-26T15:00","10.4","11.9","379.0"
"2025-04-26T16:00","10.2","10.9","304.0"
"2025-04-26T17:00","9.7","10.2","183.0"
"2025-04-26T18:00","8.8","9.3","83.0"
"2025-04-26T19:00","7.7","9.0","9.0"
"2025-04-26T20:00","7.1","9.7","0.0"
"2025-04-26T21:00","6.6","10.1","0.0"
"2025-04-26T22:00","6.3","9.7","0.0"
"2025-04-26T23:00","5.8","8.5","0.0"
"2025-04-27T00:00","4.9","6.5","0.0"
"2025-04-27T01:00","4.9","8.4","0.0"
"2025-04-27T02:00","5.1","9.5","0.0"
"2025-04-27T03:00","5.0","9.1","0.0"
"2025-04-27T04:00","5.0","9.1","2.0"
"2025-04-27T05:00","6.1","11.1","68.0"
"2025-04-27T06:00","7.5","11.1","203.0"
"2025-04-27T07:00","8.5","11.3","356.0"
"2025-04-27T08:00","9.2","11.1","501.0"
"2025-04-27T09:00","9.8","12.5","624.0"
"2025-04-27T10:00","10.3","14.1","713.0"
"2025-04-27T11:00","10.6","15.9","765.0"
"2025-04-27T12:00","11.2","15.3","769.0"
"2025-04-27T13:00","11.9","16.5","730.0"
"2025-04-27T14:00","12.0","16.5","649.0"
"2025-04-27T15:00","12.0","15.0","531.0"
"2025-04-27T16:00","11.7","13.6","394.0"
"2025-04-27T17:00","10.9","11.5","246.0"
"2025-04-27T18:00","9.6","12.2","104.0"
"2025-04-27T19:00","8.6","11.7","11.0"
"2025-04-27T20:00","7.8","10.1","0.0"
"2025-04-27T21:00","7.2","10.3","0.0"
"2025-04-27T22:00","7.1","11.6","0.0"
"2025-04-27T23:00","6.6","8.3","0.0"
"2025-04-28T00:00","5.9","7.7","0.0"
"2025-04-28T01:00","3.9","6.0","0.0"
"2025-04-28T02:00","3.5","4.7","0.0"
"2025-04-28T03:00","3.2","5.1","0.0"
"2025-04-28T04:00","3.0","5.4","3.0"
"2025-04-28T05:00","5.3","5.9","70.0"
"2025-04-28T06:00","7.7","5.3","198.0"
"2025-04-28T07:00","10.2","4.8","325.0"
"2025-04-28T08:00","12.9","6.2","494.0"
"2025-04-28T09:00","14.4","7.9","614.0"
"2025-04-28T10:00","15.3","9.6","691.0"
"2025-04-28T11:00","15.9","11.5","719.0"
"2025-04-28T12:00","16.3","13.8","699.0"
"2025-04-28T13:00","17.1","16.0","701.0"
"2025-04-28T14:00","16.9","17.3","596.0"
"2025-04-28T15:00","16.5","17.3","503.0"
"2025-04-28T16:00","15.9","14.3","292.0"
"2025-04-28T17:00","15.5","13.9","212.0"
"2025-04-28T18:00","14.4","14.7","99.0"
"2025-04-28T19:00","13.4","15.9","11.0"
"2025-04-28T20:00","12.5","17.1","0.0"
"2025-04-28T21:00","11.6","17.6","0.0"
"2025-04-28T22:00","11.0","17.4","0.0"
"2025-04-28T23:00","10.6","18.0","0.0"
"2025-04-29T00:00","10.2","18.2","0.0"
"2025-04-29T01:00","10.4","17.8","0.0"
"2025-04-29T02:00","10.0","17.4","0.0"
"2025-04-29T03:00","9.8","17.8","0.0"
"2025-04-29T04:00","9.6","18.3","3.0"
"2025-04-29T05:00","10.3","19.2","65.0"
"2025-04-29T06:00","11.4","18.6","187.0"
"2025-04-29T07:00","12.4","21.5","325.0"
"2025-04-29T08:00","13.1","21.7","481.0"
"2025-04-29T09:00","13.8","20.5","605.0"
"2025-04-29T10:00","14.3","19.5","693.0"
"2025-04-29T11:00","14.9","18.0","743.0"
"2025-04-29T12:00","15.4","17.5","749.0"
"2025-04-29T13:00","15.9","16.9","713.0"
"2025-04-29T14:00","15.9","16.9","623.0"
"2025-04-29T15:00","15.9","16.4","496.0"
"2025-04-29T16:00","15.6","15.8","346.0"
"2025-04-29T17:00","15.1","14.4","220.0"
"2025-04-29T18:00","13.9","13.2","105.0"
"2025-04-29T19:00","12.6","12.7","13.0"
"2025-04-29T20:00","11.6","12.2","0.0"
"2025-04-29T21:00","11.1","12.3","0.0"
"2025-04-29T22:00","10.6","12.1","0.0"
"2025-04-29T23:00","10.3","12.8","0.0"
"2025-04-30T00:00","9.9","14.0","0.0"
"2025-04-30T01:00","9.6","14.7","0.0"
"2025-04-30T02:00","9.5","15.8","0.0"
"2025-04-30T03:00","9.4","16.1","0.0"
"2025-04-30T04:00","9.4","16.4","4.0"
"2025-04-30T05:00","10.2","16.4","72.0"
"2025-04-30T06:00","11.6","14.9","199.0"
"2025-04-30T07:00","13.1","15.0","343.0"
"2025-04-30T08:00","14.6","15.8","484.0"
"2025-04-30T09:00","15.9","17.1","597.0"
"2025-04-30T10:00","16.8","19.6","688.0"
"2025-04-30T11:00","17.4","20.4","729.0"
"2025-04-30T12:00","17.6","19.3","692.0"
"2025-04-30T13:00","17.8","20.0","671.0"
"2025-04-30T14:00","17.5","18.8","566.0"
"2025-04-30T15:00","17.6","17.9","488.0"
"2025-04-30T16:00","17.5","17.1","337.0"
"2025-04-30T17:00","17.0","13.8","210.0"
"2025-04-30T18:00","16.0","9.8","94.0"
"2025-04-30T19:00","14.7","7.8","13.0"
"2025-04-30T20:00","13.1","6.6","0.0"
"2025-04-30T21:00","12.0","5.8","0.0"
"2025-04-30T22:00","11.2","4.3","0.0"
"2025-04-30T23:00","10.1","3.2","0.0"
"2025-05-01T00:00","9.2","2.1","0.0"
"2025-05-01T01:00","8.1","2.6","0.0"
"2025-05-01T02:00","8.0","2.1","0.0"
"2025-05-01T03:00","8.1","1.0","0.0"
"2025-05-01T04:00","7.7","3.2","5.0"
"2025-05-01T05:00","9.4","6.1","78.0"
"2025-05-01T06:00","11.2","6.6","208.0"
"2025-05-01T07:00","12.6","8.1","353.0"
"2025-05-01T08:00","14.1","9.4","481.0"
"2025-05-01T09:00","15.8","10.1","579.0"
"2025-05-01T10:00","17.2","10.6","684.0"
"2025-05-01T11:00","18.1","10.7","730.0"
"2025-05-01T12:00","18.7","10.2","737.0"
"2025-05-01T13:00","19.1","9.4","697.0"
"2025-05-01T14:00","19.2","9.4","641.0"
"2025-05-01T15:00","19.0","10.0","524.0"
"2025-05-01T16:00","18.6","9.6","396.0"
"2025-05-01T17:00","17.9","9.0","241.0"
"2025-05-01T18:00","16.6","8.6","107.0"
"2025-05-01T19:00","14.8","9.5","16.0"
"2025-05-01T20:00","14.2","11.2","0.0"
"2025-05-01T21:00","13.9","13.4","0.0"
"2025-05-01T22:00","13.8","15.5","0.0"
"2025-05-01T23:00","14.1","15.3","0.0"
"2025-05-02T00:00","14.6","16.5","0.0"
"2025-05-02T01:00","14.4","15.3","0.0"
"2025-05-02T02:00","13.9","15.1","0.0"
"2025-05-02T03:00","12.7","13.6","0.0"
"2025-05-02T04:00","11.9","12.5","6.0"
"2025-05-02T05:00","12.6","12.3","78.0"
"2025-05-02T06:00","14.1","12.1","207.0"
"2025-05-02T07:00","15.8","12.1","323.0"
"2025-05-02T08:00","16.6","18.1","433.0"
"2025-05-02T09:00","15.8","18.7","428.0"
"2025-05-02T10:00","14.8","16.1","400.0"
"2025-05-02T11:00","14.9","18.7","538.0"
"2025-05-02T12:00","15.0","16.5","551.0"
"2025-05-02T13:00","15.4","16.5","624.0"
"2025-05-02T14:00","15.4","19.0","602.0"
"2025-05-02T15:00","14.9","20.0","475.0"
"2025-05-02T16:00","14.3","20.0","363.0"
"2025-05-02T17:00","13.7","18.8","258.0"
"2025-05-02T18:00","12.6","15.8","120.0"
"2025-05-02T19:00","11.1","15.4","19.0"
"2025-05-02T20:00","10.1","15.5","0.0"
"2025-05-02T21:00","9.4","16.2","0.0"
"2025-05-02T22:00","9.1","17.3","0.0"
"2025-05-02T23:00","8.6","17.6","0.0"
"2025-05-03T00:00","8.1","17.7","0.0"
"2025-05-03T01:00","7.7","17.2","0.0"
"2025-05-03T02:00","7.2","15.5","0.0"
"2025-05-03T03:00","7.1","15.7","0.0"
"2025-05-03T04:00","7.7","16.4","5.0"
"2025-05-03T05:00","8.5","17.8","60.0"
"2025-05-03T06:00","9.5","18.0","156.0"
"2025-05-03T07:00","10.2","20.1","274.0"
"2025-05-03T08:00","10.8","19.9","358.0"
"2025-05-03T09:00","11.5","21.3","406.0"
"2025-05-03T10:00","12.4","21.5","481.0"
"2025-05-03T11:00","13.4","19.3","584.0"
"2025-05-03T12:00","13.1","19.8","409.0"
"2025-05-03T13:00","13.2","18.5","428.0"
"2025-05-03T14:00","11.6","18.3","155.0"
"2025-05-03T15:00","11.1","17.0","120.0"
"2025-05-03T16:00","10.4","15.4","101.0"
"2025-05-03T17:00","9.9","13.0","54.0"
"2025-05-03T18:00","9.4","12.5","23.0"
"2025-05-03T19:00","8.9","11.5","4.0"
"2025-05-03T20:00","8.6","13.1","0.0"
"2025-05-03T21:00","8.1","17.5","0.0"
"2025-05-03T22:00","7.5","15.4","0.0"
"2025-05-03T23:00","7.3","13.0","0.0"
"2025-05-04T00:00","6.4","13.5","0.0"
"2025-05-04T01:00","5.8","13.7","0.0"
"2025-05-04T02:00","5.4","13.0","0.0"
"2025-05-04T03:00","5.3","13.6","0.0"
"2025-05-04T04:00","5.3","14.5","8.0"
"2025-05-04T05:00","6.1","15.8","69.0"
"2025-05-04T06:00","7.8","15.5","163.0"
"2025-05-04T07:00","9.4","18.2","332.0"
"2025-05-04T08:00","9.7","18.4","389.0"
"2025-05-04T09:00","10.1","22.4","522.0"
"2025-05-04T10:00","11.1","21.6","596.0"
"2025-05-04T11:00","11.2","19.3","545.0"
"2025-05-04T12:00","11.6","20.4","672.0"
"2025-05-04T13:00","11.1","21.8","707.0"
"2025-05-04T14:00","10.9","22.3","617.0"
"2025-05-04T15:00","10.6","20.9","515.0"
"2025-05-04T16:00","10.3","19.5","391.0"
"2025-05-04T17:00","9.7","17.3","248.0"
"2025-05-04T18:00","8.7","13.9","123.0"
"2025-05-04T19:00","7.9","15.8","20.0"
"2025-05-04T20:00","6.7","10.6","0.0"
"2025-05-04T21:00","6.2","7.5","0.0"
"2025-05-04T22:00","5.6","12.3","0.0"
"2025-05-04T23:00","5.0","4.6","0.0"
"2025-05-05T00:00","5.4","5.3","0.0"
"2025-05-05T01:00","4.3","7.2","0.0"
"2025-05-05T02:00","3.8","7.4","0.0"
"2025-05-05T03:00","3.5","7.3","0.0"
"2025-05-05T04:00","3.0","6.6","10.0"
"2025-05-05T05:00","4.0","8.9","98.0"
"2025-05-05T06:00","5.6","6.7","238.0"
"2025-05-05T07:00","7.1","3.2","391.0"
"2025-05-05T08:00","8.4","1.9","536.0"
"2025-05-05T09:00","9.4","1.5","658.0"
"2025-05-05T10:00","10.3","2.0","748.0"
"2025-05-05T11:00","11.4","4.1","794.0"
"2025-05-05T12:00","12.1","7.6","781.0"
"2025-05-05T13:00","12.1","10.2","746.0"
"2025-05-05T14:00","12.1","12.6","672.0"
"2025-05-05T15:00","11.9","14.8","547.0"
"2025-05-05T16:00","11.4","12.5","423.0"
"2025-05-05T17:00","10.8","11.0","276.0"
"2025-05-05T18:00","9.6","14.4","127.0"
"2025-05-05T19:00","8.2","14.7","24.0"
"2025-05-05T20:00","7.4","18.5","0.0"
"2025-05-05T21:00","7.6","18.8","0.0"
"2025-05-05T22:00","7.2","17.4","0.0"
"2025-05-05T23:00","6.8","15.7","0.0"
"2025-05-06T00:00","6.3","15.2","0.0"
"2025-05-06T01:00","6.2","17.0","0.0"
"2025-05-06T02:00","7.1","16.9","0.0"
"2025-05-06T03:00","7.8","17.1","0.0"
"2025-05-06T04:00","8.2","14.6","5.0"
"2025-05-06T05:00","8.9","15.6","78.0"
"2025-05-06T06:00","10.0","15.6","225.0"
"2025-05-06T07:00","11.4","17.1","375.0"
"2025-05-06T08:00","12.4","16.6","441.0"
"2025-05-06T09:00","13.1","15.5","620.0"
"2025-05-06T10:00","13.9","16.1","727.0"
"2025-05-06T11:00","14.1","18.0","789.0"
"2025-05-06T12:00","13.8","18.9","806.0"
"2025-05-06T13:00","13.4","19.9","771.0"
"2025-05-06T14:00","13.2","19.3","691.0"
"2025-05-06T15:00","12.9","18.0","577.0"
"2025-05-06T16:00","12.5","18.5","432.0"
"2025-05-06T17:00","11.7","18.0","280.0"
"2025-05-06T18:00","10.7","14.2","119.0"
"2025-05-06T19:00","9.9","15.4","22.0"
"2025-05-06T20:00","9.2","15.1","0.0"
"2025-05-06T21:00","8.9","14.0","0.0"
"2025-05-06T22:00","8.6","11.9","0.0"
"2025-05-06T23:00","8.2","16.9","0.0"
"2025-05-07T00:00","8.2","16.0","0.0"
"2025-05-07T01:00","7.5","13.5","0.0"
"2025-05-07T02:00","7.2","10.9","0.0"
"2025-05-07T03:00","6.8","8.0","0.0"
"2025-05-07T04:00","6.4","5.7","12.0"
"2025-05-07T05:00","8.1","6.7","102.0"
"2025-05-07T06:00","9.2","7.7","239.0"
"2025-05-07T07:00","10.1","8.1","387.0"
"2025-05-07T08:00","10.8","8.3","525.0"
"2025-05-07T09:00","11.6","8.5","649.0"
"2025-05-07T10:00","12.2","8.8","738.0"
"2025-05-07T11:00","12.9","8.3","782.0"
"2025-05-07T12:00","13.6","8.5","807.0"
"2025-05-07T13:00","14.0","9.2","669.0"
"2025-05-07T14:00","14.1","9.8","554.0"
"2025-05-07T15:00","14.1","8.1","442.0"
"2025-05-07T16:00","13.8","5.4","343.0"
"2025-05-07T17:00","13.4","2.3","234.0"
"2025-05-07T18:00","12.6","0.4","135.0"
"2025-05-07T19:00","10.6","2.3","28.0"
"2025-05-07T20:00","9.1","5.2","0.0"
"2025-05-07T21:00","8.6","6.2","0.0"
"2025-05-07T22:00","8.1","6.8","0.0"
"2025-05-07T23:00","7.4","6.6","0.0"
"2025-05-08T00:00","6.4","5.7","0.0"
"2025-05-08T01:00","5.6","8.2","0.0"
"2025-05-08T02:00","5.8","9.8","0.0"
"2025-05-08T03:00","5.6","9.3","0.0"
"2025-05-08T04:00","5.7","8.9","13.0"
"2025-05-08T05:00","7.1","9.2","95.0"
"2025-05-08T06:00","8.9","6.8","186.0"
"2025-05-08T07:00","10.3","6.9","301.0"
"2025-05-08T08:00","11.8","6.5","545.0"
"2025-05-08T09:00","12.5","6.4","650.0"
"2025-05-08T10:00","13.1","5.8","681.0"
"2025-05-08T11:00","13.8","4.3","696.0"
"2025-05-08T12:00","14.4","5.4","691.0"
"2025-05-08T13:00","14.2","11.2","654.0"
"2025-05-08T14:00","13.7","11.3","467.0"
"2025-05-08T15:00","12.7","11.3","339.0"
"2025-05-08T16:00","12.7","9.6","309.0"
"2025-05-08T17:00","12.8","8.1","261.0"
"2025-05-08T18:00","12.1","4.2","135.0"
"2025-05-08T19:00","10.4","1.2","30.0"
"2025-05-08T20:00","9.1","1.7","0.0"
"2025-05-08T21:00","8.2","2.7","0.0"
"2025-05-08T22:00","7.6","2.6","0.0"
"2025-05-08T23:00","6.8","4.9","0.0"
"2025-05-09T00:00","6.4","5.9","0.0"
"2025-05-09T01:00","6.3","9.6","0.0"
"2025-05-09T02:00","6.0","8.8","0.0"
"2025-05-09T03:00","5.5","7.2","0.0"
"2025-05-09T04:00","6.1","9.2","15.0"
"2025-05-09T05:00","7.8","10.8","104.0"
"2025-05-09T06:00","10.1","10.0","237.0"
"2025-05-09T07:00","11.9","11.1","377.0"
"2025-05-09T08:00","13.6","13.5","525.0"
"2025-05-09T09:00","14.9","15.7","629.0"
"2025-05-09T10:00","15.6","19.0","720.0"
"2025-05-09T11:00","16.0","20.2","773.0"
"2025-05-09T12:00","15.8","20.4","788.0"
"2025-05-09T13:00","15.4","21.6","669.0"
"2025-05-09T14:00","15.4","22.8","438.0"
"2025-05-09T15:00","14.2","20.2","239.0"
"2025-05-09T16:00","13.8","18.6","179.0"
"2025-05-09T17:00","13.6","20.5","103.0"
"2025-05-09T18:00","13.3","17.2","74.0"
"2025-05-09T19:00","13.0","11.9","15.0"
"2025-05-09T20:00","12.7","10.6","0.0"
"2025-05-09T21:00","11.6","9.7","0.0"
"2025-05-09T22:00","10.9","9.4","0.0"
"2025-05-09T23:00","10.9","9.1","0.0"
"2025-05-10T00:00","10.7","9.9","0.0"
"2025-05-10T01:00","9.9","10.5","0.0"
"2025-05-10T02:00","9.8","9.7","0.0"
"2025-05-10T03:00","9.6","8.7","0.0"
"2025-05-10T04:00","8.9","7.6","14.0"
"2025-05-10T05:00","9.8","7.2","100.0"
"2025-05-10T06:00","10.9","6.0","192.0"
"2025-05-10T07:00","11.8","3.4","193.0"
"2025-05-10T08:00","12.4","1.9","217.0"
"2025-05-10T09:00","13.0","4.9","297.0"
"2025-05-10T10:00","13.1","8.5","310.0"
"2025-05-10T11:00","12.1","15.0","268.0"
"2025-05-10T12:00","12.1","15.0","292.0"
"2025-05-10T13:00","10.2","16.2","216.0"
"2025-05-10T14:00","10.1","16.8","231.0"
"2025-05-10T15:00","10.1","16.4","280.0"
"2025-05-10T16:00","9.8","15.2","187.0"
"2025-05-10T17:00","9.4","14.3","93.0"
"2025-05-10T18:00","9.1","13.6","45.0"
"2025-05-10T19:00","8.5","13.8","28.0"
"2025-05-10T20:00","8.0","13.6","0.0"
"2025-05-10T21:00","7.8","12.9","0.0"
"2025-05-10T22:00","7.7","12.6","0.0"
"2025-05-10T23:00","7.6","14.0","0.0"
"2025-05-11T00:00","7.5","14.0","0.0"
"2025-05-11T01:00","7.2","13.2","0.0"
"2025-05-11T02:00","6.9","12.7","0.0"
"2025-05-11T03:00","6.8","12.2","0.0"
"2025-05-11T04:00","7.1","11.9","18.0"
"2025-05-11T05:00","8.1","12.4","112.0"
"2025-05-11T06:00","8.8","14.3","239.0"
"2025-05-11T07:00","9.4","14.4","364.0"
"2025-05-11T08:00","9.9","15.2","462.0"
"2025-05-11T09:00","10.2","15.4","555.0"
"2025-05-11T10:00","10.9","15.2","701.0"
"2025-05-11T11:00","11.4","14.0","749.0"
"2025-05-11T12:00","11.5","14.1","789.0"
"2025-05-11T13:00","10.8","14.5","746.0"
"2025-05-11T14:00","10.8","14.1","693.0"
"2025-05-11T15:00","10.6","13.4","587.0"
"2025-05-11T16:00","10.3","12.7","445.0"
"2025-05-11T17:00","9.9","11.6","291.0"
"2025-05-11T18:00","9.2","10.7","146.0"
"2025-05-11T19:00","8.3","7.7","36.0"
"2025-05-11T20:00","7.4","5.5","0.0"
"2025-05-11T21:00","6.7","5.0","0.0"
"2025-05-11T22:00","6.6","5.5","0.0"
"2025-05-11T23:00","6.5","5.5","0.0"
"2025-05-12T00:00","5.9","5.3","0.0"
"2025-05-12T01:00","5.3","6.0","0.0"
"2025-05-12T02:00","5.3","6.1","0.0"
"2025-05-12T03:00","5.4","6.5","0.0"
"2025-05-12T04:00","6.2","7.7","19.0"
"2025-05-12T05:00","7.4","9.8","116.0"
"2025-05-12T06:00","8.3","9.9","256.0"
"2025-05-12T07:00","8.9","8.7","285.0"
"2025-05-12T08:00","9.5","8.6","352.0"
"2025-05-12T09:00","9.9","9.6","416.0"
"2025-05-12T10:00","10.1","9.1","400.0"
"2025-05-12T11:00","10.4","8.8","428.0"
"2025-05-12T12:00","10.8","9.2","477.0"
"2025-05-12T13:00","11.7","7.8","601.0"
"2025-05-12T14:00","12.2","7.6","623.0"
"2025-05-12T15:00","12.4","6.8","575.0"
"2025-05-12T16:00","12.1","7.9","415.0"
"2025-05-12T17:00","11.6","8.8","243.0"
"2025-05-12T18:00","10.9","7.1","137.0"
"2025-05-12T19:00","9.4","4.5","37.0"
"2025-05-12T20:00","8.4","4.1","0.0"
"2025-05-12T21:00","7.8","4.7","0.0"
"2025-05-12T22:00","7.2","4.9","0.0"
"2025-05-12T23:00","7.6","6.4","0.0"
"2025-05-13T00:00","7.6","7.9","0.0"
"2025-05-13T01:00","6.3","7.4","0.0"
"2025-05-13T02:00","6.6","8.2","0.0"
"2025-05-13T03:00","6.6","9.8","0.0"
"2025-05-13T04:00","7.2","11.5","18.0"
"2025-05-13T05:00","8.9","12.6","114.0"
"2025-05-13T06:00","11.1","11.5","254.0"
"2025-05-13T07:00","13.2","13.2","399.0"
"2025-05-13T08:00","15.1","15.5","536.0"
"2025-05-13T09:00","16.4","17.2","653.0"
"2025-05-13T10:00","17.2","18.0","718.0"
"2025-05-13T11:00","17.9","18.9","742.0"
"2025-05-13T12:00","18.3","20.4","749.0"
"2025-05-13T13:00","18.7","21.2","694.0"
"2025-05-13T14:00","18.6","22.6","680.0"
"2025-05-13T15:00","18.6","23.2","561.0"
"2025-05-13T16:00","18.3","23.7","416.0"
"2025-05-13T17:00","17.4","22.4","259.0"
"2025-05-13T18:00","16.2","19.0","109.0"
"2025-05-13T19:00","15.1","18.0","26.0"
"2025-05-13T20:00","14.6","18.7","0.0"
"2025-05-13T21:00","13.9","16.7","0.0"
"2025-05-13T22:00","12.9","15.1","0.0"
"2025-05-13T23:00","11.8","14.6","0.0"
"2025-05-14T00:00","10.8","15.0","0.0"
"2025-05-14T01:00","9.6","13.9","0.0"
"2025-05-14T02:00","9.1","13.7","0.0"
"2025-05-14T03:00","8.8","13.4","0.0"
"2025-05-14T04:00","9.1","13.6","22.0"
"2025-05-14T05:00","10.1","11.5","113.0"
"2025-05-14T06:00","11.7","13.0","248.0"
"2025-05-14T07:00","13.4","14.7","406.0"
"2025-05-14T08:00","14.9","15.8","528.0"
"2025-05-14T09:00","16.2","14.9","663.0"
"2025-05-14T10:00","17.1","16.0","711.0"
"2025-05-14T11:00","17.7","16.8","671.0"
"2025-05-14T12:00","17.4","20.3","672.0"
"2025-05-14T13:00","16.1","21.2","615.0"
"2025-05-14T14:00","14.6","22.2","555.0"
"2025-05-14T15:00","13.3","23.4","458.0"
"2025-05-14T16:00","12.2","24.6","335.0"
"2025-05-14T17:00","11.6","24.3","220.0"
"2025-05-14T18:00","11.2","21.7","123.0"
"2025-05-14T19:00","10.8","21.9","42.0"
"2025-05-14T20:00","10.6","21.4","0.0"
"2025-05-14T21:00","9.9","18.4","0.0"
"2025-05-14T22:00","10.0","18.6","0.0"
"2025-05-14T23:00","10.1","16.5","0.0"
"2025-05-15T00:00","9.9","16.7","0.0"
"2025-05-15T01:00","8.4","18.6","0.0"
"2025-05-15T02:00","7.9","18.0","0.0"
"2025-05-15T03:00","7.6","18.4","0.0"
"2025-05-15T04:00","7.6","18.3","25.0"
"2025-05-15T05:00","8.4","20.7","129.0"
"2025-05-15T06:00","9.4","23.7","262.0"
"2025-05-15T07:00","10.4","24.0","405.0"
"2025-05-15T08:00","11.4","26.0","548.0"
"2025-05-15T09:00","12.4","26.6","671.0"
"2025-05-15T10:00","13.1","28.1","764.0"
"2025-05-15T11:00","13.8","28.9","804.0"
"2025-05-15T12:00","14.3","28.8","761.0"
"2025-05-15T13:00","14.3","25.9","617.0"
"2025-05-15T14:00","14.8","24.8","636.0"
"2025-05-15T15:00","14.6","25.2","569.0"
"2025-05-15T16:00","14.0","25.3","443.0"
"2025-05-15T17:00","13.2","22.9","281.0"
"2025-05-15T18:00","12.4","20.9","132.0"
"2025-05-15T19:00","11.6","20.6","41.0"
"2025-05-15T20:00","11.3","18.2","0.0"
"2025-05-15T21:00","11.1","15.7","0.0"
"2025-05-15T22:00","10.6","15.8","0.0"
"2025-05-15T23:00","10.1","14.5","0.0"
"2025-05-16T00:00","9.9","15.5","0.0"
"2025-05-16T01:00","10.5","17.6","0.0"
"2025-05-16T02:00","11.1","16.8","0.0"
"2025-05-16T03:00","11.2","16.9","0.0"
"2025-05-16T04:00","11.1","14.8","19.0"
"2025-05-16T05:00","11.6","12.6","93.0"
"2025-05-16T06:00","12.4","13.1","211.0"
"2025-05-16T07:00","12.9","16.0","321.0"
"2025-05-16T08:00","13.9","15.9","487.0"
"2025-05-16T09:00","14.9","18.2","680.0"
"2025-05-16T10:00","15.6","20.9","772.0"
"2025-05-16T11:00","15.1","21.9","672.0"
"2025-05-16T12:00","15.4","21.1","576.0"
"2025-05-16T13:00","16.4","18.9","671.0"
"2025-05-16T14:00","16.5","18.5","593.0"
"2025-05-16T15:00","16.6","15.5","445.0"
"2025-05-16T16:00","16.6","15.8","297.0"
"2025-05-16T17:00","16.1","17.5","264.0"
"2025-05-16T18:00","14.9","16.5","152.0"
"2025-05-16T19:00","13.4","14.7","48.0"
"2025-05-16T20:00","12.6","13.3","1.0"
"2025-05-16T21:00","12.6","14.2","0.0"
"2025-05-16T22:00","12.0","16.1","0.0"
"2025-05-16T23:00","11.9","18.4","0.0"
"2025-05-17T00:00","11.6","18.4","0.0"
"2025-05-17T01:00","10.9","19.1","0.0"
"2025-05-17T02:00","10.4","17.0","0.0"
"2025-05-17T03:00","9.9","13.5","0.0"
"2025-05-17T04:00","9.9","11.4","27.0"
"2025-05-17T05:00","11.2","11.4","86.0"
"2025-05-17T06:00","12.2","13.9","186.0"
"2025-05-17T07:00","13.1","16.1","333.0"
"2025-05-17T08:00","14.4","16.4","557.0"
"2025-05-17T09:00","15.4","21.1","684.0"
"2025-05-17T10:00","15.7","20.8","711.0"
"2025-05-17T11:00","15.6","19.5","605.0"
"2025-05-17T12:00","15.5","20.4","478.0"
"2025-05-17T13:00","14.4","19.4","352.0"
"2025-05-17T14:00","12.6","11.4","190.0"
"2025-05-17T15:00","12.4","5.7","234.0"
"2025-05-17T16:00","13.1","2.4","364.0"
"2025-05-17T17:00","13.4","6.0","212.0"
"2025-05-17T18:00","13.1","4.9","125.0"
"2025-05-17T19:00","11.9","3.5","36.0"
"2025-05-17T20:00","10.8","5.6","1.0"
"2025-05-17T21:00","10.6","8.5","0.0"
"2025-05-17T22:00","10.0","10.7","0.0"
"2025-05-17T23:00","9.6","12.6","0.0"
"2025-05-18T00:00","9.4","12.3","0.0"
"2025-05-18T01:00","7.9","11.4","0.0"
"2025-05-18T02:00","8.2","12.5","0.0"
"2025-05-18T03:00","7.9","14.6","0.0"
"2025-05-18T04:00","7.9","15.1","30.0"
"2025-05-18T05:00","9.2","16.8","122.0"
"2025-05-18T06:00","10.6","16.0","264.0"
"2025-05-18T07:00","12.1","17.1","413.0"
"2025-05-18T08:00","13.1","17.8","502.0"
"2025-05-18T09:00","13.6","15.8","493.0"
"2025-05-18T10:00","13.8","12.7","478.0"
"2025-05-18T11:00","13.5","12.6","258.0"
"2025-05-18T12:00","13.8","16.1","260.0"
"2025-05-18T13:00","13.2","17.4","232.0"
"2025-05-18T14:00","13.8","17.2","293.0"
"2025-05-18T15:00","13.4","19.5","187.0"
"2025-05-18T16:00","13.8","17.3","155.0"
"2025-05-18T17:00","13.9","15.2","76.0"
"2025-05-18T18:00","14.2","15.0","83.0"
"2025-05-18T19:00","13.7","13.5","22.0"
"2025-05-18T20:00","13.4","15.5","0.0"
"2025-05-18T21:00","12.9","16.1","0.0"
"2025-05-18T22:00","12.6","15.3","0.0"
"2025-05-18T23:00","12.1","16.7","0.0"
"2025-05-19T00:00","11.4","14.5","0.0"
"2025-05-19T01:00","11.0","13.7","0.0"
"2025-05-19T02:00","11.1","17.3","0.0"
"2025-05-19T03:00","10.6","16.2","0.0"
"2025-05-19T04:00","10.2","14.3","12.0"
"2025-05-19T05:00","10.6","15.1","47.0"
"2025-05-19T06:00","11.4","13.5","114.0"
"2025-05-19T07:00","12.5","15.5","255.0"
"2025-05-19T08:00","13.8","14.8","458.0"
"2025-05-19T09:00","15.1","13.0","593.0"
"2025-05-19T10:00","16.5","13.2","742.0"
"2025-05-19T11:00","17.4","13.7","804.0"
"2025-05-19T12:00","18.1","13.5","809.0"
"2025-05-19T13:00","19.5","13.7","784.0"
"2025-05-19T14:00","19.4","15.2","707.0"
"2025-05-19T15:00","18.9","15.9","601.0"
"2025-05-19T16:00","18.3","15.3","465.0"
"2025-05-19T17:00","17.3","14.6","318.0"
"2025-05-19T18:00","16.0","13.4","175.0"
"2025-05-19T19:00","14.4","11.3","57.0"
"2025-05-19T20:00","12.8","10.2","2.0"
"2025-05-19T21:00","11.6","8.8","0.0"
"2025-05-19T22:00","10.9","11.4","0.0"
"2025-05-19T23:00","10.7","11.1","0.0"
"2025-05-20T00:00","10.4","11.4","0.0"
"2025-05-20T01:00","8.8","11.2","0.0"
"2025-05-20T02:00","8.4","11.3","0.0"
"2025-05-20T03:00","8.4","12.2","0.0"
"2025-05-20T04:00","9.5","14.8","35.0"
"2025-05-20T05:00","11.1","15.0","144.0"
"2025-05-20T06:00","12.9","15.1","285.0"
"2025-05-20T07:00","14.8","16.6","434.0"
"2025-05-20T08:00","16.5","17.4","573.0"
"2025-05-20T09:00","17.9","18.4","690.0"
"2025-05-20T10:00","19.0","19.6","776.0"
"2025-05-20T11:00","19.9","20.1","823.0"
"2025-05-20T12:00","20.4","20.6","827.0"
"2025-05-20T13:00","21.1","21.2","791.0"
"2025-05-20T14:00","20.8","21.4","713.0"
"2025-05-20T15:00","20.5","20.3","602.0"
"2025-05-20T16:00","19.9","20.1","467.0"
"2025-05-20T17:00","19.1","19.0","320.0"
"2025-05-20T18:00","18.0","16.0","177.0"
"2025-05-20T19:00","16.5","13.7","59.0"
"2025-05-20T20:00","14.8","13.8","2.0"
"2025-05-20T21:00","13.4","14.9","0.0"
"2025-05-20T22:00","12.1","14.5","0.0"
"2025-05-20T23:00","11.1","14.7","0.0"
"2025-05-21T00:00","10.3","14.3","0.0"
"2025-05-21T01:00","10.1","13.3","0.0"
"2025-05-21T02:00","10.7","14.8","0.0"
"2025-05-21T03:00","10.7","16.3","0.0"
"2025-05-21T04:00","10.5","18.0","16.0"
"2025-05-21T05:00","10.8","17.9","64.0"
"2025-05-21T06:00","11.4","20.8","134.0"
"2025-05-21T07:00","13.2","20.2","335.0"
"2025-05-21T08:00","14.4","21.5","578.0"
"2025-05-21T09:00","15.2","22.0","684.0"
"2025-05-21T10:00","16.1","22.2","756.0"
"2025-05-21T11:00","16.9","23.1","805.0"
"2025-05-21T12:00","17.5","24.1","834.0"
"2025-05-21T13:00","16.6","27.2","748.0"
"2025-05-21T14:00","15.9","27.4","615.0"
"2025-05-21T15:00","15.9","30.3","428.0"
"2025-05-21T16:00","13.6","27.5","254.0"
"2025-05-21T17:00","13.1","17.8","176.0"
"2025-05-21T18:00","12.8","15.8","140.0"
"2025-05-21T19:00","12.3","12.1","47.0"
"2025-05-21T20:00","11.7","12.0","2.0"
"2025-05-21T21:00","11.1","14.1","0.0"
"2025-05-21T22:00","10.1","22.7","0.0"
"2025-05-21T23:00","8.5","21.5","0.0"
"2025-05-22T00:00","8.0","18.4","0.0"
"2025-05-22T01:00","7.3","18.5","0.0"
"2025-05-22T02:00","6.8","19.1","0.0"
"2025-05-22T03:00","6.8","17.8","0.0"
"2025-05-22T04:00","7.3","19.9","37.0"
"2025-05-22T05:00","8.4","20.1","137.0"
"2025-05-22T06:00","8.9","26.5","242.0"
"2025-05-22T07:00","8.8","30.7","340.0"
"2025-05-22T08:00","9.6","27.9","443.0"
"2025-05-22T09:00","9.1","26.7","512.0"
"2025-05-22T10:00","10.9","24.8","496.0"
"2025-05-22T11:00","11.0","23.1","631.0"
"2025-05-22T12:00","11.5","19.9","715.0"
"2025-05-22T13:00","9.5","25.3","526.0"
"2025-05-22T14:00","9.6","26.4","503.0"
"2025-05-22T15:00","9.3","28.4","402.0"
"2025-05-22T16:00","9.5","28.7","372.0"
"2025-05-22T17:00","9.1","26.6","286.0"
"2025-05-22T18:00","8.8","23.6","143.0"
"2025-05-22T19:00","8.0","21.0","48.0"
"2025-05-22T20:00","7.2","19.6","2.0"
"2025-05-22T21:00","6.3","16.9","0.0"
"2025-05-22T22:00","6.3","12.9","0.0"
"2025-05-22T23:00","5.9","13.3","0.0"
"2025-05-23T00:00","5.8","11.9","0.0"
"2025-05-23T01:00","4.9","17.4","0.0"
"2025-05-23T02:00","5.0","15.6","0.0"
"2025-05-23T03:00","5.6","16.4","0.0"
"2025-05-23T04:00","5.9","14.3","29.0"
"2025-05-23T05:00","6.9","17.5","101.0"
"2025-05-23T06:00","7.3","20.3","201.0"
"2025-05-23T07:00","8.0","22.0","344.0"
"2025-05-23T08:00","9.7","20.2","455.0"
"2025-05-23T09:00","10.6","19.7","604.0"
"2025-05-23T10:00","11.9","19.4","654.0"
"2025-05-23T11:00","12.6","21.8","723.0"
"2025-05-23T12:00","13.1","24.1","714.0"
"2025-05-23T13:00","8.8","16.3","341.0"
"2025-05-23T14:00","10.1","14.8","428.0"
"2025-05-23T15:00","10.6","19.9","416.0"
"2025-05-23T16:00","10.7","16.7","364.0"
"2025-05-23T17:00","10.5","15.7","234.0"
"2025-05-23T18:00","10.1","13.1","122.0"
"2025-05-23T19:00","9.5","10.2","42.0"
"2025-05-23T20:00","8.9","10.2","3.0"
"2025-05-23T21:00","8.4","4.8","0.0"
"2025-05-23T22:00","7.2","2.2","0.0"
"2025-05-23T23:00","7.5","10.2","0.0"
"2025-05-24T00:00","7.4","13.0","0.0"
"2025-05-24T01:00","6.1","9.7","0.0"
"2025-05-24T02:00","5.6","10.2","0.0"
"2025-05-24T03:00","5.3","9.2","0.0"
"2025-05-24T04:00","5.7","9.8","40.0"
"2025-05-24T05:00","7.1","9.7","148.0"
"2025-05-24T06:00","8.7","11.8","257.0"
"2025-05-24T07:00","9.9","11.9","387.0"
"2025-05-24T08:00","10.4","12.9","427.0"
"2025-05-24T09:00","11.0","14.2","443.0"
"2025-05-24T10:00","11.9","14.6","507.0"
"2025-05-24T11:00","12.4","14.5","579.0"
"2025-05-24T12:00","12.6","15.2","591.0"
"2025-05-24T13:00","12.7","15.0","337.0"
"2025-05-24T14:00","13.1","14.8","325.0"
"2025-05-24T15:00","13.7","13.5","406.0"
"2025-05-24T16:00","14.2","11.1","396.0"
"2025-05-24T17:00","14.1","11.0","243.0"
"2025-05-24T18:00","13.2","11.7","163.0"
"2025-05-24T19:00","12.3","12.9","48.0"
"2025-05-24T20:00","11.6","14.8","3.0"
"2025-05-24T21:00","11.1","17.6","0.0"
"2025-05-24T22:00","10.9","14.3","0.0"
"2025-05-24T23:00","10.8","11.2","0.0"
"2025-05-25T00:00","11.1","13.2","0.0"
"2025-05-25T01:00","10.9","13.8","0.0"
"2025-05-25T02:00","11.4","16.4","0.0"
"2025-05-25T03:00","11.6","16.6","0.0"
"2025-05-25T04:00","11.6","19.4","14.0"
"2025-05-25T05:00","11.0","19.5","22.0"
"2025-05-25T06:00","11.2","19.0","40.0"
"2025-05-25T07:00","11.6","18.5","92.0"
"2025-05-25T08:00","11.8","19.1","106.0"
"2025-05-25T09:00","11.9","17.2","93.0"
"2025-05-25T10:00","12.6","18.7","179.0"
"2025-05-25T11:00","13.8","18.0","229.0"
"2025-05-25T12:00","14.6","20.1","184.0"
"2025-05-25T13:00","14.9","17.4","174.0"
"2025-05-25T14:00","14.4","22.2","139.0"
"2025-05-25T15:00","14.1","18.6","61.0"
"2025-05-25T16:00","14.2","20.6","118.0"
"2025-05-25T17:00","14.4","20.9","98.0"
"2025-05-25T18:00","14.4","18.4","136.0"
"2025-05-25T19:00","13.6","17.0","57.0"
"2025-05-25T20:00","12.9","16.2","4.0"
"2025-05-25T21:00","12.4","16.3","0.0"
"2025-05-25T22:00","12.1","17.1","0.0"
"2025-05-25T23:00","11.4","16.2","0.0"
"2025-05-26T00:00","10.6","15.1","0.0"
"2025-05-26T01:00","10.1","14.5","0.0"
"2025-05-26T02:00","9.6","13.9","0.0"
"2025-05-26T03:00","9.2","13.9","0.0"
"2025-05-26T04:00","9.6","14.0","44.0"
"2025-05-26T05:00","10.6","12.3","154.0"
"2025-05-26T06:00","12.1","14.5","291.0"
"2025-05-26T07:00","13.4","15.9","427.0"
"2025-05-26T08:00","14.8","18.6","570.0"
"2025-05-26T09:00","15.3","18.9","595.0"
"2025-05-26T10:00","14.9","23.6","718.0"
"2025-05-26T11:00","14.8","19.2","505.0"
"2025-05-26T12:00","15.0","18.6","679.0"
"2025-05-26T13:00","15.4","22.0","579.0"
"2025-05-26T14:00","15.6","20.8","597.0"
"2025-05-26T15:00","15.1","18.7","488.0"
"2025-05-26T16:00","15.1","19.8","457.0"
"2025-05-26T17:00","14.4","17.1","280.0"
"2025-05-26T18:00","13.6","14.8","165.0"
"2025-05-26T19:00","12.6","13.8","64.0"
"2025-05-26T20:00","11.6","14.0","5.0"
"2025-05-26T21:00","10.9","14.7","0.0"
"2025-05-26T22:00","10.1","13.2","0.0"
"2025-05-26T23:00","9.8","12.9","0.0"
"2025-05-27T00:00","9.8","13.6","0.0"
"2025-05-27T01:00","9.4","12.4","0.0"
"2025-05-27T02:00","10.1","15.3","0.0"
"2025-05-27T03:00","10.4","14.6","0.0"
"2025-05-27T04:00","10.4","14.7","14.0"
"2025-05-27T05:00","11.2","17.8","55.0"
"2025-05-27T06:00","12.6","19.6","180.0"
"2025-05-27T07:00","13.5","22.9","287.0"
"2025-05-27T08:00","13.9","22.2","205.0"
"2025-05-27T09:00","14.0","28.4","360.0"
"2025-05-27T10:00","13.1","24.2","142.0"
"2025-05-27T11:00","13.6","25.9","206.0"
"2025-05-27T12:00","13.9","25.9","192.0"
"2025-05-27T13:00","13.8","28.9","138.0"
"2025-05-27T14:00","14.4","23.8","219.0"
"2025-05-27T15:00","15.4","23.8","368.0"
"2025-05-27T16:00","15.8","21.8","315.0"
"2025-05-27T17:00","14.7","15.0","184.0"
"2025-05-27T18:00","14.3","18.5","128.0"
"2025-05-27T19:00","13.6","15.3","42.0"
"2025-05-27T20:00","13.1","13.3","3.0"
"2025-05-27T21:00","12.9","11.9","0.0"
"2025-05-27T22:00","12.4","9.8","0.0"
"2025-05-27T23:00","11.9","4.7","0.0"
"2025-05-28T00:00","11.9","0.7","0.0"
"2025-05-28T01:00","11.1","3.1","0.0"
"2025-05-28T02:00","10.9","6.1","0.0"
"2025-05-28T03:00","10.9","6.8","0.0"
"2025-05-28T04:00","11.2","8.9","10.0"
"2025-05-28T05:00","11.5","10.9","47.0"
"2025-05-28T06:00","11.4","11.9","95.0"
"2025-05-28T07:00","11.9","12.1","164.0"
"2025-05-28T08:00","12.8","11.0","247.0"
"2025-05-28T09:00","14.1","13.7","467.0"
"2025-05-28T10:00","14.7","13.5","513.0"
"2025-05-28T11:00","15.2","14.8","621.0"
"2025-05-28T12:00","15.6","15.7","674.0"
"2025-05-28T13:00","14.4","15.7","411.0"
"2025-05-28T14:00","14.1","16.0","379.0"
"2025-05-28T15:00","14.3","15.6","413.0"
"2025-05-28T16:00","13.4","16.9","206.0"
"2025-05-28T17:00","13.2","16.3","244.0"
"2025-05-28T18:00","12.8","16.0","147.0"
"2025-05-28T19:00","11.8","14.8","67.0"
"2025-05-28T20:00","10.8","13.7","6.0"
"2025-05-28T21:00","10.2","12.8","0.0"
"2025-05-28T22:00","9.9","12.8","0.0"
"2025-05-28T23:00","9.8","13.4","0.0"
"2025-05-29T00:00","9.7","14.1","0.0"
"2025-05-29T01:00","9.4","15.5","0.0"
"2025-05-29T02:00","9.1","15.6","0.0"
"2025-05-29T03:00","8.5","14.1","1.0"
"2025-05-29T04:00","8.8","16.1","49.0"
"2025-05-29T05:00","9.9","16.3","163.0"
"2025-05-29T06:00","11.0","20.0","286.0"
"2025-05-29T07:00","11.9","19.0","392.0"
"2025-05-29T08:00","12.9","18.6","515.0"
"2025-05-29T09:00","13.6","17.5","575.0"
"2025-05-29T10:00","14.4","17.6","654.0"
"2025-05-29T11:00","14.9","16.4","698.0"
"2025-05-29T12:00","15.4","16.6","718.0"
"2025-05-29T13:00","15.9","16.4","584.0"
"2025-05-29T14:00","15.6","13.8","422.0"
"2025-05-29T15:00","15.2","14.7","357.0"
"2025-05-29T16:00","14.8","13.8","269.0"
"2025-05-29T17:00","14.0","11.0","86.0"
"2025-05-29T18:00","13.8","9.5","73.0"
"2025-05-29T19:00","13.1","10.0","13.0"
"2025-05-29T20:00","12.5","12.1","1.0"
"2025-05-29T21:00","12.4","14.8","0.0"
"2025-05-29T22:00","12.1","17.1","0.0"
"2025-05-29T23:00","12.1","18.0","0.0"
"2025-05-30T00:00","12.1","18.5","0.0"
"2025-05-30T01:00","12.8","17.4","0.0"
"2025-05-30T02:00","13.1","16.6","0.0"
"2025-05-30T03:00","13.7","17.3","0.0"
"2025-05-30T04:00","14.4","18.1","16.0"
"2025-05-30T05:00","14.9","18.9","84.0"
"2025-05-30T06:00","15.6","21.8","181.0"
"2025-05-30T07:00","16.4","22.6","361.0"
"2025-05-30T08:00","17.4","25.6","518.0"
"2025-05-30T09:00","18.2","26.0","566.0"
"2025-05-30T10:00","18.5","25.0","489.0"
"2025-05-30T11:00","18.9","27.5","467.0"
"2025-05-30T12:00","19.1","25.5","454.0"
"2025-05-30T13:00","18.8","29.8","533.0"
"2025-05-30T14:00","18.4","30.2","439.0"
"2025-05-30T15:00","17.7","29.9","347.0"
"2025-05-30T16:00","17.0","24.2","219.0"
"2025-05-30T17:00","16.6","24.2","227.0"
"2025-05-30T18:00","15.9","21.8","145.0"
"2025-05-30T19:00","15.2","20.1","57.0"
"2025-05-30T20:00","14.6","19.3","6.0"
"2025-05-30T21:00","13.9","19.8","0.0"
"2025-05-30T22:00","13.4","19.9","0.0"
"2025-05-30T23:00","13.2","19.3","0.0"
"2025-05-31T00:00","13.3","18.6","0.0"
"2025-05-31T01:00","13.4","18.3","0.0"
"2025-05-31T02:00","13.3","16.6","0.0"
"2025-05-31T03:00","13.2","15.7","1.0"
"2025-05-31T04:00","13.4","16.0","20.0"
"2025-05-31T05:00","13.4","16.3","81.0"
"2025-05-31T06:00","13.9","18.3","240.0"
"2025-05-31T07:00","14.6","16.7","344.0"
"2025-05-31T08:00","15.4","15.0","504.0"
"2025-05-31T09:00","16.2","14.6","650.0"
"2025-05-31T10:00","17.0","13.2","759.0"
"2025-05-31T11:00","17.9","16.3","819.0"
"2025-05-31T12:00","18.4","17.6","792.0"
"2025-05-31T13:00","18.1","18.7","615.0"
"2025-05-31T14:00","17.6","16.1","403.0"
"2025-05-31T15:00","17.7","12.6","374.0"
"2025-05-31T16:00","18.0","10.9","342.0"
"2025-05-31T17:00","17.6","9.3","220.0"
"2025-05-31T18:00","17.1","5.7","165.0"
"2025-05-31T19:00","15.4","4.3","76.0"
"2025-05-31T20:00","14.0","4.5","8.0"
"2025-05-31T21:00","13.4","6.3","0.0"
"2025-05-31T22:00","13.1","7.1","0.0"
"2025-05-31T23:00","12.3","6.2","0.0"
"2025-06-01T00:00","12.2","8.1","0.0"
"2025-06-01T01:00","11.6","8.3","0.0"
"2025-06-01T02:00","11.9","10.8","0.0"
"2025-06-01T03:00","12.6","11.6","1.0"
"2025-06-01T04:00","13.4","14.4","24.0"
"2025-06-01T05:00","13.5","16.8","72.0"
"2025-06-01T06:00","14.3","17.3","190.0"
"2025-06-01T07:00","14.8","17.2","235.0"
"2025-06-01T08:00","15.6","19.2","452.0"
"2025-06-01T09:00","16.7","15.4","458.0"
"2025-06-01T10:00","17.9","15.6","518.0"
"2025-06-01T11:00","20.6","13.0","718.0"
"2025-06-01T12:00","21.3","14.6","795.0"
"2025-06-01T13:00","21.2","13.8","703.0"
"2025-06-01T14:00","20.6","13.3","529.0"
"2025-06-01T15:00","20.5","10.5","481.0"
"2025-06-01T16:00","18.3","15.3","387.0"
"2025-06-01T17:00","18.1","15.5","146.0"
"2025-06-01T18:00","16.9","14.5","78.0"
"2025-06-01T19:00","16.5","14.4","28.0"
"2025-06-01T20:00","15.8","16.2","5.0"
"2025-06-01T21:00","14.6","18.0","0.0"
"2025-06-01T22:00","13.4","18.7","0.0"
"2025-06-01T23:00","12.2","18.3","0.0"
"2025-06-02T00:00","11.6","18.1","0.0"
"2025-06-02T01:00","11.0","16.7","0.0"
"2025-06-02T02:00","10.8","16.2","0.0"
"2025-06-02T03:00","10.6","15.9","2.0"
"2025-06-02T04:00","11.0","16.0","53.0"
"2025-06-02T05:00","12.0","13.9","165.0"
"2025-06-02T06:00","13.5","15.5","301.0"
"2025-06-02T07:00","14.9","18.7","413.0"
"2025-06-02T08:00","16.0","18.5","519.0"
"2025-06-02T09:00","14.6","19.9","386.0"
"2025-06-02T10:00","16.1","19.7","451.0"
"2025-06-02T11:00","16.4","24.9","620.0"
"2025-06-02T12:00","16.6","21.9","574.0"
"2025-06-02T13:00","17.5","21.3","645.0"
"2025-06-02T14:00","17.1","19.8","585.0"
"2025-06-02T15:00","16.9","21.4","568.0"
"2025-06-02T16:00","15.9","14.6","338.0"
"2025-06-02T17:00","16.0","15.7","306.0"
"2025-06-02T18:00","15.4","14.0","188.0"
"2025-06-02T19:00","14.2","11.2","75.0"
"2025-06-02T20:00","12.9","8.7","8.0"
"2025-06-02T21:00","12.1","8.9","0.0"
"2025-06-02T22:00","11.4","9.0","0.0"
"2025-06-02T23:00","10.9","8.3","0.0"
"2025-06-03T00:00","10.1","7.7","0.0"
"2025-06-03T01:00","9.1","7.9","0.0"
"2025-06-03T02:00","8.5","6.8","0.0"
"2025-06-03T03:00","7.8","5.6","2.0"
"2025-06-03T04:00","8.6","5.8","55.0"
"2025-06-03T05:00","10.1","6.6","170.0"
"2025-06-03T06:00","11.4","6.6","314.0"
"2025-06-03T07:00","12.4","7.4","463.0"
"2025-06-03T08:00","13.4","8.9","601.0"
"2025-06-03T09:00","14.8","9.7","713.0"
"2025-06-03T10:00","15.9","11.3","795.0"
"2025-06-03T11:00","16.6","13.6","843.0"
"2025-06-03T12:00","18.0","15.3","845.0"
"2025-06-03T13:00","17.6","16.7","721.0"
"2025-06-03T14:00","17.9","17.0","579.0"
"2025-06-03T15:00","18.1","21.3","508.0"
"2025-06-03T16:00","18.2","16.3","380.0"
"2025-06-03T17:00","18.0","15.1","296.0"
"2025-06-03T18:00","16.2","15.1","168.0"
"2025-06-03T19:00","14.4","17.1","67.0"
"2025-06-03T20:00","13.8","17.1","8.0"
"2025-06-03T21:00","13.6","18.4","0.0"
"2025-06-03T22:00","13.6","18.9","0.0"
"2025-06-03T23:00","13.6","18.3","0.0"
"2025-06-04T00:00","14.2","18.6","0.0"
"2025-06-04T01:00","14.0","19.1","0.0"
"2025-06-04T02:00","14.2","16.7","0.0"
"2025-06-04T03:00","14.6","16.4","1.0"
"2025-06-04T04:00","15.1","16.1","32.0"
"2025-06-04T05:00","15.8","14.8","65.0"
"2025-06-04T06:00","16.4","14.0","134.0"
"2025-06-04T07:00","17.5","13.8","327.0"
"2025-06-04T08:00","18.9","14.3","515.0"
"2025-06-04T09:00","19.9","15.2","629.0"
"2025-06-04T10:00","20.0","18.8","742.0"
"2025-06-04T11:00","20.2","15.8","533.0"
"2025-06-04T12:00","21.3","18.8","752.0"
"2025-06-04T13:00","21.5","17.2","702.0"
"2025-06-04T14:00","21.5","17.3","645.0"
"2025-06-04T15:00","18.7","18.7","413.0"
"2025-06-04T16:00","19.1","17.8","354.0"
"2025-06-04T17:00","18.0","18.2","210.0"
"2025-06-04T18:00","17.1","17.1","156.0"
"2025-06-04T19:00","16.2","15.7","49.0"
"2025-06-04T20:00","15.6","14.0","4.0"
"2025-06-04T21:00","14.1","14.8","0.0"
"2025-06-04T22:00","12.9","13.6","0.0"
"2025-06-04T23:00","11.9","12.1","0.0"
"2025-06-05T00:00","11.2","11.1","0.0"
"2025-06-05T01:00","10.2","9.5","0.0"
"2025-06-05T02:00","9.7","9.7","0.0"
"2025-06-05T03:00","9.6","10.6","2.0"
"2025-06-05T04:00","10.4","9.7","56.0"
"2025-06-05T05:00","11.9","7.9","168.0"
"2025-06-05T06:00","13.3","8.9","259.0"
"2025-06-05T07:00","14.5","9.7","331.0"
"2025-06-05T08:00","15.2","12.8","365.0"
"2025-06-05T09:00","15.1","14.7","333.0"
"2025-06-05T10:00","16.4","16.0","580.0"
"2025-06-05T11:00","17.5","15.4","657.0"
"2025-06-05T12:00","18.2","16.6","697.0"
"2025-06-05T13:00","18.4","16.9","614.0"
"2025-06-05T14:00","18.5","18.7","557.0"
"2025-06-05T15:00","17.0","13.0","182.0"
"2025-06-05T16:00","18.1","14.1","409.0"
"2025-06-05T17:00","17.7","16.5","273.0"
"2025-06-05T18:00","16.1","12.6","51.0"
"2025-06-05T19:00","15.0","13.4","29.0"
"2025-06-05T20:00","14.1","13.7","6.0"
"2025-06-05T21:00","13.9","14.9","0.0"
"2025-06-05T22:00","13.7","15.8","0.0"
"2025-06-05T23:00","13.1","15.2","0.0"
"2025-06-06T00:00","12.8","15.1","0.0"
"2025-06-06T01:00","12.8","13.2","0.0"
"2025-06-06T02:00","12.4","9.7","0.0"
"2025-06-06T03:00","12.4","11.9","2.0"
"2025-06-06T04:00","13.1","12.9","46.0"
"2025-06-06T05:00","13.7","17.6","42.0"
"2025-06-06T06:00","13.8","22.4","57.0"
"2025-06-06T07:00","13.6","23.2","79.0"
"2025-06-06T08:00","13.6","24.9","64.0"
"2025-06-06T09:00","14.5","22.3","170.0"
"2025-06-06T10:00","15.1","25.0","185.0"
"2025-06-06T11:00","17.2","29.6","742.0"
"2025-06-06T12:00","17.5","33.8","756.0"
"2025-06-06T13:00","17.5","33.2","733.0"
"2025-06-06T14:00","16.9","34.5","603.0"
"2025-06-06T15:00","17.0","32.5","573.0"
"2025-06-06T16:00","16.5","32.7","451.0"
"2025-06-06T17:00","15.9","29.1","330.0"
"2025-06-06T18:00","15.1","25.6","198.0"
"2025-06-06T19:00","14.3","21.3","85.0"
"2025-06-06T20:00","13.6","19.3","11.0"
"2025-06-06T21:00","13.1","19.7","0.0"
"2025-06-06T22:00","12.9","19.4","0.0"
"2025-06-06T23:00","12.1","18.8","0.0"
"2025-06-07T00:00","11.8","18.4","0.0"
"2025-06-07T01:00","10.6","15.3","0.0"
"2025-06-07T02:00","9.9","13.6","0.0"
"2025-06-07T03:00","9.6","13.5","3.0"
"2025-06-07T04:00","10.1","13.6","45.0"
"2025-06-07T05:00","11.1","12.0","165.0"
"2025-06-07T06:00","12.1","15.9","230.0"
"2025-06-07T07:00","13.2","15.7","340.0"
"2025-06-07T08:00","14.4","15.1","481.0"
"2025-06-07T09:00","15.4","15.0","561.0"
"2025-06-07T10:00","16.4","14.5","692.0"
"2025-06-07T11:00","17.0","14.1","732.0"
"2025-06-07T12:00","17.3","12.0","658.0"
"2025-06-07T13:00","17.0","11.2","460.0"
"2025-06-07T14:00","16.8","11.7","454.0"
"2025-06-07T15:00","15.8","13.7","226.0"
"2025-06-07T16:00","14.2","12.0","117.0"
"2025-06-07T17:00","14.1","8.6","65.0"
"2025-06-07T18:00","13.8","4.1","37.0"
"2025-06-07T19:00","13.4","4.2","19.0"
"2025-06-07T20:00","13.0","2.4","4.0"
"2025-06-07T21:00","12.9","5.6","0.0"
"2025-06-07T22:00","12.2","5.2","0.0"
"2025-06-07T23:00","11.4","6.1","0.0"
"2025-06-08T00:00","10.6","7.0","0.0"
"2025-06-08T01:00","10.6","6.2","0.0"
"2025-06-08T02:00","10.4","6.9","0.0"
"2025-06-08T03:00","10.2","7.2","3.0"
"2025-06-08T04:00","10.6","8.0","48.0"
"2025-06-08T05:00","11.6","3.8","134.0"
"2025-06-08T06:00","12.7","4.5","236.0"
"2025-06-08T07:00","13.4","6.9","261.0"
"2025-06-08T08:00","13.9","8.8","274.0"
"2025-06-08T09:00","13.8","10.3","301.0"
"2025-06-08T10:00","13.6","10.6","266.0"
"2025-06-08T11:00","13.3","7.0","167.0"
"2025-06-08T12:00","13.5","4.0","159.0"
"2025-06-08T13:00","13.1","6.7","126.0"
"2025-06-08T14:00","12.7","12.9","132.0"
"2025-06-08T15:00","12.4","13.5","71.0"
"2025-06-08T16:00","12.4","14.8","92.0"
"2025-06-08T17:00","11.9","19.6","102.0"
"2025-06-08T18:00","11.9","15.7","103.0"
"2025-06-08T19:00","11.6","16.7","65.0"
"2025-06-08T20:00","11.4","17.0","10.0"
"2025-06-08T21:00","11.2","19.4","0.0"
"2025-06-08T22:00","10.5","19.1","0.0"
"2025-06-08T23:00","9.8","20.3","0.0"
"2025-06-09T00:00","9.3","21.5","0.0"
"2025-06-09T01:00","9.2","21.7","0.0"
"2025-06-09T02:00","9.1","22.2","0.0"
"2025-06-09T03:00","9.1","22.1","3.0"
"2025-06-09T04:00","9.4","22.7","59.0"
"2025-06-09T05:00","10.1","21.3","175.0"
"2025-06-09T06:00","11.0","24.1","308.0"
"2025-06-09T07:00","11.9","26.3","441.0"
"2025-06-09T08:00","12.6","28.1","559.0"
"2025-06-09T09:00","13.0","27.6","638.0"
"2025-06-09T10:00","13.3","26.3","652.0"
"2025-06-09T11:00","14.1","25.8","707.0"
"2025-06-09T12:00","14.6","27.3","752.0"
"2025-06-09T13:00","15.1","25.6","686.0"
"2025-06-09T14:00","15.3","24.1","653.0"
"2025-06-09T15:00","15.4","22.4","596.0"
"2025-06-09T16:00","15.2","21.2","494.0"
"2025-06-09T17:00","14.9","17.7","367.0"
"2025-06-09T18:00","14.4","15.8","209.0"
"2025-06-09T19:00","13.2","14.5","87.0"
"2025-06-09T20:00","12.5","12.5","11.0"
"2025-06-09T21:00","11.8","13.5","0.0"
"2025-06-09T22:00","11.1","13.2","0.0"
"2025-06-09T23:00","10.9","11.9","0.0"
"2025-06-10T00:00","10.6","10.8","0.0"
"2025-06-10T01:00","10.6","11.7","0.0"
"2025-06-10T02:00","11.1","13.9","0.0"
"2025-06-10T03:00","10.9","12.1","1.0"
"2025-06-10T04:00","11.2","11.1","28.0"
"2025-06-10T05:00","11.9","13.2","41.0"
"2025-06-10T06:00","12.2","15.6","46.0"
"2025-06-10T07:00","12.2","17.3","60.0"
"2025-06-10T08:00","12.1","15.8","102.0"
"2025-06-10T09:00","12.8","18.0","141.0"
"2025-06-10T10:00","12.9","19.2","199.0"
"2025-06-10T11:00","13.1","18.0","125.0"
"2025-06-10T12:00","13.1","18.7","217.0"
"2025-06-10T13:00","13.8","16.3","216.0"
"2025-06-10T14:00","14.3","15.9","264.0"
"2025-06-10T15:00","14.2","14.9","269.0"
"2025-06-10T16:00","14.4","16.1","242.0"
"2025-06-10T17:00","13.9","15.8","103.0"
"2025-06-10T18:00","13.6","15.3","69.0"
"2025-06-10T19:00","13.4","9.9","56.0"
"2025-06-10T20:00","12.9","11.9","9.0"
"2025-06-10T21:00","12.4","15.0","0.0"
"2025-06-10T22:00","12.2","21.2","0.0"
"2025-06-10T23:00","11.9","23.8","0.0"
"2025-06-11T00:00","11.5","22.4","0.0"
"2025-06-11T01:00","11.2","21.7","0.0"
"2025-06-11T02:00","11.1","20.8","0.0"
"2025-06-11T03:00","11.1","20.6","2.0"
"2025-06-11T04:00","11.2","21.4","49.0"
"2025-06-11T05:00","11.8","20.1","157.0"
"2025-06-11T06:00","12.4","22.7","275.0"
"2025-06-11T07:00","13.0","24.7","422.0"
"2025-06-11T08:00","13.8","24.3","556.0"
"2025-06-11T09:00","14.6","23.6","681.0"
"2025-06-11T10:00","15.1","22.8","779.0"
"2025-06-11T11:00","15.5","23.2","819.0"
"2025-06-11T12:00","16.0","24.9","837.0"
"2025-06-11T13:00","16.8","24.3","771.0"
"2025-06-11T14:00","16.9","22.6","701.0"
"2025-06-11T15:00","16.6","21.9","610.0"
"2025-06-11T16:00","16.2","20.7","488.0"
"2025-06-11T17:00","15.7","20.1","344.0"
"2025-06-11T18:00","15.1","15.0","202.0"
"2025-06-11T19:00","14.0","11.7","93.0"
"2025-06-11T20:00","12.5","10.4","15.0"
"2025-06-11T21:00","11.6","11.3","0.0"
"2025-06-11T22:00","10.9","11.1","0.0"
"2025-06-11T23:00","10.4","10.6","0.0"
"2025-06-12T00:00","10.0","10.2","0.0"
"2025-06-12T01:00","9.4","10.2","0.0"
"2025-06-12T02:00","8.9","8.7","0.0"
"2025-06-12T03:00","8.6","7.9","3.0"
"2025-06-12T04:00","9.4","8.2","61.0"
"2025-06-12T05:00","11.1","6.7","175.0"
"2025-06-12T06:00","12.9","5.6","313.0"
"2025-06-12T07:00","14.4","4.6","456.0"
"2025-06-12T08:00","15.8","2.2","591.0"
"2025-06-12T09:00","16.9","3.8","706.0"
"2025-06-12T10:00","17.6","6.6","791.0"
"2025-06-12T11:00","18.0","8.0","839.0"
"2025-06-12T12:00","18.5","7.5","850.0"
"2025-06-12T13:00","19.0","7.3","814.0"
"2025-06-12T14:00","19.0","7.2","744.0"
"2025-06-12T15:00","19.0","6.9","637.0"
"2025-06-12T16:00","18.7","5.5","511.0"
"2025-06-12T17:00","18.3","4.0","368.0"
"2025-06-12T18:00","17.5","3.4","224.0"
"2025-06-12T19:00","15.7","4.0","99.0"
"2025-06-12T20:00","14.2","2.8","16.0"
"2025-06-12T21:00","13.7","1.4","0.0"
"2025-06-12T22:00","13.1","0.4","0.0"
"2025-06-12T23:00","12.4","0.4","0.0"
"2025-06-13T00:00","11.6","1.5","0.0"
"2025-06-13T01:00","11.0","9.1","0.0"
"2025-06-13T02:00","10.8","9.3","0.0"
"2025-06-13T03:00","10.9","10.3","4.0"
"2025-06-13T04:00","12.0","12.2","62.0"
"2025-06-13T05:00","13.2","13.0","177.0"
"2025-06-13T06:00","14.2","14.2","318.0"
"2025-06-13T07:00","15.0","16.0","464.0"
"2025-06-13T08:00","15.6","17.8","600.0"
"2025-06-13T09:00","15.9","18.6","716.0"
"2025-06-13T10:00","16.2","20.0","802.0"
"2025-06-13T11:00","16.2","22.1","854.0"
"2025-06-13T12:00","16.1","22.0","865.0"
"2025-06-13T13:00","17.0","23.0","830.0"
"2025-06-13T14:00","16.8","22.7","756.0"
"2025-06-13T15:00","16.6","21.5","650.0"
"2025-06-13T16:00","16.3","20.3","518.0"
"2025-06-13T17:00","15.9","18.7","369.0"
"2025-06-13T18:00","15.2","16.8","223.0"
"2025-06-13T19:00","14.4","15.6","96.0"
"2025-06-13T20:00","13.8","14.5","16.0"
"2025-06-13T21:00","13.6","14.3","0.0"
"2025-06-13T22:00","13.4","15.1","0.0"
"2025-06-13T23:00","13.2","15.8","0.0"
"2025-06-14T00:00","13.1","15.8","0.0"
"2025-06-14T01:00","12.2","15.2","0.0"
"2025-06-14T02:00","12.3","15.2","0.0"
"2025-06-14T03:00","12.4","15.9","4.0"
"2025-06-14T04:00","13.2","17.5","61.0"
"2025-06-14T05:00","14.1","15.9","173.0"
"2025-06-14T06:00","15.1","18.9","310.0"
"2025-06-14T07:00","15.8","21.9","452.0"
"2025-06-14T08:00","16.6","21.9","585.0"
"2025-06-14T09:00","17.1","23.0","699.0"
"2025-06-14T10:00","17.5","24.6","784.0"
"2025-06-14T11:00","17.6","25.4","832.0"
"2025-06-14T12:00","17.9","25.3","841.0"
"2025-06-14T13:00","18.2","25.7","809.0"
"2025-06-14T14:00","18.2","25.7","738.0"
"2025-06-14T15:00","18.1","25.3","635.0"
"2025-06-14T16:00","17.8","23.2","507.0"
"2025-06-14T17:00","17.2","21.8","360.0"
"2025-06-14T18:00","16.6","19.6","222.0"
"2025-06-14T19:00","15.9","17.7","93.0"
"2025-06-14T20:00","15.4","19.0","16.0"
"2025-06-14T21:00","15.1","19.1","0.0"
"2025-06-14T22:00","15.0","17.6","0.0"
"2025-06-14T23:00","14.9","17.2","0.0"
"2025-06-15T00:00","14.9","16.2","0.0"
"2025-06-15T01:00","13.8","12.2","0.0"
"2025-06-15T02:00","13.9","11.2","0.0"
"2025-06-15T03:00","14.4","12.9","3.0"
"2025-06-15T04:00","15.0","13.5","56.0"
"2025-06-15T05:00","16.1","11.1","161.0"
"2025-06-15T06:00","17.4","13.2","273.0"
"2025-06-15T07:00","18.2","12.8","349.0"
"2025-06-15T08:00","19.8","12.2","482.0"
"2025-06-15T09:00","20.4","10.6","456.0"
"2025-06-15T10:00","19.8","10.7","281.0"
"2025-06-15T11:00","22.0","11.1","694.0"
"2025-06-15T12:00","23.2","9.8","812.0"
"2025-06-15T13:00","22.6","9.6","724.0"
"2025-06-15T14:00","23.0","8.9","638.0"
"2025-06-15T15:00","22.7","5.1","514.0"
"2025-06-15T16:00","22.9","11.2","442.0"
"2025-06-15T17:00","21.8","12.5","173.0"
"2025-06-15T18:00","20.5","13.9","79.0"
"2025-06-15T19:00","18.4","16.0","20.0"
"2025-06-15T20:00","17.0","15.2","4.0"
"2025-06-15T21:00","16.5","14.5","0.0"
"2025-06-15T22:00","16.3","15.5","0.0"
"2025-06-15T23:00","16.2","16.4","0.0"
"2025-06-16T00:00","15.9","15.5","0.0"
"2025-06-16T01:00","15.7","16.6","0.0"
"2025-06-16T02:00","14.7","17.2","0.0"
"2025-06-16T03:00","13.6","17.4","3.0"
"2025-06-16T04:00","13.5","17.8","43.0"
"2025-06-16T05:00","14.1","19.0","101.0"
"2025-06-16T06:00","14.8","20.7","165.0"
"2025-06-16T07:00","15.4","21.5","236.0"
"2025-06-16T08:00","16.6","23.0","438.0"
"2025-06-16T09:00","17.3","23.3","458.0"
"2025-06-16T10:00","18.4","24.9","608.0"
"2025-06-16T11:00","18.3","24.6","482.0"
"2025-06-16T12:00","19.1","25.6","471.0"
"2025-06-16T13:00","20.2","24.8","635.0"
"2025-06-16T14:00","20.5","25.4","559.0"
"2025-06-16T15:00","19.8","25.5","488.0"
"2025-06-16T16:00","20.0","27.6","468.0"
"2025-06-16T17:00","19.5","25.0","300.0"
"2025-06-16T18:00","18.5","23.1","188.0"
"2025-06-16T19:00","17.4","21.0","97.0"
"2025-06-16T20:00","16.1","20.1","16.0"
"2025-06-16T21:00","15.2","19.5","0.0"
"2025-06-16T22:00","14.6","18.2","0.0"
"2025-06-16T23:00","14.1","18.2","0.0"
"2025-06-17T00:00","13.6","18.0","0.0"
"2025-06-17T01:00","13.4","18.6","0.0"
"2025-06-17T02:00","13.2","17.9","0.0"
"2025-06-17T03:00","13.1","17.1","3.0"
"2025-06-17T04:00","13.5","17.7","39.0"
"2025-06-17T05:00","14.5","15.9","131.0"
"2025-06-17T06:00","15.8","15.9","284.0"
"2025-06-17T07:00","17.2","15.1","414.0"
"2025-06-17T08:00","18.5","16.2","504.0"
"2025-06-17T09:00","19.9","17.9","661.0"
"2025-06-17T10:00","21.1","19.2","765.0"
"2025-06-17T11:00","21.9","19.5","793.0"
"2025-06-17T12:00","22.1","20.5","731.0"
"2025-06-17T13:00","22.2","21.4","765.0"
"2025-06-17T14:00","22.0","22.6","691.0"
"2025-06-17T15:00","22.0","23.7","578.0"
"2025-06-17T16:00","21.6","23.3","394.0"
"2025-06-17T17:00","21.2","22.0","278.0"
"2025-06-17T18:00","20.6","20.5","191.0"
"2025-06-17T19:00","19.6","20.6","93.0"
"2025-06-17T20:00","18.7","20.1","14.0"
"2025-06-17T21:00","17.8","19.8","0.0"
"2025-06-17T22:00","16.8","19.7","0.0"
"2025-06-17T23:00","15.9","19.3","0.0"
"2025-06-18T00:00","15.1","19.1","0.0"
"2025-06-18T01:00","15.2","18.7","0.0"
"2025-06-18T02:00","14.9","17.1","0.0"
"2025-06-18T03:00","14.6","17.5","2.0"
"2025-06-18T04:00","14.9","20.3","29.0"
"2025-06-18T05:00","15.2","19.5","50.0"
"2025-06-18T06:00","16.1","20.5","181.0"
"2025-06-18T07:00","17.1","21.4","437.0"
"2025-06-18T08:00","18.0","21.5","579.0"
"2025-06-18T09:00","18.9","20.5","697.0"
"2025-06-18T10:00","19.8","19.4","789.0"
"2025-06-18T11:00","20.5","19.6","838.0"
"2025-06-18T12:00","21.5","24.1","843.0"
"2025-06-18T13:00","21.2","25.3","642.0"
"2025-06-18T14:00","20.2","22.9","518.0"
"2025-06-18T15:00","20.5","25.5","570.0"
"2025-06-18T16:00","20.0","26.6","386.0"
"2025-06-18T17:00","19.2","24.8","335.0"
"2025-06-18T18:00","18.3","23.0","201.0"
"2025-06-18T19:00","17.1","20.6","89.0"
"2025-06-18T20:00","15.9","20.8","17.0"
"2025-06-18T21:00","14.9","20.0","0.0"
"2025-06-18T22:00","13.9","19.1","0.0"
"2025-06-18T23:00","13.3","20.9","0.0"
"2025-06-19T00:00","12.8","21.2","0.0"
"2025-06-19T01:00","13.4","22.9","0.0"
"2025-06-19T02:00","13.1","23.7","0.0"
"2025-06-19T03:00","12.5","23.0","3.0"
"2025-06-19T04:00","12.6","24.0","57.0"
"2025-06-19T05:00","13.1","28.0","170.0"
"2025-06-19T06:00","13.9","31.3","273.0"
"2025-06-19T07:00","14.8","33.1","411.0"
"2025-06-19T08:00","15.6","33.0","516.0"
"2025-06-19T09:00","16.4","31.9","506.0"
"2025-06-19T10:00","17.2","30.5","561.0"
"2025-06-19T11:00","18.1","28.9","719.0"
"2025-06-19T12:00","18.6","29.2","801.0"
"2025-06-19T13:00","18.1","28.4","529.0"
"2025-06-19T14:00","17.8","26.6","423.0"
"2025-06-19T15:00","18.3","25.9","538.0"
"2025-06-19T16:00","18.0","24.2","401.0"
"2025-06-19T17:00","17.4","22.6","289.0"
"2025-06-19T18:00","16.8","19.8","176.0"
"2025-06-19T19:00","15.8","16.4","100.0"
"2025-06-19T20:00","14.6","15.7","18.0"
"2025-06-19T21:00","13.7","15.8","0.0"
"2025-06-19T22:00","12.9","15.6","0.0"
"2025-06-19T23:00","12.2","16.8","0.0"
"2025-06-20T00:00","11.6","16.2","0.0"
"2025-06-20T01:00","10.6","15.0","0.0"
"2025-06-20T02:00","10.1","14.2","0.0"
"2025-06-20T03:00","9.9","14.1","4.0"
"2025-06-20T04:00","10.6","14.3","61.0"
"2025-06-20T05:00","11.9","13.8","174.0"
"2025-06-20T06:00","13.6","14.7","312.0"
"2025-06-20T07:00","15.1","13.5","456.0"
"2025-06-20T08:00","16.6","12.6","592.0"
"2025-06-20T09:00","18.0","12.2","708.0"
"2025-06-20T10:00","19.1","12.3","794.0"
"2025-06-20T11:00","19.9","11.9","842.0"
"2025-06-20T12:00","20.5","11.3","850.0"
"2025-06-20T13:00","20.9","12.7","817.0"
"2025-06-20T14:00","20.9","13.3","745.0"
"2025-06-20T15:00","20.6","12.8","641.0"
"2025-06-20T16:00","20.2","10.9","513.0"
"2025-06-20T17:00","19.6","11.2","373.0"
"2025-06-20T18:00","18.9","12.0","231.0"
"2025-06-20T19:00","18.0","9.2","104.0"
"2025-06-20T20:00","16.4","6.9","18.0"
"2025-06-20T21:00","15.6","9.7","0.0"
"2025-06-20T22:00","14.9","11.3","0.0"
"2025-06-20T23:00","14.3","10.9","0.0"
"2025-06-21T00:00","13.8","10.4","0.0"
"2025-06-21T01:00","12.2","10.3","0.0"
"2025-06-21T02:00","11.9","11.2","0.0"
"2025-06-21T03:00","11.9","12.3","3.0"
"2025-06-21T04:00","12.7","12.2","57.0"
"2025-06-21T05:00","14.0","11.1","163.0"
"2025-06-21T06:00","15.6","12.2","302.0"
"2025-06-21T07:00","17.5","13.6","443.0"
"2025-06-21T08:00","19.0","15.2","556.0"
"2025-06-21T09:00","20.3","16.9","674.0"
"2025-06-21T10:00","21.1","17.5","728.0"
"2025-06-21T11:00","21.8","17.6","772.0"
"2025-06-21T12:00","22.8","18.2","825.0"
"2025-06-21T13:00","23.8","18.6","790.0"
"2025-06-21T14:00","24.1","18.9","716.0"
"2025-06-21T15:00","24.2","18.9","610.0"
"2025-06-21T16:00","24.1","19.3","500.0"
"2025-06-21T17:00","23.5","19.6","358.0"
"2025-06-21T18:00","22.9","18.5","216.0"
"2025-06-21T19:00","21.8","15.0","100.0"
"2025-06-21T20:00","20.5","13.8","18.0"
"2025-06-21T21:00","19.3","13.6","0.0"
"2025-06-21T22:00","18.2","12.4","0.0"
"2025-06-21T23:00","17.5","10.4","0.0"
"2025-06-22T00:00","16.7","8.2","0.0"
"2025-06-22T01:00","14.4","5.1","0.0"
"2025-06-22T02:00","13.6","2.3","0.0"
"2025-06-22T03:00","13.6","0.6","3.0"
"2025-06-22T04:00","14.6","2.6","56.0"
"2025-06-22T05:00","16.3","5.4","156.0"
"2025-06-22T06:00","17.9","7.3","281.0"
"2025-06-22T07:00","19.2","10.7","426.0"
"2025-06-22T08:00","20.1","13.9","570.0"
"2025-06-22T09:00","20.9","15.8","691.0"
"2025-06-22T10:00","21.0","17.7","779.0"
"2025-06-22T11:00","21.2","18.9","831.0"
"2025-06-22T12:00","21.1","20.3","823.0"
"2025-06-22T13:00","20.6","20.9","726.0"
"2025-06-22T14:00","20.2","20.6","630.0"
"2025-06-22T15:00","19.5","20.3","462.0"
"2025-06-22T16:00","18.6","19.5","304.0"
"2025-06-22T17:00","18.0","18.7","157.0"
"2025-06-22T18:00","17.3","21.6","57.0"
"2025-06-22T19:00","17.1","19.3","48.0"
"2025-06-22T20:00","17.1","23.7","16.0"
"2025-06-22T21:00","17.0","17.7","0.0"
"2025-06-22T22:00","17.2","8.2","0.0"
"2025-06-22T23:00","17.5","6.6","0.0"
"2025-06-23T00:00","17.8","9.7","0.0"
"2025-06-23T01:00","17.0","10.6","0.0"
"2025-06-23T02:00","16.8","10.1","0.0"
"2025-06-23T03:00","16.3","10.8","2.0"
"2025-06-23T04:00","16.4","14.7","50.0"
"2025-06-23T05:00","17.0","14.0","170.0"
"2025-06-23T06:00","18.2","14.5","307.0"
"2025-06-23T07:00","19.5","23.2","425.0"
"2025-06-23T08:00","19.4","23.4","320.0"
"2025-06-23T09:00","19.5","22.3","378.0"
"2025-06-23T10:00","19.1","24.3","434.0"
"2025-06-23T11:00","19.6","27.1","509.0"
"2025-06-23T12:00","18.2","25.3","496.0"
"2025-06-23T13:00","17.2","25.6","200.0"
"2025-06-23T14:00","17.9","30.6","560.0"
"2025-06-23T15:00","17.0","30.2","442.0"
"2025-06-23T16:00","16.4","30.6","329.0"
"2025-06-23T17:00","15.4","27.5","293.0"
"2025-06-23T18:00","14.7","27.0","207.0"
"2025-06-23T19:00","14.2","26.6","93.0"
"2025-06-23T20:00","13.8","24.7","17.0"
"2025-06-23T21:00","13.6","24.0","0.0"
"2025-06-23T22:00","13.4","25.1","0.0"
"2025-06-23T23:00","13.5","25.7","0.0"
"2025-06-24T00:00","13.8","27.8","0.0"
"2025-06-24T01:00","13.8","27.3","0.0"
"2025-06-24T02:00","13.4","25.3","0.0"
"2025-06-24T03:00","13.5","25.1","3.0"
"2025-06-24T04:00","13.9","25.5","56.0"
"2025-06-24T05:00","14.4","25.2","132.0"
"2025-06-24T06:00","15.2","29.3","254.0"
"2025-06-24T07:00","15.6","28.4","287.0"
"2025-06-24T08:00","15.6","27.0","309.0"
"2025-06-24T09:00","17.0","32.6","576.0"
"2025-06-24T10:00","17.6","32.1","583.0"
"2025-06-24T11:00","18.1","31.9","564.0"
"2025-06-24T12:00","18.4","31.3","591.0"
"2025-06-24T13:00","18.2","34.5","645.0"
"2025-06-24T14:00","18.2","32.6","490.0"
"2025-06-24T15:00","17.2","25.2","269.0"
"2025-06-24T16:00","16.6","22.9","217.0"
"2025-06-24T17:00","15.9","24.0","76.0"
"2025-06-24T18:00","15.4","22.0","28.0"
"2025-06-24T19:00","15.3","19.4","21.0"
"2025-06-24T20:00","14.9","18.5","5.0"
"2025-06-24T21:00","14.8","18.8","0.0"
"2025-06-24T22:00","14.8","18.4","0.0"
"2025-06-24T23:00","14.4","18.8","0.0"
"2025-06-25T00:00","14.2","18.6","0.0"
"2025-06-25T01:00","14.5","18.8","0.0"
"2025-06-25T02:00","14.4","18.4","0.0"
"2025-06-25T03:00","14.2","18.8","2.0"
"2025-06-25T04:00","14.3","21.3","31.0"
"2025-06-25T05:00","14.4","22.1","123.0"
"2025-06-25T06:00","15.1","22.5","242.0"
"2025-06-25T07:00","15.9","24.2","383.0"
"2025-06-25T08:00","16.6","24.4","489.0"
"2025-06-25T09:00","16.5","26.4","534.0"
"2025-06-25T10:00","17.4","26.4","612.0"
"2025-06-25T11:00","18.4","30.6","717.0"
"2025-06-25T12:00","18.2","30.9","597.0"
"2025-06-25T13:00","18.0","26.5","539.0"
"2025-06-25T14:00","18.2","24.1","415.0"
"2025-06-25T15:00","18.5","22.6","421.0"
"2025-06-25T16:00","18.3","20.0","325.0"
"2025-06-25T17:00","18.2","18.2","299.0"
"2025-06-25T18:00","17.9","14.1","185.0"
"2025-06-25T19:00","16.6","9.1","101.0"
"2025-06-25T20:00","14.8","6.3","19.0"
"2025-06-25T21:00","14.0","8.5","0.0"
"2025-06-25T22:00","13.4","10.5","0.0"
"2025-06-25T23:00","12.9","10.5","0.0"
"2025-06-26T00:00","12.4","9.8","0.0"
"2025-06-26T01:00","10.9","6.5","0.0"
"2025-06-26T02:00","10.0","5.2","0.0"
"2025-06-26T03:00","9.6","4.5","3.0"
"2025-06-26T04:00","11.2","5.3","58.0"
"2025-06-26T05:00","12.9","2.2","166.0"
"2025-06-26T06:00","14.6","3.6","299.0"
"2025-06-26T07:00","16.0","6.8","426.0"
"2025-06-26T08:00","17.4","10.1","559.0"
"2025-06-26T09:00","19.0","9.7","661.0"
"2025-06-26T10:00","20.3","9.2","704.0"
"2025-06-26T11:00","21.0","12.5","773.0"
"2025-06-26T12:00","20.4","14.8","689.0"
"2025-06-26T13:00","19.1","17.6","596.0"
"2025-06-26T14:00","18.5","16.2","469.0"
"2025-06-26T15:00","18.0","14.8","347.0"
"2025-06-26T16:00","16.6","12.2","124.0"
"2025-06-26T17:00","16.5","11.3","93.0"
"2025-06-26T18:00","15.7","11.5","20.0"
"2025-06-26T19:00","15.1","12.2","22.0"
"2025-06-26T20:00","15.2","10.9","4.0"
"2025-06-26T21:00","15.4","8.5","0.0"
"2025-06-26T22:00","15.0","9.3","0.0"
"2025-06-26T23:00","14.9","10.0","0.0"
"2025-06-27T00:00","14.4","9.6","0.0"
"2025-06-27T01:00","14.9","11.8","0.0"
"2025-06-27T02:00","15.8","16.6","0.0"
"2025-06-27T03:00","16.2","18.6","2.0"
"2025-06-27T04:00","16.4","17.7","25.0"
"2025-06-27T05:00","16.5","17.5","59.0"
"2025-06-27T06:00","16.9","18.0","176.0"
"2025-06-27T07:00","17.6","24.2","384.0"
"2025-06-27T08:00","17.6","24.1","403.0"
"2025-06-27T09:00","17.1","21.6","244.0"
"2025-06-27T10:00","18.0","22.7","442.0"
"2025-06-27T11:00","18.8","25.2","760.0"
"2025-06-27T12:00","19.1","25.4","834.0"
"2025-06-27T13:00","19.4","28.3","629.0"
"2025-06-27T14:00","19.8","27.5","564.0"
"2025-06-27T15:00","19.8","27.7","561.0"
"2025-06-27T16:00","19.1","25.9","279.0"
"2025-06-27T17:00","19.0","24.6","348.0"
"2025-06-27T18:00","18.2","24.3","222.0"
"2025-06-27T19:00","17.2","21.1","84.0"
"2025-06-27T20:00","16.1","19.4","17.0"
"2025-06-27T21:00","15.5","18.6","0.0"
"2025-06-27T22:00","14.9","15.8","0.0"
"2025-06-27T23:00","14.4","16.3","0.0"
"2025-06-28T00:00","14.1","15.0","0.0"
"2025-06-28T01:00","14.0","15.0","0.0"
"2025-06-28T02:00","14.6","15.4","0.0"
"2025-06-28T03:00","14.8","14.4","1.0"
"2025-06-28T04:00","14.9","14.2","13.0"
"2025-06-28T05:00","15.5","15.4","39.0"
"2025-06-28T06:00","16.0","16.8","46.0"
"2025-06-28T07:00","16.8","18.6","82.0"
"2025-06-28T08:00","19.0","23.6","228.0"
"2025-06-28T09:00","21.9","24.0","505.0"
"2025-06-28T10:00","23.0","24.2","723.0"
"2025-06-28T11:00","23.8","29.0","710.0"
"2025-06-28T12:00","23.4","27.7","332.0"
"2025-06-28T13:00","23.0","28.2","345.0"
"2025-06-28T14:00","23.1","29.8","452.0"
"2025-06-28T15:00","22.5","25.0","292.0"
"2025-06-28T16:00","22.2","25.4","304.0"
"2025-06-28T17:00","21.2","24.4","148.0"
"2025-06-28T18:00","20.4","21.9","61.0"
"2025-06-28T19:00","19.7","21.9","24.0"
"2025-06-28T20:00","19.4","22.2","5.0"
"2025-06-28T21:00","19.0","22.4","0.0"
"2025-06-28T22:00","18.7","23.1","0.0"
"2025-06-28T23:00","18.0","23.2","0.0"
"2025-06-29T00:00","17.6","21.8","0.0"
"2025-06-29T01:00","17.5","22.5","0.0"
"2025-06-29T02:00","17.6","21.8","0.0"
"2025-06-29T03:00","17.6","20.7","1.0"
"2025-06-29T04:00","17.9","20.7","33.0"
"2025-06-29T05:00","18.0","22.6","144.0"
"2025-06-29T06:00","18.4","23.3","208.0"
"2025-06-29T07:00","19.0","22.4","431.0"
"2025-06-29T08:00","19.4","21.9","574.0"
"2025-06-29T09:00","19.8","22.5","696.0"
"2025-06-29T10:00","20.2","25.0","771.0"
"2025-06-29T11:00","20.5","28.1","817.0"
"2025-06-29T12:00","20.8","28.9","807.0"
"2025-06-29T13:00","20.6","30.8","776.0"
"2025-06-29T14:00","20.2","31.3","743.0"
"2025-06-29T15:00","19.9","30.5","645.0"
"2025-06-29T16:00","19.2","30.1","517.0"
"2025-06-29T17:00","18.5","29.4","371.0"
"2025-06-29T18:00","17.5","28.6","224.0"
"2025-06-29T19:00","16.6","24.6","102.0"
"2025-06-29T20:00","15.5","23.5","18.0"
"2025-06-29T21:00","14.9","22.0","0.0"
"2025-06-29T22:00","14.2","21.7","0.0"
"2025-06-29T23:00","13.6","21.5","0.0"
"2025-06-30T00:00","13.4","20.7","0.0"
"2025-06-30T01:00","12.9","19.9","0.0"
"2025-06-30T02:00","12.7","20.1","0.0"
"2025-06-30T03:00","12.6","19.8","2.0"
"2025-06-30T04:00","13.1","19.9","53.0"
"2025-06-30T05:00","14.1","20.3","154.0"
"2025-06-30T06:00","15.1","24.1","258.0"
"2025-06-30T07:00","15.9","21.3","340.0"
"2025-06-30T08:00","17.1","16.7","470.0"
"2025-06-30T09:00","18.0","13.8","616.0"
"2025-06-30T10:00","19.0","12.7","754.0"
"2025-06-30T11:00","19.8","12.4","818.0"
"2025-06-30T12:00","20.5","12.5","825.0"
"2025-06-30T13:00","21.3","12.5","807.0"
"2025-06-30T14:00","21.5","12.4","736.0"
"2025-06-30T15:00","21.4","11.6","628.0"
"2025-06-30T16:00","21.0","10.8","488.0"
"2025-06-30T17:00","20.5","10.2","357.0"
"2025-06-30T18:00","19.8","9.2","218.0"
"2025-06-30T19:00","18.8","5.6","102.0"
"2025-06-30T20:00","16.8","4.4","18.0"
"2025-06-30T21:00","16.1","3.6","0.0"
"2025-06-30T22:00","15.4","2.8","0.0"
"2025-06-30T23:00","15.1","1.2","0.0"
"2025-07-01T00:00","14.6","0.5","0.0"
"2025-07-01T01:00","12.6","0.4","0.0"
"2025-07-01T02:00","12.0","1.9","0.0"
"2025-07-01T03:00","11.8","3.3","2.0"
"2025-07-01T04:00","13.1","4.0","54.0"
"2025-07-01T05:00","15.3","5.4","164.0"
"2025-07-01T06:00","17.0","6.6","299.0"
"2025-07-01T07:00","18.8","7.9","442.0"
"2025-07-01T08:00","20.3","8.9","576.0"
"2025-07-01T09:00","21.6","7.4","690.0"
"2025-07-01T10:00","22.9","7.0","775.0"
"2025-07-01T11:00","23.5","9.3","825.0"
"2025-07-01T12:00","23.6","14.1","835.0"
"2025-07-01T13:00","23.1","15.6","801.0"
"2025-07-01T14:00","23.2","15.8","731.0"
"2025-07-01T15:00","23.0","15.0","632.0"
"2025-07-01T16:00","22.8","12.4","505.0"
"2025-07-01T17:00","22.1","12.7","369.0"
"2025-07-01T18:00","21.2","11.7","229.0"
"2025-07-01T19:00","20.2","9.7","103.0"
"2025-07-01T20:00","18.9","9.0","18.0"
"2025-07-01T21:00","17.8","8.7","0.0"
"2025-07-01T22:00","17.3","9.4","0.0"
"2025-07-01T23:00","17.1","9.5","0.0"
"2025-07-02T00:00","17.0","9.1","0.0"
"2025-07-02T01:00","15.4","8.5","0.0"
"2025-07-02T02:00","15.5","9.0","0.0"
"2025-07-02T03:00","15.6","9.8","2.0"
"2025-07-02T04:00","16.7","11.3","53.0"
"2025-07-02T05:00","18.4","11.0","160.0"
"2025-07-02T06:00","20.5","9.7","291.0"
"2025-07-02T07:00","23.0","9.8","422.0"
"2025-07-02T08:00","25.1","10.3","542.0"
"2025-07-02T09:00","26.8","9.8","639.0"
"2025-07-02T10:00","28.0","11.0","722.0"
"2025-07-02T11:00","28.9","13.0","796.0"
"2025-07-02T12:00","29.6","13.4","800.0"
"2025-07-02T13:00","30.9","12.1","648.0"
"2025-07-02T14:00","31.5","15.1","658.0"
"2025-07-02T15:00","31.2","11.5","599.0"
"2025-07-02T16:00","31.0","12.2","493.0"
"2025-07-02T17:00","30.5","15.5","350.0"
"2025-07-02T18:00","29.3","17.5","215.0"
"2025-07-02T19:00","26.1","14.0","67.0"
"2025-07-02T20:00","25.7","10.9","11.0"
"2025-07-02T21:00","25.0","14.8","0.0"
"2025-07-02T22:00","23.8","15.3","0.0"
"2025-07-02T23:00","22.5","20.0","0.0"
"2025-07-03T00:00","20.2","13.5","0.0"
"2025-07-03T01:00","19.6","5.9","0.0"
"2025-07-03T02:00","19.4","13.0","0.0"
"2025-07-03T03:00","18.8","18.4","1.0"
"2025-07-03T04:00","17.2","20.2","15.0"
"2025-07-03T05:00","16.0","21.2","125.0"
"2025-07-03T06:00","15.9","22.4","299.0"
"2025-07-03T07:00","16.4","24.4","441.0"
"2025-07-03T08:00","17.4","24.2","567.0"
"2025-07-03T09:00","18.3","26.2","696.0"
"2025-07-03T10:00","18.9","28.7","789.0"
"2025-07-03T11:00","19.5","29.7","836.0"
"2025-07-03T12:00","19.6","30.3","847.0"
"2025-07-03T13:00","20.0","30.5","817.0"
"2025-07-03T14:00","20.1","29.9","748.0"
"2025-07-03T15:00","19.8","29.1","645.0"
"2025-07-03T16:00","19.2","27.8","517.0"
"2025-07-03T17:00","18.4","27.3","370.0"
"2025-07-03T18:00","17.7","25.0","230.0"
"2025-07-03T19:00","17.0","20.6","103.0"
"2025-07-03T20:00","15.9","17.3","17.0"
"2025-07-03T21:00","15.1","14.6","0.0"
"2025-07-03T22:00","14.5","14.3","0.0"
"2025-07-03T23:00","13.9","14.7","0.0"
"2025-07-04T00:00","13.4","14.8","0.0"
"2025-07-04T01:00","12.0","14.6","0.0"
"2025-07-04T02:00","11.9","14.3","0.0"
"2025-07-04T03:00","11.6","13.1","2.0"
"2025-07-04T04:00","12.1","13.0","48.0"
"2025-07-04T05:00","13.4","12.6","155.0"
"2025-07-04T06:00","14.8","17.2","277.0"
"2025-07-04T07:00","16.0","17.3","367.0"
"2025-07-04T08:00","17.0","18.6","452.0"
"2025-07-04T09:00","18.1","18.4","611.0"
"2025-07-04T10:00","19.0","16.6","662.0"
"2025-07-04T11:00","20.0","18.4","746.0"
"2025-07-04T12:00","19.9","18.4","590.0"
"2025-07-04T13:00","20.3","18.6","651.0"
"2025-07-04T14:00","19.9","21.4","492.0"
"2025-07-04T15:00","19.8","22.7","455.0"
"2025-07-04T16:00","18.6","21.4","210.0"
"2025-07-04T17:00","18.0","19.7","157.0"
"2025-07-04T18:00","17.1","17.7","63.0"
"2025-07-04T19:00","16.2","16.9","26.0"
"2025-07-04T20:00","15.9","18.9","3.0"
"2025-07-04T21:00","15.4","16.6","0.0"
"2025-07-04T22:00","15.4","15.5","0.0"
"2025-07-04T23:00","15.4","14.1","0.0"
"2025-07-05T00:00","15.7","14.7","0.0"
"2025-07-05T01:00","16.1","16.5","0.0"
"2025-07-05T02:00","16.3","16.8","0.0"
"2025-07-05T03:00","16.4","15.8","0.0"
"2025-07-05T04:00","16.1","16.1","7.0"
"2025-07-05T05:00","15.9","19.1","32.0"
"2025-07-05T06:00","15.6","22.3","56.0"
"2025-07-05T07:00","15.6","23.4","98.0"
"2025-07-05T08:00","16.2","20.0","145.0"
"2025-07-05T09:00","16.6","22.2","128.0"
"2025-07-05T10:00","16.4","22.0","118.0"
"2025-07-05T11:00","16.5","21.0","127.0"
"2025-07-05T12:00","17.2","22.5","130.0"
"2025-07-05T13:00","17.4","25.6","185.0"
"2025-07-05T14:00","18.5","25.2","407.0"
"2025-07-05T15:00","19.5","25.7","395.0"
"2025-07-05T16:00","18.7","24.7","374.0"
"2025-07-05T17:00","17.8","25.1","119.0"
"2025-07-05T18:00","17.8","24.9","103.0"
"2025-07-05T19:00","17.3","23.0","41.0"
"2025-07-05T20:00","16.8","21.2","10.0"
"2025-07-05T21:00","16.5","20.2","0.0"
"2025-07-05T22:00","16.5","18.5","0.0"
"2025-07-05T23:00","15.9","17.6","0.0"
"2025-07-06T00:00","15.5","18.2","0.0"
"2025-07-06T01:00","15.6","16.0","0.0"
"2025-07-06T02:00","15.6","13.8","0.0"
"2025-07-06T03:00","15.7","14.8","1.0"
"2025-07-06T04:00","16.4","16.9","38.0"
"2025-07-06T05:00","17.4","15.4","127.0"
"2025-07-06T06:00","18.2","22.9","230.0"
"2025-07-06T07:00","18.2","22.5","217.0"
"2025-07-06T08:00","19.5","21.3","373.0"
"2025-07-06T09:00","20.2","19.8","415.0"
"2025-07-06T10:00","21.4","20.3","627.0"
"2025-07-06T11:00","22.0","20.5","686.0"
"2025-07-06T12:00","22.5","20.6","718.0"
"2025-07-06T13:00","22.6","20.8","716.0"
"2025-07-06T14:00","22.4","20.8","684.0"
"2025-07-06T15:00","22.2","17.7","542.0"
"2025-07-06T16:00","20.9","16.1","247.0"
"2025-07-06T17:00","20.5","15.0","241.0"
"2025-07-06T18:00","19.1","7.8","115.0"
"2025-07-06T19:00","18.7","3.9","69.0"
"2025-07-06T20:00","18.5","4.3","5.0"
"2025-07-06T21:00","17.7","5.9","0.0"
"2025-07-06T22:00","16.9","13.3","0.0"
"2025-07-06T23:00","16.4","8.7","0.0"
"2025-07-07T00:00","16.1","5.7","0.0"
"2025-07-07T01:00","15.9","4.8","0.0"
"2025-07-07T02:00","15.6","3.3","0.0"
"2025-07-07T03:00","15.6","5.4","0.0"
"2025-07-07T04:00","15.6","8.3","17.0"
"2025-07-07T05:00","15.5","17.4","33.0"
"2025-07-07T06:00","15.6","14.6","74.0"
"2025-07-07T07:00","15.9","14.6","143.0"
"2025-07-07T08:00","15.7","12.4","120.0"
"2025-07-07T09:00","16.8","14.0","336.0"
"2025-07-07T10:00","17.8","14.3","526.0"
"2025-07-07T11:00","18.3","15.0","623.0"
"2025-07-07T12:00","18.6","14.4","584.0"
"2025-07-07T13:00","19.1","12.6","591.0"
"2025-07-07T14:00","19.4","12.2","486.0"
"2025-07-07T15:00","19.2","12.6","438.0"
"2025-07-07T16:00","19.1","12.5","405.0"
"2025-07-07T17:00","18.5","11.0","288.0"
"2025-07-07T18:00","17.9","8.6","163.0"
"2025-07-07T19:00","17.0","8.1","71.0"
"2025-07-07T20:00","16.0","7.8","11.0"
"2025-07-07T21:00","15.4","8.8","0.0"
"2025-07-07T22:00","14.9","9.0","0.0"
"2025-07-07T23:00","14.6","9.7","0.0"
"2025-07-08T00:00","14.1","11.2","0.0"
"2025-07-08T01:00","14.1","12.8","0.0"
"2025-07-08T02:00","13.2","11.4","0.0"
"2025-07-08T03:00","12.7","11.5","1.0"
"2025-07-08T04:00","12.8","11.0","44.0"
"2025-07-08T05:00","13.6","10.1","147.0"
"2025-07-08T06:00","14.9","9.0","287.0"
"2025-07-08T07:00","16.0","9.7","400.0"
"2025-07-08T08:00","16.6","8.6","379.0"
"2025-07-08T09:00","17.6","6.7","569.0"
"2025-07-08T10:00","17.9","6.9","580.0"
"2025-07-08T11:00","18.4","4.6","514.0"
"2025-07-08T12:00","18.1","5.7","418.0"
"2025-07-08T13:00","18.0","3.9","529.0"
"2025-07-08T14:00","18.6","2.3","517.0"
"2025-07-08T15:00","18.6","1.5","333.0"
"2025-07-08T16:00","17.8","9.3","317.0"
"2025-07-08T17:00","17.6","10.9","237.0"
"2025-07-08T18:00","16.9","13.3","177.0"
"2025-07-08T19:00","15.9","10.6","83.0"
"2025-07-08T20:00","14.6","8.8","14.0"
"2025-07-08T21:00","14.0","7.0","0.0"
"2025-07-08T22:00","13.4","8.0","0.0"
"2025-07-08T23:00","13.6","9.5","0.0"
"2025-07-09T00:00","13.8","10.3","0.0"
"2025-07-09T01:00","13.8","7.8","0.0"
"2025-07-09T02:00","13.9","8.9","0.0"
"2025-07-09T03:00","13.9","8.9","0.0"
"2025-07-09T04:00","14.2","9.9","34.0"
"2025-07-09T05:00","15.3","10.4","121.0"
"2025-07-09T06:00","16.4","12.4","218.0"
"2025-07-09T07:00","17.4","12.3","349.0"
"2025-07-09T08:00","18.3","11.1","495.0"
"2025-07-09T09:00","19.0","9.9","581.0"
"2025-07-09T10:00","18.9","12.6","549.0"
"2025-07-09T11:00","19.2","13.6","525.0"
"2025-07-09T12:00","19.3","15.1","681.0"
"2025-07-09T13:00","19.6","13.8","590.0"
"2025-07-09T14:00","19.5","12.3","569.0"
"2025-07-09T15:00","19.5","12.8","499.0"
"2025-07-09T16:00","19.2","13.0","389.0"
"2025-07-09T17:00","18.9","13.4","309.0"
"2025-07-09T18:00","18.1","10.2","153.0"
"2025-07-09T19:00","17.1","8.7","54.0"
"2025-07-09T20:00","16.4","8.3","10.0"
"2025-07-09T21:00","15.8","7.0","0.0"
"2025-07-09T22:00","15.2","8.2","0.0"
"2025-07-09T23:00","14.9","9.5","0.0"
"2025-07-10T00:00","15.1","11.1","0.0"
"2025-07-10T01:00","14.2","11.2","0.0"
"2025-07-10T02:00","13.8","12.2","0.0"
"2025-07-10T03:00","13.4","12.7","0.0"
"2025-07-10T04:00","13.8","13.2","40.0"
"2025-07-10T05:00","14.8","11.8","135.0"
"2025-07-10T06:00","15.9","13.5","251.0"
"2025-07-10T07:00","17.0","14.2","398.0"
"2025-07-10T08:00","18.0","14.3","554.0"
"2025-07-10T09:00","18.8","13.4","672.0"
"2025-07-10T10:00","19.4","12.6","741.0"
"2025-07-10T11:00","20.0","11.8","784.0"
"2025-07-10T12:00","20.4","11.5","804.0"
"2025-07-10T13:00","21.1","14.3","798.0"
"2025-07-10T14:00","21.1","13.3","715.0"
"2025-07-10T15:00","20.9","12.2","616.0"
"2025-07-10T16:00","20.4","12.8","486.0"
"2025-07-10T17:00","19.5","12.6","349.0"
"2025-07-10T18:00","18.4","12.6","215.0"
"2025-07-10T19:00","17.2","11.8","93.0"
"2025-07-10T20:00","15.9","10.6","13.0"
"2025-07-10T21:00","15.2","10.6","0.0"
"2025-07-10T22:00","14.8","11.5","0.0"
"2025-07-10T23:00","14.6","12.4","0.0"
"2025-07-11T00:00","14.7","14.0","0.0"
"2025-07-11T01:00","14.8","15.2","0.0"
"2025-07-11T02:00","15.0","16.4","0.0"
"2025-07-11T03:00","15.1","17.8","0.0"
"2025-07-11T04:00","15.6","18.8","36.0"
"2025-07-11T05:00","16.5","19.6","111.0"
"2025-07-11T06:00","17.8","19.0","270.0"
"2025-07-11T07:00","19.0","20.7","391.0"
"2025-07-11T08:00","19.6","22.7","445.0"
"2025-07-11T09:00","19.6","22.4","476.0"
"2025-07-11T10:00","20.4","22.4","684.0"
"2025-07-11T11:00","20.5","20.9","606.0"
"2025-07-11T12:00","20.6","20.1","492.0"
"2025-07-11T13:00","21.3","17.1","576.0"
"2025-07-11T14:00","21.1","16.0","384.0"
"2025-07-11T15:00","20.2","15.5","216.0"
"2025-07-11T16:00","18.5","16.7","79.0"
"2025-07-11T17:00","18.0","16.8","106.0"
"2025-07-11T18:00","18.1","17.5","103.0"
"2025-07-11T19:00","18.0","13.5","39.0"
"2025-07-11T20:00","17.2","11.9","7.0"
"2025-07-11T21:00","16.6","11.7","0.0"
"2025-07-11T22:00","17.0","11.6","0.0"
"2025-07-11T23:00","17.8","15.9","0.0"
"2025-07-12T00:00","17.8","16.4","0.0"
"2025-07-12T01:00","15.9","15.9","0.0"
"2025-07-12T02:00","16.1","15.9","0.0"
"2025-07-12T03:00","15.8","15.3","0.0"
"2025-07-12T04:00","15.9","16.4","33.0"
"2025-07-12T05:00","16.9","17.7","103.0"
"2025-07-12T06:00","17.0","18.0","93.0"
"2025-07-12T07:00","17.8","17.1","131.0"
"2025-07-12T08:00","18.5","15.6","178.0"
"2025-07-12T09:00","20.6","18.6","518.0"
"2025-07-12T10:00","20.5","13.9","298.0"
"2025-07-12T11:00","20.5","16.5","334.0"
"2025-07-12T12:00","21.9","17.6","528.0"
"2025-07-12T13:00","20.1","16.4","373.0"
"2025-07-12T14:00","20.7","15.9","406.0"
"2025-07-12T15:00","20.0","19.4","498.0"
"2025-07-12T16:00","19.4","15.6","251.0"
"2025-07-12T17:00","19.6","16.2","287.0"
"2025-07-12T18:00","18.9","15.9","134.0"
"2025-07-12T19:00","17.5","17.9","71.0"
"2025-07-12T20:00","16.2","17.8","10.0"
"2025-07-12T21:00","15.8","17.5","0.0"
"2025-07-12T22:00","15.1","15.4","0.0"
"2025-07-12T23:00","15.2","16.2","0.0"
"2025-07-13T00:00","15.1","16.6","0.0"
"2025-07-13T01:00","15.8","18.7","0.0"
"2025-07-13T02:00","16.0","18.5","0.0"
"2025-07-13T03:00","15.9","19.2","0.0"
"2025-07-13T04:00","16.1","21.1","12.0"
"2025-07-13T05:00","16.3","20.6","52.0"
"2025-07-13T06:00","16.9","23.2","142.0"
"2025-07-13T07:00","17.6","23.5","227.0"
"2025-07-13T08:00","18.6","20.7","370.0"
"2025-07-13T09:00","19.0","19.0","488.0"
"2025-07-13T10:00","19.2","20.1","445.0"
"2025-07-13T11:00","20.1","19.1","599.0"
"2025-07-13T12:00","20.1","18.0","515.0"
"2025-07-13T13:00","21.0","19.0","467.0"
"2025-07-13T14:00","21.4","19.7","555.0"
"2025-07-13T15:00","21.2","20.0","537.0"
"2025-07-13T16:00","21.0","18.2","351.0"
"2025-07-13T17:00","20.9","16.3","329.0"
"2025-07-13T18:00","20.0","16.3","198.0"
"2025-07-13T19:00","18.8","16.5","80.0"
"2025-07-13T20:00","17.6","16.8","10.0"
"2025-07-13T21:00","17.0","15.3","0.0"
"2025-07-13T22:00","16.5","13.3","0.0"
"2025-07-13T23:00","16.4","13.4","0.0"
"2025-07-14T00:00","16.0","12.8","0.0"
"2025-07-14T01:00","16.5","14.8","0.0"
"2025-07-14T02:00","16.2","14.1","0.0"
"2025-07-14T03:00","16.2","14.2","0.0"
"2025-07-14T04:00","16.2","10.9","27.0"
"2025-07-14T05:00","16.8","11.1","95.0"
"2025-07-14T06:00","17.4","12.8","183.0"
"2025-07-14T07:00","17.9","13.9","235.0"
"2025-07-14T08:00","18.3","13.7","282.0"
"2025-07-14T09:00","18.6","12.8","308.0"
"2025-07-14T10:00","19.7","11.0","430.0"
"2025-07-14T11:00","20.9","10.5","708.0"
"2025-07-14T12:00","20.9","10.7","704.0"
"2025-07-14T13:00","21.2","9.6","658.0"
"2025-07-14T14:00","20.5","7.1","433.0"
"2025-07-14T15:00","20.4","7.2","458.0"
"2025-07-14T16:00","20.3","7.6","428.0"
"2025-07-14T17:00","19.8","6.4","292.0"
"2025-07-14T18:00","19.3","6.1","173.0"
"2025-07-14T19:00","18.3","7.9","71.0"
"2025-07-14T20:00","17.1","6.1","9.0"
"2025-07-14T21:00","16.0","3.7","0.0"
"2025-07-14T22:00","15.5","3.8","0.0"
"2025-07-14T23:00","15.1","3.4","0.0"
"2025-07-15T00:00","14.9","2.0","0.0"
"2025-07-15T01:00","14.4","3.2","0.0"
"2025-07-15T02:00","13.9","4.0","0.0"
"2025-07-15T03:00","13.9","4.5","0.0"
"2025-07-15T04:00","14.8","5.1","28.0"
"2025-07-15T05:00","15.6","4.6","102.0"
"2025-07-15T06:00","16.6","6.6","199.0"
"2025-07-15T07:00","18.2","6.1","321.0"
"2025-07-15T08:00","19.5","5.1","457.0"
"2025-07-15T09:00","20.4","6.4","550.0"
"2025-07-15T10:00","20.6","11.3","632.0"
"2025-07-15T11:00","18.0","13.7","428.0"
"2025-07-15T12:00","18.7","9.8","463.0"
"2025-07-15T13:00","19.9","12.2","511.0"
"2025-07-15T14:00","18.6","10.3","389.0"
"2025-07-15T15:00","19.4","10.1","347.0"
"2025-07-15T16:00","19.7","13.6","402.0"
"2025-07-15T17:00","18.4","15.2","223.0"
"2025-07-15T18:00","17.9","15.5","126.0"
"2025-07-15T19:00","17.0","13.2","45.0"
"2025-07-15T20:00","16.5","12.6","3.0"
"2025-07-15T21:00","16.5","13.0","0.0"
"2025-07-15T22:00","16.2","13.6","0.0"
"2025-07-15T23:00","15.9","18.5","0.0"
"2025-07-16T00:00","15.4","19.6","0.0"
"2025-07-16T01:00","14.8","20.3","0.0"
"2025-07-16T02:00","14.4","21.3","0.0"
"2025-07-16T03:00","13.8","19.9","0.0"
"2025-07-16T04:00","14.0","19.3","30.0"
"2025-07-16T05:00","14.9","20.3","98.0"
"2025-07-16T06:00","15.8","18.1","145.0"
"2025-07-16T07:00","16.5","19.2","200.0"
"2025-07-16T08:00","17.2","21.3","272.0"
"2025-07-16T09:00","17.4","19.3","265.0"
"2025-07-16T10:00","17.9","18.8","321.0"
"2025-07-16T11:00","18.1","17.6","297.0"
"2025-07-16T12:00","18.8","17.2","343.0"
"2025-07-16T13:00","19.1","17.1","465.0"
"2025-07-16T14:00","19.5","17.7","515.0"
"2025-07-16T15:00","18.7","16.7","246.0"
"2025-07-16T16:00","17.9","13.9","160.0"
"2025-07-16T17:00","17.5","10.8","114.0"
"2025-07-16T18:00","17.5","10.8","102.0"
"2025-07-16T19:00","17.0","11.2","42.0"
"2025-07-16T20:00","16.6","12.5","4.0"
"2025-07-16T21:00","16.6","13.8","0.0"
"2025-07-16T22:00","16.6","13.4","0.0"
"2025-07-16T23:00","16.5","13.6","0.0"
"2025-07-17T00:00","16.8","13.7","0.0"
"2025-07-17T01:00","16.3","12.6","0.0"
"2025-07-17T02:00","16.7","12.5","0.0"
"2025-07-17T03:00","16.5","10.7","0.0"
"2025-07-17T04:00","16.9","11.7","19.0"
"2025-07-17T05:00","17.5","11.9","44.0"
"2025-07-17T06:00","18.5","13.5","156.0"
"2025-07-17T07:00","19.2","13.6","211.0"
"2025-07-17T08:00","19.5","12.9","249.0"
"2025-07-17T09:00","20.5","12.5","346.0"
"2025-07-17T10:00","21.5","12.8","549.0"
"2025-07-17T11:00","22.4","11.5","696.0"
"2025-07-17T12:00","22.6","10.8","717.0"
"2025-07-17T13:00","23.0","9.9","708.0"
"2025-07-17T14:00","23.0","8.7","660.0"
"2025-07-17T15:00","23.2","9.1","567.0"
"2025-07-17T16:00","23.2","9.2","410.0"
"2025-07-17T17:00","22.2","6.7","213.0"
"2025-07-17T18:00","21.6","5.7","150.0"
"2025-07-17T19:00","20.3","3.6","75.0"
"2025-07-17T20:00","19.3","1.9","8.0"
"2025-07-17T21:00","18.9","0.6","0.0"
"2025-07-17T22:00","17.9","3.5","0.0"
"2025-07-17T23:00","17.5","4.8","0.0"
"2025-07-18T00:00","17.3","6.5","0.0"
"2025-07-18T01:00","17.0","3.9","0.0"
"2025-07-18T02:00","16.8","6.2","0.0"
"2025-07-18T03:00","16.4","7.8","0.0"
"2025-07-18T04:00","16.4","6.7","28.0"
"2025-07-18T05:00","17.5","7.2","119.0"
"2025-07-18T06:00","18.8","7.6","226.0"
"2025-07-18T07:00","19.5","10.7","363.0"
"2025-07-18T08:00","19.9","8.8","410.0"
"2025-07-18T09:00","20.4","8.1","627.0"
"2025-07-18T10:00","20.7","7.3","705.0"
"2025-07-18T11:00","21.0","7.7","774.0"
"2025-07-18T12:00","21.5","6.7","784.0"
"2025-07-18T13:00","22.7","5.0","628.0"
"2025-07-18T14:00","23.0","8.1","619.0"
"2025-07-18T15:00","22.2","8.3","498.0"
"2025-07-18T16:00","21.6","7.0","294.0"
"2025-07-18T17:00","21.6","5.1","297.0"
"2025-07-18T18:00","20.9","5.6","187.0"
"2025-07-18T19:00","19.5","4.3","73.0"
"2025-07-18T20:00","18.1","1.8","7.0"
"2025-07-18T21:00","17.6","1.5","0.0"
"2025-07-18T22:00","17.4","1.5","0.0"
"2025-07-18T23:00","16.9","2.4","0.0"
"2025-07-19T00:00","16.5","2.1","0.0"
"2025-07-19T01:00","15.9","2.6","0.0"
"2025-07-19T02:00","15.2","3.5","0.0"
"2025-07-19T03:00","14.6","3.2","0.0"
"2025-07-19T04:00","15.1","4.5","24.0"
"2025-07-19T05:00","16.8","5.4","104.0"
"2025-07-19T06:00","18.3","4.1","202.0"
"2025-07-19T07:00","20.6","4.0","362.0"
"2025-07-19T08:00","22.1","3.2","517.0"
"2025-07-19T09:00","23.0","4.2","627.0"
"2025-07-19T10:00","23.3","6.2","708.0"
"2025-07-19T11:00","23.8","7.1","737.0"
"2025-07-19T12:00","24.1","7.6","704.0"
"2025-07-19T13:00","25.5","8.6","718.0"
"2025-07-19T14:00","25.5","10.5","675.0"
"2025-07-19T15:00","25.0","11.3","580.0"
"2025-07-19T16:00","24.5","10.5","450.0"
"2025-07-19T17:00","23.8","9.0","324.0"
"2025-07-19T18:00","22.8","9.5","188.0"
"2025-07-19T19:00","21.1","7.1","73.0"
"2025-07-19T20:00","19.2","5.2","7.0"
"2025-07-19T21:00","18.1","4.9","0.0"
"2025-07-19T22:00","17.5","4.8","0.0"
"2025-07-19T23:00","16.6","4.4","0.0"
"2025-07-20T00:00","16.4","4.1","0.0"
"2025-07-20T01:00","16.1","5.0","0.0"
"2025-07-20T02:00","16.1","5.2","0.0"
"2025-07-20T03:00","16.0","5.5","0.0"
"2025-07-20T04:00","17.3","7.6","26.0"
"2025-07-20T05:00","18.5","8.9","122.0"
"2025-07-20T06:00","19.9","8.0","254.0"
"2025-07-20T07:00","21.2","9.2","395.0"
"2025-07-20T08:00","22.4","10.3","530.0"
"2025-07-20T09:00","23.2","11.2","646.0"
"2025-07-20T10:00","24.0","12.5","737.0"
"2025-07-20T11:00","24.3","13.5","775.0"
"2025-07-20T12:00","24.2","14.3","746.0"
"2025-07-20T13:00","24.9","15.4","646.0"
"2025-07-20T14:00","24.9","15.3","621.0"
"2025-07-20T15:00","24.9","15.2","577.0"
"2025-07-20T16:00","24.5","14.2","455.0"
"2025-07-20T17:00","23.7","13.5","331.0"
"2025-07-20T18:00","22.5","13.7","191.0"
"2025-07-20T19:00","21.2","13.3","64.0"
"2025-07-20T20:00","20.6","13.4","5.0"
"2025-07-20T21:00","20.4","14.6","0.0"
"2025-07-20T22:00","20.0","15.0","0.0"
"2025-07-20T23:00","19.8","15.9","0.0"
"2025-07-21T00:00","19.6","16.2","0.0"
"2025-07-21T01:00","19.2","16.2","0.0"
"2025-07-21T02:00","19.1","17.3","0.0"
"2025-07-21T03:00","19.0","18.5","0.0"
"2025-07-21T04:00","19.3","19.5","16.0"
"2025-07-21T05:00","19.8","16.1","70.0"
"2025-07-21T06:00","20.0","16.4","87.0"
"2025-07-21T07:00","20.6","20.2","178.0"
"2025-07-21T08:00","21.0","22.6","253.0"
"2025-07-21T09:00","20.4","22.4","195.0"
"2025-07-21T10:00","21.4","23.5","445.0"
"2025-07-21T11:00","20.0","19.7","176.0"
"2025-07-21T12:00","19.2","19.0","93.0"
"2025-07-21T13:00","19.6","19.0","115.0"
"2025-07-21T14:00","20.0","17.7","190.0"
"2025-07-21T15:00","19.1","16.0","91.0"
"2025-07-21T16:00","18.5","16.7","116.0"
"2025-07-21T17:00","18.4","11.6","67.0"
"2025-07-21T18:00","18.4","7.6","33.0"
"2025-07-21T19:00","18.2","3.6","9.0"
"2025-07-21T20:00","18.4","3.1","1.0"
"2025-07-21T21:00","18.1","4.4","0.0"
"2025-07-21T22:00","17.8","7.7","0.0"
"2025-07-21T23:00","17.8","10.7","0.0"
"2025-07-22T00:00","17.5","9.9","0.0"
"2025-07-22T01:00","17.0","11.2","0.0"
"2025-07-22T02:00","17.1","9.3","0.0"
"2025-07-22T03:00","17.5","8.3","0.0"
"2025-07-22T04:00","17.9","9.1","10.0"
"2025-07-22T05:00","18.3","9.7","36.0"
"2025-07-22T06:00","18.8","11.1","74.0"
"2025-07-22T07:00","19.1","11.4","123.0"
"2025-07-22T08:00","19.9","10.4","202.0"
"2025-07-22T09:00","20.4","11.5","233.0"
"2025-07-22T10:00","21.1","11.0","316.0"
"2025-07-22T11:00","22.3","9.4","493.0"
"2025-07-22T12:00","20.3","8.5","186.0"
"2025-07-22T13:00","18.4","11.4","64.0"
"2025-07-22T14:00","18.3","15.6","44.0"
"2025-07-22T15:00","18.2","17.1","31.0"
"2025-07-22T16:00","18.8","20.5","63.0"
"2025-07-22T17:00","19.4","20.8","56.0"
"2025-07-22T18:00","19.9","17.4","47.0"
"2025-07-22T19:00","19.2","10.6","32.0"
"2025-07-22T20:00","18.0","16.6","2.0"
"2025-07-22T21:00","17.5","26.1","0.0"
"2025-07-22T22:00","17.6","28.6","0.0"
"2025-07-22T23:00","17.6","28.8","0.0"
"2025-07-23T00:00","17.6","25.4","0.0"
"2025-07-23T01:00","17.5","20.0","0.0"
"2025-07-23T02:00","17.8","20.1","0.0"
"2025-07-23T03:00","17.8","21.5","0.0"
"2025-07-23T04:00","17.6","19.2","17.0"
"2025-07-23T05:00","18.0","20.5","89.0"
"2025-07-23T06:00","18.2","20.6","152.0"
"2025-07-23T07:00","18.6","19.7","302.0"
"2025-07-23T08:00","18.9","21.0","409.0"
"2025-07-23T09:00","19.2","21.2","493.0"
"2025-07-23T10:00","19.4","17.4","449.0"
"2025-07-23T11:00","20.0","15.1","506.0"
"2025-07-23T12:00","20.5","10.6","493.0"
"2025-07-23T13:00","20.5","7.8","524.0"
"2025-07-23T14:00","20.2","5.5","370.0"
"2025-07-23T15:00","20.9","5.6","545.0"
"2025-07-23T16:00","20.8","5.6","381.0"
"2025-07-23T17:00","20.8","3.8","253.0"
"2025-07-23T18:00","20.5","1.6","151.0"
"2025-07-23T19:00","19.5","0.0","58.0"
"2025-07-23T20:00","18.0","1.7","4.0"
"2025-07-23T21:00","17.5","5.5","0.0"
"2025-07-23T22:00","17.0","4.6","0.0"
"2025-07-23T23:00","16.3","5.0","0.0"
"2025-07-24T00:00","16.0","5.2","0.0"
"2025-07-24T01:00","16.6","6.6","0.0"
"2025-07-24T02:00","16.2","6.6","0.0"
"2025-07-24T03:00","15.9","6.3","0.0"
"2025-07-24T04:00","16.0","4.9","19.0"
"2025-07-24T05:00","17.2","5.2","108.0"
"2025-07-24T06:00","18.8","2.8","234.0"
"2025-07-24T07:00","20.1","2.0","378.0"
"2025-07-24T08:00","21.3","4.5","496.0"
"2025-07-24T09:00","22.1","3.7","602.0"
"2025-07-24T10:00","22.6","3.5","616.0"
"2025-07-24T11:00","23.3","3.8","678.0"
"2025-07-24T12:00","23.6","6.9","695.0"
"2025-07-24T13:00","22.6","7.4","467.0"
"2025-07-24T14:00","22.6","6.1","413.0"
"2025-07-24T15:00","22.2","4.4","290.0"
"2025-07-24T16:00","22.5","4.2","357.0"
"2025-07-24T17:00","20.6","5.5","188.0"
"2025-07-24T18:00","20.9","3.1","129.0"
"2025-07-24T19:00","20.1","2.8","51.0"
"2025-07-24T20:00","18.9","4.7","4.0"
"2025-07-24T21:00","18.0","4.7","0.0"
"2025-07-24T22:00","17.8","5.0","0.0"
"2025-07-24T23:00","17.4","5.6","0.0"
"2025-07-25T00:00","17.1","7.1","0.0"
"2025-07-25T01:00","17.0","7.3","0.0"
"2025-07-25T02:00","16.7","5.7","0.0"
"2025-07-25T03:00","16.5","5.8","0.0"
"2025-07-25T04:00","16.8","7.1","13.0"
"2025-07-25T05:00","17.6","9.1","72.0"
"2025-07-25T06:00","18.7","8.1","164.0"
"2025-07-25T07:00","20.2","7.4","267.0"
"2025-07-25T08:00","21.5","8.8","401.0"
"2025-07-25T09:00","22.1","11.8","516.0"
"2025-07-25T10:00","22.4","9.8","525.0"
"2025-07-25T11:00","22.7","10.7","569.0"
"2025-07-25T12:00","22.7","10.5","514.0"
"2025-07-25T13:00","23.1","13.9","629.0"
"2025-07-25T14:00","22.8","16.0","573.0"
"2025-07-25T15:00","22.5","15.2","488.0"
"2025-07-25T16:00","21.6","14.8","311.0"
"2025-07-25T17:00","21.0","13.5","222.0"
"2025-07-25T18:00","20.6","12.2","127.0"
"2025-07-25T19:00","19.8","9.3","52.0"
"2025-07-25T20:00","18.9","10.1","3.0"
"2025-07-25T21:00","19.0","11.6","0.0"
"2025-07-25T22:00","18.7","11.5","0.0"
"2025-07-25T23:00","18.4","11.4","0.0"
"2025-07-26T00:00","18.0","11.5","0.0"
"2025-07-26T01:00","17.7","12.0","0.0"
"2025-07-26T02:00","17.3","12.9","0.0"
"2025-07-26T03:00","17.0","12.5","0.0"
"2025-07-26T04:00","16.6","11.7","11.0"
"2025-07-26T05:00","16.8","10.6","84.0"
"2025-07-26T06:00","17.5","12.3","194.0"
"2025-07-26T07:00","18.5","16.0","340.0"
"2025-07-26T08:00","18.8","14.8","265.0"
"2025-07-26T09:00","19.5","13.7","348.0"
"2025-07-26T10:00","19.8","13.9","311.0"
"2025-07-26T11:00","21.0","14.1","562.0"
"2025-07-26T12:00","21.6","14.2","596.0"
"2025-07-26T13:00","21.8","14.7","560.0"
"2025-07-26T14:00","21.8","14.5","505.0"
"2025-07-26T15:00","21.6","13.2","314.0"
"2025-07-26T16:00","21.7","13.9","380.0"
"2025-07-26T17:00","20.5","13.3","207.0"
"2025-07-26T18:00","19.7","11.8","96.0"
"2025-07-26T19:00","19.0","9.7","39.0"
"2025-07-26T20:00","18.0","8.5","2.0"
"2025-07-26T21:00","17.7","8.6","0.0"
"2025-07-26T22:00","17.7","9.2","0.0"
"2025-07-26T23:00","17.7","9.1","0.0"
"2025-07-27T00:00","17.4","9.3","0.0"
"2025-07-27T01:00","17.2","8.1","0.0"
"2025-07-27T02:00","16.9","8.9","0.0"
"2025-07-27T03:00","16.6","9.6","0.0"
"2025-07-27T04:00","16.7","10.0","9.0"
"2025-07-27T05:00","17.4","8.4","75.0"
"2025-07-27T06:00","18.2","10.0","184.0"
"2025-07-27T07:00","19.1","8.8","346.0"
"2025-07-27T08:00","19.7","9.3","382.0"
"2025-07-27T09:00","20.0","9.5","408.0"
"2025-07-27T10:00","20.3","9.6","459.0"
"2025-07-27T11:00","20.3","10.9","442.0"
"2025-07-27T12:00","19.4","10.8","251.0"
"2025-07-27T13:00","21.1","9.5","479.0"
"2025-07-27T14:00","21.2","10.4","426.0"
"2025-07-27T15:00","21.2","11.5","429.0"
"2025-07-27T16:00","20.4","11.9","304.0"
"2025-07-27T17:00","19.6","11.4","235.0"
"2025-07-27T18:00","19.2","7.8","137.0"
"2025-07-27T19:00","17.7","3.5","56.0"
"2025-07-27T20:00","16.6","3.6","2.0"
"2025-07-27T21:00","16.3","5.8","0.0"
"2025-07-27T22:00","16.4","9.1","0.0"
"2025-07-27T23:00","16.0","10.5","0.0"
"2025-07-28T00:00","15.7","10.7","0.0"
"2025-07-28T01:00","15.3","11.1","0.0"
"2025-07-28T02:00","15.0","11.4","0.0"
"2025-07-28T03:00","14.4","11.0","0.0"
"2025-07-28T04:00","14.2","11.4","15.0"
"2025-07-28T05:00","15.2","11.4","99.0"
"2025-07-28T06:00","16.9","13.1","227.0"
"2025-07-28T07:00","18.0","15.9","359.0"
"2025-07-28T08:00","19.1","16.2","491.0"
"2025-07-28T09:00","19.6","16.4","491.0"
"2025-07-28T10:00","19.8","17.0","464.0"
"2025-07-28T11:00","20.0","17.6","486.0"
"2025-07-28T12:00","20.5","20.6","566.0"
"2025-07-28T13:00","21.7","20.6","676.0"
"2025-07-28T14:00","21.6","20.4","562.0"
"2025-07-28T15:00","21.5","21.9","464.0"
"2025-07-28T16:00","21.0","22.0","334.0"
"2025-07-28T17:00","20.5","21.1","264.0"
"2025-07-28T18:00","19.6","19.5","154.0"
"2025-07-28T19:00","18.4","18.5","56.0"
"2025-07-28T20:00","17.5","19.8","2.0"
"2025-07-28T21:00","16.8","19.4","0.0"
"2025-07-28T22:00","16.1","18.6","0.0"
"2025-07-28T23:00","15.5","18.8","0.0"
"2025-07-29T00:00","15.1","19.2","0.0"
"2025-07-29T01:00","14.6","19.3","0.0"
"2025-07-29T02:00","14.3","18.9","0.0"
"2025-07-29T03:00","14.1","19.3","0.0"
"2025-07-29T04:00","14.1","19.9","14.0"
"2025-07-29T05:00","14.9","20.0","102.0"
"2025-07-29T06:00","16.0","21.5","235.0"
"2025-07-29T07:00","17.1","24.7","357.0"
"2025-07-29T08:00","18.0","24.5","479.0"
"2025-07-29T09:00","18.6","24.7","566.0"
"2025-07-29T10:00","19.2","25.2","672.0"
"2025-07-29T11:00","19.9","24.6","722.0"
"2025-07-29T12:00","20.1","24.9","666.0"
"2025-07-29T13:00","20.8","23.4","670.0"
"2025-07-29T14:00","20.5","23.8","624.0"
"2025-07-29T15:00","20.2","23.4","535.0"
"2025-07-29T16:00","19.7","22.0","439.0"
"2025-07-29T17:00","19.0","20.9","300.0"
"2025-07-29T18:00","18.2","18.2","166.0"
"2025-07-29T19:00","17.1","15.7","53.0"
"2025-07-29T20:00","16.0","14.6","1.0"
"2025-07-29T21:00","15.4","14.9","0.0"
"2025-07-29T22:00","14.8","15.5","0.0"
"2025-07-29T23:00","14.2","15.9","0.0"
"2025-07-30T00:00","14.0","15.6","0.0"
"2025-07-30T01:00","13.3","13.2","0.0"
"2025-07-30T02:00","13.2","14.3","0.0"
"2025-07-30T03:00","13.4","14.9","0.0"
"2025-07-30T04:00","13.8","17.0","11.0"
"2025-07-30T05:00","14.2","17.9","74.0"
"2025-07-30T06:00","15.2","20.2","183.0"
"2025-07-30T07:00","16.2","21.3","311.0"
"2025-07-30T08:00","17.2","21.3","430.0"
"2025-07-30T09:00","17.5","21.4","487.0"
"2025-07-30T10:00","18.0","22.4","588.0"
"2025-07-30T11:00","18.3","23.6","571.0"
"2025-07-30T12:00","18.5","24.8","669.0"
"2025-07-30T13:00","18.6","22.5","633.0"
"2025-07-30T14:00","17.4","21.1","387.0"
"2025-07-30T15:00","17.5","19.6","396.0"
"2025-07-30T16:00","17.1","22.6","278.0"
"2025-07-30T17:00","16.5","22.2","102.0"
"2025-07-30T18:00","16.5","22.7","84.0"
"2025-07-30T19:00","15.8","19.3","27.0"
"2025-07-30T20:00","15.6","19.0","0.0"
"2025-07-30T21:00","15.5","19.4","0.0"
"2025-07-30T22:00","15.3","17.5","0.0"
"2025-07-30T23:00","15.2","15.5","0.0"
"2025-07-31T00:00","15.2","14.6","0.0"
"2025-07-31T01:00","14.8","14.8","0.0"
"2025-07-31T02:00","14.5","12.1","0.0"
"2025-07-31T03:00","14.4","11.4","0.0"
"2025-07-31T04:00","14.6","11.2","10.0"
"2025-07-31T05:00","15.1","11.1","78.0"
"2025-07-31T06:00","15.9","11.9","166.0"
"2025-07-31T07:00","16.9","13.1","245.0"
"2025-07-31T08:00","17.4","13.7","286.0"
"2025-07-31T09:00","18.1","15.8","472.0"
"2025-07-31T10:00","18.4","16.4","502.0"
"2025-07-31T11:00","18.6","16.8","613.0"
"2025-07-31T12:00","19.0","16.2","697.0"
"2025-07-31T13:00","18.9","16.1","659.0"
"2025-07-31T14:00","19.3","15.7","667.0"
"2025-07-31T15:00","19.2","14.1","520.0"
"2025-07-31T16:00","18.9","11.3","339.0"
"2025-07-31T17:00","18.5","9.0","234.0"
"2025-07-31T18:00","17.9","8.1","149.0"
"2025-07-31T19:00","17.0","7.9","44.0"
"2025-07-31T20:00","16.3","7.2","1.0"
"2025-07-31T21:00","15.8","5.1","0.0"
"2025-07-31T22:00","15.6","5.3","0.0"
"2025-07-31T23:00","14.9","4.5","0.0"
"2025-08-01T00:00","14.8","3.2","0.0"
"2025-08-01T01:00","15.4","7.7","0.0"
"2025-08-01T02:00","14.6","4.7","0.0"
"2025-08-01T03:00","14.6","5.9","0.0"
"2025-08-01T04:00","14.9","7.7","9.0"
"2025-08-01T05:00","15.9","6.0","80.0"
"2025-08-01T06:00","17.0","4.3","202.0"
"2025-08-01T07:00","18.0","4.2","337.0"
"2025-08-01T08:00","18.6","7.0","459.0"
"2025-08-01T09:00","18.7","7.7","487.0"
"2025-08-01T10:00","18.2","7.7","375.0"
"2025-08-01T11:00","19.2","3.8","534.0"
"2025-08-01T12:00","19.7","7.3","490.0"
"2025-08-01T13:00","18.0","6.6","490.0"
"2025-08-01T14:00","18.8","4.6","443.0"
"2025-08-01T15:00","19.6","4.3","480.0"
"2025-08-01T16:00","19.9","3.7","377.0"
"2025-08-01T17:00","19.7","4.3","275.0"
"2025-08-01T18:00","18.9","5.5","136.0"
"2025-08-01T19:00","17.2","4.7","40.0"
"2025-08-01T20:00","16.5","6.7","0.0"
"2025-08-01T21:00","15.6","7.0","0.0"
"2025-08-01T22:00","14.9","5.6","0.0"
"2025-08-01T23:00","14.4","5.2","0.0"
"2025-08-02T00:00","13.8","4.6","0.0"
"2025-08-02T01:00","13.1","4.2","0.0"
"2025-08-02T02:00","12.4","3.1","0.0"
"2025-08-02T03:00","11.9","4.5","0.0"
"2025-08-02T04:00","12.8","6.8","8.0"
"2025-08-02T05:00","13.6","5.8","68.0"
"2025-08-02T06:00","14.9","5.5","165.0"
"2025-08-02T07:00","16.5","3.1","299.0"
"2025-08-02T08:00","18.1","3.7","439.0"
"2025-08-02T09:00","19.2","5.4","528.0"
"2025-08-02T10:00","20.2","6.4","608.0"
"2025-08-02T11:00","20.4","5.2","465.0"
"2025-08-02T12:00","20.2","7.1","360.0"
"2025-08-02T13:00","17.9","11.6","446.0"
"2025-08-02T14:00","17.9","7.3","375.0"
"2025-08-02T15:00","18.9","10.7","340.0"
"2025-08-02T16:00","19.0","7.3","219.0"
"2025-08-02T17:00","19.2","3.1","206.0"
"2025-08-02T18:00","18.6","6.9","118.0"
"2025-08-02T19:00","17.6","4.9","29.0"
"2025-08-02T20:00","17.0","6.5","0.0"
"2025-08-02T21:00","16.5","11.2","0.0"
"2025-08-02T22:00","15.9","11.5","0.0"
"2025-08-02T23:00","15.7","10.8","0.0"
"2025-08-03T00:00","15.6","10.6","0.0"
"2025-08-03T01:00","15.3","12.5","0.0"
"2025-08-03T02:00","15.6","13.5","0.0"
"2025-08-03T03:00","15.4","13.4","0.0"
"2025-08-03T04:00","15.2","14.4","6.0"
"2025-08-03T05:00","16.0","15.1","63.0"
"2025-08-03T06:00","16.4","16.8","99.0"
"2025-08-03T07:00","16.4","21.2","171.0"
"2025-08-03T08:00","16.2","29.3","159.0"
"2025-08-03T09:00","16.6","23.5","139.0"
"2025-08-03T10:00","17.0","23.4","216.0"
"2025-08-03T11:00","17.8","22.7","329.0"
"2025-08-03T12:00","18.2","21.2","391.0"
"2025-08-03T13:00","18.0","21.8","365.0"
"2025-08-03T14:00","18.7","23.6","592.0"
"2025-08-03T15:00","18.4","25.0","444.0"
"2025-08-03T16:00","17.7","21.3","208.0"
"2025-08-03T17:00","17.0","19.1","77.0"
"2025-08-03T18:00","16.8","17.0","30.0"
"2025-08-03T19:00","16.9","17.2","13.0"
"2025-08-03T20:00","16.6","17.1","0.0"
"2025-08-03T21:00","16.6","15.9","0.0"
"2025-08-03T22:00","16.4","14.3","0.0"
"2025-08-03T23:00","16.0","14.7","0.0"
"2025-08-04T00:00","15.9","14.5","0.0"
"2025-08-04T01:00","15.5","13.6","0.0"
"2025-08-04T02:00","15.5","14.8","0.0"
"2025-08-04T03:00","15.4","14.8","0.0"
"2025-08-04T04:00","15.2","12.9","5.0"
"2025-08-04T05:00","15.8","13.0","61.0"
"2025-08-04T06:00","16.8","12.5","165.0"
"2025-08-04T07:00","17.5","12.1","258.0"
"2025-08-04T08:00","17.9","11.5","206.0"
"2025-08-04T09:00","19.0","10.1","356.0"
"2025-08-04T10:00","19.4","11.2","435.0"
"2025-08-04T11:00","19.5","11.2","487.0"
"2025-08-04T12:00","20.1","14.8","582.0"
"2025-08-04T13:00","21.0","16.1","676.0"
"2025-08-04T14:00","20.9","17.1","561.0"
"2025-08-04T15:00","20.5","17.0","382.0"
"2025-08-04T16:00","20.2","18.7","308.0"
"2025-08-04T17:00","19.4","17.6","168.0"
"2025-08-04T18:00","18.5","16.6","23.0"
"2025-08-04T19:00","17.5","16.3","12.0"
"2025-08-04T20:00","16.7","19.5","0.0"
"2025-08-04T21:00","16.4","23.1","0.0"
"2025-08-04T22:00","16.6","25.9","0.0"
"2025-08-04T23:00","16.8","25.6","0.0"
"2025-08-05T00:00","17.5","28.3","0.0"
"2025-08-05T01:00","16.6","19.5","0.0"
"2025-08-05T02:00","16.0","18.3","0.0"
"2025-08-05T03:00","14.8","16.3","0.0"
"2025-08-05T04:00","14.1","15.4","6.0"
"2025-08-05T05:00","14.7","15.5","85.0"
"2025-08-05T06:00","16.1","14.0","214.0"
"2025-08-05T07:00","17.4","20.3","355.0"
"2025-08-05T08:00","17.8","23.1","445.0"
"2025-08-05T09:00","18.2","24.7","561.0"
"2025-08-05T10:00","18.9","26.1","651.0"
"2025-08-05T11:00","19.2","27.9","676.0"
"2025-08-05T12:00","19.4","28.5","678.0"
"2025-08-05T13:00","19.5","28.2","666.0"
"2025-08-05T14:00","19.0","28.5","612.0"
"2025-08-05T15:00","18.6","27.6","506.0"
"2025-08-05T16:00","17.6","27.4","364.0"
"2025-08-05T17:00","17.0","22.3","234.0"
"2025-08-05T18:00","16.0","22.6","135.0"
"2025-08-05T19:00","15.1","19.1","33.0"
"2025-08-05T20:00","14.5","20.6","0.0"
"2025-08-05T21:00","14.0","21.3","0.0"
"2025-08-05T22:00","13.8","19.8","0.0"
"2025-08-05T23:00","13.3","18.8","0.0"
"2025-08-06T00:00","13.1","19.4","0.0"
"2025-08-06T01:00","13.2","20.9","0.0"
"2025-08-06T02:00","13.2","21.7","0.0"
"2025-08-06T03:00","13.1","21.3","0.0"
"2025-08-06T04:00","13.1","23.2","4.0"
"2025-08-06T05:00","13.6","23.8","65.0"
"2025-08-06T06:00","14.2","22.0","161.0"
"2025-08-06T07:00","14.9","26.4","262.0"
"2025-08-06T08:00","15.6","28.5","420.0"
"2025-08-06T09:00","16.5","27.4","492.0"
"2025-08-06T10:00","17.6","28.1","638.0"
"2025-08-06T11:00","18.1","26.1","641.0"
"2025-08-06T12:00","17.4","27.2","650.0"
"2025-08-06T13:00","17.7","25.8","554.0"
"2025-08-06T14:00","17.2","21.5","303.0"
"2025-08-06T15:00","16.8","20.3","237.0"
"2025-08-06T16:00","15.9","16.4","244.0"
"2025-08-06T17:00","16.7","18.6","191.0"
"2025-08-06T18:00","16.3","18.6","123.0"
"2025-08-06T19:00","15.7","17.4","24.0"
"2025-08-06T20:00","15.1","15.9","0.0"
"2025-08-06T21:00","14.8","17.2","0.0"
"2025-08-06T22:00","14.3","17.0","0.0"
"2025-08-06T23:00","13.9","15.3","0.0"
"2025-08-07T00:00","13.6","15.3","0.0"
"2025-08-07T01:00","13.5","13.8","0.0"
"2025-08-07T02:00","13.4","13.0","0.0"
"2025-08-07T03:00","13.4","14.0","0.0"
"2025-08-07T04:00","13.4","13.5","4.0"
"2025-08-07T05:00","14.1","12.1","50.0"
"2025-08-07T06:00","15.4","11.9","132.0"
"2025-08-07T07:00","16.7","18.1","298.0"
"2025-08-07T08:00","17.5","16.5","337.0"
"2025-08-07T09:00","18.0","17.4","396.0"
"2025-08-07T10:00","18.3","17.9","400.0"
"2025-08-07T11:00","18.4","17.7","328.0"
"2025-08-07T12:00","18.5","17.2","300.0"
"2025-08-07T13:00","19.5","15.1","525.0"
"2025-08-07T14:00","19.6","14.9","397.0"
"2025-08-07T15:00","19.8","15.8","432.0"
"2025-08-07T16:00","18.8","12.2","136.0"
"2025-08-07T17:00","18.6","11.5","166.0"
"2025-08-07T18:00","18.1","10.8","61.0"
"2025-08-07T19:00","17.0","11.2","28.0"
"2025-08-07T20:00","16.5","10.7","0.0"
"2025-08-07T21:00","16.6","10.4","0.0"
"2025-08-07T22:00","16.6","8.4","0.0"
"2025-08-07T23:00","16.3","8.1","0.0"
"2025-08-08T00:00","15.9","9.9","0.0"
"2025-08-08T01:00","16.3","11.3","0.0"
"2025-08-08T02:00","15.6","8.9","0.0"
"2025-08-08T03:00","14.6","7.7","0.0"
"2025-08-08T04:00","14.1","8.7","4.0"
"2025-08-08T05:00","14.9","9.3","68.0"
"2025-08-08T06:00","16.3","7.8","194.0"
"2025-08-08T07:00","18.0","8.0","346.0"
"2025-08-08T08:00","19.5","9.7","480.0"
"2025-08-08T09:00","20.5","12.9","588.0"
"2025-08-08T10:00","21.5","11.1","636.0"
"2025-08-08T11:00","21.6","12.4","557.0"
"2025-08-08T12:00","22.0","13.4","634.0"
"2025-08-08T13:00","23.0","10.7","652.0"
"2025-08-08T14:00","23.0","15.6","587.0"
"2025-08-08T15:00","22.7","16.0","507.0"
"2025-08-08T16:00","22.0","18.0","371.0"
"2025-08-08T17:00","20.5","14.9","212.0"
"2025-08-08T18:00","19.6","12.4","124.0"
"2025-08-08T19:00","18.4","13.3","28.0"
"2025-08-08T20:00","17.2","13.5","0.0"
"2025-08-08T21:00","16.2","12.8","0.0"
"2025-08-08T22:00","15.4","12.3","0.0"
"2025-08-08T23:00","14.9","12.3","0.0"
"2025-08-09T00:00","14.4","11.1","0.0"
"2025-08-09T01:00","13.2","10.2","0.0"
"2025-08-09T02:00","12.9","9.4","0.0"
"2025-08-09T03:00","12.6","8.9","0.0"
"2025-08-09T04:00","12.5","9.0","3.0"
"2025-08-09T05:00","13.3","10.0","70.0"
"2025-08-09T06:00","14.6","8.3","197.0"
"2025-08-09T07:00","16.0","8.8","344.0"
"2025-08-09T08:00","17.3","11.7","494.0"
"2025-08-09T09:00","18.0","11.7","410.0"
"2025-08-09T10:00","19.0","14.4","477.0"
"2025-08-09T11:00","19.8","14.3","510.0"
"2025-08-09T12:00","20.0","14.6","497.0"
"2025-08-09T13:00","21.5","14.7","522.0"
"2025-08-09T14:00","22.2","14.8","563.0"
"2025-08-09T15:00","22.1","15.1","505.0"
"2025-08-09T16:00","21.6","12.6","405.0"
"2025-08-09T17:00","20.8","8.9","255.0"
"2025-08-09T18:00","19.6","6.4","121.0"
"2025-08-09T19:00","18.0","10.1","25.0"
"2025-08-09T20:00","17.0","11.9","0.0"
"2025-08-09T21:00","16.9","12.8","0.0"
"2025-08-09T22:00","16.4","13.1","0.0"
"2025-08-09T23:00","16.1","12.2","0.0"
"2025-08-10T00:00","15.4","13.4","0.0"
"2025-08-10T01:00","14.6","13.4","0.0"
"2025-08-10T02:00","13.9","14.4","0.0"
"2025-08-10T03:00","13.7","14.3","0.0"
"2025-08-10T04:00","13.7","13.9","2.0"
"2025-08-10T05:00","14.6","15.1","60.0"
"2025-08-10T06:00","15.8","14.9","178.0"
"2025-08-10T07:00","17.1","16.7","321.0"
"2025-08-10T08:00","18.4","18.4","461.0"
"2025-08-10T09:00","19.0","21.1","571.0"
"2025-08-10T10:00","19.4","21.7","615.0"
"2025-08-10T11:00","19.2","20.7","589.0"
"2025-08-10T12:00","19.7","19.7","590.0"
"2025-08-10T13:00","20.1","20.3","593.0"
"2025-08-10T14:00","20.0","20.6","494.0"
"2025-08-10T15:00","20.1","21.7","444.0"
"2025-08-10T16:00","19.7","19.7","337.0"
"2025-08-10T17:00","19.2","16.6","231.0"
"2025-08-10T18:00","18.3","13.2","124.0"
"2025-08-10T19:00","16.6","10.7","24.0"
"2025-08-10T20:00","15.6","10.5","0.0"
"2025-08-10T21:00","14.8","9.5","0.0"
"2025-08-10T22:00","14.1","10.1","0.0"
"2025-08-10T23:00","13.6","9.6","0.0"
"2025-08-11T00:00","13.0","9.3","0.0"
"2025-08-11T01:00","11.8","9.2","0.0"
"2025-08-11T02:00","11.4","9.0","0.0"
"2025-08-11T03:00","11.1","8.4","0.0"
"2025-08-11T04:00","11.2","7.8","2.0"
"2025-08-11T05:00","12.2","9.0","58.0"
"2025-08-11T06:00","13.9","9.0","170.0"
"2025-08-11T07:00","15.3","10.0","279.0"
"2025-08-11T08:00","16.7","12.2","463.0"
"2025-08-11T09:00","17.9","13.9","571.0"
"2025-08-11T10:00","18.4","13.6","549.0"
"2025-08-11T11:00","19.4","14.3","610.0"
"2025-08-11T12:00","18.8","14.6","400.0"
"2025-08-11T13:00","18.9","14.8","281.0"
"2025-08-11T14:00","18.8","12.5","264.0"
"2025-08-11T15:00","19.1","11.6","369.0"
"2025-08-11T16:00","19.7","13.0","338.0"
"2025-08-11T17:00","19.6","12.8","204.0"
"2025-08-11T18:00","18.3","9.5","119.0"
"2025-08-11T19:00","16.7","8.0","20.0"
"2025-08-11T20:00","16.1","10.6","0.0"
"2025-08-11T21:00","15.7","11.3","0.0"
"2025-08-11T22:00","15.3","11.3","0.0"
"2025-08-11T23:00","14.9","10.4","0.0"
"2025-08-12T00:00","14.6","10.1","0.0"
"2025-08-12T01:00","14.3","9.6","0.0"
"2025-08-12T02:00","14.3","9.1","0.0"
"2025-08-12T03:00","14.1","8.7","0.0"
"2025-08-12T04:00","13.9","8.5","2.0"
"2025-08-12T05:00","14.7","8.4","56.0"
"2025-08-12T06:00","16.1","7.2","162.0"
"2025-08-12T07:00","17.6","6.7","288.0"
"2025-08-12T08:00","19.1","8.5","400.0"
"2025-08-12T09:00","19.9","6.8","327.0"
"2025-08-12T10:00","20.9","7.6","387.0"
"2025-08-12T11:00","20.9","7.9","336.0"
"2025-08-12T12:00","21.1","5.9","339.0"
"2025-08-12T13:00","23.0","4.4","466.0"
"2025-08-12T14:00","23.0","4.5","436.0"
"2025-08-12T15:00","23.2","5.1","421.0"
"2025-08-12T16:00","22.0","3.3","139.0"
"2025-08-12T17:00","20.8","2.0","53.0"
"2025-08-12T18:00","19.8","2.5","24.0"
"2025-08-12T19:00","19.0","5.9","6.0"
"2025-08-12T20:00","18.4","11.0","0.0"
"2025-08-12T21:00","17.7","9.9","0.0"
"2025-08-12T22:00","17.4","9.7","0.0"
"2025-08-12T23:00","17.0","10.2","0.0"
"2025-08-13T00:00","17.0","10.2","0.0"
"2025-08-13T01:00","16.5","9.6","0.0"
"2025-08-13T02:00","16.1","9.8","0.0"
"2025-08-13T03:00","15.9","10.3","0.0"
"2025-08-13T04:00","16.0","11.3","1.0"
"2025-08-13T05:00","16.8","11.9","55.0"
"2025-08-13T06:00","17.9","10.7","175.0"
"2025-08-13T07:00","19.0","11.6","315.0"
"2025-08-13T08:00","20.1","12.0","453.0"
"2025-08-13T09:00","21.5","11.5","571.0"
"2025-08-13T10:00","22.6","10.9","660.0"
"2025-08-13T11:00","23.4","11.6","713.0"
"2025-08-13T12:00","23.6","11.9","724.0"
"2025-08-13T13:00","23.9","12.4","689.0"
"2025-08-13T14:00","23.6","11.3","621.0"
"2025-08-13T15:00","23.5","11.4","518.0"
"2025-08-13T16:00","22.9","11.6","389.0"
"2025-08-13T17:00","21.9","12.5","248.0"
"2025-08-13T18:00","20.8","12.7","114.0"
"2025-08-13T19:00","20.0","11.0","18.0"
"2025-08-13T20:00","19.7","10.2","0.0"
"2025-08-13T21:00","19.5","9.7","0.0"
"2025-08-13T22:00","18.9","10.5","0.0"
"2025-08-13T23:00","18.4","11.9","0.0"
"2025-08-14T00:00","18.0","10.5","0.0"
"2025-08-14T01:00","17.1","9.6","0.0"
"2025-08-14T02:00","17.2","11.0","0.0"
"2025-08-14T03:00","17.3","12.9","0.0"
"2025-08-14T04:00","17.4","14.3","1.0"
"2025-08-14T05:00","18.2","14.3","49.0"
"2025-08-14T06:00","19.1","12.9","112.0"
"2025-08-14T07:00","19.9","14.9","196.0"
"2025-08-14T08:00","21.1","16.0","392.0"
"2025-08-14T09:00","21.9","16.7","519.0"
"2025-08-14T10:00","22.5","16.9","651.0"
"2025-08-14T11:00","22.8","17.3","710.0"
"2025-08-14T12:00","22.5","18.2","660.0"
"2025-08-14T13:00","23.5","17.2","692.0"
"2025-08-14T14:00","22.1","15.2","305.0"
"2025-08-14T15:00","22.0","15.5","223.0"
"2025-08-14T16:00","21.7","15.7","157.0"
"2025-08-14T17:00","21.3","15.0","80.0"
"2025-08-14T18:00","21.0","15.3","91.0"
"2025-08-14T19:00","20.2","14.0","15.0"
"2025-08-14T20:00","19.8","13.3","0.0"
"2025-08-14T21:00","19.6","11.6","0.0"
"2025-08-14T22:00","19.4","9.8","0.0"
"2025-08-14T23:00","19.2","10.1","0.0"
"2025-08-15T00:00","19.1","10.7","0.0"
"2025-08-15T01:00","18.4","8.5","0.0"
"2025-08-15T02:00","18.4","8.2","0.0"
"2025-08-15T03:00","19.1","13.6","0.0"
"2025-08-15T04:00","20.4","14.3","1.0"
"2025-08-15T05:00","20.9","13.3","50.0"
"2025-08-15T06:00","21.8","9.9","168.0"
"2025-08-15T07:00","23.1","8.2","292.0"
"2025-08-15T08:00","25.0","8.5","428.0"
"2025-08-15T09:00","26.0","9.1","477.0"
"2025-08-15T10:00","26.9","11.8","601.0"
"2025-08-15T11:00","26.9","17.5","675.0"
"2025-08-15T12:00","26.4","17.8","694.0"
"2025-08-15T13:00","25.1","22.8","662.0"
"2025-08-15T14:00","25.0","22.6","586.0"
"2025-08-15T15:00","25.0","22.5","478.0"
"2025-08-15T16:00","24.2","21.6","335.0"
"2025-08-15T17:00","23.1","19.6","216.0"
"2025-08-15T18:00","21.6","17.7","104.0"
"2025-08-15T19:00","20.2","15.5","14.0"
"2025-08-15T20:00","19.5","17.5","0.0"
"2025-08-15T21:00","18.9","20.8","0.0"
"2025-08-15T22:00","17.8","21.2","0.0"
"2025-08-15T23:00","16.6","21.0","0.0"
"2025-08-16T00:00","16.0","21.7","0.0"
"2025-08-16T01:00","15.6","21.5","0.0"
"2025-08-16T02:00","14.9","20.8","0.0"
"2025-08-16T03:00","14.4","20.0","0.0"
"2025-08-16T04:00","14.1","18.5","0.0"
"2025-08-16T05:00","14.6","17.0","42.0"
"2025-08-16T06:00","15.4","16.2","115.0"
"2025-08-16T07:00","16.6","17.0","212.0"
"2025-08-16T08:00","18.9","17.4","449.0"
"2025-08-16T09:00","20.1","17.7","560.0"
"2025-08-16T10:00","21.2","19.7","669.0"
"2025-08-16T11:00","21.6","20.5","726.0"
"2025-08-16T12:00","21.9","21.1","737.0"
"2025-08-16T13:00","21.5","20.2","699.0"
"2025-08-16T14:00","21.2","20.3","627.0"
"2025-08-16T15:00","20.8","19.0","513.0"
"2025-08-16T16:00","20.2","17.1","377.0"
"2025-08-16T17:00","19.5","15.3","224.0"
"2025-08-16T18:00","18.7","9.6","86.0"
"2025-08-16T19:00","17.0","5.7","12.0"
"2025-08-16T20:00","16.5","10.1","0.0"
"2025-08-16T21:00","15.8","11.4","0.0"
"2025-08-16T22:00","15.1","8.7","0.0"
"2025-08-16T23:00","13.9","5.3","0.0"
"2025-08-17T00:00","13.2","5.4","0.0"
"2025-08-17T01:00","11.8","5.4","0.0"
"2025-08-17T02:00","11.7","6.2","0.0"
"2025-08-17T03:00","11.8","8.9","0.0"
"2025-08-17T04:00","12.1","9.4","0.0"
"2025-08-17T05:00","12.9","9.4","47.0"
"2025-08-17T06:00","14.8","8.6","169.0"
"2025-08-17T07:00","16.9","11.0","313.0"
"2025-08-17T08:00","18.5","13.1","453.0"
"2025-08-17T09:00","19.5","13.7","574.0"
"2025-08-17T10:00","20.2","16.5","666.0"
"2025-08-17T11:00","20.4","18.5","718.0"
"2025-08-17T12:00","20.3","18.8","728.0"
"2025-08-17T13:00","20.3","21.2","699.0"
"2025-08-17T14:00","20.0","21.3","627.0"
"2025-08-17T15:00","19.8","20.2","518.0"
"2025-08-17T16:00","19.5","17.9","380.0"
"2025-08-17T17:00","19.0","14.9","226.0"
"2025-08-17T18:00","18.1","11.0","98.0"
"2025-08-17T19:00","16.8","9.4","11.0"
"2025-08-17T20:00","16.0","9.9","0.0"
"2025-08-17T21:00","15.7","11.1","0.0"
"2025-08-17T22:00","15.5","11.0","0.0"
"2025-08-17T23:00","15.1","9.9","0.0"
"2025-08-18T00:00","14.8","8.9","0.0"
"2025-08-18T01:00","12.4","7.2","0.0"
"2025-08-18T02:00","11.9","5.3","0.0"
"2025-08-18T03:00","11.2","4.6","0.0"
"2025-08-18T04:00","11.1","5.7","0.0"
"2025-08-18T05:00","11.9","7.5","44.0"
"2025-08-18T06:00","14.1","5.8","163.0"
"2025-08-18T07:00","16.4","4.1","305.0"
"2025-08-18T08:00","18.8","4.2","445.0"
"2025-08-18T09:00","20.3","3.6","566.0"
"2025-08-18T10:00","21.4","1.5","656.0"
"2025-08-18T11:00","22.1","0.9","709.0"
"2025-08-18T12:00","22.5","2.6","720.0"
"2025-08-18T13:00","23.2","1.1","687.0"
"2025-08-18T14:00","23.5","0.9","614.0"
"2025-08-18T15:00","23.4","1.3","506.0"
"2025-08-18T16:00","22.8","1.0","375.0"
"2025-08-18T17:00","21.8","0.7","230.0"
"2025-08-18T18:00","19.9","3.2","95.0"
"2025-08-18T19:00","18.5","7.3","9.0"
"2025-08-18T20:00","17.1","4.9","0.0"
"2025-08-18T21:00","16.0","4.1","0.0"
"2025-08-18T22:00","15.4","5.9","0.0"
"2025-08-18T23:00","15.4","8.5","0.0"
"2025-08-19T00:00","15.2","9.3","0.0"
"2025-08-19T01:00","14.2","10.2","0.0"
"2025-08-19T02:00","14.0","10.4","0.0"
"2025-08-19T03:00","13.8","10.5","0.0"
"2025-08-19T04:00","13.6","10.8","0.0"
"2025-08-19T05:00","14.2","12.2","41.0"
"2025-08-19T06:00","15.9","13.0","157.0"
"2025-08-19T07:00","16.9","13.5","283.0"
"2025-08-19T08:00","18.0","14.9","424.0"
"2025-08-19T09:00","19.1","16.0","530.0"
"2025-08-19T10:00","20.0","15.8","637.0"
"2025-08-19T11:00","20.9","15.7","701.0"
"2025-08-19T12:00","21.6","16.0","716.0"
"2025-08-19T13:00","21.9","16.0","684.0"
"2025-08-19T14:00","21.8","16.6","592.0"
"2025-08-19T15:00","21.5","16.2","493.0"
"2025-08-19T16:00","21.3","15.1","363.0"
"2025-08-19T17:00","21.4","14.2","198.0"
"2025-08-19T18:00","20.2","16.1","71.0"
"2025-08-19T19:00","17.9","16.8","7.0"
"2025-08-19T20:00","16.9","12.7","0.0"
"2025-08-19T21:00","16.9","12.8","0.0"
"2025-08-19T22:00","16.6","14.7","0.0"
"2025-08-19T23:00","16.4","16.1","0.0"
"2025-08-20T00:00","15.9","15.5","0.0"
"2025-08-20T01:00","14.1","14.6","0.0"
"2025-08-20T02:00","13.9","15.2","0.0"
"2025-08-20T03:00","13.9","15.9","0.0"
"2025-08-20T04:00","13.4","16.0","0.0"
"2025-08-20T05:00","13.3","16.1","39.0"
"2025-08-20T06:00","14.2","13.4","160.0"
"2025-08-20T07:00","15.5","12.6","306.0"
"2025-08-20T08:00","16.8","11.1","449.0"
"2025-08-20T09:00","18.1","9.1","573.0"
"2025-08-20T10:00","19.2","8.2","666.0"
"2025-08-20T11:00","20.0","7.8","720.0"
"2025-08-20T12:00","20.2","10.7","729.0"
"2025-08-20T13:00","20.5","11.8","693.0"
"2025-08-20T14:00","19.4","18.0","603.0"
"2025-08-20T15:00","18.1","19.6","473.0"
"2025-08-20T16:00","17.5","16.3","365.0"
"2025-08-20T17:00","16.4","15.3","229.0"
"2025-08-20T18:00","15.4","12.1","92.0"
"2025-08-20T19:00","14.1","7.9","7.0"
"2025-08-20T20:00","12.6","4.6","0.0"
"2025-08-20T21:00","12.1","4.1","0.0"
"2025-08-20T22:00","11.4","3.8","0.0"
"2025-08-20T23:00","11.1","4.8","0.0"
"2025-08-21T00:00","10.9","6.2","0.0"
"2025-08-21T01:00","9.9","7.8","0.0"
"2025-08-21T02:00","11.2","9.1","0.0"
"2025-08-21T03:00","11.6","9.1","0.0"
"2025-08-21T04:00","12.2","10.8","0.0"
"2025-08-21T05:00","12.9","12.5","19.0"
"2025-08-21T06:00","14.1","12.0","134.0"
"2025-08-21T07:00","15.4","15.3","279.0"
"2025-08-21T08:00","16.1","16.6","426.0"
"2025-08-21T09:00","16.9","17.7","531.0"
"2025-08-21T10:00","17.5","19.0","599.0"
"2025-08-21T11:00","17.4","20.8","552.0"
"2025-08-21T12:00","18.4","18.9","613.0"
"2025-08-21T13:00","17.7","21.7","451.0"
"2025-08-21T14:00","16.8","18.9","353.0"
"2025-08-21T15:00","16.8","21.9","392.0"
"2025-08-21T16:00","16.6","21.5","311.0"
"2025-08-21T17:00","15.9","20.5","213.0"
"2025-08-21T18:00","15.1","17.1","80.0"
"2025-08-21T19:00","14.3","15.1","5.0"
"2025-08-21T20:00","13.9","14.3","0.0"
"2025-08-21T21:00","13.4","13.6","0.0"
"2025-08-21T22:00","13.1","12.9","0.0"
"2025-08-21T23:00","12.6","12.5","0.0"
"2025-08-22T00:00","12.4","12.3","0.0"
"2025-08-22T01:00","11.4","13.4","0.0"
"2025-08-22T02:00","10.9","12.1","0.0"
"2025-08-22T03:00","10.4","12.6","0.0"
"2025-08-22T04:00","10.5","15.3","0.0"
"2025-08-22T05:00","11.4","16.5","32.0"
"2025-08-22T06:00","13.2","16.8","149.0"
"2025-08-22T07:00","14.4","23.0","272.0"
"2025-08-22T08:00","15.2","25.9","336.0"
"2025-08-22T09:00","16.1","28.8","414.0"
"2025-08-22T10:00","16.1","28.4","367.0"
"2025-08-22T11:00","16.7","29.3","334.0"
"2025-08-22T12:00","17.5","30.4","523.0"
"2025-08-22T13:00","17.5","27.6","462.0"
"2025-08-22T14:00","17.6","29.2","495.0"
"2025-08-22T15:00","17.5","27.9","406.0"
"2025-08-22T16:00","17.1","25.8","310.0"
"2025-08-22T17:00","16.4","22.5","175.0"
"2025-08-22T18:00","15.3","19.6","69.0"
"2025-08-22T19:00","14.1","17.3","4.0"
"2025-08-22T20:00","13.0","14.8","0.0"
"2025-08-22T21:00","12.4","13.1","0.0"
"2025-08-22T22:00","12.1","15.5","0.0"
"2025-08-22T23:00","10.7","15.4","0.0"
"2025-08-23T00:00","10.9","14.9","0.0"
"2025-08-23T01:00","9.9","10.1","0.0"
"2025-08-23T02:00","10.1","12.4","0.0"
"2025-08-23T03:00","9.5","9.4","0.0"
"2025-08-23T04:00","8.8","13.1","0.0"
"2025-08-23T05:00","9.1","14.3","16.0"
"2025-08-23T06:00","10.5","10.8","96.0"
"2025-08-23T07:00","11.9","15.1","255.0"
"2025-08-23T08:00","11.9","22.3","352.0"
"2025-08-23T09:00","13.0","27.1","392.0"
"2025-08-23T10:00","13.0","23.7","407.0"
"2025-08-23T11:00","15.1","24.6","597.0"
"2025-08-23T12:00","16.1","23.3","648.0"
"2025-08-23T13:00","16.6","23.8","632.0"
"2025-08-23T14:00","16.5","24.2","599.0"
"2025-08-23T15:00","16.2","23.9","490.0"
"2025-08-23T16:00","15.8","22.1","360.0"
"2025-08-23T17:00","15.2","20.3","216.0"
"2025-08-23T18:00","14.2","17.0","78.0"
"2025-08-23T19:00","13.1","11.9","4.0"
"2025-08-23T20:00","11.9","8.5","0.0"
"2025-08-23T21:00","11.3","10.2","0.0"
"2025-08-23T22:00","10.9","9.9","0.0"
"2025-08-23T23:00","10.6","11.3","0.0"
"2025-08-24T00:00","10.6","13.5","0.0"
"2025-08-24T01:00","9.2","12.7","0.0"
"2025-08-24T02:00","9.0","12.1","0.0"
"2025-08-24T03:00","8.9","13.1","0.0"
"2025-08-24T04:00","9.2","14.2","0.0"
"2025-08-24T05:00","10.2","14.8","29.0"
"2025-08-24T06:00","12.0","13.9","140.0"
"2025-08-24T07:00","14.2","18.4","284.0"
"2025-08-24T08:00","15.7","18.6","402.0"
"2025-08-24T09:00","16.9","17.5","523.0"
"2025-08-24T10:00","17.7","17.7","614.0"
"2025-08-24T11:00","18.5","18.5","684.0"
"2025-08-24T12:00","19.1","19.9","677.0"
"2025-08-24T13:00","19.1","19.0","597.0"
"2025-08-24T14:00","19.2","18.9","583.0"
"2025-08-24T15:00","19.0","19.3","456.0"
"2025-08-24T16:00","18.4","20.0","283.0"
"2025-08-24T17:00","17.4","15.8","144.0"
"2025-08-24T18:00","16.5","12.5","57.0"
"2025-08-24T19:00","15.4","14.2","2.0"
"2025-08-24T20:00","14.6","17.5","0.0"
"2025-08-24T21:00","13.9","13.3","0.0"
"2025-08-24T22:00","13.6","13.9","0.0"
"2025-08-24T23:00","13.0","14.1","0.0"
"2025-08-25T00:00","12.7","14.5","0.0"
"2025-08-25T01:00","11.9","14.5","0.0"
"2025-08-25T02:00","11.5","13.9","0.0"
"2025-08-25T03:00","11.4","13.3","0.0"
"2025-08-25T04:00","11.4","12.5","0.0"
"2025-08-25T05:00","11.9","13.0","24.0"
"2025-08-25T06:00","13.4","15.0","129.0"
"2025-08-25T07:00","14.5","19.1","259.0"
"2025-08-25T08:00","15.2","18.7","310.0"
"2025-08-25T09:00","15.4","17.8","310.0"
"2025-08-25T10:00","16.7","18.1","428.0"
"2025-08-25T11:00","17.4","19.0","502.0"
"2025-08-25T12:00","18.1","19.2","544.0"
"2025-08-25T13:00","17.3","17.1","400.0"
"2025-08-25T14:00","18.1","16.2","403.0"
"2025-08-25T15:00","18.5","16.1","334.0"
"2025-08-25T16:00","19.0","14.5","307.0"
"2025-08-25T17:00","18.2","11.5","181.0"
"2025-08-25T18:00","16.5","9.4","66.0"
"2025-08-25T19:00","15.4","11.5","2.0"
"2025-08-25T20:00","14.8","11.4","0.0"
"2025-08-25T21:00","14.1","11.7","0.0"
"2025-08-25T22:00","13.4","12.4","0.0"
"2025-08-25T23:00","12.6","9.5","0.0"
"2025-08-26T00:00","11.9","7.0","0.0"
"2025-08-26T01:00","10.4","8.3","0.0"
"2025-08-26T02:00","10.6","10.4","0.0"
"2025-08-26T03:00","10.6","10.6","0.0"
"2025-08-26T04:00","10.6","11.1","0.0"
"2025-08-26T05:00","11.1","11.9","25.0"
"2025-08-26T06:00","12.6","11.1","137.0"
"2025-08-26T07:00","14.9","7.5","279.0"
"2025-08-26T08:00","16.5","5.9","421.0"
"2025-08-26T09:00","17.5","5.6","543.0"
"2025-08-26T10:00","18.4","6.5","633.0"
"2025-08-26T11:00","19.0","5.7","683.0"
"2025-08-26T12:00","19.5","6.5","679.0"
"2025-08-26T13:00","20.0","7.1","622.0"
"2025-08-26T14:00","20.0","6.6","426.0"
"2025-08-26T15:00","19.5","6.6","266.0"
"2025-08-26T16:00","19.3","7.4","300.0"
"2025-08-26T17:00","18.6","5.9","134.0"
"2025-08-26T18:00","17.7","1.6","42.0"
"2025-08-26T19:00","17.0","1.4","1.0"
"2025-08-26T20:00","16.6","3.1","0.0"
"2025-08-26T21:00","15.9","3.0","0.0"
"2025-08-26T22:00","15.8","3.8","0.0"
"2025-08-26T23:00","15.4","6.8","0.0"
"2025-08-27T00:00","15.2","8.2","0.0"
"2025-08-27T01:00","14.9","6.5","0.0"
"2025-08-27T02:00","15.0","8.0","0.0"
"2025-08-27T03:00","14.9","9.9","0.0"
"2025-08-27T04:00","14.9","11.7","0.0"
"2025-08-27T05:00","15.8","15.2","16.0"
"2025-08-27T06:00","15.9","17.9","59.0"
"2025-08-27T07:00","16.5","17.8","74.0"
"2025-08-27T08:00","17.4","16.9","151.0"
"2025-08-27T09:00","18.1","18.8","271.0"
"2025-08-27T10:00","18.5","21.0","304.0"
"2025-08-27T11:00","19.4","22.9","495.0"
"2025-08-27T12:00","19.9","22.2","548.0"
"2025-08-27T13:00","20.0","22.7","524.0"
"2025-08-27T14:00","20.0","21.5","494.0"
"2025-08-27T15:00","20.1","20.3","438.0"
"2025-08-27T16:00","19.4","16.3","165.0"
"2025-08-27T17:00","19.1","13.3","54.0"
"2025-08-27T18:00","18.9","11.1","24.0"
"2025-08-27T19:00","17.8","6.8","1.0"
"2025-08-27T20:00","16.8","3.7","0.0"
"2025-08-27T21:00","16.3","2.6","0.0"
"2025-08-27T22:00","15.6","2.8","0.0"
"2025-08-27T23:00","14.9","2.9","0.0"
"2025-08-28T00:00","14.4","2.7","0.0"
"2025-08-28T01:00","13.8","1.2","0.0"
"2025-08-28T02:00","13.9","0.7","0.0"
"2025-08-28T03:00","13.8","2.2","0.0"
"2025-08-28T04:00","13.6","4.0","0.0"
"2025-08-28T05:00","14.5","6.2","17.0"
"2025-08-28T06:00","15.9","6.3","110.0"
"2025-08-28T07:00","17.8","6.3","214.0"
"2025-08-28T08:00","19.4","6.5","350.0"
"2025-08-28T09:00","19.9","8.8","386.0"
"2025-08-28T10:00","20.3","8.5","436.0"
"2025-08-28T11:00","20.7","9.2","476.0"
"2025-08-28T12:00","20.7","11.9","497.0"
"2025-08-28T13:00","20.5","12.9","396.0"
"2025-08-28T14:00","20.1","13.4","336.0"
"2025-08-28T15:00","19.6","16.8","316.0"
"2025-08-28T16:00","18.6","16.6","235.0"
"2025-08-28T17:00","17.9","16.1","53.0"
"2025-08-28T18:00","17.8","14.9","22.0"
"2025-08-28T19:00","17.4","12.7","0.0"
"2025-08-28T20:00","16.9","12.5","0.0"
"2025-08-28T21:00","16.6","10.9","0.0"
"2025-08-28T22:00","16.5","9.1","0.0"
"2025-08-28T23:00","16.5","8.9","0.0"
"2025-08-29T00:00","16.4","7.4","0.0"
"2025-08-29T01:00","16.3","9.9","0.0"
"2025-08-29T02:00","16.4","9.7","0.0"
"2025-08-29T03:00","16.3","6.7","0.0"
"2025-08-29T04:00","15.9","4.6","0.0"
"2025-08-29T05:00","16.2","7.4","12.0"
"2025-08-29T06:00","16.5","8.6","77.0"
"2025-08-29T07:00","17.1","7.3","154.0"
"2025-08-29T08:00","18.8","10.2","335.0"
"2025-08-29T09:00","20.1","10.3","419.0"
"2025-08-29T10:00","21.0","8.4","474.0"
"2025-08-29T11:00","21.6","6.1","517.0"
"2025-08-29T12:00","21.9","7.0","485.0"
"2025-08-29T13:00","21.8","9.3","428.0"
"2025-08-29T14:00","21.8","9.2","447.0"
"2025-08-29T15:00","21.0","8.1","234.0"
"2025-08-29T16:00","20.8","8.6","285.0"
"2025-08-29T17:00","19.8","7.2","170.0"
"2025-08-29T18:00","17.5","4.9","48.0"
"2025-08-29T19:00","15.9","5.0","0.0"
"2025-08-29T20:00","14.9","5.3","0.0"
"2025-08-29T21:00","14.4","3.7","0.0"
"2025-08-29T22:00","14.2","1.1","0.0"
"2025-08-29T23:00","13.9","1.1","0.0"
"2025-08-30T00:00","13.6","3.1","0.0"
"2025-08-30T01:00","13.3","3.8","0.0"
"2025-08-30T02:00","13.6","6.2","0.0"
"2025-08-30T03:00","14.7","7.5","0.0"
"2025-08-30T04:00","14.2","6.1","0.0"
"2025-08-30T05:00","14.9","8.6","16.0"
"2025-08-30T06:00","16.4","11.5","91.0"
"2025-08-30T07:00","17.5","13.3","197.0"
"2025-08-30T08:00","18.2","16.5","277.0"
"2025-08-30T09:00","19.0","13.5","348.0"
"2025-08-30T10:00","19.5","13.7","324.0"
"2025-08-30T11:00","19.4","14.0","330.0"
"2025-08-30T12:00","20.4","13.3","494.0"
"2025-08-30T13:00","21.5","12.7","528.0"
"2025-08-30T14:00","18.8","13.9","283.0"
"2025-08-30T15:00","20.2","9.3","350.0"
"2025-08-30T16:00","20.0","9.6","225.0"
"2025-08-30T17:00","19.4","8.9","145.0"
"2025-08-30T18:00","18.0","9.8","42.0"
"2025-08-30T19:00","16.8","9.5","0.0"
"2025-08-30T20:00","16.0","9.7","0.0"
"2025-08-30T21:00","15.4","8.7","0.0"
"2025-08-30T22:00","14.9","7.8","0.0"
"2025-08-30T23:00","14.3","6.6","0.0"
"2025-08-31T00:00","14.1","7.1","0.0"
"2025-08-31T01:00","13.3","6.0","0.0"
"2025-08-31T02:00","12.6","4.1","0.0"
"2025-08-31T03:00","12.3","4.2","0.0"
"2025-08-31T04:00","12.1","5.5","0.0"
"2025-08-31T05:00","13.4","6.6","15.0"
"2025-08-31T06:00","15.6","9.0","113.0"
"2025-08-31T07:00","17.9","9.5","252.0"
"2025-08-31T08:00","19.1","12.1","322.0"
"2025-08-31T09:00","20.6","14.8","492.0"
"2025-08-31T10:00","21.1","15.2","445.0"
"2025-08-31T11:00","22.1","15.9","620.0"
"2025-08-31T12:00","22.4","15.7","584.0"
"2025-08-31T13:00","22.8","17.1","526.0"
"2025-08-31T14:00","22.4","18.1","497.0"
"2025-08-31T15:00","21.9","17.2","330.0"
"2025-08-31T16:00","21.0","16.2","238.0"
"2025-08-31T17:00","19.8","15.5","158.0"
"2025-08-31T18:00","18.6","17.2","40.0"
"2025-08-31T19:00","18.2","17.7","0.0"
"2025-08-31T20:00","18.1","18.0","0.0"
"2025-08-31T21:00","18.1","17.9","0.0"
"2025-08-31T22:00","18.2","18.0","0.0"
"2025-08-31T23:00","18.1","17.7","0.0"
"2025-09-01T00:00","18.0","18.0","0.0"
"2025-09-01T01:00","17.8","16.7","0.0"
"2025-09-01T02:00","17.8","16.2","0.0"
"2025-09-01T03:00","17.7","16.8","0.0"
"2025-09-01T04:00","17.5","17.2","0.0"
"2025-09-01T05:00","17.6","17.0","13.0"
"2025-09-01T06:00","18.6","16.7","108.0"
"2025-09-01T07:00","19.5","17.1","239.0"
"2025-09-01T08:00","20.3","19.7","374.0"
"2025-09-01T09:00","20.9","22.5","494.0"
"2025-09-01T10:00","21.8","22.9","594.0"
"2025-09-01T11:00","22.0","24.8","631.0"
"2025-09-01T12:00","22.1","25.3","628.0"
"2025-09-01T13:00","21.9","24.3","534.0"
"2025-09-01T14:00","21.2","23.7","388.0"
"2025-09-01T15:00","21.5","21.9","331.0"
"2025-09-01T16:00","21.2","21.0","251.0"
"2025-09-01T17:00","20.4","20.3","109.0"
"2025-09-01T18:00","19.2","13.8","13.0"
"2025-09-01T19:00","18.7","7.9","0.0"
"2025-09-01T20:00","18.7","6.9","0.0"
"2025-09-01T21:00","18.5","7.3","0.0"
"2025-09-01T22:00","18.0","8.1","0.0"
"2025-09-01T23:00","17.5","7.0","0.0"
"2025-09-02T00:00","17.1","4.8","0.0"
"2025-09-02T01:00","16.1","4.9","0.0"
"2025-09-02T02:00","15.4","2.7","0.0"
"2025-09-02T03:00","15.5","5.1","0.0"
"2025-09-02T04:00","15.3","4.0","0.0"
"2025-09-02T05:00","15.0","6.9","6.0"
"2025-09-02T06:00","15.2","6.3","69.0"
"2025-09-02T07:00","16.1","3.9","162.0"
"2025-09-02T08:00","17.8","0.9","322.0"
"2025-09-02T09:00","18.5","2.1","295.0"
"2025-09-02T10:00","18.9","3.1","241.0"
"2025-09-02T11:00","19.4","2.5","251.0"
"2025-09-02T12:00","19.6","5.1","264.0"
"2025-09-02T13:00","20.2","7.6","268.0"
"2025-09-02T14:00","20.0","8.2","173.0"
"2025-09-02T15:00","20.0","7.7","155.0"
"2025-09-02T16:00","20.0","7.4","154.0"
"2025-09-02T17:00","19.4","6.2","103.0"
"2025-09-02T18:00","17.4","4.7","30.0"
"2025-09-02T19:00","16.7","6.1","0.0"
"2025-09-02T20:00","16.6","7.8","0.0"
"2025-09-02T21:00","16.0","9.8","0.0"
"2025-09-02T22:00","15.4","8.9","0.0"
"2025-09-02T23:00","14.9","7.3","0.0"
"2025-09-03T00:00","14.5","7.6","0.0"
"2025-09-03T01:00","13.9","5.8","0.0"
"2025-09-03T02:00","13.2","5.2","0.0"
"2025-09-03T03:00","12.4","5.2","0.0"
"2025-09-03T04:00","12.4","5.6","0.0"
"2025-09-03T05:00","13.4","7.2","11.0"
"2025-09-03T06:00","15.2","9.9","104.0"
"2025-09-03T07:00","17.5","10.4","240.0"
"2025-09-03T08:00","19.4","14.2","378.0"
"2025-09-03T09:00","20.5","18.6","495.0"
"2025-09-03T10:00","20.8","21.4","513.0"
"2025-09-03T11:00","21.1","23.0","498.0"
"2025-09-03T12:00","21.8","23.8","602.0"
"2025-09-03T13:00","22.4","27.2","587.0"
"2025-09-03T14:00","21.9","27.4","307.0"
"2025-09-03T15:00","22.2","25.1","354.0"
"2025-09-03T16:00","21.2","19.9","170.0"
"2025-09-03T17:00","20.8","20.7","112.0"
"2025-09-03T18:00","20.3","20.9","27.0"
"2025-09-03T19:00","20.2","20.7","0.0"
"2025-09-03T20:00","20.0","22.0","0.0"
"2025-09-03T21:00","19.8","22.5","0.0"
"2025-09-03T22:00","19.5","22.5","0.0"
"2025-09-03T23:00","19.2","21.8","0.0"
"2025-09-04T00:00","19.1","21.3","0.0"
"2025-09-04T01:00","18.8","18.9","0.0"
"2025-09-04T02:00","18.4","18.4","0.0"
"2025-09-04T03:00","18.1","18.0","0.0"
"2025-09-04T04:00","18.0","16.9","0.0"
"2025-09-04T05:00","18.1","17.1","9.0"
"2025-09-04T06:00","19.0","16.3","94.0"
"2025-09-04T07:00","20.4","15.5","226.0"
"2025-09-04T08:00","21.2","19.7","358.0"
"2025-09-04T09:00","21.4","18.3","356.0"
"2025-09-04T10:00","22.1","18.4","506.0"
"2025-09-04T11:00","22.8","17.8","554.0"
"2025-09-04T12:00","23.0","16.6","570.0"
"2025-09-04T13:00","23.0","15.9","563.0"
"2025-09-04T14:00","22.9","14.8","494.0"
"2025-09-04T15:00","22.9","12.7","377.0"
"2025-09-04T16:00","22.5","14.8","260.0"
"2025-09-04T17:00","21.8","10.5","127.0"
"2025-09-04T18:00","20.8","7.2","19.0"
"2025-09-04T19:00","18.8","4.9","0.0"
"2025-09-04T20:00","17.9","3.4","0.0"
"2025-09-04T21:00","17.4","2.9","0.0"
"2025-09-04T22:00","16.5","3.6","0.0"
"2025-09-04T23:00","16.3","5.5","0.0"
"2025-09-05T00:00","16.8","5.4","0.0"
"2025-09-05T01:00","17.0","4.4","0.0"
"2025-09-05T02:00","16.1","1.8","0.0"
"2025-09-05T03:00","16.1","6.0","0.0"
"2025-09-05T04:00","16.1","4.9","0.0"
"2025-09-05T05:00","15.9","8.1","3.0"
"2025-09-05T06:00","16.1","7.3","8.0"
"2025-09-05T07:00","16.4","6.8","28.0"
"2025-09-05T08:00","16.9","2.5","57.0"
"2025-09-05T09:00","17.1","4.0","82.0"
"2025-09-05T10:00","17.2","7.2","92.0"
"2025-09-05T11:00","17.1","9.0","85.0"
"2025-09-05T12:00","18.0","12.4","199.0"
"2025-09-05T13:00","18.7","8.6","422.0"
"2025-09-05T14:00","18.6","11.6","237.0"
"2025-09-05T15:00","18.7","12.4","225.0"
"2025-09-05T16:00","18.6","12.3","168.0"
"2025-09-05T17:00","18.2","11.2","103.0"
"2025-09-05T18:00","17.0","9.6","23.0"
"2025-09-05T19:00","16.1","11.2","0.0"
"2025-09-05T20:00","15.6","11.2","0.0"
"2025-09-05T21:00","15.1","12.2","0.0"
"2025-09-05T22:00","14.8","12.1","0.0"
"2025-09-05T23:00","14.3","11.3","0.0"
"2025-09-06T00:00","13.9","10.9","0.0"
"2025-09-06T01:00","13.3","8.5","0.0"
"2025-09-06T02:00","13.1","9.9","0.0"
"2025-09-06T03:00","12.9","10.3","0.0"
"2025-09-06T04:00","12.8","11.4","0.0"
"2025-09-06T05:00","12.9","10.6","7.0"
"2025-09-06T06:00","13.9","9.9","91.0"
"2025-09-06T07:00","15.4","9.1","226.0"
"2025-09-06T08:00","16.7","12.6","337.0"
"2025-09-06T09:00","17.9","12.5","476.0"
"2025-09-06T10:00","18.8","11.9","569.0"
"2025-09-06T11:00","19.5","13.1","613.0"
"2025-09-06T12:00","19.9","12.5","618.0"
"2025-09-06T13:00","19.9","11.6","563.0"
"2025-09-06T14:00","19.9","10.0","499.0"
"2025-09-06T15:00","19.6","9.4","391.0"
"2025-09-06T16:00","19.0","8.9","268.0"
"2025-09-06T17:00","17.5","5.4","134.0"
"2025-09-06T18:00","14.9","4.3","23.0"
"2025-09-06T19:00","14.2","1.3","0.0"
"2025-09-06T20:00","13.6","0.9","0.0"
"2025-09-06T21:00","13.4","0.7","0.0"
"2025-09-06T22:00","13.1","1.0","0.0"
"2025-09-06T23:00","12.4","1.7","0.0"
"2025-09-07T00:00","11.9","2.3","0.0"
"2025-09-07T01:00","11.1","0.8","0.0"
"2025-09-07T02:00","11.1","0.5","0.0"
"2025-09-07T03:00","11.0","0.4","0.0"
"2025-09-07T04:00","10.9","0.4","0.0"
"2025-09-07T05:00","11.2","0.5","6.0"
"2025-09-07T06:00","13.2","2.2","92.0"
"2025-09-07T07:00","15.6","4.8","232.0"
"2025-09-07T08:00","16.9","6.4","368.0"
"2025-09-07T09:00","17.6","7.4","488.0"
"2025-09-07T10:00","18.1","7.8","577.0"
"2025-09-07T11:00","18.5","6.8","627.0"
"2025-09-07T12:00","18.9","8.1","640.0"
"2025-09-07T13:00","19.2","9.2","599.0"
"2025-09-07T14:00","19.1","9.5","523.0"
"2025-09-07T15:00","19.0","8.3","412.0"
"2025-09-07T16:00","18.6","6.7","275.0"
"2025-09-07T17:00","17.0","3.8","132.0"
"2025-09-07T18:00","15.1","6.5","20.0"
"2025-09-07T19:00","14.4","5.5","0.0"
"2025-09-07T20:00","13.9","5.3","0.0"
"2025-09-07T21:00","14.2","6.4","0.0"
"2025-09-07T22:00","14.4","6.8","0.0"
"2025-09-07T23:00","14.6","9.6","0.0"
"2025-09-08T00:00","14.6","11.6","0.0"
"2025-09-08T01:00","14.2","12.5","0.0"
"2025-09-08T02:00","14.4","12.8","0.0"
"2025-09-08T03:00","14.5","13.1","0.0"
"2025-09-08T04:00","14.9","14.5","0.0"
"2025-09-08T05:00","15.1","13.8","5.0"
"2025-09-08T06:00","15.9","13.9","79.0"
"2025-09-08T07:00","17.1","16.4","204.0"
"2025-09-08T08:00","18.1","16.5","300.0"
"2025-09-08T09:00","19.0","15.6","443.0"
"2025-09-08T10:00","19.5","13.8","490.0"
"2025-09-08T11:00","19.7","13.1","559.0"
"2025-09-08T12:00","19.8","9.8","543.0"
"2025-09-08T13:00","20.0","13.8","512.0"
"2025-09-08T14:00","19.6","12.7","411.0"
"2025-09-08T15:00","19.2","12.0","325.0"
"2025-09-08T16:00","18.8","11.6","235.0"
"2025-09-08T17:00","18.0","10.3","117.0"
"2025-09-08T18:00","17.0","10.1","17.0"
"2025-09-08T19:00","16.7","10.3","0.0"
"2025-09-08T20:00","16.5","10.4","0.0"
"2025-09-08T21:00","16.5","10.7","0.0"
"2025-09-08T22:00","16.3","8.7","0.0"
"2025-09-08T23:00","15.7","5.9","0.0"
"2025-09-09T00:00","15.0","5.5","0.0"
"2025-09-09T01:00","16.0","6.0","0.0"
"2025-09-09T02:00","16.0","10.0","0.0"
"2025-09-09T03:00","15.6","11.2","0.0"
"2025-09-09T04:00","15.7","9.1","0.0"
"2025-09-09T05:00","15.2","4.9","4.0"
"2025-09-09T06:00","16.5","6.2","63.0"
"2025-09-09T07:00","17.5","7.8","167.0"
"2025-09-09T08:00","18.6","11.0","290.0"
"2025-09-09T09:00","19.5","11.5","347.0"
"2025-09-09T10:00","20.1","12.0","422.0"
"2025-09-09T11:00","20.8","15.2","479.0"
"2025-09-09T12:00","21.0","18.3","586.0"
"2025-09-09T13:00","21.3","17.8","553.0"
"2025-09-09T14:00","21.2","16.3","482.0"
"2025-09-09T15:00","21.0","13.9","380.0"
"2025-09-09T16:00","20.5","9.5","247.0"
"2025-09-09T17:00","19.6","8.4","112.0"
"2025-09-09T18:00","18.5","12.8","14.0"
"2025-09-09T19:00","18.2","16.2","0.0"
"2025-09-09T20:00","17.6","17.1","0.0"
"2025-09-09T21:00","17.2","14.1","0.0"
"2025-09-09T22:00","17.1","15.5","0.0"
"2025-09-09T23:00","17.7","17.4","0.0"
"2025-09-10T00:00","18.3","18.2","0.0"
"2025-09-10T01:00","18.1","19.1","0.0"
"2025-09-10T02:00","18.5","18.1","0.0"
"2025-09-10T03:00","18.5","16.9","0.0"
"2025-09-10T04:00","18.2","17.0","0.0"
"2025-09-10T05:00","18.1","18.6","3.0"
"2025-09-10T06:00","18.4","19.1","59.0"
"2025-09-10T07:00","18.8","19.2","158.0"
"2025-09-10T08:00","19.2","23.0","268.0"
"2025-09-10T09:00","19.5","27.1","379.0"
"2025-09-10T10:00","19.9","25.8","418.0"
"2025-09-10T11:00","19.4","24.8","410.0"
"2025-09-10T12:00","19.2","26.7","408.0"
"2025-09-10T13:00","19.0","28.8","403.0"
"2025-09-10T14:00","18.8","21.5","194.0"
"2025-09-10T15:00","18.2","19.0","212.0"
"2025-09-10T16:00","18.6","16.5","148.0"
"2025-09-10T17:00","17.9","14.6","74.0"
"2025-09-10T18:00","17.9","11.9","7.0"
"2025-09-10T19:00","16.6","16.6","0.0"
"2025-09-10T20:00","16.3","16.0","0.0"
"2025-09-10T21:00","16.0","12.9","0.0"
"2025-09-10T22:00","16.3","9.5","0.0"
"2025-09-10T23:00","15.9","6.3","0.0"
"2025-09-11T00:00","15.6","3.8","0.0"
"2025-09-11T01:00","15.9","3.5","0.0"
"2025-09-11T02:00","16.0","6.9","0.0"
"2025-09-11T03:00","15.9","3.6","0.0"
"2025-09-11T04:00","15.4","2.5","0.0"
"2025-09-11T05:00","15.4","5.7","2.0"
"2025-09-11T06:00","15.5","7.6","37.0"
"2025-09-11T07:00","16.2","5.6","134.0"
"2025-09-11T08:00","17.4","5.8","312.0"
"2025-09-11T09:00","18.6","6.8","477.0"
"2025-09-11T10:00","19.6","10.5","562.0"
"2025-09-11T11:00","20.5","13.7","598.0"
"2025-09-11T12:00","20.9","16.4","603.0"
"2025-09-11T13:00","20.5","20.8","440.0"
"2025-09-11T14:00","18.6","23.2","397.0"
"2025-09-11T15:00","18.9","21.4","259.0"
"2025-09-11T16:00","18.4","20.7","200.0"
"2025-09-11T17:00","17.5","13.5","76.0"
"2025-09-11T18:00","16.6","12.1","8.0"
"2025-09-11T19:00","16.0","12.9","0.0"
"2025-09-11T20:00","15.5","10.4","0.0"
"2025-09-11T21:00","14.7","9.8","0.0"
"2025-09-11T22:00","14.3","11.5","0.0"
"2025-09-11T23:00","14.0","11.1","0.0"
"2025-09-12T00:00","13.9","12.8","0.0"
"2025-09-12T01:00","13.6","14.4","0.0"
"2025-09-12T02:00","14.2","16.9","0.0"
"2025-09-12T03:00","13.9","15.5","0.0"
"2025-09-12T04:00","13.6","16.2","0.0"
"2025-09-12T05:00","13.4","17.2","2.0"
"2025-09-12T06:00","14.0","16.4","64.0"
"2025-09-12T07:00","15.1","20.0","199.0"
"2025-09-12T08:00","15.8","19.1","296.0"
"2025-09-12T09:00","16.4","20.3","382.0"
"2025-09-12T10:00","16.6","20.4","491.0"
"2025-09-12T11:00","17.5","19.8","556.0"
"2025-09-12T12:00","17.9","21.1","542.0"
"2025-09-12T13:00","16.3","16.8","428.0"
"2025-09-12T14:00","17.5","18.4","469.0"
"2025-09-12T15:00","15.9","19.8","272.0"
"2025-09-12T16:00","16.0","18.6","227.0"
"2025-09-12T17:00","15.2","16.5","95.0"
"2025-09-12T18:00","14.4","15.2","8.0"
"2025-09-12T19:00","14.1","15.4","0.0"
"2025-09-12T20:00","13.5","14.4","0.0"
"2025-09-12T21:00","13.2","15.6","0.0"
"2025-09-12T22:00","13.0","13.7","0.0"
"2025-09-12T23:00","12.8","14.1","0.0"
"2025-09-13T00:00","12.6","13.3","0.0"
"2025-09-13T01:00","11.4","13.8","0.0"
"2025-09-13T02:00","11.6","14.5","0.0"
"2025-09-13T03:00","11.8","15.4","0.0"
"2025-09-13T04:00","12.1","15.9","0.0"
"2025-09-13T05:00","12.6","16.0","2.0"
"2025-09-13T06:00","13.6","16.8","67.0"
"2025-09-13T07:00","15.2","16.4","196.0"
"2025-09-13T08:00","16.6","18.8","327.0"
"2025-09-13T09:00","17.6","19.7","449.0"
"2025-09-13T10:00","18.2","23.0","541.0"
"2025-09-13T11:00","17.9","22.0","498.0"
"2025-09-13T12:00","18.2","21.4","460.0"
"2025-09-13T13:00","18.7","19.9","415.0"
"2025-09-13T14:00","18.1","19.1","220.0"
"2025-09-13T15:00","18.1","17.2","187.0"
"2025-09-13T16:00","16.8","19.3","130.0"
"2025-09-13T17:00","15.6","16.7","61.0"
"2025-09-13T18:00","14.9","19.5","5.0"
"2025-09-13T19:00","14.1","13.6","0.0"
"2025-09-13T20:00","13.6","12.3","0.0"
"2025-09-13T21:00","13.4","13.6","0.0"
"2025-09-13T22:00","13.4","14.4","0.0"
"2025-09-13T23:00","13.1","12.9","0.0"
"2025-09-14T00:00","12.9","11.7","0.0"
"2025-09-14T01:00","13.9","13.0","0.0"
"2025-09-14T02:00","14.2","13.5","0.0"
"2025-09-14T03:00","14.9","16.3","0.0"
"2025-09-14T04:00","14.6","13.8","0.0"
"2025-09-14T05:00","14.1","12.2","1.0"
"2025-09-14T06:00","13.9","14.5","50.0"
"2025-09-14T07:00","13.7","9.0","45.0"
"2025-09-14T08:00","14.1","8.3","77.0"
"2025-09-14T09:00","14.2","9.3","98.0"
"2025-09-14T10:00","14.5","11.2","122.0"
"2025-09-14T11:00","14.8","10.3","192.0"
"2025-09-14T12:00","16.4","12.2","446.0"
"2025-09-14T13:00","16.5","13.6","479.0"
"2025-09-14T14:00","16.8","11.3","320.0"
"2025-09-14T15:00","17.0","12.5","334.0"
"2025-09-14T16:00","16.1","13.4","206.0"
"2025-09-14T17:00","14.9","10.5","85.0"
"2025-09-14T18:00","13.6","9.8","6.0"
"2025-09-14T19:00","12.9","9.8","0.0"
"2025-09-14T20:00","12.3","9.8","0.0"
"2025-09-14T21:00","11.9","10.4","0.0"
"2025-09-14T22:00","11.5","8.4","0.0"
"2025-09-14T23:00","11.1","8.6","0.0"
"2025-09-15T00:00","11.1","9.7","0.0"
"2025-09-15T01:00","11.1","8.1","0.0"
"2025-09-15T02:00","11.5","9.7","0.0"
"2025-09-15T03:00","12.9","13.0","0.0"
"2025-09-15T04:00","14.0","19.5","0.0"
"2025-09-15T05:00","15.1","24.4","0.0"
"2025-09-15T06:00","15.6","26.9","13.0"
"2025-09-15T07:00","16.3","32.2","95.0"
"2025-09-15T08:00","15.7","30.7","185.0"
"2025-09-15T09:00","16.3","32.6","316.0"
"2025-09-15T10:00","16.2","25.3","84.0"
"2025-09-15T11:00","18.2","29.9","434.0"
"2025-09-15T12:00","18.1","28.8","409.0"
"2025-09-15T13:00","18.6","31.9","456.0"
"2025-09-15T14:00","16.5","21.7","287.0"
"2025-09-15T15:00","16.4","25.0","258.0"
"2025-09-15T16:00","15.9","20.6","154.0"
"2025-09-15T17:00","14.6","29.4","78.0"
"2025-09-15T18:00","14.0","23.7","3.0"
"2025-09-15T19:00","13.9","27.1","0.0"
"2025-09-15T20:00","13.8","26.8","0.0"
"2025-09-15T21:00","14.2","25.5","0.0"
"2025-09-15T22:00","13.8","27.5","0.0"
"2025-09-15T23:00","13.8","26.9","0.0"
"2025-09-16T00:00","13.2","27.4","0.0"
"2025-09-16T01:00","13.2","27.9","0.0"
"2025-09-16T02:00","13.4","30.1","0.0"
"2025-09-16T03:00","13.4","30.1","0.0"
"2025-09-16T04:00","13.4","31.1","0.0"
"2025-09-16T05:00","13.4","31.5","0.0"
"2025-09-16T06:00","13.9","30.4","30.0"
"2025-09-16T07:00","15.0","21.8","127.0"
"2025-09-16T08:00","16.0","27.2","252.0"
"2025-09-16T09:00","16.5","36.1","303.0"
"2025-09-16T10:00","17.3","38.3","383.0"
"2025-09-16T11:00","16.9","39.5","432.0"
"2025-09-16T12:00","17.5","32.8","398.0"
"2025-09-16T13:00","17.7","33.1","418.0"
"2025-09-16T14:00","17.5","29.4","411.0"
"2025-09-16T15:00","17.3","27.2","315.0"
"2025-09-16T16:00","16.7","24.3","190.0"
"2025-09-16T17:00","15.6","21.9","75.0"
"2025-09-16T18:00","14.9","20.0","3.0"
"2025-09-16T19:00","14.5","21.1","0.0"
"2025-09-16T20:00","14.1","20.7","0.0"
"2025-09-16T21:00","13.6","20.1","0.0"
"2025-09-16T22:00","13.2","21.2","0.0"
"2025-09-16T23:00","13.0","21.7","0.0"
"2025-09-17T00:00","12.9","23.0","0.0"
"2025-09-17T01:00","13.1","23.7","0.0"
"2025-09-17T02:00","13.2","24.7","0.0"
"2025-09-17T03:00","13.4","24.5","0.0"
"2025-09-17T04:00","13.1","23.7","0.0"
"2025-09-17T05:00","12.7","22.0","0.0"
"2025-09-17T06:00","13.4","22.1","51.0"
"2025-09-17T07:00","14.5","21.8","159.0"
"2025-09-17T08:00","15.5","30.1","283.0"
"2025-09-17T09:00","16.4","32.4","386.0"
"2025-09-17T10:00","17.1","29.7","453.0"
"2025-09-17T11:00","17.5","29.7","498.0"
"2025-09-17T12:00","17.9","28.3","468.0"
"2025-09-17T13:00","17.8","28.0","460.0"
"2025-09-17T14:00","17.7","26.4","396.0"
"2025-09-17T15:00","17.4","25.2","318.0"
"2025-09-17T16:00","16.8","21.1","189.0"
"2025-09-17T17:00","15.9","18.2","72.0"
"2025-09-17T18:00","15.1","18.5","2.0"
"2025-09-17T19:00","14.4","17.6","0.0"
"2025-09-17T20:00","14.1","15.1","0.0"
"2025-09-17T21:00","13.4","15.2","0.0"
"2025-09-17T22:00","13.2","14.9","0.0"
"2025-09-17T23:00","13.9","14.4","0.0"
"2025-09-18T00:00","14.1","14.1","0.0"
"2025-09-18T01:00","14.1","15.2","0.0"
"2025-09-18T02:00","13.8","16.3","0.0"
"2025-09-18T03:00","14.0","17.9","0.0"
"2025-09-18T04:00","14.4","19.7","0.0"
"2025-09-18T05:00","15.2","18.0","0.0"
"2025-09-18T06:00","16.1","18.3","22.0"
"2025-09-18T07:00","17.0","17.3","115.0"
"2025-09-18T08:00","18.2","21.0","263.0"
"2025-09-18T09:00","19.1","24.1","339.0"
"2025-09-18T10:00","20.0","25.3","430.0"
"2025-09-18T11:00","20.4","25.5","473.0"
"2025-09-18T12:00","20.5","25.4","457.0"
"2025-09-18T13:00","20.0","26.8","415.0"
"2025-09-18T14:00","19.9","26.1","403.0"
"2025-09-18T15:00","19.4","25.1","300.0"
"2025-09-18T16:00","18.6","23.1","159.0"
"2025-09-18T17:00","17.8","23.1","62.0"
"2025-09-18T18:00","17.5","23.6","1.0"
"2025-09-18T19:00","16.6","22.4","0.0"
"2025-09-18T20:00","16.1","21.5","0.0"
"2025-09-18T21:00","15.9","21.5","0.0"
"2025-09-18T22:00","15.6","20.3","0.0"
"2025-09-18T23:00","15.4","18.5","0.0"
"2025-09-19T00:00","14.9","17.5","0.0"
"2025-09-19T01:00","14.9","17.6","0.0"
"2025-09-19T02:00","15.1","17.8","0.0"
"2025-09-19T03:00","15.3","17.1","0.0"
"2025-09-19T04:00","16.0","16.1","0.0"
"2025-09-19T05:00","16.8","17.1","0.0"
"2025-09-19T06:00","17.7","18.9","17.0"
"2025-09-19T07:00","18.3","19.5","69.0"
"2025-09-19T08:00","19.2","25.6","205.0"
"2025-09-19T09:00","20.0","24.0","271.0"
"2025-09-19T10:00","20.9","23.6","395.0"
"2025-09-19T11:00","21.3","23.6","408.0"
"2025-09-19T12:00","21.9","24.5","461.0"
"2025-09-19T13:00","21.4","25.6","357.0"
"2025-09-19T14:00","21.0","23.8","254.0"
"2025-09-19T15:00","20.5","20.5","204.0"
"2025-09-19T16:00","19.6","18.9","166.0"
"2025-09-19T17:00","18.6","17.2","53.0"
"2025-09-19T18:00","18.0","15.8","1.0"
"2025-09-19T19:00","17.5","13.6","0.0"
"2025-09-19T20:00","16.7","11.6","0.0"
"2025-09-19T21:00","16.2","12.1","0.0"
"2025-09-19T22:00","16.0","12.5","0.0"
"2025-09-19T23:00","15.7","12.6","0.0"
"2025-09-20T00:00","15.4","12.0","0.0"
"2025-09-20T01:00","14.9","10.8","0.0"
"2025-09-20T02:00","14.6","10.2","0.0"
"2025-09-20T03:00","14.5","10.9","0.0"
"2025-09-20T04:00","14.4","10.9","0.0"
"2025-09-20T05:00","14.1","10.2","0.0"
"2025-09-20T06:00","14.6","10.8","46.0"
"2025-09-20T07:00","16.0","11.3","161.0"
"2025-09-20T08:00","17.6","11.1","245.0"
"2025-09-20T09:00","19.5","12.1","375.0"
"2025-09-20T10:00","20.6","11.5","439.0"
"2025-09-20T11:00","20.9","13.1","355.0"
"2025-09-20T12:00","21.0","12.6","311.0"
"2025-09-20T13:00","23.6","16.2","499.0"
"2025-09-20T14:00","23.8","16.8","375.0"
"2025-09-20T15:00","23.2","17.3","265.0"
"2025-09-20T16:00","22.5","18.8","62.0"
"2025-09-20T17:00","21.5","18.1","39.0"
"2025-09-20T18:00","21.0","16.6","0.0"
"2025-09-20T19:00","19.5","8.2","0.0"
"2025-09-20T20:00","18.6","13.7","0.0"
"2025-09-20T21:00","18.0","7.7","0.0"
"2025-09-20T22:00","17.2","10.2","0.0"
"2025-09-20T23:00","16.8","13.1","0.0"
"2025-09-21T00:00","16.5","13.6","0.0"
"2025-09-21T01:00","16.3","12.0","0.0"
"2025-09-21T02:00","16.1","12.8","0.0"
"2025-09-21T03:00","16.2","14.9","0.0"
"2025-09-21T04:00","17.0","18.9","0.0"
"2025-09-21T05:00","17.4","19.5","0.0"
"2025-09-21T06:00","18.3","19.8","31.0"
"2025-09-21T07:00","19.4","21.2","142.0"
"2025-09-21T08:00","20.2","26.4","266.0"
"2025-09-21T09:00","20.5","30.2","357.0"
"2025-09-21T10:00","20.5","29.8","413.0"
"2025-09-21T11:00","20.0","30.9","445.0"
"2025-09-21T12:00","18.6","28.3","364.0"
"2025-09-21T13:00","17.6","26.3","243.0"
"2025-09-21T14:00","17.5","27.2","196.0"
"2025-09-21T15:00","17.9","29.9","275.0"
"2025-09-21T16:00","16.2","22.5","82.0"
"2025-09-21T17:00","13.9","23.3","16.0"
"2025-09-21T18:00","13.8","22.8","0.0"
"2025-09-21T19:00","13.1","20.2","0.0"
"2025-09-21T20:00","12.5","20.3","0.0"
"2025-09-21T21:00","11.8","19.5","0.0"
"2025-09-21T22:00","11.4","18.7","0.0"
"2025-09-21T23:00","11.6","20.9","0.0"
"2025-09-22T00:00","11.9","21.1","0.0"
"2025-09-22T01:00","10.8","21.6","0.0"
"2025-09-22T02:00","10.6","21.3","0.0"
"2025-09-22T03:00","10.4","20.3","0.0"
"2025-09-22T04:00","10.2","19.3","0.0"
"2025-09-22T05:00","10.1","19.7","0.0"
"2025-09-22T06:00","10.6","19.5","34.0"
"2025-09-22T07:00","11.6","17.2","148.0"
"2025-09-22T08:00","12.2","23.8","230.0"
"2025-09-22T09:00","12.6","24.3","283.0"
"2025-09-22T10:00","13.1","24.7","365.0"
"2025-09-22T11:00","13.7","25.8","448.0"
"2025-09-22T12:00","13.8","25.6","453.0"
"2025-09-22T13:00","14.0","23.7","384.0"
"2025-09-22T14:00","13.9","23.9","310.0"
"2025-09-22T15:00","13.7","23.9","245.0"
"2025-09-22T16:00","12.6","18.3","146.0"
"2025-09-22T17:00","11.6","13.9","43.0"
"2025-09-22T18:00","11.1","12.4","0.0"
"2025-09-22T19:00","10.6","12.7","0.0"
"2025-09-22T20:00","10.5","11.9","0.0"
"2025-09-22T21:00","10.1","12.1","0.0"
"2025-09-22T22:00","10.1","14.8","0.0"
"2025-09-22T23:00","9.9","14.5","0.0"
"2025-09-23T00:00","9.4","11.1","0.0"
"2025-09-23T01:00","8.5","11.6","0.0"
"2025-09-23T02:00","8.2","10.6","0.0"
"2025-09-23T03:00","7.9","10.3","0.0"
"2025-09-23T04:00","7.9","10.7","0.0"
"2025-09-23T05:00","7.8","10.6","0.0"
"2025-09-23T06:00","8.6","11.1","34.0"
"2025-09-23T07:00","10.2","11.0","146.0"
"2025-09-23T08:00","12.3","9.8","283.0"
"2025-09-23T09:00","13.5","11.5","383.0"
"2025-09-23T10:00","14.1","10.9","454.0"
"2025-09-23T11:00","14.6","10.0","497.0"
"2025-09-23T12:00","15.1","9.4","504.0"
"2025-09-23T13:00","15.1","9.5","463.0"
"2025-09-23T14:00","15.3","10.4","401.0"
"2025-09-23T15:00","14.6","13.7","304.0"
"2025-09-23T16:00","13.4","11.2","177.0"
"2025-09-23T17:00","11.6","9.4","48.0"
"2025-09-23T18:00","10.4","10.1","0.0"
"2025-09-23T19:00","9.8","9.5","0.0"
"2025-09-23T20:00","8.9","7.3","0.0"
"2025-09-23T21:00","8.2","7.2","0.0"
"2025-09-23T22:00","7.8","6.5","0.0"
"2025-09-23T23:00","7.6","6.7","0.0"
"2025-09-24T00:00","7.6","6.8","0.0"
"2025-09-24T01:00","5.8","7.0","0.0"
"2025-09-24T02:00","5.9","7.5","0.0"
"2025-09-24T03:00","6.0","7.9","0.0"
"2025-09-24T04:00","5.8","6.9","0.0"
"2025-09-24T05:00","5.5","5.9","0.0"
"2025-09-24T06:00","7.1","7.3","34.0"
"2025-09-24T07:00","9.1","7.5","155.0"
"2025-09-24T08:00","10.9","6.0","289.0"
"2025-09-24T09:00","12.4","6.8","407.0"
"2025-09-24T10:00","13.6","7.1","492.0"
"2025-09-24T11:00","14.2","7.6","538.0"
"2025-09-24T12:00","14.6","7.7","540.0"
"2025-09-24T13:00","14.8","8.0","499.0"
"2025-09-24T14:00","14.6","7.4","415.0"
"2025-09-24T15:00","14.3","7.6","301.0"
"2025-09-24T16:00","13.4","7.4","167.0"
"2025-09-24T17:00","11.5","7.4","43.0"
"2025-09-24T18:00","10.5","8.1","0.0"
"2025-09-24T19:00","9.9","8.5","0.0"
"2025-09-24T20:00","9.4","7.5","0.0"
"2025-09-24T21:00","9.2","7.5","0.0"
"2025-09-24T22:00","9.4","8.1","0.0"
"2025-09-24T23:00","9.6","8.9","0.0"
"2025-09-25T00:00","9.4","8.2","0.0"
"2025-09-25T01:00","8.1","8.9","0.0"
"2025-09-25T02:00","8.0","9.6","0.0"
"2025-09-25T03:00","8.1","9.4","0.0"
"2025-09-25T04:00","8.1","10.0","0.0"
"2025-09-25T05:00","7.9","9.7","0.0"
"2025-09-25T06:00","8.4","9.6","31.0"
"2025-09-25T07:00","10.0","9.1","148.0"
"2025-09-25T08:00","11.4","9.6","280.0"
"2025-09-25T09:00","12.4","10.7","397.0"
"2025-09-25T10:00","13.2","11.1","483.0"
"2025-09-25T11:00","14.1","11.9","534.0"
"2025-09-25T12:00","14.6","12.7","519.0"
"2025-09-25T13:00","15.2","15.7","300.0"
"2025-09-25T14:00","15.3","16.9","262.0"
"2025-09-25T15:00","14.9","14.6","144.0"
"2025-09-25T16:00","14.6","16.4","122.0"
"2025-09-25T17:00","13.9","17.6","31.0"
"2025-09-25T18:00","13.2","18.3","0.0"
"2025-09-25T19:00","12.9","18.6","0.0"
"2025-09-25T20:00","12.6","18.6","0.0"
"2025-09-25T21:00","12.4","18.0","0.0"
"2025-09-25T22:00","12.4","18.0","0.0"
"2025-09-25T23:00","12.4","17.0","0.0"
"2025-09-26T00:00","12.4","17.1","0.0"
"2025-09-26T01:00","10.9","16.5","0.0"
"2025-09-26T02:00","10.9","16.5","0.0"
"2025-09-26T03:00","11.1","16.2","0.0"
"2025-09-26T04:00","10.9","16.0","0.0"
"2025-09-26T05:00","10.8","17.1","0.0"
"2025-09-26T06:00","11.4","19.0","28.0"
"2025-09-26T07:00","12.6","21.4","143.0"
"2025-09-26T08:00","13.5","20.4","270.0"
"2025-09-26T09:00","14.4","26.4","370.0"
"2025-09-26T10:00","14.8","26.7","446.0"
"2025-09-26T11:00","14.9","25.9","497.0"
"2025-09-26T12:00","14.9","25.3","517.0"
"2025-09-26T13:00","15.1","23.9","477.0"
"2025-09-26T14:00","15.1","23.6","398.0"
"2025-09-26T15:00","14.7","24.0","280.0"
"2025-09-26T16:00","14.1","24.0","149.0"
"2025-09-26T17:00","13.4","24.2","34.0"
"2025-09-26T18:00","13.2","24.2","0.0"
"2025-09-26T19:00","13.3","25.7","0.0"
"2025-09-26T20:00","13.4","24.9","0.0"
"2025-09-26T21:00","13.5","23.8","0.0"
"2025-09-26T22:00","13.6","22.8","0.0"
"2025-09-26T23:00","13.6","22.7","0.0"
"2025-09-27T00:00","13.4","21.4","0.0"
"2025-09-27T01:00","12.5","19.7","0.0"
"2025-09-27T02:00","11.9","20.2","0.0"
"2025-09-27T03:00","11.8","21.8","0.0"
"2025-09-27T04:00","11.7","21.4","0.0"
"2025-09-27T05:00","11.6","20.3","0.0"
"2025-09-27T06:00","11.9","20.7","27.0"
"2025-09-27T07:00","12.8","22.5","143.0"
"2025-09-27T08:00","13.7","23.7","278.0"
"2025-09-27T09:00","14.4","25.8","395.0"
"2025-09-27T10:00","14.9","26.7","481.0"
"2025-09-27T11:00","15.1","26.4","527.0"
"2025-09-27T12:00","15.2","25.9","529.0"
"2025-09-27T13:00","15.7","25.9","486.0"
"2025-09-27T14:00","15.6","24.1","401.0"
"2025-09-27T15:00","15.3","22.7","284.0"
"2025-09-27T16:00","14.5","20.4","148.0"
"2025-09-27T17:00","13.6","19.5","29.0"
"2025-09-27T18:00","13.2","18.7","0.0"
"2025-09-27T19:00","12.9","18.1","0.0"
"2025-09-27T20:00","12.8","18.0","0.0"
"2025-09-27T21:00","12.7","17.2","0.0"
"2025-09-27T22:00","12.6","17.0","0.0"
"2025-09-27T23:00","12.6","16.1","0.0"
"2025-09-28T00:00","12.4","15.3","0.0"
"2025-09-28T01:00","11.9","14.5","0.0"
"2025-09-28T02:00","11.8","14.1","0.0"
"2025-09-28T03:00","11.7","14.2","0.0"
"2025-09-28T04:00","11.6","14.8","0.0"
"2025-09-28T05:00","11.6","14.2","0.0"
"2025-09-28T06:00","11.9","13.7","23.0"
"2025-09-28T07:00","12.9","13.9","134.0"
"2025-09-28T08:00","13.9","17.0","257.0"
"2025-09-28T09:00","14.6","17.4","354.0"
"2025-09-28T10:00","15.2","18.9","422.0"
"2025-09-28T11:00","15.8","20.4","401.0"
"2025-09-28T12:00","15.9","19.8","381.0"
"2025-09-28T13:00","15.9","17.9","305.0"
"2025-09-28T14:00","16.0","15.0","295.0"
"2025-09-28T15:00","15.7","12.5","214.0"
"2025-09-28T16:00","14.9","10.5","121.0"
"2025-09-28T17:00","13.6","10.5","24.0"
"2025-09-28T18:00","13.6","13.1","0.0"
"2025-09-28T19:00","13.6","15.9","0.0"
"2025-09-28T20:00","13.2","16.6","0.0"
"2025-09-28T21:00","12.9","16.7","0.0"
"2025-09-28T22:00","13.1","16.8","0.0"
"2025-09-28T23:00","12.9","16.4","0.0"
"2025-09-29T00:00","12.3","16.4","0.0"
"2025-09-29T01:00","12.4","15.7","0.0"
"2025-09-29T02:00","12.1","14.2","0.0"
"2025-09-29T03:00","12.1","13.1","0.0"
"2025-09-29T04:00","11.9","12.6","0.0"
"2025-09-29T05:00","11.6","11.8","0.0"
"2025-09-29T06:00","11.6","11.7","17.0"
"2025-09-29T07:00","12.8","14.8","113.0"
"2025-09-29T08:00","13.2","17.3","223.0"
"2025-09-29T09:00","14.1","18.7","278.0"
"2025-09-29T10:00","14.6","19.2","373.0"
"2025-09-29T11:00","14.6","20.0","397.0"
"2025-09-29T12:00","14.4","19.9","414.0"
"2025-09-29T13:00","13.8","18.2","165.0"
"2025-09-29T14:00","13.9","19.2","256.0"
"2025-09-29T15:00","13.6","18.6","209.0"
"2025-09-29T16:00","12.9","18.1","118.0"
"2025-09-29T17:00","12.1","19.2","22.0"
"2025-09-29T18:00","11.9","22.7","0.0"
"2025-09-29T19:00","11.6","22.6","0.0"
"2025-09-29T20:00","11.4","20.9","0.0"
"2025-09-29T21:00","10.9","17.7","0.0"
"2025-09-29T22:00","10.6","17.5","0.0"
"2025-09-29T23:00","10.4","18.2","0.0"
"2025-09-30T00:00","10.5","17.8","0.0"
"2025-09-30T01:00","9.6","12.8","0.0"
"2025-09-30T02:00","9.1","12.8","0.0"
"2025-09-30T03:00","9.0","12.7","0.0"
"2025-09-30T04:00","8.9","13.1","0.0"
"2025-09-30T05:00","9.1","14.3","0.0"
"2025-09-30T06:00","9.6","15.0","18.0"
"2025-09-30T07:00","10.6","14.3","108.0"
"2025-09-30T08:00","11.8","15.0","217.0"
"2025-09-30T09:00","12.5","18.0","317.0"
"2025-09-30T10:00","13.0","17.6","401.0"
"2025-09-30T11:00","13.3","17.6","448.0"
"2025-09-30T12:00","13.6","17.3","455.0"
"2025-09-30T13:00","13.4","16.4","413.0"
"2025-09-30T14:00","13.0","14.7","334.0"
"2025-09-30T15:00","12.6","13.2","235.0"
"2025-09-30T16:00","11.9","10.1","120.0"
"2025-09-30T17:00","10.9","8.3","19.0"
"2025-09-30T18:00","10.6","8.4","0.0"
"2025-09-30T19:00","10.1","7.7","0.0"
"2025-09-30T20:00","9.9","8.6","0.0"
"2025-09-30T21:00","9.7","8.7","0.0"
"2025-09-30T22:00","9.5","9.2","0.0"
"2025-09-30T23:00","9.4","9.2","0.0"
"2025-10-01T00:00","8.7","9.6","0.0"
"2025-10-01T01:00","8.5","8.5","0.0"
"2025-10-01T02:00","8.2","6.5","0.0"
"2025-10-01T03:00","7.4","5.2","0.0"
"2025-10-01T04:00","7.2","5.0","0.0"
"2025-10-01T05:00","7.2","5.1","0.0"
"2025-10-01T06:00","8.1","4.0","14.0"
"2025-10-01T07:00","9.0","5.2","89.0"
"2025-10-01T08:00","10.2","5.6","168.0"
"2025-10-01T09:00","11.4","5.6","274.0"
"2025-10-01T10:00","12.4","4.6","402.0"
"2025-10-01T11:00","12.8","5.8","430.0"
"2025-10-01T12:00","13.2","5.5","428.0"
"2025-10-01T13:00","13.2","6.7","393.0"
"2025-10-01T14:00","12.9","7.3","297.0"
"2025-10-01T15:00","12.6","7.4","226.0"
"2025-10-01T16:00","11.8","6.3","113.0"
"2025-10-01T17:00","9.9","5.2","17.0"
"2025-10-01T18:00","9.6","6.1","0.0"
"2025-10-01T19:00","8.9","5.8","0.0"
"2025-10-01T20:00","8.6","5.7","0.0"
"2025-10-01T21:00","8.4","4.9","0.0"
"2025-10-01T22:00","8.6","4.2","0.0"
"2025-10-01T23:00","8.6","4.5","0.0"
"2025-10-02T00:00","8.5","3.5","0.0"
"2025-10-02T01:00","8.1","5.3","0.0"
"2025-10-02T02:00","8.3","5.6","0.0"
"2025-10-02T03:00","8.1","5.6","0.0"
"2025-10-02T04:00","7.9","5.4","0.0"
"2025-10-02T05:00","7.8","5.9","0.0"
"2025-10-02T06:00","8.9","6.6","13.0"
"2025-10-02T07:00","10.1","7.9","110.0"
"2025-10-02T08:00","11.4","8.0","234.0"
"2025-10-02T09:00","12.2","9.3","350.0"
"2025-10-02T10:00","12.6","10.1","389.0"
"2025-10-02T11:00","13.0","10.2","371.0"
"2025-10-02T12:00","13.5","12.0","411.0"
"2025-10-02T13:00","13.4","11.6","376.0"
"2025-10-02T14:00","13.4","10.7","323.0"
"2025-10-02T15:00","12.9","9.9","222.0"
"2025-10-02T16:00","12.1","8.4","112.0"
"2025-10-02T17:00","10.8","7.3","15.0"
"2025-10-02T18:00","10.1","7.7","0.0"
"2025-10-02T19:00","9.7","8.5","0.0"
"2025-10-02T20:00","9.8","9.3","0.0"
"2025-10-02T21:00","9.9","11.2","0.0"
"2025-10-02T22:00","10.1","12.1","0.0"
"2025-10-02T23:00","10.2","12.2","0.0"
"2025-10-03T00:00","9.6","10.5","0.0"
"2025-10-03T01:00","9.5","11.3","0.0"
"2025-10-03T02:00","9.5","11.6","0.0"
"2025-10-03T03:00","9.4","11.7","0.0"
"2025-10-03T04:00","9.1","10.9","0.0"
"2025-10-03T05:00","9.0","11.3","0.0"
"2025-10-03T06:00","8.9","9.1","12.0"
"2025-10-03T07:00","10.5","12.7","102.0"
"2025-10-03T08:00","12.1","14.1","227.0"
"2025-10-03T09:00","12.9","18.3","347.0"
"2025-10-03T10:00","13.2","19.8","406.0"
"2025-10-03T11:00","13.4","20.6","469.0"
"2025-10-03T12:00","13.6","21.9","480.0"
"2025-10-03T13:00","13.4","21.4","432.0"
"2025-10-03T14:00","13.1","21.3","354.0"
"2025-10-03T15:00","12.8","20.8","241.0"
"2025-10-03T16:00","12.2","19.5","112.0"
"2025-10-03T17:00","11.6","21.4","13.0"
"2025-10-03T18:00","11.6","23.7","0.0"
"2025-10-03T19:00","11.4","24.9","0.0"
"2025-10-03T20:00","11.6","27.6","0.0"
"2025-10-03T21:00","11.6","30.0","0.0"
"2025-10-03T22:00","11.5","32.0","0.0"
"2025-10-03T23:00","11.3","32.0","0.0"
"2025-10-04T00:00","11.4","33.2","0.0"
"2025-10-04T01:00","11.6","35.6","0.0"
"2025-10-04T02:00","11.5","37.7","0.0"
"2025-10-04T03:00","11.2","40.8","0.0"
"2025-10-04T04:00","10.6","42.0","0.0"
"2025-10-04T05:00","9.8","42.4","0.0"
"2025-10-04T06:00","9.8","42.7","1.0"
"2025-10-04T07:00","9.6","42.8","6.0"
"2025-10-04T08:00","9.3","40.5","14.0"
"2025-10-04T09:00","9.4","36.3","20.0"
"2025-10-04T10:00","9.6","32.2","27.0"
"2025-10-04T11:00","9.9","29.2","24.0"
"2025-10-04T12:00","9.7","22.1","43.0"
"2025-10-04T13:00","10.0","20.6","36.0"
"2025-10-04T14:00","10.8","18.0","43.0"
"2025-10-04T15:00","11.2","22.6","25.0"
"2025-10-04T16:00","11.4","22.9","16.0"
"2025-10-04T17:00","10.7","22.0","7.0"
"2025-10-04T18:00","10.3","21.0","0.0"
"2025-10-04T19:00","9.9","21.1","0.0"
"2025-10-04T20:00","9.6","22.2","0.0"
"2025-10-04T21:00","9.8","23.7","0.0"
"2025-10-04T22:00","9.9","24.2","0.0"
"2025-10-04T23:00","10.1","21.1","0.0"
"2025-10-05T00:00","10.1","21.8","0.0"
"2025-10-05T01:00","10.1","22.1","0.0"
"2025-10-05T02:00","10.2","22.7","0.0"
"2025-10-05T03:00","10.3","22.4","0.0"
"2025-10-05T04:00","10.4","24.2","0.0"
"2025-10-05T05:00","10.6","23.6","0.0"
"2025-10-05T06:00","10.1","23.7","7.0"
"2025-10-05T07:00","10.8","22.6","47.0"
"2025-10-05T08:00","12.0","25.9","170.0"
"2025-10-05T09:00","12.6","29.2","287.0"
"2025-10-05T10:00","13.7","28.5","335.0"
"2025-10-05T11:00","14.1","28.7","417.0"
"2025-10-05T12:00","13.8","29.9","349.0"
"2025-10-05T13:00","13.7","30.8","264.0"
"2025-10-05T14:00","13.5","30.4","186.0"
"2025-10-05T15:00","12.7","25.0","137.0"
"2025-10-05T16:00","12.4","27.3","64.0"
"2025-10-05T17:00","12.0","27.6","6.0"
"2025-10-05T18:00","11.6","27.9","0.0"
"2025-10-05T19:00","11.8","29.3","0.0"
"2025-10-05T20:00","11.3","30.8","0.0"
"2025-10-05T21:00","11.5","29.1","0.0"
"2025-10-05T22:00","12.7","35.6","0.0"
"2025-10-05T23:00","12.6","35.6","0.0"
"2025-10-06T00:00","12.4","34.3","0.0"
"2025-10-06T01:00","12.6","32.5","0.0"
"2025-10-06T02:00","12.6","29.3","0.0"
"2025-10-06T03:00","12.3","28.5","0.0"
"2025-10-06T04:00","12.2","29.1","0.0"
"2025-10-06T05:00","12.1","28.1","0.0"
"2025-10-06T06:00","11.9","25.1","4.0"
"2025-10-06T07:00","12.1","24.4","30.0"
"2025-10-06T08:00","12.8","24.3","116.0"
"2025-10-06T09:00","13.3","25.4","207.0"
"2025-10-06T10:00","14.1","26.3","282.0"
"2025-10-06T11:00","14.4","25.7","276.0"
"2025-10-06T12:00","14.4","25.4","263.0"
"2025-10-06T13:00","14.6","23.7","275.0"
"2025-10-06T14:00","14.5","21.9","220.0"
"2025-10-06T15:00","14.1","19.0","143.0"
"2025-10-06T16:00","13.4","14.1","79.0"
"2025-10-06T17:00","11.9","10.7","7.0"
"2025-10-06T18:00","11.4","7.1","0.0"
"2025-10-06T19:00","10.9","5.9","0.0"
"2025-10-06T20:00","10.5","5.6","0.0"
"2025-10-06T21:00","10.1","6.3","0.0"
"2025-10-06T22:00","9.9","7.4","0.0"
"2025-10-06T23:00","10.2","7.0","0.0"
"2025-10-07T00:00","10.9","7.3","0.0"
"2025-10-07T01:00","11.0","7.6","0.0"
"2025-10-07T02:00","11.2","8.2","0.0"
"2025-10-07T03:00","11.4","6.3","0.0"
"2025-10-07T04:00","11.5","4.8","0.0"
"2025-10-07T05:00","11.6","6.2","0.0"
"2025-10-07T06:00","11.0","8.0","5.0"
"2025-10-07T07:00","11.7","7.7","66.0"
"2025-10-07T08:00","12.9","9.3","156.0"
"2025-10-07T09:00","14.1","11.5","203.0"
"2025-10-07T10:00","14.9","11.1","159.0"
"2025-10-07T11:00","14.2","9.3","58.0"
"2025-10-07T12:00","14.1","11.4","98.0"
"2025-10-07T13:00","14.1","12.3","70.0"
"2025-10-07T14:00","13.9","14.2","40.0"
"2025-10-07T15:00","14.1","14.4","41.0"
"2025-10-07T16:00","13.9","13.7","11.0"
"2025-10-07T17:00","13.9","12.9","1.0"
"2025-10-07T18:00","14.2","15.0","0.0"
"2025-10-07T19:00","14.1","15.4","0.0"
"2025-10-07T20:00","14.2","16.1","0.0"
"2025-10-07T21:00","14.2","16.1","0.0"
"2025-10-07T22:00","14.1","15.9","0.0"
"2025-10-07T23:00","13.9","16.1","0.0"
"2025-10-08T00:00","13.5","13.5","0.0"
"2025-10-08T01:00","13.2","12.5","0.0"
"2025-10-08T02:00","12.9","11.7","0.0"
"2025-10-08T03:00","12.4","12.6","0.0"
"2025-10-08T04:00","12.1","12.8","0.0"
"2025-10-08T05:00","12.2","13.4","0.0"
"2025-10-08T06:00","12.6","14.3","2.0"
"2025-10-08T07:00","12.9","14.5","15.0"
"2025-10-08T08:00","13.2","13.8","34.0"
"2025-10-08T09:00","13.8","13.7","64.0"
"2025-10-08T10:00","14.1","14.1","79.0"
"2025-10-08T11:00","14.4","14.5","91.0"
"2025-10-08T12:00","14.1","11.1","162.0"
"2025-10-08T13:00","15.0","11.9","225.0"
"2025-10-08T14:00","15.1","11.3","168.0"
"2025-10-08T15:00","14.7","11.9","143.0"
"2025-10-08T16:00","13.3","8.6","77.0"
"2025-10-08T17:00","11.6","6.7","4.0"
"2025-10-08T18:00","10.4","5.3","0.0"
"2025-10-08T19:00","9.6","5.1","0.0"
"2025-10-08T20:00","9.6","4.9","0.0"
"2025-10-08T21:00","10.2","6.2","0.0"
"2025-10-08T22:00","10.7","6.6","0.0"
"2025-10-08T23:00","10.5","7.4","0.0"
"2025-10-09T00:00","9.5","7.1","0.0"
"2025-10-09T01:00","9.2","8.7","0.0"
"2025-10-09T02:00","8.8","8.6","0.0"
"2025-10-09T03:00","8.4","10.0","0.0"
"2025-10-09T04:00","8.1","9.9","0.0"
"2025-10-09T05:00","7.9","11.2","0.0"
"2025-10-09T06:00","8.1","11.2","5.0"
"2025-10-09T07:00","9.4","12.3","85.0"
"2025-10-09T08:00","11.0","11.1","204.0"
"2025-10-09T09:00","12.5","13.3","312.0"
"2025-10-09T10:00","13.6","17.6","373.0"
"2025-10-09T11:00","14.1","20.0","351.0"
"2025-10-09T12:00","14.4","21.7","204.0"
"2025-10-09T13:00","14.2","22.7","130.0"
"2025-10-09T14:00","14.1","20.3","98.0"
"2025-10-09T15:00","13.8","18.6","31.0"
"2025-10-09T16:00","13.8","19.5","21.0"
"2025-10-09T17:00","13.6","21.3","0.0"
"2025-10-09T18:00","13.1","24.3","0.0"
"2025-10-09T19:00","13.1","25.1","0.0"
"2025-10-09T20:00","12.6","23.8","0.0"
"2025-10-09T21:00","12.1","24.9","0.0"
"2025-10-09T22:00","12.1","26.9","0.0"
"2025-10-09T23:00","12.0","27.2","0.0"
"2025-10-10T00:00","11.6","25.4","0.0"
"2025-10-10T01:00","11.6","26.6","0.0"
"2025-10-10T02:00","11.3","26.9","0.0"
"2025-10-10T03:00","11.1","25.7","0.0"
"2025-10-10T04:00","11.1","24.8","0.0"
"2025-10-10T05:00","11.2","23.9","0.0"
"2025-10-10T06:00","11.2","23.2","4.0"
"2025-10-10T07:00","12.2","23.2","69.0"
"2025-10-10T08:00","13.3","20.6","175.0"
"2025-10-10T09:00","14.3","33.2","274.0"
"2025-10-10T10:00","14.9","32.2","271.0"
"2025-10-10T11:00","15.2","30.0","276.0"
"2025-10-10T12:00","15.1","30.2","184.0"
"2025-10-10T13:00","15.0","29.0","129.0"
"2025-10-10T14:00","14.8","25.8","116.0"
"2025-10-10T15:00","14.4","24.7","77.0"
"2025-10-10T16:00","14.1","24.1","18.0"
"2025-10-10T17:00","13.8","24.1","1.0"
"2025-10-10T18:00","13.7","26.7","0.0"
"2025-10-10T19:00","13.6","27.2","0.0"
"2025-10-10T20:00","13.4","28.1","0.0"
"2025-10-10T21:00","13.6","28.3","0.0"
"2025-10-10T22:00","13.7","28.0","0.0"
"2025-10-10T23:00","13.6","28.7","0.0"
"2025-10-11T00:00","13.6","29.1","0.0"
"2025-10-11T01:00","13.2","29.1","0.0"
"2025-10-11T02:00","13.0","29.2","0.0"
"2025-10-11T03:00","12.6","28.7","0.0"
"2025-10-11T04:00","11.9","27.3","0.0"
"2025-10-11T05:00","11.7","27.0","0.0"
"2025-10-11T06:00","11.7","24.3","4.0"
"2025-10-11T07:00","12.3","24.4","75.0"
"2025-10-11T08:00","13.2","29.9","191.0"
"2025-10-11T09:00","13.8","32.0","216.0"
"2025-10-11T10:00","14.2","29.6","298.0"
"2025-10-11T11:00","14.8","27.6","327.0"
"2025-10-11T12:00","13.9","25.8","327.0"
"2025-10-11T13:00","14.2","24.3","162.0"
"2025-10-11T14:00","14.3","23.8","132.0"
"2025-10-11T15:00","14.0","21.1","83.0"
"2025-10-11T16:00","13.6","20.0","42.0"
"2025-10-11T17:00","12.6","19.5","2.0"
"2025-10-11T18:00","12.4","20.5","0.0"
"2025-10-11T19:00","12.1","20.9","0.0"
"2025-10-11T20:00","11.8","20.4","0.0"
"2025-10-11T21:00","11.6","19.7","0.0"
"2025-10-11T22:00","12.1","20.1","0.0"
"2025-10-11T23:00","12.4","19.7","0.0"
"2025-10-12T00:00","12.4","17.5","0.0"
"2025-10-12T01:00","12.3","17.7","0.0"
"2025-10-12T02:00","12.4","18.8","0.0"
"2025-10-12T03:00","12.6","19.1","0.0"
"2025-10-12T04:00","13.0","19.4","0.0"
"2025-10-12T05:00","13.0","20.2","0.0"
"2025-10-12T06:00","12.6","19.1","1.0"
"2025-10-12T07:00","12.9","18.9","16.0"
"2025-10-12T08:00","13.3","19.0","69.0"
"2025-10-12T09:00","14.4","21.9","211.0"
"2025-10-12T10:00","15.2","19.7","301.0"
"2025-10-12T11:00","15.4","16.8","290.0"
"2025-10-12T12:00","15.6","11.8","275.0"
"2025-10-12T13:00","16.0","11.2","292.0"
"2025-10-12T14:00","16.0","11.6","257.0"
"2025-10-12T15:00","15.3","12.7","175.0"
"2025-10-12T16:00","13.4","12.8","63.0"
"2025-10-12T17:00","11.8","12.5","1.0"
"2025-10-12T18:00","10.6","12.1","0.0"
"2025-10-12T19:00","9.9","12.3","0.0"
"2025-10-12T20:00","9.4","11.9","0.0"
"2025-10-12T21:00","8.6","9.9","0.0"
"2025-10-12T22:00","7.9","8.3","0.0"
"2025-10-12T23:00","6.7","6.3","0.0"
"2025-10-13T00:00","6.2","6.8","0.0"
"2025-10-13T01:00","4.9","5.7","0.0"
"2025-10-13T02:00","4.6","5.2","0.0"
"2025-10-13T03:00","4.1","5.5","0.0"
"2025-10-13T04:00","3.7","5.8","0.0"
"2025-10-13T05:00","3.7","6.3","0.0"
"2025-10-13T06:00","3.4","6.9","2.0"
"2025-10-13T07:00","5.0","8.8","71.0"
"2025-10-13T08:00","7.6","8.6","190.0"
"2025-10-13T09:00","9.9","7.3","297.0"
"2025-10-13T10:00","11.4","8.5","374.0"
"2025-10-13T11:00","12.6","9.1","413.0"
"2025-10-13T12:00","13.8","9.0","409.0"
"2025-10-13T13:00","13.9","9.8","321.0"
"2025-10-13T14:00","13.6","10.1","238.0"
"2025-10-13T15:00","12.9","9.0","147.0"
"2025-10-13T16:00","11.3","7.9","56.0"
"2025-10-13T17:00","10.1","8.4","1.0"
"2025-10-13T18:00","9.6","11.1","0.0"
"2025-10-13T19:00","9.4","11.7","0.0"
"2025-10-13T20:00","9.6","11.0","0.0"
"2025-10-13T21:00","9.8","11.2","0.0"
"2025-10-13T22:00","10.4","10.4","0.0"
"2025-10-13T23:00","11.0","9.2","0.0"
"2025-10-14T00:00","10.6","6.7","0.0"
"2025-10-14T01:00","10.9","7.2","0.0"
"2025-10-14T02:00","11.0","7.4","0.0"
"2025-10-14T03:00","11.2","7.0","0.0"
"2025-10-14T04:00","11.4","7.1","0.0"
"2025-10-14T05:00","11.2","7.5","0.0"
"2025-10-14T06:00","10.8","5.3","1.0"
"2025-10-14T07:00","11.1","7.3","44.0"
"2025-10-14T08:00","11.9","7.3","125.0"
"2025-10-14T09:00","12.5","5.0","152.0"
"2025-10-14T10:00","13.1","4.9","233.0"
"2025-10-14T11:00","14.0","7.1","273.0"
"2025-10-14T12:00","14.4","6.2","352.0"
"2025-10-14T13:00","14.6","7.5","277.0"
"2025-10-14T14:00","14.2","9.0","232.0"
"2025-10-14T15:00","13.6","9.7","147.0"
"2025-10-14T16:00","11.9","9.7","51.0"
"2025-10-14T17:00","10.9","9.2","0.0"
"2025-10-14T18:00","10.5","5.8","0.0"
"2025-10-14T19:00","10.6","6.4","0.0"
"2025-10-14T20:00","10.9","6.8","0.0"
"2025-10-14T21:00","10.4","6.8","0.0"
"2025-10-14T22:00","9.4","5.9","0.0"
"2025-10-14T23:00","8.8","6.6","0.0"
"2025-10-15T00:00","8.2","8.8","0.0"
"2025-10-15T01:00","8.1","9.3","0.0"
"2025-10-15T02:00","8.1","9.1","0.0"
"2025-10-15T03:00","8.1","8.8","0.0"
"2025-10-15T04:00","8.1","9.6","0.0"
"2025-10-15T05:00","8.3","10.2","0.0"
"2025-10-15T06:00","8.2","9.9","1.0"
"2025-10-15T07:00","8.6","11.0","48.0"
"2025-10-15T08:00","10.1","12.0","109.0"
"2025-10-15T09:00","11.8","14.1","188.0"
"2025-10-15T10:00","12.9","17.9","212.0"
"2025-10-15T11:00","13.4","16.4","189.0"
"2025-10-15T12:00","13.2","15.8","152.0"
"2025-10-15T13:00","13.2","15.6","102.0"
"2025-10-15T14:00","13.2","15.3","83.0"
"2025-10-15T15:00","12.8","14.3","44.0"
"2025-10-15T16:00","12.2","15.2","18.0"
"2025-10-15T17:00","11.8","13.6","0.0"
"2025-10-15T18:00","11.4","14.5","0.0"
"2025-10-15T19:00","11.1","14.3","0.0"
"2025-10-15T20:00","10.9","16.2","0.0"
"2025-10-15T21:00","11.4","15.5","0.0"
"2025-10-15T22:00","11.2","13.4","0.0"
"2025-10-15T23:00","11.1","13.3","0.0"
"2025-10-16T00:00","11.1","12.6","0.0"
"2025-10-16T01:00","10.2","14.3","0.0"
"2025-10-16T02:00","9.4","13.8","0.0"
"2025-10-16T03:00","8.8","13.1","0.0"
"2025-10-16T04:00","8.4","13.3","0.0"
"2025-10-16T05:00","8.6","14.0","0.0"
"2025-10-16T06:00","9.1","15.2","1.0"
"2025-10-16T07:00","9.8","15.3","57.0"
"2025-10-16T08:00","11.1","15.1","166.0"
"2025-10-16T09:00","12.4","17.8","272.0"
"2025-10-16T10:00","13.6","16.5","343.0"
"2025-10-16T11:00","14.6","17.4","360.0"
"2025-10-16T12:00","14.6","18.2","251.0"
"2025-10-16T13:00","14.1","20.0","234.0"
"2025-10-16T14:00","13.9","19.7","170.0"
"2025-10-16T15:00","13.4","16.0","117.0"
"2025-10-16T16:00","12.9","14.3","35.0"
"2025-10-16T17:00","12.4","16.2","0.0"
"2025-10-16T18:00","11.4","15.7","0.0"
"2025-10-16T19:00","10.6","15.9","0.0"
"2025-10-16T20:00","10.4","17.5","0.0"
"2025-10-16T21:00","10.1","17.0","0.0"
"2025-10-16T22:00","10.0","16.3","0.0"
"2025-10-16T23:00","10.0","16.7","0.0"
"2025-10-17T00:00","9.4","14.8","0.0"
"2025-10-17T01:00","9.1","14.9","0.0"
"2025-10-17T02:00","8.6","15.0","0.0"
"2025-10-17T03:00","8.2","15.3","0.0"
"2025-10-17T04:00","8.0","15.8","0.0"
"2025-10-17T05:00","7.8","15.5","0.0"
"2025-10-17T06:00","7.4","13.8","0.0"
"2025-10-17T07:00","8.1","13.3","46.0"
"2025-10-17T08:00","9.9","13.4","106.0"
"2025-10-17T09:00","10.7","14.1","167.0"
"2025-10-17T10:00","10.9","12.6","232.0"
"2025-10-17T11:00","11.4","13.9","307.0"
"2025-10-17T12:00","10.9","11.1","340.0"
"2025-10-17T13:00","10.6","12.1","192.0"
"2025-10-17T14:00","9.1","15.6","94.0"
"2025-10-17T15:00","8.4","15.3","67.0"
"2025-10-17T16:00","7.6","15.7","25.0"
"2025-10-17T17:00","7.3","16.6","0.0"
"2025-10-17T18:00","6.3","16.7","0.0"
"2025-10-17T19:00","5.8","16.2","0.0"
"2025-10-17T20:00","5.0","15.7","0.0"
"2025-10-17T21:00","4.9","15.7","0.0"
"2025-10-17T22:00","4.8","14.4","0.0"
"2025-10-17T23:00","4.3","13.0","0.0"
"2025-10-18T00:00","3.6","12.6","0.0"
"2025-10-18T01:00","3.2","11.1","0.0"
"2025-10-18T02:00","3.0","10.2","0.0"
"2025-10-18T03:00","3.0","10.7","0.0"
"2025-10-18T04:00","3.3","11.8","0.0"
"2025-10-18T05:00","3.7","12.0","0.0"
"2025-10-18T06:00","2.7","11.5","0.0"
"2025-10-18T07:00","3.5","11.4","53.0"
"2025-10-18T08:00","5.2","9.9","170.0"
"2025-10-18T09:00","7.0","9.2","279.0"
"2025-10-18T10:00","8.1","10.5","360.0"
"2025-10-18T11:00","8.9","9.6","399.0"
"2025-10-18T12:00","9.7","8.4","396.0"
"2025-10-18T13:00","9.8","8.7","344.0"
"2025-10-18T14:00","9.6","8.4","260.0"
"2025-10-18T15:00","8.8","5.7","151.0"
"2025-10-18T16:00","6.2","4.5","39.0"
"2025-10-18T17:00","5.3","3.7","0.0"
"2025-10-18T18:00","4.3","3.4","0.0"
"2025-10-18T19:00","3.2","2.7","0.0"
"2025-10-18T20:00","2.6","3.6","0.0"
"2025-10-18T21:00","2.2","4.0","0.0"
"2025-10-18T22:00","1.8","3.3","0.0"
"2025-10-18T23:00","1.4","3.5","0.0"
"2025-10-19T00:00","1.4","2.4","0.0"
"2025-10-19T01:00","0.3","4.7","0.0"
"2025-10-19T02:00","0.2","5.5","0.0"
"2025-10-19T03:00","0.2","5.2","0.0"
"2025-10-19T04:00","0.2","5.5","0.0"
"2025-10-19T05:00","0.4","6.9","0.0"
"2025-10-19T06:00","1.1","7.1","0.0"
"2025-10-19T07:00","2.7","8.1","50.0"
"2025-10-19T08:00","4.9","8.8","154.0"
"2025-10-19T09:00","7.0","9.4","253.0"
"2025-10-19T10:00","8.3","12.7","330.0"
"2025-10-19T11:00","8.9","17.2","392.0"
"2025-10-19T12:00","9.2","17.6","394.0"
"2025-10-19T13:00","9.1","18.1","350.0"
"2025-10-19T14:00","8.8","17.6","264.0"
"2025-10-19T15:00","8.1","17.8","150.0"
"2025-10-19T16:00","7.4","18.1","37.0"
"2025-10-19T17:00","7.5","19.0","0.0"
"2025-10-19T18:00","7.7","20.2","0.0"
"2025-10-19T19:00","7.8","21.2","0.0"
"2025-10-19T20:00","7.9","21.0","0.0"
"2025-10-19T21:00","8.0","21.2","0.0"
"2025-10-19T22:00","7.9","21.1","0.0"
"2025-10-19T23:00","7.9","21.7","0.0"
"2025-10-20T00:00","7.8","21.0","0.0"
"2025-10-20T01:00","8.0","21.3","0.0"
"2025-10-20T02:00","8.1","22.4","0.0"
"2025-10-20T03:00","8.1","23.4","0.0"
"2025-10-20T04:00","8.1","24.4","0.0"
"2025-10-20T05:00","8.0","24.7","0.0"
"2025-10-20T06:00","8.2","25.5","0.0"
"2025-10-20T07:00","8.8","26.4","45.0"
"2025-10-20T08:00","9.4","28.5","157.0"
"2025-10-20T09:00","9.8","28.6","263.0"
"2025-10-20T10:00","10.0","29.1","338.0"
"2025-10-20T11:00","10.1","28.4","374.0"
"2025-10-20T12:00","10.9","27.9","355.0"
"2025-10-20T13:00","11.1","27.2","308.0"
"2025-10-20T14:00","11.1","26.6","217.0"
"2025-10-20T15:00","10.8","25.8","107.0"
"2025-10-20T16:00","10.8","26.0","21.0"
"2025-10-20T17:00","11.1","26.5","0.0"
"2025-10-20T18:00","11.2","26.9","0.0"
"2025-10-20T19:00","11.1","25.6","0.0"
"2025-10-20T20:00","10.8","24.0","0.0"
"2025-10-20T21:00","10.6","23.4","0.0"
"2025-10-20T22:00","10.8","22.7","0.0"
"2025-10-20T23:00","10.7","21.3","0.0"
"2025-10-21T00:00","11.0","20.8","0.0"
"2025-10-21T01:00","10.8","20.6","0.0"
"2025-10-21T02:00","10.6","20.9","0.0"
"2025-10-21T03:00","10.1","21.5","0.0"
"2025-10-21T04:00","10.2","21.0","0.0"
"2025-10-21T05:00","10.4","22.1","0.0"
"2025-10-21T06:00","10.6","20.1","0.0"
"2025-10-21T07:00","10.9","24.8","26.0"
"2025-10-21T08:00","11.1","25.3","121.0"
"2025-10-21T09:00","11.5","24.6","203.0"
"2025-10-21T10:00","11.7","25.4","225.0"
"2025-10-21T11:00","12.0","25.2","227.0"
"2025-10-21T12:00","11.4","23.7","248.0"
"2025-10-21T13:00","12.4","20.5","201.0"
"2025-10-21T14:00","12.6","21.2","190.0"
"2025-10-21T15:00","12.4","22.9","84.0"
"2025-10-21T16:00","12.2","21.7","16.0"
"2025-10-21T17:00","11.8","21.8","0.0"
"2025-10-21T18:00","12.2","21.8","0.0"
"2025-10-21T19:00","11.9","19.9","0.0"
"2025-10-21T20:00","11.6","19.3","0.0"
"2025-10-21T21:00","11.4","19.9","0.0"
"2025-10-21T22:00","11.2","19.8","0.0"
"2025-10-21T23:00","11.1","18.8","0.0"
"2025-10-22T00:00","11.6","17.8","0.0"
"2025-10-22T01:00","11.5","18.2","0.0"
"2025-10-22T02:00","11.6","17.7","0.0"
"2025-10-22T03:00","11.4","16.9","0.0"
"2025-10-22T04:00","11.1","17.1","0.0"
"2025-10-22T05:00","10.8","17.4","0.0"
"2025-10-22T06:00","10.6","17.3","0.0"
"2025-10-22T07:00","10.9","19.0","29.0"
"2025-10-22T08:00","11.4","18.3","93.0"
"2025-10-22T09:00","12.6","16.8","185.0"
"2025-10-22T10:00","13.0","19.6","176.0"
"2025-10-22T11:00","13.9","18.2","224.0"
"2025-10-22T12:00","13.9","18.5","203.0"
"2025-10-22T13:00","13.6","17.3","204.0"
"2025-10-22T14:00","13.8","17.5","186.0"
"2025-10-22T15:00","12.6","16.4","65.0"
"2025-10-22T16:00","11.9","15.1","13.0"
"2025-10-22T17:00","11.1","13.6","0.0"
"2025-10-22T18:00","10.9","12.2","0.0"
"2025-10-22T19:00","10.6","12.7","0.0"
"2025-10-22T20:00","9.9","10.5","0.0"
"2025-10-22T21:00","9.4","8.8","0.0"
"2025-10-22T22:00","8.8","8.9","0.0"
"2025-10-22T23:00","8.4","8.0","0.0"
"2025-10-23T00:00","8.4","6.2","0.0"
"2025-10-23T01:00","7.3","5.6","0.0"
"2025-10-23T02:00","7.1","5.6","0.0"
"2025-10-23T03:00","7.2","6.0","0.0"
"2025-10-23T04:00","8.6","10.0","0.0"
"2025-10-23T05:00","9.7","13.5","0.0"
"2025-10-23T06:00","10.4","18.8","0.0"
"2025-10-23T07:00","11.2","22.7","13.0"
"2025-10-23T08:00","12.1","25.7","79.0"
"2025-10-23T09:00","12.6","28.3","80.0"
"2025-10-23T10:00","13.0","32.5","195.0"
"2025-10-23T11:00","12.8","29.7","115.0"
"2025-10-23T12:00","12.1","33.5","83.0"
"2025-10-23T13:00","11.8","33.0","23.0"
"2025-10-23T14:00","12.1","34.3","21.0"
"2025-10-23T15:00","12.2","32.7","21.0"
"2025-10-23T16:00","12.2","30.6","2.0"
"2025-10-23T17:00","12.8","27.9","0.0"
"2025-10-23T18:00","13.1","22.9","0.0"
"2025-10-23T19:00","12.9","16.2","0.0"
"2025-10-23T20:00","12.6","17.2","0.0"
"2025-10-23T21:00","12.4","17.5","0.0"
"2025-10-23T22:00","12.5","21.9","0.0"
"2025-10-23T23:00","12.0","21.9","0.0"
"2025-10-24T00:00","11.7","19.9","0.0"
"2025-10-24T01:00","11.7","20.8","0.0"
"2025-10-24T02:00","11.7","21.5","0.0"
"2025-10-24T03:00","11.7","21.6","0.0"
"2025-10-24T04:00","11.4","17.0","0.0"
"2025-10-24T05:00","10.8","18.1","0.0"
"2025-10-24T06:00","10.4","19.7","0.0"
"2025-10-24T07:00","11.0","21.8","19.0"
"2025-10-24T08:00","11.5","23.8","51.0"
"2025-10-24T09:00","11.4","24.5","78.0"
"2025-10-24T10:00","12.2","27.7","194.0"
"2025-10-24T11:00","11.9","29.2","172.0"
"2025-10-24T12:00","11.8","29.5","267.0"
"2025-10-24T13:00","12.2","36.1","262.0"
"2025-10-24T14:00","11.6","37.2","145.0"
"2025-10-24T15:00","10.9","34.3","54.0"
"2025-10-24T16:00","10.4","30.1","12.0"
"2025-10-24T17:00","10.6","31.3","0.0"
"2025-10-24T18:00","10.4","29.1","0.0"
"2025-10-24T19:00","10.4","28.8","0.0"
"2025-10-24T20:00","10.1","29.0","0.0"
"2025-10-24T21:00","9.7","28.6","0.0"
"2025-10-24T22:00","9.4","28.3","0.0"
"2025-10-24T23:00","9.0","27.4","0.0"
"2025-10-25T00:00","8.8","24.6","0.0"
"2025-10-25T01:00","8.6","24.6","0.0"
"2025-10-25T02:00","8.9","24.2","0.0"
"2025-10-25T03:00","8.8","23.6","0.0"
"2025-10-25T04:00","8.7","23.0","0.0"
"2025-10-25T05:00","8.5","22.5","0.0"
"2025-10-25T06:00","8.4","23.1","0.0"
"2025-10-25T07:00","8.9","23.3","14.0"
"2025-10-25T08:00","9.4","19.5","121.0"
"2025-10-25T09:00","10.2","27.4","216.0"
"2025-10-25T10:00","10.5","26.5","277.0"
"2025-10-25T11:00","10.4","25.8","276.0"
"2025-10-25T12:00","10.4","24.8","229.0"
"2025-10-25T13:00","9.3","23.4","68.0"
"2025-10-25T14:00","8.9","24.1","18.0"
"2025-10-25T15:00","9.1","24.0","11.0"
"2025-10-25T16:00","9.2","23.1","3.0"
"2025-10-25T17:00","9.1","19.1","0.0"
"2025-10-25T18:00","9.4","23.1","0.0"
"2025-10-25T19:00","9.8","21.5","0.0"
"2025-10-25T20:00","9.4","23.6","0.0"
"2025-10-25T21:00","9.1","23.5","0.0"
"2025-10-25T22:00","9.0","23.5","0.0"
"2025-10-25T23:00","8.9","22.7","0.0"
"2025-10-26T00:00","8.9","23.8","0.0"
"2025-10-26T01:00","8.8","24.5","0.0"
"2025-10-26T02:00","8.6","23.8","0.0"
"2025-10-26T03:00","8.4","24.6","0.0"
"2025-10-26T04:00","8.0","23.6","0.0"
"2025-10-26T05:00","7.5","23.0","0.0"
"2025-10-26T06:00","7.8","23.2","0.0"
"2025-10-26T07:00","7.7","23.2","14.0"
"2025-10-26T08:00","7.8","25.1","50.0"
"2025-10-26T09:00","8.1","23.7","80.0"
"2025-10-26T10:00","8.2","23.7","87.0"
"2025-10-26T11:00","8.1","21.0","74.0"
"2025-10-26T12:00","7.6","17.0","87.0"
"2025-10-26T13:00","7.4","14.8","59.0"
"2025-10-26T14:00","7.1","10.5","43.0"
"2025-10-26T15:00","7.0","5.7","22.0"
"2025-10-26T16:00","6.9","4.8","3.0"
"2025-10-26T17:00","7.1","6.9","0.0"
"2025-10-26T18:00","7.2","8.7","0.0"
"2025-10-26T19:00","7.2","13.3","0.0"
"2025-10-26T20:00","8.2","19.5","0.0"
"2025-10-26T21:00","7.9","16.5","0.0"
"2025-10-26T22:00","7.3","15.1","0.0"
"2025-10-26T23:00","7.1","13.3","0.0"
"2025-10-27T00:00","7.0","13.3","0.0"
"2025-10-27T01:00","7.2","13.7","0.0"
"2025-10-27T02:00","7.8","20.2","0.0"
"2025-10-27T03:00","7.9","21.2","0.0"
"2025-10-27T04:00","7.6","21.3","0.0"
"2025-10-27T05:00","7.2","19.2","0.0"
"2025-10-27T06:00","6.8","18.3","0.0"
"2025-10-27T07:00","6.8","16.1","16.0"
"2025-10-27T08:00","7.4","14.9","59.0"
"2025-10-27T09:00","8.7","12.9","157.0"
"2025-10-27T10:00","9.7","14.8","249.0"
"2025-10-27T11:00","10.0","17.6","279.0"
"2025-10-27T12:00","8.6","15.9","196.0"
"2025-10-27T13:00","8.9","17.6","111.0"
"2025-10-27T14:00","9.1","18.4","108.0"
"2025-10-27T15:00","9.0","18.4","64.0"
"2025-10-27T16:00","8.1","18.0","9.0"
"2025-10-27T17:00","7.7","17.4","0.0"
"2025-10-27T18:00","7.9","18.1","0.0"
"2025-10-27T19:00","7.7","16.5","0.0"
"2025-10-27T20:00","7.4","13.9","0.0"
"2025-10-27T21:00","6.9","13.0","0.0"
"2025-10-27T22:00","7.0","14.1","0.0"
"2025-10-27T23:00","7.2","15.2","0.0"
"2025-10-28T00:00","7.7","17.6","0.0"
"2025-10-28T01:00","7.8","18.2","0.0"
"2025-10-28T02:00","7.7","19.9","0.0"
"2025-10-28T03:00","7.9","21.0","0.0"
"2025-10-28T04:00","7.8","21.6","0.0"
"2025-10-28T05:00","7.9","22.7","0.0"
"2025-10-28T06:00","7.8","21.2","0.0"
"2025-10-28T07:00","7.6","20.5","20.0"
"2025-10-28T08:00","8.1","18.3","106.0"
"2025-10-28T09:00","8.8","17.5","169.0"
"2025-10-28T10:00","8.8","16.6","191.0"
"2025-10-28T11:00","8.9","18.3","179.0"
"2025-10-28T12:00","8.1","15.3","144.0"
"2025-10-28T13:00","8.6","15.0","165.0"
"2025-10-28T14:00","7.8","12.0","27.0"
"2025-10-28T15:00","7.6","10.1","72.0"
"2025-10-28T16:00","6.4","10.8","10.0"
"2025-10-28T17:00","6.2","11.6","0.0"
"2025-10-28T18:00","6.3","13.3","0.0"
"2025-10-28T19:00","6.0","14.0","0.0"
"2025-10-28T20:00","6.3","12.3","0.0"
"2025-10-28T21:00","5.8","11.6","0.0"
"2025-10-28T22:00","6.2","11.4","0.0"
"2025-10-28T23:00","7.0","16.3","0.0"
"2025-10-29T00:00","7.8","10.4","0.0"
"2025-10-29T01:00","8.6","20.6","0.0"
"2025-10-29T02:00","8.6","23.8","0.0"
"2025-10-29T03:00","8.6","21.7","0.0"
"2025-10-29T04:00","8.7","20.5","0.0"
"2025-10-29T05:00","8.9","21.8","0.0"
"2025-10-29T06:00","9.3","22.0","0.0"
"2025-10-29T07:00","9.4","21.1","16.0"
"2025-10-29T08:00","10.3","21.0","96.0"
"2025-10-29T09:00","11.4","19.3","179.0"
"2025-10-29T10:00","11.9","22.2","178.0"
"2025-10-29T11:00","11.6","24.6","207.0"
"2025-10-29T12:00","11.3","19.7","159.0"
"2025-10-29T13:00","11.4","19.9","124.0"
"2025-10-29T14:00","10.9","21.4","66.0"
"2025-10-29T15:00","10.6","18.1","25.0"
"2025-10-29T16:00","10.5","18.3","3.0"
"2025-10-29T17:00","10.1","20.2","0.0"
"2025-10-29T18:00","10.8","22.3","0.0"
"2025-10-29T19:00","10.8","21.8","0.0"
"2025-10-29T20:00","10.8","21.0","0.0"
"2025-10-29T21:00","10.7","19.8","0.0"
"2025-10-29T22:00","10.5","15.5","0.0"
"2025-10-29T23:00","10.2","14.6","0.0"
"2025-10-30T00:00","10.0","12.8","0.0"
"2025-10-30T01:00","9.9","14.9","0.0"
"2025-10-30T02:00","9.8","14.7","0.0"
"2025-10-30T03:00","9.6","14.8","0.0"
"2025-10-30T04:00","9.6","15.4","0.0"
"2025-10-30T05:00","9.4","13.8","0.0"
"2025-10-30T06:00","9.6","13.3","0.0"
"2025-10-30T07:00","9.7","11.5","2.0"
"2025-10-30T08:00","9.6","5.1","14.0"
"2025-10-30T09:00","9.4","11.8","22.0"
"2025-10-30T10:00","9.4","26.8","17.0"
"2025-10-30T11:00","9.1","28.7","18.0"
"2025-10-30T12:00","9.3","30.0","76.0"
"2025-10-30T13:00","9.8","29.0","88.0"
"2025-10-30T14:00","10.2","30.0","125.0"
"2025-10-30T15:00","9.6","26.4","76.0"
"2025-10-30T16:00","9.0","26.2","8.0"
"2025-10-30T17:00","8.7","24.9","0.0"
"2025-10-30T18:00","8.4","23.3","0.0"
"2025-10-30T19:00","8.0","22.0","0.0"
"2025-10-30T20:00","7.8","21.1","0.0"
"2025-10-30T21:00","7.7","19.9","0.0"
"2025-10-30T22:00","7.6","19.5","0.0"
"2025-10-30T23:00","7.2","16.9","0.0"
"2025-10-31T00:00","6.5","13.1","0.0"
"2025-10-31T01:00","6.2","11.9","0.0"
"2025-10-31T02:00","5.8","10.5","0.0"
"2025-10-31T03:00","5.8","10.1","0.0"
"2025-10-31T04:00","5.3","7.4","0.0"
"2025-10-31T05:00","4.4","5.4","0.0"
"2025-10-31T06:00","4.6","5.6","0.0"
"2025-10-31T07:00","4.4","4.8","14.0"
"2025-10-31T08:00","6.2","6.5","92.0"
"2025-10-31T09:00","7.8","7.3","179.0"
"2025-10-31T10:00","9.2","4.4","216.0"
"2025-10-31T11:00","10.4","6.2","263.0"
"2025-10-31T12:00","11.1","10.5","185.0"
"2025-10-31T13:00","11.4","11.9","205.0"
"2025-10-31T14:00","10.7","10.9","136.0"
"2025-10-31T15:00","9.6","12.1","61.0"
"2025-10-31T16:00","8.8","13.4","6.0"
"2025-10-31T17:00","8.9","15.0","0.0"
"2025-10-31T18:00","9.4","18.1","0.0"
"2025-10-31T19:00","9.6","20.1","0.0"
"2025-10-31T20:00","9.8","20.0","0.0"
"2025-10-31T21:00","9.8","19.3","0.0"
"2025-10-31T22:00","9.6","19.2","0.0"
"2025-10-31T23:00","9.4","17.0","0.0"
"2025-11-01T00:00","9.4","16.7","0.0"
"2025-11-01T01:00","8.8","14.0","0.0"
"2025-11-01T02:00","8.5","13.2","0.0"
"2025-11-01T03:00","8.0","11.9","0.0"
"2025-11-01T04:00","7.9","13.0","0.0"
"2025-11-01T05:00","8.2","14.5","0.0"
"2025-11-01T06:00","8.2","15.0","0.0"
"2025-11-01T07:00","8.4","15.1","12.0"
"2025-11-01T08:00","9.4","16.1","96.0"
"2025-11-01T09:00","10.0","16.4","140.0"
"2025-11-01T10:00","10.4","17.4","176.0"
"2025-11-01T11:00","10.6","17.2","169.0"
"2025-11-01T12:00","10.9","18.8","198.0"
"2025-11-01T13:00","10.8","18.1","145.0"
"2025-11-01T14:00","10.6","16.1","81.0"
"2025-11-01T15:00","11.1","20.6","29.0"
"2025-11-01T16:00","11.6","22.9","2.0"
"2025-11-01T17:00","11.3","23.1","0.0"
"2025-11-01T18:00","11.5","19.8","0.0"
"2025-11-01T19:00","11.8","19.2","0.0"
"2025-11-01T20:00","11.8","17.1","0.0"
"2025-11-01T21:00","11.4","15.1","0.0"
"2025-11-01T22:00","10.4","13.2","0.0"
"2025-11-01T23:00","9.9","14.6","0.0"
"2025-11-02T00:00","10.0","13.8","0.0"
"2025-11-02T01:00","9.7","13.1","0.0"
"2025-11-02T02:00","9.4","14.6","0.0"
"2025-11-02T03:00","9.9","16.1","0.0"
"2025-11-02T04:00","10.4","15.6","0.0"
"2025-11-02T05:00","10.6","15.7","0.0"
"2025-11-02T06:00","10.3","14.8","0.0"
"2025-11-02T07:00","10.1","15.6","7.0"
"2025-11-02T08:00","10.3","18.1","43.0"
"2025-11-02T09:00","10.5","18.3","75.0"
"2025-11-02T10:00","11.1","18.1","103.0"
"2025-11-02T11:00","11.2","19.7","119.0"
"2025-11-02T12:00","10.6","16.6","89.0"
"2025-11-02T13:00","11.1","17.8","158.0"
"2025-11-02T14:00","10.9","14.5","89.0"
"2025-11-02T15:00","10.4","14.0","41.0"
"2025-11-02T16:00","9.7","13.1","3.0"
"2025-11-02T17:00","9.2","12.2","0.0"
"2025-11-02T18:00","8.8","10.0","0.0"
"2025-11-02T19:00","8.2","9.6","0.0"
"2025-11-02T20:00","7.7","9.3","0.0"
"2025-11-02T21:00","7.4","9.2","0.0"
"2025-11-02T22:00","7.1","9.1","0.0"
"2025-11-02T23:00","6.4","7.2","0.0"
"2025-11-03T00:00","6.3","7.4","0.0"
"2025-11-03T01:00","5.9","7.1","0.0"
"2025-11-03T02:00","6.1","8.2","0.0"
"2025-11-03T03:00","6.1","9.2","0.0"
"2025-11-03T04:00","6.2","9.9","0.0"
"2025-11-03T05:00","6.2","11.6","0.0"
"2025-11-03T06:00","6.7","12.8","0.0"
"2025-11-03T07:00","7.6","15.0","7.0"
"2025-11-03T08:00","8.5","14.7","65.0"
"2025-11-03T09:00","9.7","15.4","166.0"
"2025-11-03T10:00","10.6","17.0","229.0"
"2025-11-03T11:00","11.4","17.8","280.0"
"2025-11-03T12:00","11.3","19.6","217.0"
"2025-11-03T13:00","10.9","17.1","150.0"
"2025-11-03T14:00","10.6","16.4","109.0"
"2025-11-03T15:00","10.1","17.3","45.0"
"2025-11-03T16:00","9.8","18.1","1.0"
"2025-11-03T17:00","9.5","21.7","0.0"
"2025-11-03T18:00","9.6","24.5","0.0"
"2025-11-03T19:00","9.6","26.0","0.0"
"2025-11-03T20:00","9.9","27.5","0.0"
"2025-11-03T21:00","10.4","26.1","0.0"
"2025-11-03T22:00","10.8","25.7","0.0"
"2025-11-03T23:00","11.1","26.0","0.0"
"2025-11-04T00:00","11.1","24.8","0.0"
"2025-11-04T01:00","11.5","24.9","0.0"
"2025-11-04T02:00","11.6","24.5","0.0"
"2025-11-04T03:00","11.8","23.8","0.0"
"2025-11-04T04:00","11.9","23.7","0.0"
"2025-11-04T05:00","12.1","24.0","0.0"
"2025-11-04T06:00","12.1","22.7","0.0"
"2025-11-04T07:00","12.3","23.4","3.0"
"2025-11-04T08:00","12.7","22.0","32.0"
"2025-11-04T09:00","13.2","22.4","65.0"
"2025-11-04T10:00","13.5","18.6","95.0"
"2025-11-04T11:00","13.4","19.1","89.0"
"2025-11-04T12:00","13.4","23.1","101.0"
"2025-11-04T13:00","13.4","19.5","71.0"
"2025-11-04T14:00","13.4","21.5","39.0"
"2025-11-04T15:00","13.4","21.0","23.0"
"2025-11-04T16:00","12.9","19.6","2.0"
"2025-11-04T17:00","12.1","17.6","0.0"
"2025-11-04T18:00","11.4","14.5","0.0"
"2025-11-04T19:00","11.3","14.6","0.0"
"2025-11-04T20:00","11.1","15.4","0.0"
"2025-11-04T21:00","11.2","16.5","0.0"
"2025-11-04T22:00","11.7","15.8","0.0"
"2025-11-04T23:00","12.2","16.6","0.0"
"2025-11-05T00:00","11.1","14.8","0.0"
"2025-11-05T01:00","11.1","16.2","0.0"
"2025-11-05T02:00","10.7","17.3","0.0"
"2025-11-05T03:00","10.8","17.0","0.0"
"2025-11-05T04:00","10.9","16.4","0.0"
"2025-11-05T05:00","10.9","15.8","0.0"
"2025-11-05T06:00","10.8","14.1","0.0"
"2025-11-05T07:00","10.3","12.6","3.0"
"2025-11-05T08:00","10.9","14.3","65.0"
"2025-11-05T09:00","11.9","13.0","104.0"
"2025-11-05T10:00","12.4","13.0","139.0"
"2025-11-05T11:00","12.4","12.2","128.0"
"2025-11-05T12:00","12.6","13.3","161.0"
"2025-11-05T13:00","12.8","12.5","149.0"
"2025-11-05T14:00","12.4","14.7","86.0"
"2025-11-05T15:00","12.0","12.5","20.0"
"2025-11-05T16:00","11.2","10.1","2.0"
"2025-11-05T17:00","11.8","11.6","0.0"
"2025-11-05T18:00","10.9","10.9","0.0"
"2025-11-05T19:00","11.6","8.9","0.0"
"2025-11-05T20:00","11.4","7.1","0.0"
"2025-11-05T21:00","11.1","8.8","0.0"
"2025-11-05T22:00","10.1","5.9","0.0"
"2025-11-05T23:00","9.9","7.9","0.0"
"2025-11-06T00:00","9.6","7.7","0.0"
"2025-11-06T01:00","9.8","8.3","0.0"
"2025-11-06T02:00","9.4","8.2","0.0"
"2025-11-06T03:00","9.0","6.9","0.0"
"2025-11-06T04:00","9.1","8.5","0.0"
"2025-11-06T05:00","9.3","10.2","0.0"
"2025-11-06T06:00","9.4","10.6","0.0"
"2025-11-06T07:00","9.4","10.3","5.0"
"2025-11-06T08:00","9.9","11.2","53.0"
"2025-11-06T09:00","10.7","10.5","126.0"
"2025-11-06T10:00","11.9","10.4","220.0"
"2025-11-06T11:00","12.5","11.2","264.0"
"2025-11-06T12:00","12.8","11.4","272.0"
"2025-11-06T13:00","11.9","13.0","228.0"
"2025-11-06T14:00","10.9","12.3","152.0"
"2025-11-06T15:00","10.1","13.5","59.0"
"2025-11-06T16:00","9.7","14.3","2.0"
"2025-11-06T17:00","9.8","14.6","0.0"
"2025-11-06T18:00","9.6","13.7","0.0"
"2025-11-06T19:00","9.4","12.9","0.0"
"2025-11-06T20:00","9.2","13.0","0.0"
"2025-11-06T21:00","8.9","12.0","0.0"
"2025-11-06T22:00","8.9","11.9","0.0"
"2025-11-06T23:00","8.8","11.5","0.0"
"2025-11-07T00:00","8.2","9.9","0.0"
"2025-11-07T01:00","8.1","10.2","0.0"
"2025-11-07T02:00","8.2","12.1","0.0"
"2025-11-07T03:00","8.4","13.3","0.0"
"2025-11-07T04:00","8.5","13.1","0.0"
"2025-11-07T05:00","8.4","13.4","0.0"
"2025-11-07T06:00","8.1","13.9","0.0"
"2025-11-07T07:00","7.8","14.0","5.0"
"2025-11-07T08:00","8.4","15.2","74.0"
"2025-11-07T09:00","8.9","14.7","169.0"
"2025-11-07T10:00","9.4","14.6","243.0"
"2025-11-07T11:00","9.8","13.0","282.0"
"2025-11-07T12:00","9.9","12.6","275.0"
"2025-11-07T13:00","9.8","11.2","222.0"
"2025-11-07T14:00","9.2","10.2","136.0"
"2025-11-07T15:00","8.2","8.9","50.0"
"2025-11-07T16:00","7.5","8.7","1.0"
"2025-11-07T17:00","7.2","8.7","0.0"
"2025-11-07T18:00","7.6","8.3","0.0"
"2025-11-07T19:00","7.2","8.1","0.0"
"2025-11-07T20:00","7.3","7.7","0.0"
"2025-11-07T21:00","6.8","5.9","0.0"
"2025-11-07T22:00","6.4","4.3","0.0"
"2025-11-07T23:00","6.3","3.6","0.0"
"2025-11-08T00:00","5.8","1.9","0.0"
"2025-11-08T01:00","6.0","0.8","0.0"
"2025-11-08T02:00","6.1","0.6","0.0"
"2025-11-08T03:00","6.1","0.5","0.0"
"2025-11-08T04:00","6.2","1.2","0.0"
"2025-11-08T05:00","5.8","2.0","0.0"
"2025-11-08T06:00","6.2","2.2","0.0"
"2025-11-08T07:00","6.6","4.7","2.0"
"2025-11-08T08:00","6.8","5.5","27.0"
"2025-11-08T09:00","7.4","5.8","79.0"
"2025-11-08T10:00","8.2","3.9","137.0"
"2025-11-08T11:00","9.0","0.4","179.0"
"2025-11-08T12:00","8.9","7.0","172.0"
"2025-11-08T13:00","9.1","7.2","123.0"
"2025-11-08T14:00","8.9","6.2","66.0"
"2025-11-08T15:00","8.4","4.6","26.0"
"2025-11-08T16:00","7.9","5.6","0.0"
"2025-11-08T17:00","7.8","6.7","0.0"
"2025-11-08T18:00","7.5","7.4","0.0"
"2025-11-08T19:00","7.4","6.5","0.0"
"2025-11-08T20:00","7.4","4.9","0.0"
"2025-11-08T21:00","7.3","4.0","0.0"
"2025-11-08T22:00","7.2","4.8","0.0"
"2025-11-08T23:00","7.1","5.6","0.0"
"2025-11-09T00:00","6.9","6.6","0.0"
"2025-11-09T01:00","6.8","7.6","0.0"
"2025-11-09T02:00","6.4","7.3","0.0"
"2025-11-09T03:00","6.2","6.6","0.0"
"2025-11-09T04:00","6.2","5.7","0.0"
"2025-11-09T05:00","6.2","4.3","0.0"
"2025-11-09T06:00","6.2","5.8","0.0"
"2025-11-09T07:00","6.3","6.0","1.0"
"2025-11-09T08:00","6.6","6.0","35.0"
"2025-11-09T09:00","7.2","7.7","88.0"
"2025-11-09T10:00","7.4","7.1","102.0"
"2025-11-09T11:00","7.8","5.7","129.0"
"2025-11-09T12:00","7.7","4.9","105.0"
"2025-11-09T13:00","7.8","5.4","80.0"
"2025-11-09T14:00","7.8","6.2","51.0"
"2025-11-09T15:00","7.4","4.6","16.0"
"2025-11-09T16:00","7.2","4.0","0.0"
"2025-11-09T17:00","7.1","4.1","0.0"
"2025-11-09T18:00","7.2","4.7","0.0"
"2025-11-09T19:00","7.0","5.3","0.0"
"2025-11-09T20:00","6.8","5.7","0.0"
"2025-11-09T21:00","6.6","6.6","0.0"
"2025-11-09T22:00","6.7","6.5","0.0"
"2025-11-09T23:00","6.7","5.2","0.0"
"2025-11-10T00:00","6.7","4.2","0.0"
"2025-11-10T01:00","6.9","3.5","0.0"
"2025-11-10T02:00","6.8","2.4","0.0"
"2025-11-10T03:00","7.0","0.7","0.0"
"2025-11-10T04:00","6.9","0.6","0.0"
"2025-11-10T05:00","6.9","2.7","0.0"
"2025-11-10T06:00","6.6","4.7","0.0"
"2025-11-10T07:00","6.6","3.9","1.0"
"2025-11-10T08:00","6.8","3.4","29.0"
"2025-11-10T09:00","7.2","3.1","76.0"
"2025-11-10T10:00","7.8","3.1","124.0"
"2025-11-10T11:00","8.2","2.0","154.0"
"2025-11-10T12:00","8.0","5.4","148.0"
"2025-11-10T13:00","8.2","3.5","81.0"
"2025-11-10T14:00","8.1","2.8","53.0"
"2025-11-10T15:00","7.4","2.8","25.0"
"2025-11-10T16:00","6.3","3.0","0.0"
"2025-11-10T17:00","5.9","2.0","0.0"
"2025-11-10T18:00","5.9","0.8","0.0"
"2025-11-10T19:00","5.9","1.0","0.0"
"2025-11-10T20:00","5.2","0.6","0.0"
"2025-11-10T21:00","4.9","1.1","0.0"
"2025-11-10T22:00","4.4","3.1","0.0"
"2025-11-10T23:00","3.8","3.3","0.0"
"2025-11-11T00:00","5.4","4.4","0.0"
"2025-11-11T01:00","6.2","5.6","0.0"
"2025-11-11T02:00","5.8","5.6","0.0"
"2025-11-11T03:00","7.3","7.9","0.0"
"2025-11-11T04:00","7.3","7.9","0.0"
"2025-11-11T05:00","6.9","10.1","0.0"
"2025-11-11T06:00","7.1","11.8","0.0"
"2025-11-11T07:00","7.4","8.5","1.0"
"2025-11-11T08:00","8.2","10.4","22.0"
"2025-11-11T09:00","8.6","11.0","42.0"
"2025-11-11T10:00","8.9","13.0","96.0"
"2025-11-11T11:00","8.8","13.4","92.0"
"2025-11-11T12:00","8.2","11.6","38.0"
"2025-11-11T13:00","8.1","12.8","28.0"
"2025-11-11T14:00","8.2","12.6","30.0"
"2025-11-11T15:00","8.3","11.8","12.0"
"2025-11-11T16:00","8.6","12.5","0.0"
"2025-11-11T17:00","8.4","12.7","0.0"
"2025-11-11T18:00","8.7","13.6","0.0"
"2025-11-11T19:00","8.4","14.1","0.0"
"2025-11-11T20:00","8.4","13.4","0.0"
"2025-11-11T21:00","7.8","12.4","0.0"
"2025-11-11T22:00","7.7","14.4","0.0"
"2025-11-11T23:00","7.6","15.5","0.0"
"2025-11-12T00:00","7.8","14.8","0.0"
"2025-11-12T01:00","7.5","13.5","0.0"
"2025-11-12T02:00","7.2","12.5","0.0"
"2025-11-12T03:00","7.1","14.1","0.0"
"2025-11-12T04:00","7.2","15.5","0.0"
"2025-11-12T05:00","7.6","17.5","0.0"
"2025-11-12T06:00","8.1","17.8","0.0"
"2025-11-12T07:00","8.5","22.0","1.0"
"2025-11-12T08:00","8.8","23.6","20.0"
"2025-11-12T09:00","9.2","23.6","49.0"
"2025-11-12T10:00","10.0","25.0","51.0"
"2025-11-12T11:00","10.6","25.5","99.0"
"2025-11-12T12:00","10.9","22.3","86.0"
"2025-11-12T13:00","11.6","24.7","84.0"
"2025-11-12T14:00","11.7","22.2","58.0"
"2025-11-12T15:00","11.4","23.6","9.0"
"2025-11-12T16:00","11.5","24.9","0.0"
"2025-11-12T17:00","11.2","20.1","0.0"
"2025-11-12T18:00","11.1","19.6","0.0"
"2025-11-12T19:00","10.8","21.7","0.0"
"2025-11-12T20:00","10.8","22.4","0.0"
"2025-11-12T21:00","11.1","20.9","0.0"
"2025-11-12T22:00","11.2","21.0","0.0"
"2025-11-12T23:00","11.1","20.9","0.0"
"2025-11-13T00:00","10.4","18.4","0.0"
"2025-11-13T01:00","10.1","19.3","0.0"
"2025-11-13T02:00","10.2","19.9","0.0"
"2025-11-13T03:00","10.2","20.1","0.0"
"2025-11-13T04:00","9.8","19.0","0.0"
"2025-11-13T05:00","9.6","18.3","0.0"
"2025-11-13T06:00","8.9","17.4","0.0"
"2025-11-13T07:00","8.7","18.0","1.0"
"2025-11-13T08:00","9.4","17.7","39.0"
"2025-11-13T09:00","10.6","19.8","109.0"
"2025-11-13T10:00","11.6","18.2","183.0"
"2025-11-13T11:00","12.2","20.5","216.0"
"2025-11-13T12:00","12.2","19.9","194.0"
"2025-11-13T13:00","12.5","24.6","104.0"
"2025-11-13T14:00","13.2","29.3","106.0"
"2025-11-13T15:00","13.4","30.3","14.0"
"2025-11-13T16:00","12.6","30.7","0.0"
"2025-11-13T17:00","12.4","30.4","0.0"
"2025-11-13T18:00","12.4","31.9","0.0"
"2025-11-13T19:00","12.4","29.0","0.0"
"2025-11-13T20:00","9.3","25.2","0.0"
"2025-11-13T21:00","7.3","21.9","0.0"
"2025-11-13T22:00","6.9","18.8","0.0"
"2025-11-13T23:00","6.9","16.4","0.0"
"2025-11-14T00:00","6.1","13.0","0.0"
"2025-11-14T01:00","5.7","11.2","0.0"
"2025-11-14T02:00","5.6","11.0","0.0"
"2025-11-14T03:00","5.6","9.7","0.0"
"2025-11-14T04:00","5.4","6.0","0.0"
"2025-11-14T05:00","5.2","3.5","0.0"
"2025-11-14T06:00","5.2","2.2","0.0"
"2025-11-14T07:00","4.8","1.4","0.0"
"2025-11-14T08:00","5.7","2.1","18.0"
"2025-11-14T09:00","6.4","3.9","48.0"
"2025-11-14T10:00","6.7","5.2","62.0"
"2025-11-14T11:00","6.9","5.6","69.0"
"2025-11-14T12:00","7.2","10.0","76.0"
"2025-11-14T13:00","6.8","12.2","64.0"
"2025-11-14T14:00","6.3","10.4","31.0"
"2025-11-14T15:00","5.6","10.4","16.0"
"2025-11-14T16:00","4.9","11.8","0.0"
"2025-11-14T17:00","4.6","11.5","0.0"
"2025-11-14T18:00","4.1","10.4","0.0"
"2025-11-14T19:00","3.9","11.4","0.0"
"2025-11-14T20:00","3.7","11.8","0.0"
"2025-11-14T21:00","3.2","11.0","0.0"
"2025-11-14T22:00","2.8","12.0","0.0"
"2025-11-14T23:00","2.5","14.1","0.0"
"2025-11-15T00:00","2.7","13.5","0.0"
"2025-11-15T01:00","2.0","13.2","0.0"
"2025-11-15T02:00","1.3","11.4","0.0"
"2025-11-15T03:00","1.1","12.3","0.0"
"2025-11-15T04:00","0.8","13.5","0.0"
"2025-11-15T05:00","0.2","11.9","0.0"
"2025-11-15T06:00","-0.3","8.7","0.0"
"2025-11-15T07:00","-0.3","9.1","0.0"
"2025-11-15T08:00","0.6","11.2","48.0"
"2025-11-15T09:00","1.9","10.2","139.0"
"2025-11-15T10:00","2.8","10.1","213.0"
"2025-11-15T11:00","3.4","10.1","252.0"
"2025-11-15T12:00","4.2","10.4","248.0"
"2025-11-15T13:00","4.8","9.3","181.0"
"2025-11-15T14:00","4.5","8.1","118.0"
"2025-11-15T15:00","3.2","8.8","33.0"
"2025-11-15T16:00","2.8","9.6","0.0"
"2025-11-15T17:00","2.8","10.3","0.0"
"2025-11-15T18:00","2.0","9.4","0.0"
"2025-11-15T19:00","2.0","9.8","0.0"
"2025-11-15T20:00","2.2","9.4","0.0"
"2025-11-15T21:00","2.5","8.6","0.0"
"2025-11-15T22:00","2.3","7.4","0.0"
"2025-11-15T23:00","2.0","6.7","0.0"
"2025-11-16T00:00","1.5","9.1","0.0"
"2025-11-16T01:00","1.1","8.1","0.0"
"2025-11-16T02:00","1.1","7.9","0.0"
"2025-11-16T03:00","0.9","6.2","0.0"
"2025-11-16T04:00","1.2","8.2","0.0"
"2025-11-16T05:00","0.9","8.5","0.0"
"2025-11-16T06:00","-0.1","6.5","0.0"
"2025-11-16T07:00","-1.9","4.9","0.0"
"2025-11-16T08:00","-0.7","7.4","43.0"
"2025-11-16T09:00","0.8","7.7","126.0"
"2025-11-16T10:00","2.0","7.0","175.0"
"2025-11-16T11:00","3.2","7.1","210.0"
"2025-11-16T12:00","4.2","7.3","212.0"
"2025-11-16T13:00","4.2","9.9","141.0"
"2025-11-16T14:00","3.8","11.9","75.0"
"2025-11-16T15:00","3.6","13.6","18.0"
"2025-11-16T16:00","3.2","14.9","0.0"
"2025-11-16T17:00","3.5","16.4","0.0"
"2025-11-16T18:00","3.9","16.9","0.0"
"2025-11-16T19:00","3.8","17.6","0.0"
"2025-11-16T20:00","4.3","18.3","0.0"
"2025-11-16T21:00","4.4","18.3","0.0"
"2025-11-16T22:00","4.3","16.1","0.0"
"2025-11-16T23:00","4.1","15.3","0.0"
"2025-11-17T00:00","3.5","17.0","0.0"
"2025-11-17T01:00","3.2","16.5","0.0"
"2025-11-17T02:00","2.8","16.0","0.0"
"2025-11-17T03:00","2.2","14.3","0.0"
"2025-11-17T04:00","1.9","14.3","0.0"
"2025-11-17T05:00","1.6","12.7","0.0"
"2025-11-17T06:00","1.6","11.8","0.0"
"2025-11-17T07:00","0.9","12.4","0.0"
"2025-11-17T08:00","2.2","15.9","36.0"
"2025-11-17T09:00","3.4","16.1","119.0"
"2025-11-17T10:00","3.8","16.8","179.0"
"2025-11-17T11:00","4.5","17.6","219.0"
"2025-11-17T12:00","4.9","19.4","223.0"
"2025-11-17T13:00","5.2","19.3","181.0"
"2025-11-17T14:00","4.5","17.3","108.0"
"2025-11-17T15:00","3.3","15.7","28.0"
"2025-11-17T16:00","2.8","12.4","0.0"
"2025-11-17T17:00","2.0","13.0","0.0"
"2025-11-17T18:00","2.5","15.4","0.0"
"2025-11-17T19:00","2.2","12.4","0.0"
"2025-11-17T20:00","2.1","12.7","0.0"
"2025-11-17T21:00","1.5","9.9","0.0"
"2025-11-17T22:00","1.0","9.9","0.0"
"2025-11-17T23:00","1.2","12.5","0.0"
"2025-11-18T00:00","1.5","13.0","0.0"
"2025-11-18T01:00","1.7","13.9","0.0"
"2025-11-18T02:00","1.9","14.8","0.0"
"2025-11-18T03:00","2.2","15.7","0.0"
"2025-11-18T04:00","2.6","16.0","0.0"
"2025-11-18T05:00","3.1","17.6","0.0"
"2025-11-18T06:00","2.9","17.2","0.0"
"2025-11-18T07:00","2.7","16.2","0.0"
"2025-11-18T08:00","3.2","16.0","26.0"
"2025-11-18T09:00","4.2","16.3","89.0"
"2025-11-18T10:00","5.2","18.3","161.0"
"2025-11-18T11:00","5.5","18.6","186.0"
"2025-11-18T12:00","5.2","18.7","163.0"
"2025-11-18T13:00","5.1","18.1","139.0"
"2025-11-18T14:00","4.6","16.5","76.0"
"2025-11-18T15:00","3.6","15.2","20.0"
"2025-11-18T16:00","3.2","14.1","0.0"
"2025-11-18T17:00","3.1","12.6","0.0"
"2025-11-18T18:00","2.8","13.6","0.0"
"2025-11-18T19:00","2.5","11.7","0.0"
"2025-11-18T20:00","2.2","10.4","0.0"
"2025-11-18T21:00","2.2","9.2","0.0"
"2025-11-18T22:00","1.7","8.0","0.0"
"2025-11-18T23:00","1.3","8.0","0.0"
"2025-11-19T00:00","1.3","7.5","0.0"
"2025-11-19T01:00","1.1","7.8","0.0"
"2025-11-19T02:00","0.9","7.1","0.0"
"2025-11-19T03:00","0.6","6.1","0.0"
"2025-11-19T04:00","0.4","6.9","0.0"
"2025-11-19T05:00","-0.1","7.8","0.0"
"2025-11-19T06:00","-0.3","8.0","0.0"
"2025-11-19T07:00","-1.5","5.5","0.0"
"2025-11-19T08:00","-0.6","6.6","31.0"
"2025-11-19T09:00","1.1","6.9","109.0"
"2025-11-19T10:00","2.2","5.3","161.0"
"2025-11-19T11:00","2.7","4.5","147.0"
"2025-11-19T12:00","2.8","1.8","119.0"
"2025-11-19T13:00","2.7","1.0","112.0"
"2025-11-19T14:00","2.0","0.6","41.0"
"2025-11-19T15:00","1.9","1.0","5.0"
"2025-11-19T16:00","1.1","3.4","0.0"
"2025-11-19T17:00","0.8","5.2","0.0"
"2025-11-19T18:00","0.6","8.8","0.0"
"2025-11-19T19:00","0.6","9.3","0.0"
"2025-11-19T20:00","0.5","9.9","0.0"
"2025-11-19T21:00","0.5","11.7","0.0"
"2025-11-19T22:00","0.7","14.0","0.0"
"2025-11-19T23:00","0.6","14.3","0.0"
"2025-11-20T00:00","0.9","14.2","0.0"
"2025-11-20T01:00","0.8","14.6","0.0"
"2025-11-20T02:00","0.9","15.4","0.0"
"2025-11-20T03:00","0.8","14.5","0.0"
"2025-11-20T04:00","0.6","16.1","0.0"
"2025-11-20T05:00","0.6","18.4","0.0"
"2025-11-20T06:00","0.6","19.1","0.0"
"2025-11-20T07:00","0.4","19.7","0.0"
"2025-11-20T08:00","0.6","20.0","14.0"
"2025-11-20T09:00","0.8","20.4","42.0"
"2025-11-20T10:00","0.9","21.8","64.0"
"2025-11-20T11:00","0.8","22.6","69.0"
"2025-11-20T12:00","0.9","23.9","83.0"
"2025-11-20T13:00","0.6","23.3","32.0"
"2025-11-20T14:00","0.5","23.0","27.0"
"2025-11-20T15:00","0.3","21.8","7.0"
"2025-11-20T16:00","0.4","20.8","0.0"
"2025-11-20T17:00","0.3","18.4","0.0"
"2025-11-20T18:00","0.4","17.3","0.0"
"2025-11-20T19:00","0.2","15.8","0.0"
"2025-11-20T20:00","0.5","15.7","0.0"
"2025-11-20T21:00","0.5","17.0","0.0"
"2025-11-20T22:00","0.6","16.3","0.0"
"2025-11-20T23:00","0.5","16.1","0.0"
"2025-11-21T00:00","0.9","19.4","0.0"
"2025-11-21T01:00","1.1","19.3","0.0"
"2025-11-21T02:00","1.0","18.0","0.0"
"2025-11-21T03:00","0.4","16.4","0.0"
"2025-11-21T04:00","0.1","15.4","0.0"
"2025-11-21T05:00","-0.4","15.5","0.0"
"2025-11-21T06:00","-0.3","15.2","0.0"
"2025-11-21T07:00","-0.9","12.6","0.0"
"2025-11-21T08:00","-0.9","10.3","28.0"
"2025-11-21T09:00","-0.2","8.4","109.0"
"2025-11-21T10:00","1.8","10.2","181.0"
"2025-11-21T11:00","2.5","11.6","224.0"
"2025-11-21T12:00","2.7","9.3","220.0"
"2025-11-21T13:00","2.7","8.9","172.0"
"2025-11-21T14:00","2.0","7.6","82.0"
"2025-11-21T15:00","1.5","11.0","14.0"
"2025-11-21T16:00","0.1","10.6","0.0"
"2025-11-21T17:00","-0.8","9.5","0.0"
"2025-11-21T18:00","-1.5","8.7","0.0"
"2025-11-21T19:00","-1.7","9.7","0.0"
"2025-11-21T20:00","-1.6","13.2","0.0"
"2025-11-21T21:00","-1.4","13.5","0.0"
"2025-11-21T22:00","-1.5","12.3","0.0"
"2025-11-21T23:00","-1.5","13.5","0.0"
"2025-11-22T00:00","-1.4","14.0","0.0"
"2025-11-22T01:00","-0.9","14.8","0.0"
"2025-11-22T02:00","-0.6","15.0","0.0"
"2025-11-22T03:00","-0.2","15.3","0.0"
"2025-11-22T04:00","0.4","15.1","0.0"
"2025-11-22T05:00","1.0","15.4","0.0"
"2025-11-22T06:00","0.9","15.2","0.0"
"2025-11-22T07:00","1.2","16.2","0.0"
"2025-11-22T08:00","1.6","16.8","24.0"
"2025-11-22T09:00","2.3","18.7","93.0"
"2025-11-22T10:00","3.0","20.0","150.0"
"2025-11-22T11:00","3.3","20.7","137.0"
"2025-11-22T12:00","3.5","18.5","114.0"
"2025-11-22T13:00","3.7","18.9","69.0"
"2025-11-22T14:00","3.3","18.0","69.0"
"2025-11-22T15:00","2.5","17.5","18.0"
"2025-11-22T16:00","2.0","17.3","0.0"
"2025-11-22T17:00","1.9","17.9","0.0"
"2025-11-22T18:00","2.1","19.2","0.0"
"2025-11-22T19:00","2.0","19.1","0.0"
"2025-11-22T20:00","1.9","19.3","0.0"
"2025-11-22T21:00","1.5","19.6","0.0"
"2025-11-22T22:00","1.2","19.3","0.0"
"2025-11-22T23:00","1.0","19.9","0.0"
"2025-11-23T00:00","0.9","20.1","0.0"
"2025-11-23T01:00","0.9","19.7","0.0"
"2025-11-23T02:00","1.0","19.9","0.0"
"2025-11-23T03:00","0.9","20.4","0.0"
"2025-11-23T04:00","1.0","20.9","0.0"
"2025-11-23T05:00","0.9","21.3","0.0"
"2025-11-23T06:00","0.8","20.2","0.0"
"2025-11-23T07:00","0.9","19.6","0.0"
"2025-11-23T08:00","1.4","20.3","24.0"
"2025-11-23T09:00","2.2","21.5","103.0"
"2025-11-23T10:00","2.8","21.0","151.0"
"2025-11-23T11:00","3.0","19.7","191.0"
"2025-11-23T12:00","3.2","18.0","202.0"
"2025-11-23T13:00","2.8","17.4","161.0"
"2025-11-23T14:00","2.0","17.5","91.0"
"2025-11-23T15:00","1.3","17.8","19.0"
"2025-11-23T16:00","1.4","19.3","0.0"
"2025-11-23T17:00","1.9","20.9","0.0"
"2025-11-23T18:00","2.2","22.7","0.0"
"2025-11-23T19:00","2.1","23.7","0.0"
"2025-11-23T20:00","2.2","23.8","0.0"
"2025-11-23T21:00","2.0","22.9","0.0"
"2025-11-23T22:00","1.5","22.3","0.0"
"2025-11-23T23:00","1.5","23.2","0.0"
"2025-11-24T00:00","1.7","24.7","0.0"
"2025-11-24T01:00","2.0","25.3","0.0"
"2025-11-24T02:00","1.9","25.8","0.0"
"2025-11-24T03:00","1.1","24.9","0.0"
"2025-11-24T04:00","0.4","22.3","0.0"
"2025-11-24T05:00","0.6","21.5","0.0"
"2025-11-24T06:00","0.8","22.7","0.0"
"2025-11-24T07:00","0.7","20.4","0.0"
"2025-11-24T08:00","0.8","17.4","3.0"
"2025-11-24T09:00","1.1","15.7","16.0"
"2025-11-24T10:00","1.6","16.2","31.0"
"2025-11-24T11:00","1.9","16.1","60.0"
"2025-11-24T12:00","1.6","14.9","54.0"
"2025-11-24T13:00","2.0","14.0","78.0"
"2025-11-24T14:00","1.5","11.9","29.0"
"2025-11-24T15:00","2.0","12.1","3.0"
"2025-11-24T16:00","2.5","7.1","0.0"
"2025-11-24T17:00","2.2","5.3","0.0"
"2025-11-24T18:00","3.0","7.6","0.0"
"2025-11-24T19:00","3.0","6.8","0.0"
"2025-11-24T20:00","3.3","9.4","0.0"
"2025-11-24T21:00","3.6","14.1","0.0"
"2025-11-24T22:00","3.8","14.8","0.0"
"2025-11-24T23:00","3.8","14.8","0.0"
"2025-11-25T00:00","3.5","10.9","0.0"
"2025-11-25T01:00","3.5","10.6","0.0"
"2025-11-25T02:00","3.5","9.6","0.0"
"2025-11-25T03:00","3.2","6.8","0.0"
"2025-11-25T04:00","2.8","5.5","0.0"
"2025-11-25T05:00","3.2","3.6","0.0"
"2025-11-25T06:00","2.8","5.1","0.0"
"2025-11-25T07:00","2.8","5.9","0.0"
"2025-11-25T08:00","3.1","7.4","13.0"
"2025-11-25T09:00","3.8","10.7","66.0"
"2025-11-25T10:00","4.3","11.2","116.0"
"2025-11-25T11:00","4.3","11.8","130.0"
"2025-11-25T12:00","4.2","10.2","110.0"
"2025-11-25T13:00","4.1","8.7","83.0"
"2025-11-25T14:00","3.7","9.7","52.0"
"2025-11-25T15:00","2.9","9.7","10.0"
"2025-11-25T16:00","2.5","11.1","0.0"
"2025-11-25T17:00","2.5","12.3","0.0"
"2025-11-25T18:00","3.2","12.2","0.0"
"2025-11-25T19:00","3.1","10.7","0.0"
"2025-11-25T20:00","2.8","10.1","0.0"
"2025-11-25T21:00","2.4","10.3","0.0"
"2025-11-25T22:00","1.8","10.1","0.0"
"2025-11-25T23:00","1.5","9.4","0.0"
"2025-11-26T00:00","2.2","7.7","0.0"
"2025-11-26T01:00","1.2","7.4","0.0"
"2025-11-26T02:00","0.7","8.0","0.0"
"2025-11-26T03:00","0.5","6.8","0.0"
"2025-11-26T04:00","0.2","7.6","0.0"
"2025-11-26T05:00","-0.1","7.6","0.0"
"2025-11-26T06:00","0.5","7.1","0.0"
"2025-11-26T07:00","0.2","7.7","0.0"
"2025-11-26T08:00","-0.1","6.0","13.0"
"2025-11-26T09:00","0.2","5.3","61.0"
"2025-11-26T10:00","1.0","5.2","116.0"
"2025-11-26T11:00","1.5","6.3","121.0"
"2025-11-26T12:00","1.9","7.4","112.0"
"2025-11-26T13:00","1.9","7.6","85.0"
"2025-11-26T14:00","1.9","7.1","35.0"
"2025-11-26T15:00","1.6","4.2","6.0"
"2025-11-26T16:00","1.0","2.6","0.0"
"2025-11-26T17:00","0.7","2.3","0.0"
"2025-11-26T18:00","1.5","4.1","0.0"
"2025-11-26T19:00","1.1","3.5","0.0"
"2025-11-26T20:00","1.5","2.8","0.0"
"2025-11-26T21:00","1.4","0.6","0.0"
"2025-11-26T22:00","0.7","1.8","0.0"
"2025-11-26T23:00","0.3","2.2","0.0"
"2025-11-27T00:00","-0.6","7.3","0.0"
"2025-11-27T01:00","-0.9","7.5","0.0"
"2025-11-27T02:00","-0.8","9.3","0.0"
"2025-11-27T03:00","-0.3","11.8","0.0"
"2025-11-27T04:00","-0.1","15.4","0.0"
"2025-11-27T05:00","0.6","17.6","0.0"
"2025-11-27T06:00","1.8","18.7","0.0"
"2025-11-27T07:00","2.2","18.3","0.0"
"2025-11-27T08:00","2.0","20.5","11.0"
"2025-11-27T09:00","2.2","21.3","43.0"
"2025-11-27T10:00","2.5","22.9","51.0"
"2025-11-27T11:00","2.9","23.7","50.0"
"2025-11-27T12:00","3.7","25.4","24.0"
"2025-11-27T13:00","3.5","26.7","20.0"
"2025-11-27T14:00","3.6","26.2","15.0"
"2025-11-27T15:00","3.6","25.9","2.0"
"2025-11-27T16:00","3.8","25.6","0.0"
"2025-11-27T17:00","4.2","25.2","0.0"
"2025-11-27T18:00","4.3","23.9","0.0"
"2025-11-27T19:00","4.7","23.9","0.0"
"2025-11-27T20:00","5.2","24.7","0.0"
"2025-11-27T21:00","5.7","24.5","0.0"
"2025-11-27T22:00","5.9","23.8","0.0"
"2025-11-27T23:00","6.4","23.7","0.0"
"2025-11-28T00:00","6.8","24.6","0.0"
"2025-11-28T01:00","6.9","24.2","0.0"
"2025-11-28T02:00","7.0","22.8","0.0"
"2025-11-28T03:00","7.2","24.0","0.0"
"2025-11-28T04:00","7.3","24.7","0.0"
"2025-11-28T05:00","7.4","25.5","0.0"
"2025-11-28T06:00","7.6","23.7","0.0"
"2025-11-28T07:00","7.6","24.0","0.0"
"2025-11-28T08:00","7.7","23.8","2.0"
"2025-11-28T09:00","7.8","23.1","12.0"
"2025-11-28T10:00","7.8","21.9","21.0"
"2025-11-28T11:00","8.2","20.6","52.0"
"2025-11-28T12:00","8.2","19.3","60.0"
"2025-11-28T13:00","8.4","19.1","51.0"
"2025-11-28T14:00","8.1","18.6","32.0"
"2025-11-28T15:00","8.0","18.7","4.0"
"2025-11-28T16:00","7.8","18.3","0.0"
"2025-11-28T17:00","7.7","17.2","0.0"
"2025-11-28T18:00","7.8","16.8","0.0"
"2025-11-28T19:00","7.8","18.0","0.0"
"2025-11-28T20:00","7.8","18.3","0.0"
"2025-11-28T21:00","7.7","18.8","0.0"
"2025-11-28T22:00","7.7","20.0","0.0"
"2025-11-28T23:00","7.2","20.3","0.0"
"2025-11-29T00:00","7.4","20.7","0.0"
"2025-11-29T01:00","7.8","21.1","0.0"
"2025-11-29T02:00","8.0","20.8","0.0"
"2025-11-29T03:00","8.4","21.8","0.0"
"2025-11-29T04:00","7.6","20.2","0.0"
"2025-11-29T05:00","7.1","19.7","0.0"
"2025-11-29T06:00","7.1","19.0","0.0"
"2025-11-29T07:00","6.8","18.3","0.0"
"2025-11-29T08:00","7.1","17.7","9.0"
"2025-11-29T09:00","7.7","19.2","39.0"
"2025-11-29T10:00","7.9","20.2","56.0"
"2025-11-29T11:00","8.1","18.1","71.0"
"2025-11-29T12:00","8.3","18.3","91.0"
"2025-11-29T13:00","8.2","18.6","77.0"
"2025-11-29T14:00","8.1","15.3","39.0"
"2025-11-29T15:00","7.0","13.8","10.0"
"2025-11-29T16:00","6.4","13.1","0.0"
"2025-11-29T17:00","6.8","13.5","0.0"
"2025-11-29T18:00","7.4","13.9","0.0"
"2025-11-29T19:00","7.9","15.1","0.0"
"2025-11-29T20:00","7.7","17.0","0.0"
"2025-11-29T21:00","7.6","19.4","0.0"
"2025-11-29T22:00","7.4","19.3","0.0"
"2025-11-29T23:00","7.0","20.7","0.0"
"2025-11-30T00:00","6.8","18.9","0.0"
"2025-11-30T01:00","7.1","17.7","0.0"
"2025-11-30T02:00","6.9","19.6","0.0"
"2025-11-30T03:00","7.1","20.4","0.0"
"2025-11-30T04:00","6.8","21.7","0.0"
"2025-11-30T05:00","7.0","21.7","0.0"
"2025-11-30T06:00","6.8","21.3","0.0"
"2025-11-30T07:00","6.8","20.9","0.0"
"2025-11-30T08:00","6.9","21.1","4.0"
"2025-11-30T09:00","7.2","20.9","8.0"
"2025-11-30T10:00","7.6","19.7","20.0"
"2025-11-30T11:00","8.2","18.7","52.0"
"2025-11-30T12:00","8.4","16.4","60.0"
"2025-11-30T13:00","8.1","17.9","82.0"
"2025-11-30T14:00","7.6","19.0","43.0"
"2025-11-30T15:00","6.6","18.1","8.0"
"2025-11-30T16:00","5.8","18.6","0.0"
"2025-11-30T17:00","5.9","20.8","0.0"
"2025-11-30T18:00","6.1","22.2","0.0"
"2025-11-30T19:00","6.3","24.1","0.0"
"2025-11-30T20:00","6.6","26.9","0.0"
"2025-11-30T21:00","6.8","26.6","0.0"
"2025-11-30T22:00","6.1","24.8","0.0"
"2025-11-30T23:00","6.1","23.5","0.0"
"2025-12-01T00:00","6.1","24.0","0.0"
"2025-12-01T01:00","5.8","23.5","0.0"
"2025-12-01T02:00","5.6","22.4","0.0"
"2025-12-01T03:00","5.3","22.4","0.0"
"2025-12-01T04:00","5.1","20.8","0.0"
"2025-12-01T05:00","4.9","20.1","0.0"
"2025-12-01T06:00","4.8","19.6","0.0"
"2025-12-01T07:00","4.7","18.7","0.0"
"2025-12-01T08:00","4.7","17.1","9.0"
"2025-12-01T09:00","5.2","18.0","73.0"
"2025-12-01T10:00","6.1","18.2","140.0"
"2025-12-01T11:00","6.1","18.5","154.0"
"2025-12-01T12:00","5.8","21.2","160.0"
"2025-12-01T13:00","6.1","19.3","85.0"
"2025-12-01T14:00","5.4","14.9","71.0"
"2025-12-01T15:00","5.1","16.5","8.0"
"2025-12-01T16:00","4.8","18.0","0.0"
"2025-12-01T17:00","4.3","18.4","0.0"
"2025-12-01T18:00","4.4","20.9","0.0"
"2025-12-01T19:00","4.8","22.7","0.0"
"2025-12-01T20:00","5.2","22.9","0.0"
"2025-12-01T21:00","5.1","22.5","0.0"
"2025-12-01T22:00","5.3","22.4","0.0"
"2025-12-01T23:00","5.3","21.6","0.0"
"2025-12-02T00:00","5.2","20.9","0.0"
"2025-12-02T01:00","5.2","20.7","0.0"
"2025-12-02T02:00","5.1","20.5","0.0"
"2025-12-02T03:00","4.9","19.7","0.0"
"2025-12-02T04:00","4.9","20.6","0.0"
"2025-12-02T05:00","4.7","20.5","0.0"
"2025-12-02T06:00","4.2","19.4","0.0"
"2025-12-02T07:00","4.8","20.6","0.0"
"2025-12-02T08:00","4.8","20.6","5.0"
"2025-12-02T09:00","4.9","20.2","34.0"
"2025-12-02T10:00","4.8","21.1","58.0"
"2025-12-02T11:00","4.9","18.5","124.0"
"2025-12-02T12:00","4.9","16.1","71.0"
"2025-12-02T13:00","4.8","15.9","74.0"
"2025-12-02T14:00","4.8","17.2","37.0"
"2025-12-02T15:00","4.7","15.0","4.0"
"2025-12-02T16:00","4.4","14.6","0.0"
"2025-12-02T17:00","4.3","15.3","0.0"
"2025-12-02T18:00","4.6","14.1","0.0"
"2025-12-02T19:00","4.8","13.9","0.0"
"2025-12-02T20:00","4.8","13.1","0.0"
"2025-12-02T21:00","5.0","12.0","0.0"
"2025-12-02T22:00","5.1","11.5","0.0"
"2025-12-02T23:00","5.2","11.2","0.0"
"2025-12-03T00:00","5.0","9.3","0.0"
"2025-12-03T01:00","5.2","8.8","0.0"
"2025-12-03T02:00","5.1","10.1","0.0"
"2025-12-03T03:00","5.2","11.4","0.0"
"2025-12-03T04:00","5.2","10.8","0.0"
"2025-12-03T05:00","4.8","9.5","0.0"
"2025-12-03T06:00","4.8","10.1","0.0"
"2025-12-03T07:00","4.7","9.8","0.0"
"2025-12-03T08:00","4.7","11.7","7.0"
"2025-12-03T09:00","5.3","11.5","47.0"
"2025-12-03T10:00","5.7","12.4","62.0"
"2025-12-03T11:00","5.7","13.0","54.0"
"2025-12-03T12:00","5.4","12.9","37.0"
"2025-12-03T13:00","5.3","12.4","32.0"
"2025-12-03T14:00","5.2","12.8","25.0"
"2025-12-03T15:00","5.0","12.7","2.0"
"2025-12-03T16:00","4.9","12.9","0.0"
"2025-12-03T17:00","4.9","12.7","0.0"
"2025-12-03T18:00","5.1","12.6","0.0"
"2025-12-03T19:00","5.1","11.9","0.0"
"2025-12-03T20:00","5.1","11.0","0.0"
"2025-12-03T21:00","5.2","11.2","0.0"
"2025-12-03T22:00","5.2","11.4","0.0"
"2025-12-03T23:00","5.1","10.5","0.0"
"2025-12-04T00:00","5.0","8.6","0.0"
"2025-12-04T01:00","5.2","8.4","0.0"
"2025-12-04T02:00","5.2","9.8","0.0"
"2025-12-04T03:00","5.1","10.6","0.0"
"2025-12-04T04:00","4.7","10.5","0.0"
"2025-12-04T05:00","4.8","10.8","0.0"
"2025-12-04T06:00","5.2","11.4","0.0"
"2025-12-04T07:00","5.1","11.6","0.0"
"2025-12-04T08:00","5.1","12.3","3.0"
"2025-12-04T09:00","5.2","13.9","13.0"
"2025-12-04T10:00","5.4","14.4","59.0"
"2025-12-04T11:00","5.2","13.9","30.0"
"2025-12-04T12:00","5.2","13.5","44.0"
"2025-12-04T13:00","5.2","14.2","46.0"
"2025-12-04T14:00","4.8","14.7","19.0"
"2025-12-04T15:00","4.6","13.4","2.0"
"2025-12-04T16:00","4.6","13.7","0.0"
"2025-12-04T17:00","4.5","15.3","0.0"
"2025-12-04T18:00","4.8","15.4","0.0"
"2025-12-04T19:00","5.1","16.9","0.0"
"2025-12-04T20:00","5.1","18.1","0.0"
"2025-12-04T21:00","5.1","17.6","0.0"
"2025-12-04T22:00","4.9","16.9","0.0"
"2025-12-04T23:00","4.8","16.5","0.0"
"2025-12-05T00:00","4.9","17.0","0.0"
"2025-12-05T01:00","4.9","17.3","0.0"
"2025-12-05T02:00","4.9","18.2","0.0"
"2025-12-05T03:00","4.9","18.5","0.0"
"2025-12-05T04:00","4.9","18.9","0.0"
"2025-12-05T05:00","5.1","18.2","0.0"
"2025-12-05T06:00","4.9","16.1","0.0"
"2025-12-05T07:00","5.3","15.8","0.0"
"2025-12-05T08:00","5.2","15.8","4.0"
"2025-12-05T09:00","5.6","16.4","30.0"
"2025-12-05T10:00","5.8","16.2","34.0"
"2025-12-05T11:00","5.9","15.3","36.0"
"2025-12-05T12:00","5.8","13.3","18.0"
"2025-12-05T13:00","6.0","10.9","24.0"
"2025-12-05T14:00","5.9","12.6","12.0"
"2025-12-05T15:00","5.8","13.0","1.0"
"2025-12-05T16:00","5.6","12.8","0.0"
"2025-12-05T17:00","5.5","12.8","0.0"
"2025-12-05T18:00","5.9","11.6","0.0"
"2025-12-05T19:00","5.8","8.9","0.0"
"2025-12-05T20:00","5.7","7.3","0.0"
"2025-12-05T21:00","5.5","6.5","0.0"
"2025-12-05T22:00","5.3","7.4","0.0"
"2025-12-05T23:00","5.1","9.3","0.0"
"2025-12-06T00:00","4.9","8.6","0.0"
"2025-12-06T01:00","4.7","11.0","0.0"
"2025-12-06T02:00","4.1","13.6","0.0"
"2025-12-06T03:00","3.8","13.0","0.0"
"2025-12-06T04:00","3.6","11.1","0.0"
"2025-12-06T05:00","3.3","11.9","0.0"
"2025-12-06T06:00","3.8","12.8","0.0"
"2025-12-06T07:00","4.2","12.4","0.0"
"2025-12-06T08:00","4.7","15.8","2.0"
"2025-12-06T09:00","4.8","17.3","24.0"
"2025-12-06T10:00","5.1","19.3","56.0"
"2025-12-06T11:00","5.2","20.2","64.0"
"2025-12-06T12:00","4.8","20.0","71.0"
"2025-12-06T13:00","4.4","20.3","55.0"
"2025-12-06T14:00","4.2","20.4","27.0"
"2025-12-06T15:00","4.3","19.5","3.0"
"2025-12-06T16:00","4.4","19.6","0.0"
"2025-12-06T17:00","4.6","20.4","0.0"
"2025-12-06T18:00","4.7","20.3","0.0"
"2025-12-06T19:00","4.8","18.6","0.0"
"2025-12-06T20:00","4.9","18.0","0.0"
"2025-12-06T21:00","4.9","16.7","0.0"
"2025-12-06T22:00","5.1","16.5","0.0"
"2025-12-06T23:00","5.2","17.1","0.0"
"2025-12-07T00:00","5.2","16.2","0.0"
"2025-12-07T01:00","5.3","14.8","0.0"
"2025-12-07T02:00","5.2","14.3","0.0"
"2025-12-07T03:00","5.2","15.4","0.0"
"2025-12-07T04:00","5.2","16.1","0.0"
"2025-12-07T05:00","5.6","14.1","0.0"
"2025-12-07T06:00","5.9","16.2","0.0"
"2025-12-07T07:00","5.8","16.0","0.0"
"2025-12-07T08:00","5.3","14.3","4.0"
"2025-12-07T09:00","5.8","14.3","49.0"
"2025-12-07T10:00","6.6","13.5","100.0"
"2025-12-07T11:00","7.1","12.9","118.0"
"2025-12-07T12:00","6.8","13.2","91.0"
"2025-12-07T13:00","7.0","11.7","28.0"
"2025-12-07T14:00","7.1","10.5","20.0"
"2025-12-07T15:00","7.0","10.4","3.0"
"2025-12-07T16:00","6.8","9.9","0.0"
"2025-12-07T17:00","6.8","10.0","0.0"
"2025-12-07T18:00","6.8","9.4","0.0"
"2025-12-07T19:00","6.3","11.5","0.0"
"2025-12-07T20:00","5.9","11.1","0.0"
"2025-12-07T21:00","5.7","12.9","0.0"
"2025-12-07T22:00","5.8","14.8","0.0"
"2025-12-07T23:00","6.1","16.6","0.0"
"2025-12-08T00:00","6.9","18.9","0.0"
"2025-12-08T01:00","7.2","22.6","0.0"
"2025-12-08T02:00","7.2","27.4","0.0"
"2025-12-08T03:00","7.3","29.2","0.0"
"2025-12-08T04:00","7.2","28.4","0.0"
"2025-12-08T05:00","7.6","24.1","0.0"
"2025-12-08T06:00","9.0","23.9","0.0"
"2025-12-08T07:00","8.8","24.8","0.0"
"2025-12-08T08:00","8.1","27.3","5.0"
"2025-12-08T09:00","8.7","29.4","56.0"
"2025-12-08T10:00","9.4","30.7","121.0"
"2025-12-08T11:00","9.9","32.0","152.0"
"2025-12-08T12:00","10.0","30.8","160.0"
"2025-12-08T13:00","9.9","29.8","125.0"
"2025-12-08T14:00","9.4","28.4","49.0"
"2025-12-08T15:00","9.5","27.5","4.0"
"2025-12-08T16:00","9.4","25.3","0.0"
"2025-12-08T17:00","9.2","24.8","0.0"
"2025-12-08T18:00","9.9","25.4","0.0"
"2025-12-08T19:00","10.0","23.4","0.0"
"2025-12-08T20:00","9.5","22.6","0.0"
"2025-12-08T21:00","9.1","22.1","0.0"
"2025-12-08T22:00","9.6","22.0","0.0"
"2025-12-08T23:00","9.2","22.2","0.0"
"2025-12-09T00:00","8.9","20.9","0.0"
"2025-12-09T01:00","8.4","19.4","0.0"
"2025-12-09T02:00","7.9","18.1","0.0"
"2025-12-09T03:00","7.8","17.7","0.0"
"2025-12-09T04:00","7.4","16.4","0.0"
"2025-12-09T05:00","7.2","17.8","0.0"
"2025-12-09T06:00","7.8","16.2","0.0"
"2025-12-09T07:00","8.2","14.7","0.0"
"2025-12-09T08:00","8.6","13.9","2.0"
"2025-12-09T09:00","8.9","13.1","23.0"
"2025-12-09T10:00","9.2","14.4","43.0"
"2025-12-09T11:00","9.4","16.4","50.0"
"2025-12-09T12:00","9.1","13.9","37.0"
"2025-12-09T13:00","9.4","12.7","39.0"
"2025-12-09T14:00","9.4","9.9","17.0"
"2025-12-09T15:00","9.6","9.9","2.0"
"2025-12-09T16:00","9.6","9.4","0.0"
"2025-12-09T17:00","9.4","11.0","0.0"
"2025-12-09T18:00","9.9","12.6","0.0"
"2025-12-09T19:00","9.8","13.4","0.0"
"2025-12-09T20:00","9.9","15.5","0.0"
"2025-12-09T21:00","10.4","17.6","0.0"
"2025-12-09T22:00","10.4","18.4","0.0"
"2025-12-09T23:00","10.4","19.2","0.0"
"2025-12-10T00:00","10.4","18.1","0.0"
"2025-12-10T01:00","10.8","21.1","0.0"
"2025-12-10T02:00","10.7","23.1","0.0"
"2025-12-10T03:00","10.6","23.4","0.0"
"2025-12-10T04:00","10.5","23.7","0.0"
"2025-12-10T05:00","10.5","21.7","0.0"
"2025-12-10T06:00","10.6","20.3","0.0"
"2025-12-10T07:00","10.8","19.6","0.0"
"2025-12-10T08:00","10.5","19.7","2.0"
"2025-12-10T09:00","10.4","18.7","30.0"
"2025-12-10T10:00","10.6","17.7","69.0"
"2025-12-10T11:00","10.6","18.4","70.0"
"2025-12-10T12:00","10.6","18.4","73.0"
"2025-12-10T13:00","10.4","17.9","74.0"
"2025-12-10T14:00","10.0","17.0","51.0"
"2025-12-10T15:00","9.4","17.9","5.0"
"2025-12-10T16:00","9.1","19.6","0.0"
"2025-12-10T17:00","8.9","22.0","0.0"
"2025-12-10T18:00","9.6","24.1","0.0"
"2025-12-10T19:00","9.8","25.7","0.0"
"2025-12-10T20:00","9.9","27.8","0.0"
"2025-12-10T21:00","9.6","26.5","0.0"
"2025-12-10T22:00","8.8","25.4","0.0"
"2025-12-10T23:00","8.6","24.6","0.0"
"2025-12-11T00:00","8.9","24.2","0.0"
"2025-12-11T01:00","8.9","23.7","0.0"
"2025-12-11T02:00","8.8","24.1","0.0"
"2025-12-11T03:00","8.6","24.8","0.0"
"2025-12-11T04:00","8.4","24.8","0.0"
"2025-12-11T05:00","8.1","24.1","0.0"
"2025-12-11T06:00","8.9","22.4","0.0"
"2025-12-11T07:00","8.4","22.5","0.0"
"2025-12-11T08:00","8.9","25.0","2.0"
"2025-12-11T09:00","9.0","24.1","15.0"
"2025-12-11T10:00","9.1","24.3","36.0"
"2025-12-11T11:00","9.4","25.3","92.0"
"2025-12-11T12:00","8.9","24.0","40.0"
"2025-12-11T13:00","9.1","23.9","36.0"
"2025-12-11T14:00","9.1","24.4","20.0"
"2025-12-11T15:00","9.1","24.8","2.0"
"2025-12-11T16:00","8.9","23.9","0.0"
"2025-12-11T17:00","8.4","22.0","0.0"
"2025-12-11T18:00","8.6","21.4","0.0"
"2025-12-11T19:00","8.6","23.1","0.0"
"2025-12-11T20:00","8.6","25.2","0.0"
"2025-12-11T21:00","8.4","22.0","0.0"
"2025-12-11T22:00","8.0","17.9","0.0"
"2025-12-11T23:00","7.7","15.2","0.0"
"2025-12-12T00:00","7.8","13.8","0.0"
"2025-12-12T01:00","7.6","12.3","0.0"
"2025-12-12T02:00","7.2","12.9","0.0"
"2025-12-12T03:00","7.7","13.3","0.0"
"2025-12-12T04:00","7.6","12.8","0.0"
"2025-12-12T05:00","6.9","12.6","0.0"
"2025-12-12T06:00","6.9","10.7","0.0"
"2025-12-12T07:00","5.9","8.6","0.0"
"2025-12-12T08:00","6.6","8.1","2.0"
"2025-12-12T09:00","7.5","8.7","31.0"
"2025-12-12T10:00","8.1","8.7","52.0"
"2025-12-12T11:00","8.2","8.1","63.0"
"2025-12-12T12:00","7.6","7.4","62.0"
"2025-12-12T13:00","7.4","6.2","48.0"
"2025-12-12T14:00","7.2","4.7","29.0"
"2025-12-12T15:00","6.6","3.6","4.0"
"2025-12-12T16:00","6.3","5.3","0.0"
"2025-12-12T17:00","6.3","7.4","0.0"
"2025-12-12T18:00","6.2","10.4","0.0"
"2025-12-12T19:00","5.8","13.5","0.0"
"2025-12-12T20:00","5.6","15.5","0.0"
"2025-12-12T21:00","5.2","16.1","0.0"
"2025-12-12T22:00","4.4","13.8","0.0"
"2025-12-12T23:00","4.8","13.3","0.0"
"2025-12-13T00:00","4.8","11.8","0.0"
"2025-12-13T01:00","4.7","11.4","0.0"
"2025-12-13T02:00","4.9","9.9","0.0"
"2025-12-13T03:00","5.2","9.6","0.0"
"2025-12-13T04:00","5.5","9.2","0.0"
"2025-12-13T05:00","5.8","9.4","0.0"
"2025-12-13T06:00","6.1","10.3","0.0"
"2025-12-13T07:00","6.6","12.2","0.0"
"2025-12-13T08:00","7.3","14.6","1.0"
"2025-12-13T09:00","7.9","14.2","14.0"
"2025-12-13T10:00","8.4","15.8","38.0"
"2025-12-13T11:00","8.8","18.0","39.0"
"2025-12-13T12:00","8.9","17.5","36.0"
"2025-12-13T13:00","9.0","18.2","21.0"
"2025-12-13T14:00","7.9","17.6","56.0"
"2025-12-13T15:00","6.4","17.0","7.0"
"2025-12-13T16:00","6.0","16.7","0.0"
"2025-12-13T17:00","5.8","17.1","0.0"
"2025-12-13T18:00","5.8","16.9","0.0"
"2025-12-13T19:00","5.6","16.8","0.0"
"2025-12-13T20:00","5.3","16.9","0.0"
"2025-12-13T21:00","5.2","17.4","0.0"
"2025-12-13T22:00","5.5","18.4","0.0"
"2025-12-13T23:00","5.8","18.9","0.0"
"2025-12-14T00:00","6.4","20.1","0.0"
"2025-12-14T01:00","6.4","19.3","0.0"
"2025-12-14T02:00","6.2","19.0","0.0"
"2025-12-14T03:00","5.9","20.9","0.0"
"2025-12-14T04:00","6.0","21.1","0.0"
"2025-12-14T05:00","6.2","21.9","0.0"
"2025-12-14T06:00","6.4","21.9","0.0"
"2025-12-14T07:00","6.4","23.2","0.0"
"2025-12-14T08:00","6.2","25.8","1.0"
"2025-12-14T09:00","5.9","26.6","28.0"
"2025-12-14T10:00","5.8","25.5","64.0"
"2025-12-14T11:00","6.2","26.2","71.0"
"2025-12-14T12:00","6.4","24.2","33.0"
"2025-12-14T13:00","6.4","21.6","30.0"
"2025-12-14T14:00","6.3","23.7","28.0"
"2025-12-14T15:00","6.6","23.5","2.0"
"2025-12-14T16:00","6.2","24.8","0.0"
"2025-12-14T17:00","6.4","23.7","0.0"
"2025-12-14T18:00","6.2","20.1","0.0"
"2025-12-14T19:00","6.2","21.2","0.0"
"2025-12-14T20:00","6.8","19.9","0.0"
"2025-12-14T21:00","6.8","21.4","0.0"
"2025-12-14T22:00","6.2","21.3","0.0"
"2025-12-14T23:00","6.2","20.8","0.0"
"2025-12-15T00:00","6.7","19.0","0.0"
"2025-12-15T01:00","6.7","18.9","0.0"
"2025-12-15T02:00","6.7","20.3","0.0"
"2025-12-15T03:00","6.6","19.5","0.0"
"2025-12-15T04:00","6.8","19.5","0.0"
"2025-12-15T05:00","6.8","19.9","0.0"
"2025-12-15T06:00","6.6","19.0","0.0"
"2025-12-15T07:00","6.7","19.6","0.0"
"2025-12-15T08:00","6.8","19.1","2.0"
"2025-12-15T09:00","7.3","18.5","27.0"
"2025-12-15T10:00","7.6","17.9","49.0"
"2025-12-15T11:00","7.6","17.0","76.0"
"2025-12-15T12:00","7.8","17.8","119.0"
"2025-12-15T13:00","7.7","14.4","70.0"
"2025-12-15T14:00","6.6","12.0","61.0"
"2025-12-15T15:00","5.4","12.5","7.0"
"2025-12-15T16:00","4.8","11.7","0.0"
"2025-12-15T17:00","4.2","10.8","0.0"
"2025-12-15T18:00","4.3","11.9","0.0"
"2025-12-15T19:00","4.2","11.8","0.0"
"2025-12-15T20:00","4.2","10.6","0.0"
"2025-12-15T21:00","4.0","11.3","0.0"
"2025-12-15T22:00","3.8","10.5","0.0"
"2025-12-15T23:00","3.6","9.4","0.0"
"2025-12-16T00:00","3.2","7.4","0.0"
"2025-12-16T01:00","2.8","7.0","0.0"
"2025-12-16T02:00","2.8","9.0","0.0"
"2025-12-16T03:00","3.0","10.3","0.0"
"2025-12-16T04:00","3.0","10.8","0.0"
"2025-12-16T05:00","3.3","12.3","0.0"
"2025-12-16T06:00","3.3","12.0","0.0"
"2025-12-16T07:00","3.5","11.6","0.0"
"2025-12-16T08:00","3.5","10.5","2.0"
"2025-12-16T09:00","4.1","10.8","45.0"
"2025-12-16T10:00","5.0","10.2","108.0"
"2025-12-16T11:00","5.8","8.7","143.0"
"2025-12-16T12:00","6.3","5.4","143.0"
"2025-12-16T13:00","6.3","8.9","110.0"
"2025-12-16T14:00","5.9","10.1","60.0"
"2025-12-16T15:00","5.2","9.1","6.0"
"2025-12-16T16:00","5.1","11.8","0.0"
"2025-12-16T17:00","5.1","13.1","0.0"
"2025-12-16T18:00","5.6","13.5","0.0"
"2025-12-16T19:00","5.2","12.8","0.0"
"2025-12-16T20:00","5.1","14.9","0.0"
"2025-12-16T21:00","4.9","14.1","0.0"
"2025-12-16T22:00","4.8","13.9","0.0"
"2025-12-16T23:00","4.8","13.4","0.0"
"2025-12-17T00:00","4.8","12.9","0.0"
"2025-12-17T01:00","5.1","12.0","0.0"
"2025-12-17T02:00","5.2","11.1","0.0"
"2025-12-17T03:00","5.5","10.8","0.0"
"2025-12-17T04:00","5.4","10.1","0.0"
"2025-12-17T05:00","5.4","9.1","0.0"
"2025-12-17T06:00","5.2","8.1","0.0"
"2025-12-17T07:00","4.8","6.0","0.0"
"2025-12-17T08:00","4.5","6.4","1.0"
"2025-12-17T09:00","5.1","8.5","13.0"
"2025-12-17T10:00","5.3","9.4","15.0"
"2025-12-17T11:00","6.1","9.3","87.0"
"2025-12-17T12:00","6.9","5.6","121.0"
"2025-12-17T13:00","6.7","6.3","100.0"
"2025-12-17T14:00","6.2","5.0","38.0"
"2025-12-17T15:00","5.6","7.3","5.0"
"2025-12-17T16:00","4.9","7.2","0.0"
"2025-12-17T17:00","5.4","6.5","0.0"
"2025-12-17T18:00","6.2","8.5","0.0"
"2025-12-17T19:00","6.6","9.2","0.0"
"2025-12-17T20:00","6.9","9.8","0.0"
"2025-12-17T21:00","7.2","10.8","0.0"
"2025-12-17T22:00","7.4","12.9","0.0"
"2025-12-17T23:00","7.3","12.8","0.0"
"2025-12-18T00:00","7.1","10.5","0.0"
"2025-12-18T01:00","6.9","12.0","0.0"
"2025-12-18T02:00","7.2","14.9","0.0"
"2025-12-18T03:00","6.8","15.1","0.0"
"2025-12-18T04:00","6.2","14.9","0.0"
"2025-12-18T05:00","6.6","15.0","0.0"
"2025-12-18T06:00","6.9","17.0","0.0"
"2025-12-18T07:00","6.9","19.8","0.0"
"2025-12-18T08:00","6.4","20.5","1.0"
"2025-12-18T09:00","6.3","21.7","43.0"
"2025-12-18T10:00","6.8","21.5","101.0"
"2025-12-18T11:00","7.2","20.8","126.0"
"2025-12-18T12:00","7.8","18.5","136.0"
"2025-12-18T13:00","7.7","18.4","106.0"
"2025-12-18T14:00","7.4","17.1","45.0"
"2025-12-18T15:00","7.3","15.8","4.0"
"2025-12-18T16:00","7.3","15.0","0.0"
"2025-12-18T17:00","7.3","14.5","0.0"
"2025-12-18T18:00","7.4","14.6","0.0"
"2025-12-18T19:00","7.7","15.8","0.0"
"2025-12-18T20:00","7.2","16.4","0.0"
"2025-12-18T21:00","6.4","18.1","0.0"
"2025-12-18T22:00","6.4","20.5","0.0"
"2025-12-18T23:00","6.6","21.5","0.0"
"2025-12-19T00:00","6.6","21.4","0.0"
"2025-12-19T01:00","6.9","21.4","0.0"
"2025-12-19T02:00","7.2","20.9","0.0"
"2025-12-19T03:00","7.5","20.8","0.0"
"2025-12-19T04:00","7.9","21.5","0.0"
"2025-12-19T05:00","8.2","22.3","0.0"
"2025-12-19T06:00","9.1","21.6","0.0"
"2025-12-19T07:00","9.4","21.6","0.0"
"2025-12-19T08:00","9.5","21.4","1.0"
"2025-12-19T09:00","9.9","20.4","16.0"
"2025-12-19T10:00","9.9","19.2","19.0"
"2025-12-19T11:00","10.1","18.0","40.0"
"2025-12-19T12:00","9.8","17.0","46.0"
"2025-12-19T13:00","9.8","17.2","23.0"
"2025-12-19T14:00","9.7","17.3","12.0"
"2025-12-19T15:00","9.6","17.5","2.0"
"2025-12-19T16:00","9.4","17.9","0.0"
"2025-12-19T17:00","9.4","17.0","0.0"
"2025-12-19T18:00","9.1","15.1","0.0"
"2025-12-19T19:00","8.9","16.4","0.0"
"2025-12-19T20:00","7.6","16.4","0.0"
"2025-12-19T21:00","6.6","16.9","0.0"
"2025-12-19T22:00","6.2","17.4","0.0"
"2025-12-19T23:00","6.1","17.4","0.0"
"2025-12-20T00:00","6.2","15.5","0.0"
"2025-12-20T01:00","6.1","15.9","0.0"
"2025-12-20T02:00","5.9","17.2","0.0"
"2025-12-20T03:00","6.3","18.0","0.0"
"2025-12-20T04:00","6.6","17.7","0.0"
"2025-12-20T05:00","6.4","17.3","0.0"
"2025-12-20T06:00","6.7","17.1","0.0"
"2025-12-20T07:00","6.8","17.1","0.0"
"2025-12-20T08:00","6.5","16.3","1.0"
"2025-12-20T09:00","6.7","16.3","35.0"
"2025-12-20T10:00","7.1","16.5","103.0"
"2025-12-20T11:00","7.5","16.2","148.0"
"2025-12-20T12:00","7.3","14.6","139.0"
"2025-12-20T13:00","7.5","12.8","86.0"
"2025-12-20T14:00","6.9","11.0","36.0"
"2025-12-20T15:00","6.6","10.2","3.0"
"2025-12-20T16:00","6.4","9.8","0.0"
"2025-12-20T17:00","6.2","9.6","0.0"
"2025-12-20T18:00","5.7","9.5","0.0"
"2025-12-20T19:00","5.6","9.5","0.0"
"2025-12-20T20:00","5.3","8.2","0.0"
"2025-12-20T21:00","5.0","4.5","0.0"
"2025-12-20T22:00","4.9","5.5","0.0"
"2025-12-20T23:00","4.8","2.5","0.0"
"2025-12-21T00:00","4.8","4.5","0.0"
"2025-12-21T01:00","4.6","4.7","0.0"
"2025-12-21T02:00","4.4","5.1","0.0"
"2025-12-21T03:00","4.3","5.7","0.0"
"2025-12-21T04:00","4.3","7.4","0.0"
"2025-12-21T05:00","4.4","9.3","0.0"
"2025-12-21T06:00","4.6","10.4","0.0"
"2025-12-21T07:00","4.5","10.1","0.0"
"2025-12-21T08:00","4.5","10.8","1.0"
"2025-12-21T09:00","4.6","11.9","20.0"
"2025-12-21T10:00","4.8","11.8","51.0"
"2025-12-21T11:00","4.7","11.7","55.0"
"2025-12-21T12:00","4.9","12.5","59.0"
"2025-12-21T13:00","4.7","12.0","50.0"
"2025-12-21T14:00","4.3","11.5","21.0"
"2025-12-21T15:00","4.3","11.3","3.0"
"2025-12-21T16:00","4.3","11.5","0.0"
"2025-12-21T17:00","4.4","12.1","0.0"
"2025-12-21T18:00","4.6","12.8","0.0"
"2025-12-21T19:00","4.7","14.3","0.0"
"2025-12-21T20:00","4.6","15.3","0.0"
"2025-12-21T21:00","4.8","15.8","0.0"
"2025-12-21T22:00","5.2","16.1","0.0"
"2025-12-21T23:00","5.2","16.6","0.0"
"2025-12-22T00:00","5.2","17.1","0.0"
"2025-12-22T01:00","5.3","17.3","0.0"
"2025-12-22T02:00","5.3","17.4","0.0"
"2025-12-22T03:00","5.5","18.7","0.0"
"2025-12-22T04:00","5.5","19.7","0.0"
"2025-12-22T05:00","5.3","19.2","0.0"
"2025-12-22T06:00","5.2","18.8","0.0"
"2025-12-22T07:00","5.3","19.5","0.0"
"2025-12-22T08:00","5.2","17.9","1.0"
"2025-12-22T09:00","5.4","17.8","25.0"
"2025-12-22T10:00","5.7","18.8","57.0"
"2025-12-22T11:00","5.7","20.5","69.0"
"2025-12-22T12:00","5.3","20.9","70.0"
"2025-12-22T13:00","5.3","19.5","48.0"
"2025-12-22T14:00","5.2","18.8","29.0"
"2025-12-22T15:00","4.9","18.6","4.0"
"2025-12-22T16:00","4.8","18.9","0.0"
"2025-12-22T17:00","4.8","19.1","0.0"
"2025-12-22T18:00","4.8","18.1","0.0"
"2025-12-22T19:00","4.8","18.9","0.0"
"2025-12-22T20:00","4.9","20.3","0.0"
"2025-12-22T21:00","5.1","20.2","0.0"
"2025-12-22T22:00","5.0","20.2","0.0"
"2025-12-22T23:00","5.1","19.2","0.0"
"2025-12-23T00:00","5.1","16.9","0.0"
"2025-12-23T01:00","4.7","17.6","0.0"
"2025-12-23T02:00","4.0","20.5","0.0"
"2025-12-23T03:00","3.2","21.8","0.0"
"2025-12-23T04:00","2.9","21.6","0.0"
"2025-12-23T05:00","2.8","20.1","0.0"
"2025-12-23T06:00","2.8","20.1","0.0"
"2025-12-23T07:00","2.8","20.3","0.0"
"2025-12-23T08:00","2.8","20.1","1.0"
"2025-12-23T09:00","2.6","19.3","38.0"
"2025-12-23T10:00","3.1","21.4","81.0"
"2025-12-23T11:00","3.5","19.1","99.0"
"2025-12-23T12:00","3.9","21.3","125.0"
"2025-12-23T13:00","3.6","18.4","97.0"
"2025-12-23T14:00","3.1","18.9","57.0"
"2025-12-23T15:00","2.5","17.9","7.0"
"2025-12-23T16:00","2.3","17.5","0.0"
"2025-12-23T17:00","2.2","18.1","0.0"
"2025-12-23T18:00","2.8","21.0","0.0"
"2025-12-23T19:00","2.2","21.5","0.0"
"2025-12-23T20:00","0.6","19.3","0.0"
"2025-12-23T21:00","-0.3","17.1","0.0"
"2025-12-23T22:00","-0.8","15.5","0.0"
"2025-12-23T23:00","-0.9","13.6","0.0"
"2025-12-24T00:00","-0.9","13.0","0.0"
"2025-12-24T01:00","-0.3","13.2","0.0"
"2025-12-24T02:00","-0.1","12.9","0.0"
"2025-12-24T03:00","-0.2","12.9","0.0"
"2025-12-24T04:00","-0.7","12.5","0.0"
"2025-12-24T05:00","-1.3","12.6","0.0"
"2025-12-24T06:00","-1.8","12.2","0.0"
"2025-12-24T07:00","-2.2","12.7","0.0"
"2025-12-24T08:00","-2.4","12.2","1.0"
"2025-12-24T09:00","-1.9","12.1","41.0"
"2025-12-24T10:00","-1.0","10.8","100.0"
"2025-12-24T11:00","-0.2","11.2","135.0"
"2025-12-24T12:00","0.2","10.3","143.0"
"2025-12-24T13:00","0.2","10.2","93.0"
"2025-12-24T14:00","-0.2","10.0","49.0"
"2025-12-24T15:00","-1.4","11.6","8.0"
"2025-12-24T16:00","-2.0","11.8","0.0"
"2025-12-24T17:00","-2.0","11.1","0.0"
"2025-12-24T18:00","-2.3","10.5","0.0"
"2025-12-24T19:00","-2.3","10.0","0.0"
"2025-12-24T20:00","-2.5","8.6","0.0"
"2025-12-24T21:00","-2.3","7.4","0.0"
"2025-12-24T22:00","-2.2","6.4","0.0"
"2025-12-24T23:00","-2.3","7.1","0.0"
"2025-12-25T00:00","-2.5","9.7","0.0"
"2025-12-25T01:00","-2.5","5.1","0.0"
"2025-12-25T02:00","-2.9","3.1","0.0"
"2025-12-25T03:00","-3.5","4.4","0.0"
"2025-12-25T04:00","-3.5","4.5","0.0"
"2025-12-25T05:00","-3.5","4.2","0.0"
"2025-12-25T06:00","-3.7","3.2","0.0"
"2025-12-25T07:00","-4.2","2.9","0.0"
"2025-12-25T08:00","-3.6","1.6","1.0"
"2025-12-25T09:00","-2.5","1.0","35.0"
"2025-12-25T10:00","-1.6","0.6","83.0"
"2025-12-25T11:00","-0.1","2.3","128.0"
"2025-12-25T12:00","-0.3","6.1","126.0"
"2025-12-25T13:00","-0.2","4.5","47.0"
"2025-12-25T14:00","-0.3","4.1","27.0"
"2025-12-25T15:00","-0.8","3.2","5.0"
"2025-12-25T16:00","-0.8","4.4","0.0"
"2025-12-25T17:00","-0.6","7.8","0.0"
"2025-12-25T18:00","-1.4","9.2","0.0"
"2025-12-25T19:00","-1.4","8.1","0.0"
"2025-12-25T20:00","-1.6","8.2","0.0"
"2025-12-25T21:00","-1.8","10.3","0.0"
"2025-12-25T22:00","-1.9","10.7","0.0"
"2025-12-25T23:00","-2.0","11.2","0.0"
"2025-12-26T00:00","-1.5","12.8","0.0"
"2025-12-26T01:00","-1.1","14.0","0.0"
"2025-12-26T02:00","-1.0","11.4","0.0"
"2025-12-26T03:00","-0.6","12.5","0.0"
"2025-12-26T04:00","-0.4","13.6","0.0"
"2025-12-26T05:00","0.6","12.8","0.0"
"2025-12-26T06:00","2.2","13.2","0.0"
"2025-12-26T07:00","2.8","13.1","0.0"
"2025-12-26T08:00","2.8","12.8","0.0"
"2025-12-26T09:00","2.9","12.1","19.0"
"2025-12-26T10:00","3.1","11.0","41.0"
"2025-12-26T11:00","3.3","10.7","57.0"
"2025-12-26T12:00","3.5","11.1","60.0"
"2025-12-26T13:00","3.6","12.9","39.0"
"2025-12-26T14:00","3.6","12.8","22.0"
"2025-12-26T15:00","3.6","11.7","4.0"
"2025-12-26T16:00","3.2","9.6","0.0"
"2025-12-26T17:00","3.1","8.2","0.0"
"2025-12-26T18:00","3.0","7.1","0.0"
"2025-12-26T19:00","3.1","7.7","0.0"
"2025-12-26T20:00","3.1","8.9","0.0"
"2025-12-26T21:00","3.1","10.5","0.0"
"2025-12-26T22:00","2.9","11.0","0.0"
"2025-12-26T23:00","3.0","12.1","0.0"
"2025-12-27T00:00","3.8","12.9","0.0"
"2025-12-27T01:00","3.9","14.1","0.0"
"2025-12-27T02:00","3.9","15.0","0.0"
"2025-12-27T03:00","4.0","16.6","0.0"
"2025-12-27T04:00","4.2","17.5","0.0"
"2025-12-27T05:00","4.3","19.3","0.0"
"2025-12-27T06:00","4.2","18.7","0.0"
"2025-12-27T07:00","4.7","25.4","0.0"
"2025-12-27T08:00","5.1","23.2","1.0"
"2025-12-27T09:00","5.3","26.2","43.0"
"2025-12-27T10:00","6.2","27.7","106.0"
"2025-12-27T11:00","6.7","25.6","150.0"
"2025-12-27T12:00","7.1","23.1","159.0"
"2025-12-27T13:00","7.3","19.4","129.0"
"2025-12-27T14:00","6.4","16.1","71.0"
"2025-12-27T15:00","4.8","16.0","11.0"
"2025-12-27T16:00","4.0","17.1","0.0"
"2025-12-27T17:00","4.2","20.2","0.0"
"2025-12-27T18:00","3.1","15.4","0.0"
"2025-12-27T19:00","3.7","19.1","0.0"
"2025-12-27T20:00","3.9","19.2","0.0"
"2025-12-27T21:00","3.9","20.0","0.0"
"2025-12-27T22:00","4.2","22.0","0.0"
"2025-12-27T23:00","4.1","22.4","0.0"
"2025-12-28T00:00","3.2","21.2","0.0"
"2025-12-28T01:00","2.8","18.9","0.0"
"2025-12-28T02:00","2.4","17.5","0.0"
"2025-12-28T03:00","2.0","16.6","0.0"
"2025-12-28T04:00","1.1","13.5","0.0"
"2025-12-28T05:00","0.8","13.5","0.0"
"2025-12-28T06:00","-0.2","13.3","0.0"
"2025-12-28T07:00","-0.2","11.1","0.0"
"2025-12-28T08:00","-0.4","9.2","1.0"
"2025-12-28T09:00","0.4","11.4","44.0"
"2025-12-28T10:00","1.7","13.0","112.0"
"2025-12-28T11:00","2.8","14.5","156.0"
"2025-12-28T12:00","3.5","17.9","165.0"
"2025-12-28T13:00","4.0","17.5","134.0"
"2025-12-28T14:00","3.6","18.6","75.0"
"2025-12-28T15:00","3.1","21.2","11.0"
"2025-12-28T16:00","2.8","23.9","0.0"
"2025-12-28T17:00","3.0","23.2","0.0"
"2025-12-28T18:00","3.2","23.3","0.0"
"2025-12-28T19:00","3.3","21.9","0.0"
"2025-12-28T20:00","3.0","19.7","0.0"
"2025-12-28T21:00","2.8","17.0","0.0"
"2025-12-28T22:00","2.5","16.1","0.0"
"2025-12-28T23:00","2.1","16.1","0.0"
"2025-12-29T00:00","1.8","17.2","0.0"
"2025-12-29T01:00","1.9","18.1","0.0"
"2025-12-29T02:00","2.2","19.3","0.0"
"2025-12-29T03:00","2.1","17.9","0.0"
"2025-12-29T04:00","1.9","16.6","0.0"
"2025-12-29T05:00","1.8","16.3","0.0"
"2025-12-29T06:00","1.5","15.3","0.0"
"2025-12-29T07:00","1.5","15.4","0.0"
"2025-12-29T08:00","1.5","15.9","1.0"
"2025-12-29T09:00","2.2","15.1","42.0"
"2025-12-29T10:00","3.5","14.5","108.0"
"2025-12-29T11:00","4.5","13.3","152.0"
"2025-12-29T12:00","4.4","15.8","112.0"
"2025-12-29T13:00","3.5","13.1","105.0"
"2025-12-29T14:00","3.0","10.5","31.0"
"2025-12-29T15:00","1.6","10.6","8.0"
"2025-12-29T16:00","0.9","12.1","0.0"
"2025-12-29T17:00","1.2","12.8","0.0"
"2025-12-29T18:00","1.5","15.5","0.0"
"2025-12-29T19:00","0.7","16.1","0.0"
"2025-12-29T20:00","0.9","16.7","0.0"
"2025-12-29T21:00","1.5","20.4","0.0"
"2025-12-29T22:00","1.8","21.1","0.0"
"2025-12-29T23:00","1.6","19.9","0.0"
"2025-12-30T00:00","1.1","19.9","0.0"
"2025-12-30T01:00","1.0","20.9","0.0"
"2025-12-30T02:00","1.2","21.5","0.0"
"2025-12-30T03:00","1.2","22.2","0.0"
"2025-12-30T04:00","1.1","22.6","0.0"
"2025-12-30T05:00","0.8","21.3","0.0"
"2025-12-30T06:00","0.3","19.8","0.0"
"2025-12-30T07:00","0.4","20.6","0.0"
"2025-12-30T08:00","0.6","20.8","1.0"
"2025-12-30T09:00","1.0","20.8","44.0"
"2025-12-30T10:00","1.2","21.8","112.0"
"2025-12-30T11:00","1.4","21.7","156.0"
"2025-12-30T12:00","1.2","19.7","169.0"
"2025-12-30T13:00","0.9","18.9","137.0"
"2025-12-30T14:00","0.2","17.6","78.0"
"2025-12-30T15:00","-0.3","15.6","12.0"
"2025-12-30T16:00","-0.6","14.8","0.0"
"2025-12-30T17:00","-0.7","14.2","0.0"
"2025-12-30T18:00","-1.0","11.8","0.0"
"2025-12-30T19:00","-1.5","9.2","0.0"
"2025-12-30T20:00","-2.0","6.6","0.0"
"2025-12-30T21:00","-2.0","7.8","0.0"
"2025-12-30T22:00","-1.5","12.1","0.0"
"2025-12-30T23:00","-1.1","13.8","0.0"
"2025-12-31T00:00","-1.2","15.7","0.0"
"2025-12-31T01:00","-1.2","15.9","0.0"
"2025-12-31T02:00","-1.4","15.0","0.0"
"2025-12-31T03:00","-0.3","16.5","0.0"
"2025-12-31T04:00","-0.1","15.5","0.0"
"2025-12-31T05:00","0.2","13.5","0.0"
"2025-12-31T06:00","0.8","12.9","0.0"
"2025-12-31T07:00","1.1","13.6","0.0"
"2025-12-31T08:00","0.3","13.7","1.0"
"2025-12-31T09:00","0.9","14.5","38.0"
"2025-12-31T10:00","1.8","14.2","104.0"
"2025-12-31T11:00","2.7","14.9","145.0"
"2025-12-31T12:00","3.0","13.3","163.0"
"2025-12-31T13:00","3.0","12.6","113.0"
"2025-12-31T14:00","2.5","12.7","66.0"
"2025-12-31T15:00","1.5","11.2","12.0"
"2025-12-31T16:00","0.6","10.6","0.0"
"2025-12-31T17:00","0.3","9.6","0.0"
"2025-12-31T18:00","-0.2","5.8","0.0"
"2025-12-31T19:00","0.1","7.3","0.0"
"2025-12-31T20:00","0.6","10.1","0.0"
"2025-12-31T21:00","0.6","12.7","0.0"
"2025-12-31T22:00","1.1","13.6","0.0"
"2025-12-31T23:00","2.1","17.4","0.0"
"2026-01-01T00:00","3.1","22.8","0.0"
"2026-01-01T01:00","3.9","23.5","0.0"
"2026-01-01T02:00","4.0","24.6","0.0"
"2026-01-01T03:00","4.1","25.3","0.0"
"2026-01-01T04:00","4.3","30.2","0.0"
"2026-01-01T05:00","4.2","30.3","0.0"
"2026-01-01T06:00","4.4","29.4","0.0"
"2026-01-01T07:00","4.0","30.4","0.0"
"2026-01-01T08:00","3.9","28.9","0.0"
"2026-01-01T09:00","3.6","25.7","9.0"
"2026-01-01T10:00","3.5","23.4","44.0"
"2026-01-01T11:00","4.2","26.4","95.0"
"2026-01-01T12:00","3.5","29.4","75.0"
"2026-01-01T13:00","3.2","30.4","82.0"
"2026-01-01T14:00","2.9","28.3","61.0"
"2026-01-01T15:00","2.6","24.4","11.0"
"2026-01-01T16:00","2.2","24.8","0.0"
"2026-01-01T17:00","2.5","27.3","0.0"
"2026-01-01T18:00","3.0","28.0","0.0"
"2026-01-01T19:00","3.2","26.8","0.0"
"2026-01-01T20:00","2.8","27.9","0.0"
"2026-01-01T21:00","2.5","25.7","0.0"
"2026-01-01T22:00","2.2","25.4","0.0"
"2026-01-01T23:00","2.2","27.8","0.0"
"2026-01-02T00:00","2.5","28.5","0.0"
"2026-01-02T01:00","2.2","24.8","0.0"
"2026-01-02T02:00","1.8","23.1","0.0"
"2026-01-02T03:00","1.8","19.3","0.0"
"2026-01-02T04:00","2.2","27.8","0.0"
"2026-01-02T05:00","1.5","24.9","0.0"
"2026-01-02T06:00","1.0","26.5","0.0"
"2026-01-02T07:00","1.4","23.8","0.0"
"2026-01-02T08:00","1.6","23.5","1.0"
"2026-01-02T09:00","1.5","22.6","32.0"
"2026-01-02T10:00","1.8","23.4","108.0"
"2026-01-02T11:00","2.0","23.7","123.0"
"2026-01-02T12:00","1.6","24.3","124.0"
"2026-01-02T13:00","1.5","20.7","82.0"
"2026-01-02T14:00","0.9","20.0","74.0"
"2026-01-02T15:00","0.0","20.2","15.0"
"2026-01-02T16:00","-0.4","17.8","0.0"
"2026-01-02T17:00","-1.5","16.2","0.0"
"2026-01-02T18:00","-0.9","20.8","0.0"
"2026-01-02T19:00","-0.6","23.6","0.0"
"2026-01-02T20:00","-0.7","25.8","0.0"
"2026-01-02T21:00","-1.0","24.6","0.0"
"2026-01-02T22:00","-1.0","24.6","0.0"
"2026-01-02T23:00","-1.2","25.4","0.0"
"2026-01-03T00:00","-1.4","22.7","0.0"
"2026-01-03T01:00","-1.1","25.2","0.0"
"2026-01-03T02:00","-1.7","23.8","0.0"
"2026-01-03T03:00","-1.6","21.8","0.0"
"2026-01-03T04:00","-1.6","22.8","0.0"
"2026-01-03T05:00","-1.9","25.7","0.0"
"2026-01-03T06:00","-2.1","23.2","0.0"
"2026-01-03T07:00","-2.7","21.8","0.0"
"2026-01-03T08:00","-3.0","20.0","1.0"
"2026-01-03T09:00","-2.7","19.6","40.0"
"2026-01-03T10:00","-2.4","19.2","105.0"
"2026-01-03T11:00","-2.2","17.9","160.0"
"2026-01-03T12:00","-1.8","19.4","163.0"
"2026-01-03T13:00","-1.6","18.7","136.0"
"2026-01-03T14:00","-2.2","16.4","83.0"
"2026-01-03T15:00","-3.2","15.0","17.0"
"2026-01-03T16:00","-3.5","14.7","0.0"
"2026-01-03T17:00","-3.9","13.7","0.0"
"2026-01-03T18:00","-3.5","13.5","0.0"
"2026-01-03T19:00","-4.1","13.2","0.0"
"2026-01-03T20:00","-4.0","14.1","0.0"
"2026-01-03T21:00","-3.8","15.1","0.0"
"2026-01-03T22:00","-3.2","13.8","0.0"
"2026-01-03T23:00","-3.3","13.6","0.0"
"2026-01-04T00:00","-3.0","11.4","0.0"
"2026-01-04T01:00","-3.2","15.9","0.0"
"2026-01-04T02:00","-3.1","17.6","0.0"
"2026-01-04T03:00","-3.2","20.2","0.0"
"2026-01-04T04:00","-3.0","20.2","0.0"
"2026-01-04T05:00","-3.1","19.1","0.0"
"2026-01-04T06:00","-3.5","19.9","0.0"
"2026-01-04T07:00","-3.8","18.6","0.0"
"2026-01-04T08:00","-4.1","17.9","1.0"
"2026-01-04T09:00","-3.7","17.8","43.0"
"2026-01-04T10:00","-3.0","17.1","90.0"
"2026-01-04T11:00","-2.5","15.8","131.0"
"2026-01-04T12:00","-2.4","16.1","163.0"
"2026-01-04T13:00","-2.8","15.7","153.0"
"2026-01-04T14:00","-3.2","15.3","88.0"
"2026-01-04T15:00","-3.3","14.6","15.0"
"2026-01-04T16:00","-3.5","13.3","0.0"
"2026-01-04T17:00","-3.6","13.3","0.0"
"2026-01-04T18:00","-3.8","13.6","0.0"
"2026-01-04T19:00","-4.2","12.8","0.0"
"2026-01-04T20:00","-4.6","11.5","0.0"
"2026-01-04T21:00","-4.8","11.1","0.0"
"2026-01-04T22:00","-4.9","8.7","0.0"
"2026-01-04T23:00","-5.4","6.3","0.0"
"2026-01-05T00:00","-5.7","6.4","0.0"
"2026-01-05T01:00","-5.8","9.1","0.0"
"2026-01-05T02:00","-7.2","4.1","0.0"
"2026-01-05T03:00","-7.0","0.5","0.0"
"2026-01-05T04:00","-6.9","1.5","0.0"
"2026-01-05T05:00","-6.8","4.8","0.0"
"2026-01-05T06:00","-5.6","6.5","0.0"
"2026-01-05T07:00","-2.8","8.1","0.0"
"2026-01-05T08:00","-2.8","11.9","1.0"
"2026-01-05T09:00","-1.6","12.2","43.0"
"2026-01-05T10:00","-1.3","10.7","97.0"
"2026-01-05T11:00","-0.9","8.7","119.0"
"2026-01-05T12:00","-0.6","4.0","104.0"
"2026-01-05T13:00","-1.6","1.8","120.0"
"2026-01-05T14:00","-2.0","1.2","76.0"
"2026-01-05T15:00","-2.8","1.9","16.0"
"2026-01-05T16:00","-3.2","3.3","0.0"
"2026-01-05T17:00","-3.4","3.1","0.0"
"2026-01-05T18:00","-2.4","5.2","0.0"
"2026-01-05T19:00","-2.8","6.5","0.0"
"2026-01-05T20:00","-2.3","9.1","0.0"
"2026-01-05T21:00","-2.7","8.9","0.0"
"2026-01-05T22:00","-3.0","5.9","0.0"
"2026-01-05T23:00","-4.2","5.9","0.0"
"2026-01-06T00:00","-3.2","7.0","0.0"
"2026-01-06T01:00","-3.2","7.6","0.0"
"2026-01-06T02:00","-4.7","3.6","0.0"
"2026-01-06T03:00","-5.0","3.5","0.0"
"2026-01-06T04:00","-5.3","4.2","0.0"
"2026-01-06T05:00","-5.5","4.2","0.0"
"2026-01-06T06:00","-5.0","3.0","0.0"
"2026-01-06T07:00","-4.3","5.3","0.0"
"2026-01-06T08:00","-6.4","3.6","1.0"
"2026-01-06T09:00","-7.3","6.2","39.0"
"2026-01-06T10:00","-6.7","5.4","97.0"
"2026-01-06T11:00","-5.6","5.7","124.0"
"2026-01-06T12:00","-4.3","2.0","142.0"
"2026-01-06T13:00","-4.2","0.2","106.0"
"2026-01-06T14:00","-4.0","3.6","63.0"
"2026-01-06T15:00","-4.2","5.1","18.0"
"2026-01-06T16:00","-4.0","5.7","0.0"
"2026-01-06T17:00","-4.0","9.1","0.0"
"2026-01-06T18:00","-3.7","11.4","0.0"
"2026-01-06T19:00","-2.1","13.5","0.0"
"2026-01-06T20:00","-2.0","13.9","0.0"
"2026-01-06T21:00","-1.8","13.5","0.0"
"2026-01-06T22:00","-1.2","16.5","0.0"
"2026-01-06T23:00","-0.8","16.5","0.0"
"2026-01-07T00:00","-1.8","15.9","0.0"
"2026-01-07T01:00","-1.9","16.0","0.0"
"2026-01-07T02:00","-1.8","16.3","0.0"
"2026-01-07T03:00","-1.0","17.7","0.0"
"2026-01-07T04:00","-0.6","16.8","0.0"
"2026-01-07T05:00","-0.2","16.8","0.0"
"2026-01-07T06:00","-0.3","17.5","0.0"
"2026-01-07T07:00","-0.6","18.0","0.0"
"2026-01-07T08:00","-0.8","18.9","1.0"
"2026-01-07T09:00","-0.4","21.1","25.0"
"2026-01-07T10:00","-0.6","21.8","66.0"
"2026-01-07T11:00","-1.1","22.0","89.0"
"2026-01-07T12:00","-0.6","23.1","100.0"
"2026-01-07T13:00","-0.9","22.4","116.0"
"2026-01-07T14:00","-1.1","21.8","78.0"
"2026-01-07T15:00","-0.8","23.4","15.0"
"2026-01-07T16:00","-0.7","24.2","0.0"
"2026-01-07T17:00","-0.9","25.4","0.0"
"2026-01-07T18:00","-1.2","25.8","0.0"
"2026-01-07T19:00","-2.0","24.7","0.0"
"2026-01-07T20:00","-2.2","24.9","0.0"
"2026-01-07T21:00","-2.2","24.9","0.0"
"2026-01-07T22:00","-2.3","24.1","0.0"
"2026-01-07T23:00","-2.7","22.7","0.0"
"2026-01-08T00:00","-2.7","21.4","0.0"
"2026-01-08T01:00","-2.3","22.0","0.0"
"2026-01-08T02:00","-2.2","22.1","0.0"
"2026-01-08T03:00","-2.2","22.0","0.0"
"2026-01-08T04:00","-2.5","18.3","0.0"
"2026-01-08T05:00","-2.7","16.9","0.0"
"2026-01-08T06:00","-2.6","17.7","0.0"
"2026-01-08T07:00","-2.6","18.2","0.0"
"2026-01-08T08:00","-2.6","18.6","1.0"
"2026-01-08T09:00","-2.7","17.8","40.0"
"2026-01-08T10:00","-2.3","19.5","83.0"
"2026-01-08T11:00","-2.3","20.3","106.0"
"2026-01-08T12:00","-2.0","19.9","134.0"
"2026-01-08T13:00","-2.2","20.1","135.0"
"2026-01-08T14:00","-2.3","19.5","88.0"
"2026-01-08T15:00","-2.3","18.7","21.0"
"2026-01-08T16:00","-2.2","19.7","0.0"
"2026-01-08T17:00","-1.9","21.0","0.0"
"2026-01-08T18:00","-1.5","23.3","0.0"
"2026-01-08T19:00","-1.4","23.5","0.0"
"2026-01-08T20:00","-1.4","24.2","0.0"
"2026-01-08T21:00","-1.5","25.2","0.0"
"2026-01-08T22:00","-1.7","26.0","0.0"
"2026-01-08T23:00","-1.8","27.5","0.0"
"2026-01-09T00:00","-1.6","28.2","0.0"
"2026-01-09T01:00","-1.4","29.4","0.0"
"2026-01-09T02:00","-1.2","30.4","0.0"
"2026-01-09T03:00","-1.3","31.5","0.0"
"2026-01-09T04:00","-1.2","31.5","0.0"
"2026-01-09T05:00","-1.5","31.0","0.0"
"2026-01-09T06:00","-1.5","31.9","0.0"
"2026-01-09T07:00","-0.9","32.6","0.0"
"2026-01-09T08:00","-0.6","31.9","2.0"
"2026-01-09T09:00","-0.9","35.8","33.0"
"2026-01-09T10:00","-0.8","35.7","69.0"
"2026-01-09T11:00","-0.6","35.0","100.0"
"2026-01-09T12:00","-0.4","32.1","127.0"
"2026-01-09T13:00","-0.6","33.1","128.0"
"2026-01-09T14:00","-0.5","33.3","67.0"
"2026-01-09T15:00","-0.6","32.4","20.0"
"2026-01-09T16:00","-0.9","29.5","0.0"
"2026-01-09T17:00","-1.1","28.6","0.0"
"2026-01-09T18:00","-1.2","27.2","0.0"
"2026-01-09T19:00","-1.4","26.8","0.0"
"2026-01-09T20:00","-1.5","27.8","0.0"
"2026-01-09T21:00","-1.6","27.3","0.0"
"2026-01-09T22:00","-2.0","30.7","0.0"
"2026-01-09T23:00","-2.0","31.5","0.0"
"2026-01-10T00:00","-2.0","29.7","0.0"
"2026-01-10T01:00","-2.0","29.2","0.0"
"2026-01-10T02:00","-1.9","28.3","0.0"
"2026-01-10T03:00","-2.0","26.3","0.0"
"2026-01-10T04:00","-2.1","25.5","0.0"
"2026-01-10T05:00","-2.0","25.5","0.0"
"2026-01-10T06:00","-3.0","24.2","0.0"
"2026-01-10T07:00","-3.7","20.4","0.0"
"2026-01-10T08:00","-4.6","18.0","3.0"
"2026-01-10T09:00","-4.5","17.4","59.0"
"2026-01-10T10:00","-4.7","17.0","139.0"
"2026-01-10T11:00","-4.9","16.2","194.0"
"2026-01-10T12:00","-4.3","15.9","209.0"
"2026-01-10T13:00","-4.8","14.6","177.0"
"2026-01-10T14:00","-5.2","15.3","112.0"
"2026-01-10T15:00","-5.8","16.1","30.0"
"2026-01-10T16:00","-6.1","16.8","0.0"
"2026-01-10T17:00","-6.1","16.2","0.0"
"2026-01-10T18:00","-6.2","15.9","0.0"
"2026-01-10T19:00","-6.3","16.7","0.0"
"2026-01-10T20:00","-6.2","18.1","0.0"
"2026-01-10T21:00","-6.2","18.8","0.0"
"2026-01-10T22:00","-5.9","18.4","0.0"
"2026-01-10T23:00","-5.6","17.9","0.0"
"2026-01-11T00:00","-5.9","18.3","0.0"
"2026-01-11T01:00","-5.5","18.5","0.0"
"2026-01-11T02:00","-5.1","18.8","0.0"
"2026-01-11T03:00","-4.8","19.1","0.0"
"2026-01-11T04:00","-4.7","19.0","0.0"
"2026-01-11T05:00","-4.8","18.0","0.0"
"2026-01-11T06:00","-5.3","18.5","0.0"
"2026-01-11T07:00","-5.2","18.0","0.0"
"2026-01-11T08:00","-5.2","16.7","3.0"
"2026-01-11T09:00","-4.8","16.1","61.0"
"2026-01-11T10:00","-4.2","14.8","141.0"
"2026-01-11T11:00","-3.7","14.2","194.0"
"2026-01-11T12:00","-2.8","15.0","208.0"
"2026-01-11T13:00","-2.8","12.5","179.0"
"2026-01-11T14:00","-3.2","11.4","114.0"
"2026-01-11T15:00","-4.2","10.1","32.0"
"2026-01-11T16:00","-5.2","8.7","0.0"
"2026-01-11T17:00","-6.1","6.8","0.0"
"2026-01-11T18:00","-6.6","7.2","0.0"
"2026-01-11T19:00","-8.8","4.9","0.0"
"2026-01-11T20:00","-9.5","2.6","0.0"
"2026-01-11T21:00","-10.4","1.7","0.0"
"2026-01-11T22:00","-11.4","1.3","0.0"
"2026-01-11T23:00","-11.9","1.2","0.0"
"2026-01-12T00:00","-10.6","2.3","0.0"
"2026-01-12T01:00","-9.5","4.5","0.0"
"2026-01-12T02:00","-7.7","6.4","0.0"
"2026-01-12T03:00","-4.8","10.3","0.0"
"2026-01-12T04:00","-3.7","10.5","0.0"
"2026-01-12T05:00","-2.9","12.3","0.0"
"2026-01-12T06:00","-2.9","14.7","0.0"
"2026-01-12T07:00","-2.7","16.4","0.0"
"2026-01-12T08:00","-2.0","17.0","2.0"
"2026-01-12T09:00","-1.0","18.0","40.0"
"2026-01-12T10:00","-0.3","18.4","78.0"
"2026-01-12T11:00","-0.2","18.8","76.0"
"2026-01-12T12:00","0.4","20.6","113.0"
"2026-01-12T13:00","0.3","21.3","68.0"
"2026-01-12T14:00","0.2","22.5","39.0"
"2026-01-12T15:00","0.2","23.1","9.0"
"2026-01-12T16:00","0.3","22.7","0.0"
"2026-01-12T17:00","0.1","22.3","0.0"
"2026-01-12T18:00","0.1","22.5","0.0"
"2026-01-12T19:00","-0.2","22.7","0.0"
"2026-01-12T20:00","-0.2","22.6","0.0"
"2026-01-12T21:00","-0.1","21.6","0.0"
"2026-01-12T22:00","-0.1","21.6","0.0"
"2026-01-12T23:00","0.1","20.4","0.0"
"2026-01-13T00:00","0.1","20.8","0.0"
"2026-01-13T01:00","0.2","20.0","0.0"
"2026-01-13T02:00","0.4","19.2","0.0"
"2026-01-13T03:00","0.6","18.4","0.0"
"2026-01-13T04:00","0.6","15.5","0.0"
"2026-01-13T05:00","0.8","16.6","0.0"
"2026-01-13T06:00","0.8","16.9","0.0"
"2026-01-13T07:00","0.9","16.4","0.0"
"2026-01-13T08:00","1.1","16.3","1.0"
"2026-01-13T09:00","1.4","16.1","14.0"
"2026-01-13T10:00","1.7","15.5","38.0"
"2026-01-13T11:00","1.9","14.7","28.0"
"2026-01-13T12:00","2.0","14.5","39.0"
"2026-01-13T13:00","2.1","12.8","51.0"
"2026-01-13T14:00","2.0","11.3","30.0"
"2026-01-13T15:00","1.8","10.5","9.0"
"2026-01-13T16:00","1.8","10.3","0.0"
"2026-01-13T17:00","1.9","10.7","0.0"
"2026-01-13T18:00","2.5","14.9","0.0"
"2026-01-13T19:00","2.7","14.5","0.0"
"2026-01-13T20:00","2.8","15.5","0.0"
"2026-01-13T21:00","2.8","15.5","0.0"
"2026-01-13T22:00","3.0","17.8","0.0"
"2026-01-13T23:00","3.1","20.1","0.0"
"2026-01-14T00:00","3.0","20.1","0.0"
"2026-01-14T01:00","3.0","20.2","0.0"
"2026-01-14T02:00","3.0","19.9","0.0"
"2026-01-14T03:00","3.0","18.0","0.0"
"2026-01-14T04:00","3.1","17.4","0.0"
"2026-01-14T05:00","3.3","17.6","0.0"
"2026-01-14T06:00","3.7","17.1","0.0"
"2026-01-14T07:00","3.9","17.6","0.0"
"2026-01-14T08:00","3.8","16.8","1.0"
"2026-01-14T09:00","3.8","17.3","13.0"
"2026-01-14T10:00","3.8","17.0","54.0"
"2026-01-14T11:00","4.2","17.9","155.0"
"2026-01-14T12:00","4.2","16.6","198.0"
"2026-01-14T13:00","4.3","17.5","170.0"
"2026-01-14T14:00","3.6","16.7","109.0"
"2026-01-14T15:00","2.7","17.0","34.0"
"2026-01-14T16:00","2.1","15.9","0.0"
"2026-01-14T17:00","1.6","15.1","0.0"
"2026-01-14T18:00","1.8","14.7","0.0"
"2026-01-14T19:00","1.4","14.7","0.0"
"2026-01-14T20:00","1.2","14.1","0.0"
"2026-01-14T21:00","0.9","13.8","0.0"
"2026-01-14T22:00","0.7","13.4","0.0"
"2026-01-14T23:00","0.5","13.9","0.0"
"2026-01-15T00:00","0.8","13.0","0.0"
"2026-01-15T01:00","0.2","8.6","0.0"
"2026-01-15T02:00","0.2","12.0","0.0"
"2026-01-15T03:00","0.3","10.8","0.0"
"2026-01-15T04:00","0.4","11.1","0.0"
"2026-01-15T05:00","0.5","10.6","0.0"
"2026-01-15T06:00","0.3","13.0","0.0"
"2026-01-15T07:00","0.4","13.8","0.0"
"2026-01-15T08:00","1.2","16.9","4.0"
"2026-01-15T09:00","2.2","20.5","56.0"
"2026-01-15T10:00","2.8","22.1","120.0"
"2026-01-15T11:00","2.7","21.4","69.0"
"2026-01-15T12:00","2.7","18.5","96.0"
"2026-01-15T13:00","3.3","19.3","61.0"
"2026-01-15T14:00","3.2","15.9","35.0"
"2026-01-15T15:00","3.2","17.3","15.0"
"2026-01-15T16:00","3.0","17.6","0.0"
"2026-01-15T17:00","3.1","17.7","0.0"
"2026-01-15T18:00","3.2","16.9","0.0"
"2026-01-15T19:00","3.3","17.7","0.0"
"2026-01-15T20:00","3.5","18.0","0.0"
"2026-01-15T21:00","3.5","19.1","0.0"
"2026-01-15T22:00","3.6","19.0","0.0"
"2026-01-15T23:00","3.7","19.2","0.0"
"2026-01-16T00:00","3.7","20.7","0.0"
"2026-01-16T01:00","3.7","21.3","0.0"
"2026-01-16T02:00","3.5","21.7","0.0"
"2026-01-16T03:00","3.8","22.2","0.0"
"2026-01-16T04:00","3.9","22.4","0.0"
"2026-01-16T05:00","4.0","22.7","0.0"
"2026-01-16T06:00","4.3","24.0","0.0"
"2026-01-16T07:00","4.4","24.9","0.0"
"2026-01-16T08:00","5.1","26.8","2.0"
"2026-01-16T09:00","5.1","25.8","47.0"
"2026-01-16T10:00","5.6","23.2","125.0"
"2026-01-16T11:00","6.2","18.9","174.0"
"2026-01-16T12:00","6.2","20.2","157.0"
"2026-01-16T13:00","6.8","20.6","104.0"
"2026-01-16T14:00","6.8","17.6","78.0"
"2026-01-16T15:00","5.6","15.2","34.0"
"2026-01-16T16:00","4.6","13.6","0.0"
"2026-01-16T17:00","4.6","11.4","0.0"
"2026-01-16T18:00","3.8","9.8","0.0"
"2026-01-16T19:00","3.6","7.9","0.0"
"2026-01-16T20:00","2.5","4.8","0.0"
"2026-01-16T21:00","2.5","2.6","0.0"
"2026-01-16T22:00","2.0","0.2","0.0"
"2026-01-16T23:00","1.4","3.4","0.0"
"2026-01-17T00:00","2.6","8.0","0.0"
"2026-01-17T01:00","3.4","9.8","0.0"
"2026-01-17T02:00","3.2","11.1","0.0"
"2026-01-17T03:00","2.8","12.9","0.0"
"2026-01-17T04:00","2.3","14.3","0.0"
"2026-01-17T05:00","2.2","15.2","0.0"
"2026-01-17T06:00","2.5","14.7","0.0"
"2026-01-17T07:00","2.4","15.7","0.0"
"2026-01-17T08:00","2.2","18.0","3.0"
"2026-01-17T09:00","2.0","19.3","29.0"
"2026-01-17T10:00","1.9","18.6","49.0"
"2026-01-17T11:00","1.9","19.7","74.0"
"2026-01-17T12:00","1.5","20.7","79.0"
"2026-01-17T13:00","1.4","21.2","66.0"
"2026-01-17T14:00","1.5","21.1","41.0"
"2026-01-17T15:00","1.6","18.5","15.0"
"2026-01-17T16:00","1.7","19.2","0.0"
"2026-01-17T17:00","1.8","20.3","0.0"
"2026-01-17T18:00","1.8","19.5","0.0"
"2026-01-17T19:00","1.7","19.3","0.0"
"2026-01-17T20:00","1.9","19.1","0.0"
"2026-01-17T21:00","1.8","18.1","0.0"
"2026-01-17T22:00","2.0","16.8","0.0"
"2026-01-17T23:00","2.5","17.4","0.0"
"2026-01-18T00:00","2.4","16.8","0.0"
"2026-01-18T01:00","2.3","17.4","0.0"
"2026-01-18T02:00","2.3","16.9","0.0"
"2026-01-18T03:00","2.4","15.6","0.0"
"2026-01-18T04:00","2.7","14.4","0.0"
"2026-01-18T05:00","3.0","16.7","0.0"
"2026-01-18T06:00","3.0","17.9","0.0"
"2026-01-18T07:00","2.8","20.1","0.0"
"2026-01-18T08:00","2.5","21.3","4.0"
"2026-01-18T09:00","2.5","21.7","54.0"
"2026-01-18T10:00","2.9","22.0","130.0"
"2026-01-18T11:00","2.9","22.3","163.0"
"2026-01-18T12:00","2.7","21.8","178.0"
"2026-01-18T13:00","2.6","22.0","132.0"
"2026-01-18T14:00","2.2","21.0","98.0"
"2026-01-18T15:00","1.8","20.4","45.0"
"2026-01-18T16:00","1.6","20.9","1.0"
"2026-01-18T17:00","1.5","21.1","0.0"
"2026-01-18T18:00","1.9","18.9","0.0"
"2026-01-18T19:00","2.0","20.3","0.0"
"2026-01-18T20:00","1.9","21.8","0.0"
"2026-01-18T21:00","1.9","22.8","0.0"
"2026-01-18T22:00","1.5","21.3","0.0"
"2026-01-18T23:00","1.1","20.2","0.0"
"2026-01-19T00:00","1.1","18.7","0.0"
"2026-01-19T01:00","0.9","19.5","0.0"
"2026-01-19T02:00","0.9","19.9","0.0"
"2026-01-19T03:00","0.6","19.1","0.0"
"2026-01-19T04:00","0.4","19.6","0.0"
"2026-01-19T05:00","0.3","19.7","0.0"
"2026-01-19T06:00","0.4","19.2","0.0"
"2026-01-19T07:00","0.5","19.0","0.0"
"2026-01-19T08:00","0.6","19.2","7.0"
"2026-01-19T09:00","1.1","20.0","75.0"
"2026-01-19T10:00","1.6","20.5","157.0"
"2026-01-19T11:00","1.8","21.2","211.0"
"2026-01-19T12:00","2.1","20.4","226.0"
"2026-01-19T13:00","2.0","20.7","200.0"
"2026-01-19T14:00","1.7","20.3","137.0"
"2026-01-19T15:00","1.1","18.7","52.0"
"2026-01-19T16:00","0.9","18.2","1.0"
"2026-01-19T17:00","1.1","18.7","0.0"
"2026-01-19T18:00","1.6","19.4","0.0"
"2026-01-19T19:00","1.6","18.6","0.0"
"2026-01-19T20:00","1.3","16.4","0.0"
"2026-01-19T21:00","0.9","14.7","0.0"
"2026-01-19T22:00","0.9","14.4","0.0"
"2026-01-19T23:00","0.8","13.6","0.0"
"2026-01-20T00:00","0.6","12.0","0.0"
"2026-01-20T01:00","0.4","11.2","0.0"
"2026-01-20T02:00","0.3","10.6","0.0"
"2026-01-20T03:00","0.2","11.1","0.0"
"2026-01-20T04:00","-0.1","10.7","0.0"
"2026-01-20T05:00","-0.5","9.0","0.0"
"2026-01-20T06:00","-1.0","7.6","0.0"
"2026-01-20T07:00","-1.8","6.6","0.0"
"2026-01-20T08:00","-2.0","5.6","7.0"
"2026-01-20T09:00","-0.3","6.3","73.0"
"2026-01-20T10:00","0.7","4.6","151.0"
"2026-01-20T11:00","1.5","4.5","202.0"
"2026-01-20T12:00","1.9","5.4","216.0"
"2026-01-20T13:00","1.8","5.8","184.0"
"2026-01-20T14:00","1.2","6.1","127.0"
"2026-01-20T15:00","-0.2","6.1","49.0"
"2026-01-20T16:00","-0.8","6.3","1.0"
"2026-01-20T17:00","-1.5","5.6","0.0"
"2026-01-20T18:00","-0.4","7.2","0.0"
"2026-01-20T19:00","-0.5","7.6","0.0"
"2026-01-20T20:00","-0.6","8.8","0.0"
"2026-01-20T21:00","-0.8","8.9","0.0"
"2026-01-20T22:00","-0.9","9.7","0.0"
"2026-01-20T23:00","-1.0","10.3","0.0"
"2026-01-21T00:00","-1.1","11.7","0.0"
"2026-01-21T01:00","-1.2","12.1","0.0"
"2026-01-21T02:00","-1.2","11.6","0.0"
"2026-01-21T03:00","-1.3","10.8","0.0"
"2026-01-21T04:00","-1.2","12.8","0.0"
"2026-01-21T05:00","-1.1","14.2","0.0"
"2026-01-21T06:00","-1.4","14.3","0.0"
"2026-01-21T07:00","-1.4","14.7","0.0"
"2026-01-21T08:00","-1.0","15.0","7.0"
"2026-01-21T09:00","-0.1","16.2","65.0"
"2026-01-21T10:00","0.2","18.2","96.0"
"2026-01-21T11:00","0.6","20.8","104.0"
"2026-01-21T12:00","0.2","20.2","114.0"
"2026-01-21T13:00","0.0","18.4","77.0"
"2026-01-21T14:00","0.3","17.6","44.0"
"2026-01-21T15:00","0.2","17.2","19.0"
"2026-01-21T16:00","-0.2","18.8","1.0"
"2026-01-21T17:00","-0.2","15.7","0.0"
"2026-01-21T18:00","0.3","16.7","0.0"
"2026-01-21T19:00","0.8","18.1","0.0"
"2026-01-21T20:00","0.8","18.5","0.0"
"2026-01-21T21:00","0.6","19.6","0.0"
"2026-01-21T22:00","0.6","20.4","0.0"
"2026-01-21T23:00","0.4","20.4","0.0"
"2026-01-22T00:00","0.1","19.2","0.0"
"2026-01-22T01:00","-0.2","22.0","0.0"
"2026-01-22T02:00","-0.4","23.7","0.0"
"2026-01-22T03:00","-0.7","23.1","0.0"
"2026-01-22T04:00","-1.2","23.3","0.0"
"2026-01-22T05:00","-1.6","22.7","0.0"
"2026-01-22T06:00","-1.5","18.7","0.0"
"2026-01-22T07:00","-1.3","20.9","0.0"
"2026-01-22T08:00","-1.1","24.2","3.0"
"2026-01-22T09:00","-1.1","24.7","20.0"
"2026-01-22T10:00","-1.0","25.3","35.0"
"2026-01-22T11:00","-0.7","25.7","58.0"
"2026-01-22T12:00","-0.1","28.3","47.0"
"2026-01-22T13:00","0.2","26.2","43.0"
"2026-01-22T14:00","0.6","25.5","33.0"
"2026-01-22T15:00","0.6","25.5","16.0"
"2026-01-22T16:00","0.4","25.9","1.0"
"2026-01-22T17:00","0.6","27.8","0.0"
"2026-01-22T18:00","0.4","28.4","0.0"
"2026-01-22T19:00","0.6","27.2","0.0"
"2026-01-22T20:00","0.6","27.2","0.0"
"2026-01-22T21:00","0.6","27.4","0.0"
"2026-01-22T22:00","0.8","29.0","0.0"
"2026-01-22T23:00","0.6","29.3","0.0"
"2026-01-23T00:00","0.2","30.3","0.0"
"2026-01-23T01:00","0.3","30.5","0.0"
"2026-01-23T02:00","0.2","30.8","0.0"
"2026-01-23T03:00","0.2","30.1","0.0"
"2026-01-23T04:00","-0.2","30.3","0.0"
"2026-01-23T05:00","-0.5","30.7","0.0"
"2026-01-23T06:00","-0.8","30.3","0.0"
"2026-01-23T07:00","-0.9","30.0","0.0"
"2026-01-23T08:00","-1.2","29.9","4.0"
"2026-01-23T09:00","-1.4","30.3","28.0"
"2026-01-23T10:00","-1.4","31.1","52.0"
"2026-01-23T11:00","-1.2","31.2","58.0"
"2026-01-23T12:00","-1.2","31.2","72.0"
"2026-01-23T13:00","-0.8","31.2","82.0"
"2026-01-23T14:00","-0.9","29.3","49.0"
"2026-01-23T15:00","-1.0","28.5","20.0"
"2026-01-23T16:00","-1.2","29.7","1.0"
"2026-01-23T17:00","-1.4","31.0","0.0"
"2026-01-23T18:00","-1.3","31.0","0.0"
"2026-01-23T19:00","-1.2","30.7","0.0"
"2026-01-23T20:00","-0.9","31.2","0.0"
"2026-01-23T21:00","-0.8","30.2","0.0"
"2026-01-23T22:00","-0.6","28.6","0.0"
"2026-01-23T23:00","-0.6","27.0","0.0"
"2026-01-24T00:00","-0.6","25.1","0.0"
"2026-01-24T01:00","-0.6","24.1","0.0"
"2026-01-24T02:00","-0.5","23.0","0.0"
"2026-01-24T03:00","-0.6","22.1","0.0"
"2026-01-24T04:00","-0.5","21.8","0.0"
"2026-01-24T05:00","-0.3","20.5","0.0"
"2026-01-24T06:00","-0.2","20.4","0.0"
"2026-01-24T07:00","-0.2","21.9","0.0"
"2026-01-24T08:00","0.2","23.3","3.0"
"2026-01-24T09:00","0.6","24.1","26.0"
"2026-01-24T10:00","0.6","26.4","41.0"
"2026-01-24T11:00","0.8","26.6","59.0"
"2026-01-24T12:00","0.6","26.5","66.0"
"2026-01-24T13:00","0.6","24.4","49.0"
"2026-01-24T14:00","0.6","23.8","47.0"
"2026-01-24T15:00","0.5","24.6","25.0"
"2026-01-24T16:00","0.4","25.7","1.0"
"2026-01-24T17:00","0.1","25.6","0.0"
"2026-01-24T18:00","-0.2","23.9","0.0"
"2026-01-24T19:00","-0.3","23.8","0.0"
"2026-01-24T20:00","-0.4","23.6","0.0"
"2026-01-24T21:00","-0.3","22.5","0.0"
"2026-01-24T22:00","-0.2","20.3","0.0"
"2026-01-24T23:00","-0.1","19.5","0.0"
"2026-01-25T00:00","-0.1","19.1","0.0"
"2026-01-25T01:00","-0.1","17.5","0.0"
"2026-01-25T02:00","-0.2","18.6","0.0"
"2026-01-25T03:00","-0.1","19.7","0.0"
"2026-01-25T04:00","-0.1","21.7","0.0"
"2026-01-25T05:00","-0.1","21.9","0.0"
"2026-01-25T06:00","-0.1","22.1","0.0"
"2026-01-25T07:00","-0.1","22.5","0.0"
"2026-01-25T08:00","0.1","23.2","2.0"
"2026-01-25T09:00","0.4","23.7","15.0"
"2026-01-25T10:00","0.6","24.5","39.0"
"2026-01-25T11:00","0.6","23.1","48.0"
"2026-01-25T12:00","0.2","22.2","55.0"
"2026-01-25T13:00","0.5","22.4","44.0"
"2026-01-25T14:00","0.8","20.7","34.0"
"2026-01-25T15:00","0.9","22.0","18.0"
"2026-01-25T16:00","0.9","23.2","2.0"
"2026-01-25T17:00","0.7","24.3","0.0"
"2026-01-25T18:00","0.4","24.5","0.0"
"2026-01-25T19:00","0.3","23.4","0.0"
"2026-01-25T20:00","0.1","23.4","0.0"
"2026-01-25T21:00","-0.1","24.4","0.0"
"2026-01-25T22:00","0.1","25.3","0.0"
"2026-01-25T23:00","0.3","24.6","0.0"
"2026-01-26T00:00","-0.2","23.6","0.0"
"2026-01-26T01:00","-0.6","23.9","0.0"
"2026-01-26T02:00","-0.9","23.3","0.0"
"2026-01-26T03:00","-0.9","23.7","0.0"
"2026-01-26T04:00","-0.9","22.4","0.0"
"2026-01-26T05:00","-0.9","22.7","0.0"
"2026-01-26T06:00","-1.9","22.3","0.0"
"2026-01-26T07:00","-2.2","22.1","0.0"
"2026-01-26T08:00","-2.0","20.9","6.0"
"2026-01-26T09:00","-1.5","21.8","37.0"
"2026-01-26T10:00","-0.9","20.0","59.0"
"2026-01-26T11:00","-1.2","18.4","31.0"
"2026-01-26T12:00","-0.4","20.9","35.0"
"2026-01-26T13:00","-0.4","18.0","30.0"
"2026-01-26T14:00","-0.2","16.9","26.0"
"2026-01-26T15:00","-0.3","18.9","9.0"
"2026-01-26T16:00","-0.4","20.4","1.0"
"2026-01-26T17:00","-0.6","19.7","0.0"
"2026-01-26T18:00","-0.9","18.6","0.0"
"2026-01-26T19:00","-0.9","19.7","0.0"
"2026-01-26T20:00","-0.8","18.8","0.0"
"2026-01-26T21:00","-0.5","19.9","0.0"
"2026-01-26T22:00","-0.3","21.0","0.0"
"2026-01-26T23:00","-0.2","21.6","0.0"
"2026-01-27T00:00","-0.5","21.1","0.0"
"2026-01-27T01:00","-0.6","21.3","0.0"
"2026-01-27T02:00","-0.6","22.3","0.0"
"2026-01-27T03:00","-0.6","22.4","0.0"
"2026-01-27T04:00","-0.7","19.7","0.0"
"2026-01-27T05:00","-0.8","17.7","0.0"
"2026-01-27T06:00","-1.2","19.4","0.0"
"2026-01-27T07:00","-1.2","20.1","0.0"
"2026-01-27T08:00","-1.0","19.7","4.0"
"2026-01-27T09:00","-1.0","18.5","17.0"
"2026-01-27T10:00","-0.9","17.4","40.0"
"2026-01-27T11:00","-0.9","19.0","60.0"
"2026-01-27T12:00","-0.8","21.9","92.0"
"2026-01-27T13:00","-0.8","22.5","107.0"
"2026-01-27T14:00","-0.7","21.1","80.0"
"2026-01-27T15:00","-0.8","22.5","30.0"
"2026-01-27T16:00","-0.8","21.1","3.0"
"2026-01-27T17:00","-0.9","19.9","0.0"
"2026-01-27T18:00","-1.0","20.6","0.0"
"2026-01-27T19:00","-1.1","20.9","0.0"
"2026-01-27T20:00","-1.1","19.7","0.0"
"2026-01-27T21:00","-1.1","18.1","0.0"
"2026-01-27T22:00","-1.0","16.7","0.0"
"2026-01-27T23:00","-1.0","19.2","0.0"
"2026-01-28T00:00","-1.4","23.6","0.0"
"2026-01-28T01:00","-1.3","22.0","0.0"
"2026-01-28T02:00","-1.2","21.8","0.0"
"2026-01-28T03:00","-1.2","21.2","0.0"
"2026-01-28T04:00","-1.3","20.0","0.0"
"2026-01-28T05:00","-1.4","20.1","0.0"
"2026-01-28T06:00","-1.5","20.9","0.0"
"2026-01-28T07:00","-1.6","22.1","0.0"
"2026-01-28T08:00","-1.7","22.5","6.0"
"2026-01-28T09:00","-1.7","20.5","38.0"
"2026-01-28T10:00","-1.7","20.7","64.0"
"2026-01-28T11:00","-1.6","20.5","88.0"
"2026-01-28T12:00","-1.5","21.6","68.0"
"2026-01-28T13:00","-1.4","20.1","66.0"
"2026-01-28T14:00","-1.3","21.0","54.0"
"2026-01-28T15:00","-1.2","20.4","28.0"
"2026-01-28T16:00","-1.5","20.4","4.0"
"2026-01-28T17:00","-1.7","20.9","0.0"
"2026-01-28T18:00","-1.8","22.1","0.0"
"2026-01-28T19:00","-2.0","22.4","0.0"
"2026-01-28T20:00","-2.0","21.7","0.0"
"2026-01-28T21:00","-2.2","21.2","0.0"
"2026-01-28T22:00","-2.0","22.0","0.0"
"2026-01-28T23:00","-2.0","22.5","0.0"
"2026-01-29T00:00","-2.6","23.2","0.0"
"2026-01-29T01:00","-2.8","22.6","0.0"
"2026-01-29T02:00","-2.7","22.4","0.0"
"2026-01-29T03:00","-2.5","21.1","0.0"
"2026-01-29T04:00","-2.2","21.4","0.0"
"2026-01-29T05:00","-2.2","21.0","0.0"
"2026-01-29T06:00","-2.3","20.4","0.0"
"2026-01-29T07:00","-2.4","21.4","0.0"
"2026-01-29T08:00","-2.3","22.7","5.0"
"2026-01-29T09:00","-2.1","23.0","31.0"
"2026-01-29T10:00","-1.9","25.7","75.0"
"2026-01-29T11:00","-1.5","26.9","97.0"
"2026-01-29T12:00","-1.4","30.0","104.0"
"2026-01-29T13:00","-1.6","26.6","90.0"
"2026-01-29T14:00","-1.5","26.8","57.0"
"2026-01-29T15:00","-1.5","27.4","37.0"
"2026-01-29T16:00","-1.5","28.8","4.0"
"2026-01-29T17:00","-1.6","29.1","0.0"
"2026-01-29T18:00","-1.8","29.4","0.0"
"2026-01-29T19:00","-1.8","30.0","0.0"
"2026-01-29T20:00","-1.7","29.1","0.0"
"2026-01-29T21:00","-1.7","27.5","0.0"
"2026-01-29T22:00","-1.8","26.7","0.0"
"2026-01-29T23:00","-1.6","26.3","0.0"
"2026-01-30T00:00","-1.7","27.0","0.0"
"2026-01-30T01:00","-1.5","27.1","0.0"
"2026-01-30T02:00","-1.6","25.7","0.0"
"2026-01-30T03:00","-1.2","27.2","0.0"
"2026-01-30T04:00","-1.1","26.8","0.0"
"2026-01-30T05:00","-1.1","27.2","0.0"
"2026-01-30T06:00","-1.4","27.4","0.0"
"2026-01-30T07:00","-1.4","27.4","0.0"
"2026-01-30T08:00","-1.2","28.6","4.0"
"2026-01-30T09:00","-0.9","28.8","28.0"
"2026-01-30T10:00","-0.7","30.5","65.0"
"2026-01-30T11:00","-0.6","30.5","67.0"
"2026-01-30T12:00","-0.5","30.8","71.0"
"2026-01-30T13:00","-0.5","29.3","66.0"
"2026-01-30T14:00","-0.4","31.0","45.0"
"2026-01-30T15:00","-0.4","30.6","21.0"
"2026-01-30T16:00","-0.6","29.8","4.0"
"2026-01-30T17:00","-0.8","30.9","0.0"
"2026-01-30T18:00","-0.6","31.4","0.0"
"2026-01-30T19:00","-0.6","32.6","0.0"
"2026-01-30T20:00","-0.4","32.5","0.0"
"2026-01-30T21:00","-0.4","32.4","0.0"
"2026-01-30T22:00","-0.6","32.2","0.0"
"2026-01-30T23:00","-0.8","32.8","0.0"
"2026-01-31T00:00","-0.6","30.0","0.0"
"2026-01-31T01:00","-0.9","30.1","0.0"
"2026-01-31T02:00","-1.0","31.6","0.0"
"2026-01-31T03:00","-1.2","32.0","0.0"
"2026-01-31T04:00","-1.2","31.9","0.0"
"2026-01-31T05:00","-1.4","32.6","0.0"
"2026-01-31T06:00","-2.0","32.4","0.0"
"2026-01-31T07:00","-2.5","32.8","0.0"
"2026-01-31T08:00","-2.8","33.0","9.0"
"2026-01-31T09:00","-3.0","34.6","41.0"
"2026-01-31T10:00","-3.0","34.6","51.0"
"2026-01-31T11:00","-3.1","34.9","78.0"
"2026-01-31T12:00","-2.8","35.4","69.0"
"2026-01-31T13:00","-2.7","36.9","72.0"
"2026-01-31T14:00","-2.3","34.9","65.0"
"2026-01-31T15:00","-2.3","34.7","34.0"
"2026-01-31T16:00","-2.3","36.8","5.0"
"2026-01-31T17:00","-2.2","38.6","0.0"
"2026-01-31T18:00","-1.8","37.7","0.0"
"2026-01-31T19:00","-2.0","37.2","0.0"
"2026-01-31T20:00","-2.2","37.2","0.0"
"2026-01-31T21:00","-2.3","35.6","0.0"
"2026-01-31T22:00","-2.5","35.4","0.0"
"2026-01-31T23:00","-2.8","34.4","0.0"
"2026-02-01T00:00","-2.8","34.5","0.0"
"2026-02-01T01:00","-3.1","32.7","0.0"
"2026-02-01T02:00","-3.2","32.5","0.0"
"2026-02-01T03:00","-3.4","32.0","0.0"
"2026-02-01T04:00","-3.5","32.0","0.0"
"2026-02-01T05:00","-3.8","32.4","0.0"
"2026-02-01T06:00","-3.8","33.4","0.0"
"2026-02-01T07:00","-4.0","33.3","0.0"
"2026-02-01T08:00","-3.9","32.8","15.0"
"2026-02-01T09:00","-3.8","35.2","56.0"
"2026-02-01T10:00","-3.6","36.6","123.0"
"2026-02-01T11:00","-3.5","37.7","144.0"
"2026-02-01T12:00","-3.2","39.9","166.0"
"2026-02-01T13:00","-3.5","37.7","166.0"
"2026-02-01T14:00","-3.3","35.8","130.0"
"2026-02-01T15:00","-3.5","35.5","85.0"
"2026-02-01T16:00","-3.7","33.7","13.0"
"2026-02-01T17:00","-3.8","32.5","0.0"
"2026-02-01T18:00","-4.2","32.2","0.0"
"2026-02-01T19:00","-4.1","31.9","0.0"
"2026-02-01T20:00","-3.8","31.9","0.0"
"2026-02-01T21:00","-3.7","31.8","0.0"
"2026-02-01T22:00","-3.7","31.4","0.0"
"2026-02-01T23:00","-3.8","30.9","0.0"
"2026-02-02T00:00","-4.1","29.3","0.0"
"2026-02-02T01:00","-4.6","29.1","0.0"
"2026-02-02T02:00","-4.8","29.3","0.0"
"2026-02-02T03:00","-4.8","29.6","0.0"
"2026-02-02T04:00","-4.7","30.1","0.0"
"2026-02-02T05:00","-4.7","30.9","0.0"
"2026-02-02T06:00","-4.8","31.9","0.0"
"2026-02-02T07:00","-4.7","31.6","0.0"
"2026-02-02T08:00","-4.4","31.9","25.0"
"2026-02-02T09:00","-4.0","33.4","113.0"
"2026-02-02T10:00","-3.7","34.4","174.0"
"2026-02-02T11:00","-3.5","34.8","218.0"
"2026-02-02T12:00","-3.6","34.1","217.0"
"2026-02-02T13:00","-3.6","32.4","219.0"
"2026-02-02T14:00","-3.9","31.5","184.0"
"2026-02-02T15:00","-4.4","30.8","105.0"
"2026-02-02T16:00","-4.8","31.0","18.0"
"2026-02-02T17:00","-4.8","31.8","0.0"
"2026-02-02T18:00","-4.7","31.2","0.0"
"2026-02-02T19:00","-4.2","32.2","0.0"
"2026-02-02T20:00","-4.0","33.5","0.0"
"2026-02-02T21:00","-3.7","34.4","0.0"
"2026-02-02T22:00","-3.5","34.4","0.0"
"2026-02-02T23:00","-3.4","34.8","0.0"
"2026-02-03T00:00","-3.8","34.6","0.0"
"2026-02-03T01:00","-3.9","35.1","0.0"
"2026-02-03T02:00","-3.9","34.8","0.0"
"2026-02-03T03:00","-3.8","34.7","0.0"
"2026-02-03T04:00","-3.8","34.1","0.0"
"2026-02-03T05:00","-3.8","35.2","0.0"
"2026-02-03T06:00","-3.8","34.6","0.0"
"2026-02-03T07:00","-3.5","34.4","0.0"
"2026-02-03T08:00","-3.2","34.8","30.0"
"2026-02-03T09:00","-2.5","35.2","132.0"
"2026-02-03T10:00","-1.8","34.4","224.0"
"2026-02-03T11:00","-1.3","34.1","285.0"
"2026-02-03T12:00","-0.7","34.0","302.0"
"2026-02-03T13:00","0.0","35.7","274.0"
"2026-02-03T14:00","-0.2","34.0","201.0"
"2026-02-03T15:00","-0.6","33.0","106.0"
"2026-02-03T16:00","-1.2","31.9","18.0"
"2026-02-03T17:00","-1.5","31.6","0.0"
"2026-02-03T18:00","-1.6","31.9","0.0"
"2026-02-03T19:00","-1.5","34.0","0.0"
"2026-02-03T20:00","-1.5","33.9","0.0"
"2026-02-03T21:00","-1.8","33.8","0.0"
"2026-02-03T22:00","-2.0","33.4","0.0"
"2026-02-03T23:00","-2.2","32.7","0.0"
"2026-02-04T00:00","-2.8","32.8","0.0"
"2026-02-04T01:00","-3.0","32.3","0.0"
"2026-02-04T02:00","-3.0","32.6","0.0"
"2026-02-04T03:00","-3.0","32.8","0.0"
"2026-02-04T04:00","-3.0","32.8","0.0"
"2026-02-04T05:00","-3.2","33.5","0.0"
"2026-02-04T06:00","-3.2","33.4","0.0"
"2026-02-04T07:00","-3.0","33.7","0.0"
"2026-02-04T08:00","-2.7","33.4","22.0"
"2026-02-04T09:00","-2.2","37.0","71.0"
"2026-02-04T10:00","-2.0","34.1","90.0"
"2026-02-04T11:00","-1.5","32.2","105.0"
"2026-02-04T12:00","-2.0","31.3","99.0"
"2026-02-04T13:00","-1.9","32.0","77.0"
"2026-02-04T14:00","-1.9","31.9","49.0"
"2026-02-04T15:00","-1.8","30.3","31.0"
"2026-02-04T16:00","-2.0","30.1","8.0"
"2026-02-04T17:00","-2.0","29.6","0.0"
"2026-02-04T18:00","-2.4","30.0","0.0"
"2026-02-04T19:00","-2.3","29.2","0.0"
"2026-02-04T20:00","-2.0","29.1","0.0"
"2026-02-04T21:00","-1.9","28.0","0.0"
"2026-02-04T22:00","-1.7","27.6","0.0"
"2026-02-04T23:00","-1.6","26.3","0.0"
"2026-02-05T00:00","-2.1","25.5","0.0"
"2026-02-05T01:00","-2.5","21.1","0.0"
"2026-02-05T02:00","-2.5","20.9","0.0"
"2026-02-05T03:00","-2.0","23.7","0.0"
"2026-02-05T04:00","-1.7","25.5","0.0"
"2026-02-05T05:00","-1.6","25.1","0.0"
"2026-02-05T06:00","-2.2","24.1","0.0"
"2026-02-05T07:00","-2.0","24.3","0.0"
"2026-02-05T08:00","-1.9","24.9","9.0"
"2026-02-05T09:00","-1.9","20.9","26.0"
"2026-02-05T10:00","-1.6","22.8","40.0"
"2026-02-05T11:00","-1.1","28.0","51.0"
"2026-02-05T12:00","-1.1","24.5","43.0"
"2026-02-05T13:00","-1.2","22.3","37.0"
"2026-02-05T14:00","-1.2","24.1","19.0"
"2026-02-05T15:00","-1.2","25.3","12.0"
"2026-02-05T16:00","-1.1","25.9","3.0"
"2026-02-05T17:00","-0.9","26.0","0.0"
"2026-02-05T18:00","-1.1","27.3","0.0"
"2026-02-05T19:00","-0.9","27.3","0.0"
"2026-02-05T20:00","-0.8","25.1","0.0"
"2026-02-05T21:00","-0.6","22.5","0.0"
"2026-02-05T22:00","-0.5","22.1","0.0"
"2026-02-05T23:00","-0.3","22.3","0.0"
"2026-02-06T00:00","-0.6","21.8","0.0"
"2026-02-06T01:00","-0.3","22.7","0.0"
"2026-02-06T02:00","-0.2","23.8","0.0"
"2026-02-06T03:00","-0.2","23.8","0.0"
"2026-02-06T04:00","-0.2","22.9","0.0"
"2026-02-06T05:00","-0.1","21.7","0.0"
"2026-02-06T06:00","-0.3","21.8","0.0"
"2026-02-06T07:00","-0.2","20.7","0.0"
"2026-02-06T08:00","0.0","21.1","13.0"
"2026-02-06T09:00","0.2","23.0","48.0"
"2026-02-06T10:00","0.4","23.9","85.0"
"2026-02-06T11:00","0.6","23.1","106.0"
"2026-02-06T12:00","0.5","23.1","111.0"
"2026-02-06T13:00","0.6","22.4","123.0"
"2026-02-06T14:00","0.7","20.8","102.0"
"2026-02-06T15:00","0.8","20.3","59.0"
"2026-02-06T16:00","0.8","20.8","12.0"
"2026-02-06T17:00","0.9","20.4","0.0"
"2026-02-06T18:00","0.8","17.7","0.0"
"2026-02-06T19:00","0.8","19.1","0.0"
"2026-02-06T20:00","0.8","19.6","0.0"
"2026-02-06T21:00","0.6","20.5","0.0"
"2026-02-06T22:00","0.6","21.2","0.0"
"2026-02-06T23:00","0.6","20.9","0.0"
"2026-02-07T00:00","0.4","20.2","0.0"
"2026-02-07T01:00","0.4","19.7","0.0"
"2026-02-07T02:00","0.4","19.1","0.0"
"2026-02-07T03:00","0.3","18.4","0.0"
"2026-02-07T04:00","0.3","18.2","0.0"
"2026-02-07T05:00","0.3","18.6","0.0"
"2026-02-07T06:00","0.2","19.3","0.0"
"2026-02-07T07:00","0.3","19.7","0.0"
"2026-02-07T08:00","0.3","20.1","14.0"
"2026-02-07T09:00","0.3","19.8","46.0"
"2026-02-07T10:00","0.4","19.9","86.0"
"2026-02-07T11:00","0.6","20.2","114.0"
"2026-02-07T12:00","0.1","18.4","127.0"
"2026-02-07T13:00","-0.1","18.1","95.0"
"2026-02-07T14:00","-0.2","17.5","70.0"
"2026-02-07T15:00","-0.2","19.2","41.0"
"2026-02-07T16:00","-0.4","19.3","8.0"
"2026-02-07T17:00","-0.5","20.2","0.0"
"2026-02-07T18:00","-0.2","20.2","0.0"
"2026-02-07T19:00","-0.2","18.9","0.0"
"2026-02-07T20:00","-0.3","18.2","0.0"
"2026-02-07T21:00","-0.2","18.4","0.0"
"2026-02-07T22:00","-0.2","18.0","0.0"
"2026-02-07T23:00","-0.2","17.5","0.0"
"2026-02-08T00:00","-0.6","20.5","0.0"
"2026-02-08T01:00","-1.0","19.8","0.0"
"2026-02-08T02:00","-1.1","18.8","0.0"
"2026-02-08T03:00","-1.3","18.1","0.0"
"2026-02-08T04:00","-1.4","17.6","0.0"
"2026-02-08T05:00","-1.5","17.6","0.0"
"2026-02-08T06:00","-1.9","17.5","0.0"
"2026-02-08T07:00","-1.9","17.6","0.0"
"2026-02-08T08:00","-1.7","17.8","18.0"
"2026-02-08T09:00","-1.4","18.0","48.0"
"2026-02-08T10:00","-1.0","19.5","64.0"
"2026-02-08T11:00","-0.9","18.6","90.0"
"2026-02-08T12:00","-1.0","17.7","99.0"
"2026-02-08T13:00","-0.1","19.3","84.0"
"2026-02-08T14:00","-0.2","19.9","67.0"
"2026-02-08T15:00","-0.4","20.6","40.0"
"2026-02-08T16:00","-0.3","22.3","11.0"
"2026-02-08T17:00","-0.6","23.1","0.0"
"2026-02-08T18:00","-0.9","21.5","0.0"
"2026-02-08T19:00","-1.0","20.9","0.0"
"2026-02-08T20:00","-1.0","21.0","0.0"
"2026-02-08T21:00","-1.0","20.8","0.0"
"2026-02-08T22:00","-0.9","20.9","0.0"
"2026-02-08T23:00","-0.9","20.8","0.0"
"2026-02-09T00:00","-1.1","20.7","0.0"
"2026-02-09T01:00","-1.2","19.6","0.0"
"2026-02-09T02:00","-1.1","19.1","0.0"
"2026-02-09T03:00","-0.9","20.0","0.0"
"2026-02-09T04:00","-0.9","21.3","0.0"
"2026-02-09T05:00","-1.0","21.1","0.0"
"2026-02-09T06:00","-1.6","19.2","0.0"
"2026-02-09T07:00","-1.5","18.7","0.0"
"2026-02-09T08:00","-1.0","18.3","14.0"
"2026-02-09T09:00","-0.4","18.2","49.0"
"2026-02-09T10:00","-0.2","17.6","76.0"
"2026-02-09T11:00","-0.2","17.4","101.0"
"2026-02-09T12:00","-0.6","18.6","108.0"
"2026-02-09T13:00","-0.6","17.4","88.0"
"2026-02-09T14:00","-0.6","17.1","75.0"
"2026-02-09T15:00","-0.7","16.1","44.0"
"2026-02-09T16:00","-0.8","15.3","13.0"
"2026-02-09T17:00","-0.7","15.6","0.0"
"2026-02-09T18:00","-0.7","16.0","0.0"
"2026-02-09T19:00","-0.6","15.6","0.0"
"2026-02-09T20:00","-0.5","14.9","0.0"
"2026-02-09T21:00","-0.4","13.0","0.0"
"2026-02-09T22:00","-0.3","11.5","0.0"
"2026-02-09T23:00","-0.2","10.3","0.0"
"2026-02-10T00:00","-0.2","10.2","0.0"
"2026-02-10T01:00","-0.2","9.8","0.0"
"2026-02-10T02:00","-0.2","9.5","0.0"
"2026-02-10T03:00","-0.2","9.7","0.0"
"2026-02-10T04:00","-0.2","10.7","0.0"
"2026-02-10T05:00","-0.1","10.6","0.0"
"2026-02-10T06:00","-0.2","11.5","0.0"
"2026-02-10T07:00","-0.2","11.2","0.0"
"2026-02-10T08:00","-0.1","11.9","22.0"
"2026-02-10T09:00","0.0","12.9","57.0"
"2026-02-10T10:00","0.2","15.3","99.0"
"2026-02-10T11:00","0.3","16.4","125.0"
"2026-02-10T12:00","0.0","16.7","136.0"
"2026-02-10T13:00","-0.1","15.3","124.0"
"2026-02-10T14:00","-0.1","15.8","111.0"
"2026-02-10T15:00","-0.2","15.5","73.0"
"2026-02-10T16:00","-0.4","15.7","19.0"
"2026-02-10T17:00","-0.4","15.9","0.0"
"2026-02-10T18:00","-0.3","16.2","0.0"
"2026-02-10T19:00","-0.3","16.3","0.0"
"2026-02-10T20:00","-0.2","16.0","0.0"
"2026-02-10T21:00","0.0","15.6","0.0"
"2026-02-10T22:00","0.1","15.4","0.0"
"2026-02-10T23:00","0.0","15.1","0.0"
"2026-02-11T00:00","-0.4","15.8","0.0"
"2026-02-11T01:00","-0.3","15.5","0.0"
"2026-02-11T02:00","-0.2","15.6","0.0"
"2026-02-11T03:00","-0.2","15.8","0.0"
"2026-02-11T04:00","-0.1","15.9","0.0"
"2026-02-11T05:00","0.1","15.7","0.0"
"2026-02-11T06:00","0.1","16.1","0.0"
"2026-02-11T07:00","0.2","16.7","0.0"
"2026-02-11T08:00","0.4","16.4","21.0"
"2026-02-11T09:00","0.5","15.8","62.0"
"2026-02-11T10:00","0.6","14.0","127.0"
"2026-02-11T11:00","0.9","14.9","219.0"
"2026-02-11T12:00","0.7","15.8","226.0"
"2026-02-11T13:00","0.6","14.2","141.0"
"2026-02-11T14:00","0.6","14.1","115.0"
"2026-02-11T15:00","0.6","14.4","60.0"
"2026-02-11T16:00","0.4","14.4","19.0"
"2026-02-11T17:00","0.4","15.8","0.0"
"2026-02-11T18:00","0.4","16.7","0.0"
"2026-02-11T19:00","0.2","15.9","0.0"
"2026-02-11T20:00","0.0","17.3","0.0"
"2026-02-11T21:00","-0.2","17.8","0.0"
"2026-02-11T22:00","-0.5","17.9","0.0"
"2026-02-11T23:00","-0.8","18.1","0.0"
"2026-02-12T00:00","-1.0","18.1","0.0"
"2026-02-12T01:00","-1.1","19.2","0.0"
"2026-02-12T02:00","-1.0","19.7","0.0"
"2026-02-12T03:00","-0.9","19.0","0.0"
"2026-02-12T04:00","-0.9","19.6","0.0"
"2026-02-12T05:00","-0.8","20.4","0.0"
"2026-02-12T06:00","-0.8","21.9","0.0"
"2026-02-12T07:00","-0.6","21.6","0.0"
"2026-02-12T08:00","-0.4","21.3","15.0"
"2026-02-12T09:00","-0.2","21.6","40.0"
"2026-02-12T10:00","0.0","22.1","64.0"
"2026-02-12T11:00","-0.1","18.8","98.0"
"2026-02-12T12:00","-0.2","21.1","147.0"
"2026-02-12T13:00","-0.2","22.4","88.0"
"2026-02-12T14:00","-0.2","23.2","58.0"
"2026-02-12T15:00","-0.2","23.4","48.0"
"2026-02-12T16:00","-0.4","22.0","15.0"
"2026-02-12T17:00","-0.4","22.3","0.0"
"2026-02-12T18:00","-0.8","22.5","0.0"
"2026-02-12T19:00","-0.8","22.0","0.0"
"2026-02-12T20:00","-0.7","21.6","0.0"
"2026-02-12T21:00","-0.6","20.9","0.0"
"2026-02-12T22:00","-0.7","20.3","0.0"
"2026-02-12T23:00","-1.1","21.3","0.0"
"2026-02-13T00:00","-1.7","20.6","0.0"
"2026-02-13T01:00","-2.2","18.9","0.0"
"2026-02-13T02:00","-2.3","18.3","0.0"
"2026-02-13T03:00","-2.5","17.9","0.0"
"2026-02-13T04:00","-2.5","16.8","0.0"
"2026-02-13T05:00","-2.9","15.7","0.0"
"2026-02-13T06:00","-3.5","16.4","0.0"
"2026-02-13T07:00","-3.5","16.6","1.0"
"2026-02-13T08:00","-3.0","17.1","22.0"
"2026-02-13T09:00","-2.9","15.5","62.0"
"2026-02-13T10:00","-2.7","15.8","101.0"
"2026-02-13T11:00","-2.5","15.2","161.0"
"2026-02-13T12:00","-2.7","15.0","149.0"
"2026-02-13T13:00","-2.5","14.0","190.0"
"2026-02-13T14:00","-2.5","12.1","151.0"
"2026-02-13T15:00","-2.7","11.1","101.0"
"2026-02-13T16:00","-3.4","10.5","41.0"
"2026-02-13T17:00","-3.7","11.5","0.0"
"2026-02-13T18:00","-4.0","11.7","0.0"
"2026-02-13T19:00","-3.8","11.7","0.0"
"2026-02-13T20:00","-3.7","11.6","0.0"
"2026-02-13T21:00","-3.6","12.8","0.0"
"2026-02-13T22:00","-3.5","12.7","0.0"
"2026-02-13T23:00","-3.5","12.1","0.0"
"2026-02-14T00:00","-4.1","11.0","0.0"
"2026-02-14T01:00","-4.2","11.7","0.0"
"2026-02-14T02:00","-4.4","11.9","0.0"
"2026-02-14T03:00","-4.6","11.5","0.0"
"2026-02-14T04:00","-4.8","11.4","0.0"
"2026-02-14T05:00","-5.2","10.7","0.0"
"2026-02-14T06:00","-6.2","11.5","0.0"
"2026-02-14T07:00","-6.5","11.2","2.0"
"2026-02-14T08:00","-5.9","10.8","52.0"
"2026-02-14T09:00","-5.2","9.5","152.0"
"2026-02-14T10:00","-4.3","10.2","260.0"
"2026-02-14T11:00","-3.7","9.4","322.0"
"2026-02-14T12:00","-2.5","9.6","372.0"
"2026-02-14T13:00","-2.8","9.5","354.0"
"2026-02-14T14:00","-2.9","9.6","279.0"
"2026-02-14T15:00","-3.5","7.2","172.0"
"2026-02-14T16:00","-4.6","6.7","53.0"
"2026-02-14T17:00","-5.3","6.1","0.0"
"2026-02-14T18:00","-5.7","5.0","0.0"
"2026-02-14T19:00","-6.1","4.2","0.0"
"2026-02-14T20:00","-5.6","1.4","0.0"
"2026-02-14T21:00","-6.2","0.4","0.0"
"2026-02-14T22:00","-6.7","0.9","0.0"
"2026-02-14T23:00","-7.4","2.0","0.0"
"2026-02-15T00:00","-9.8","2.4","0.0"
"2026-02-15T01:00","-11.1","1.4","0.0"
"2026-02-15T02:00","-11.9","2.8","0.0"
"2026-02-15T03:00","-11.9","1.2","0.0"
"2026-02-15T04:00","-11.4","0.4","0.0"
"2026-02-15T05:00","-10.9","1.3","0.0"
"2026-02-15T06:00","-10.9","1.1","0.0"
"2026-02-15T07:00","-11.1","1.6","3.0"
"2026-02-15T08:00","-9.4","5.6","80.0"
"2026-02-15T09:00","-5.7","8.2","202.0"
"2026-02-15T10:00","-4.2","9.6","302.0"
"2026-02-15T11:00","-3.2","13.4","363.0"
"2026-02-15T12:00","-2.2","17.0","376.0"
"2026-02-15T13:00","-2.3","18.8","333.0"
"2026-02-15T14:00","-2.5","16.5","202.0"
"2026-02-15T15:00","-2.8","17.8","120.0"
"2026-02-15T16:00","-3.2","18.8","53.0"
"2026-02-15T17:00","-3.4","21.3","1.0"
"2026-02-15T18:00","-3.0","23.6","0.0"
"2026-02-15T19:00","-2.8","25.1","0.0"
"2026-02-15T20:00","-2.8","25.9","0.0"
"2026-02-15T21:00","-3.0","25.7","0.0"
"2026-02-15T22:00","-3.0","26.6","0.0"
"2026-02-15T23:00","-3.1","27.3","0.0"
"2026-02-16T00:00","-3.0","26.8","0.0"
"2026-02-16T01:00","-3.2","27.8","0.0"
"2026-02-16T02:00","-3.1","29.6","0.0"
"2026-02-16T03:00","-3.1","29.4","0.0"
"2026-02-16T04:00","-3.0","29.1","0.0"
"2026-02-16T05:00","-3.0","28.9","0.0"
"2026-02-16T06:00","-2.9","28.5","0.0"
"2026-02-16T07:00","-3.0","31.3","2.0"
"2026-02-16T08:00","-3.0","31.3","38.0"
"2026-02-16T09:00","-2.9","32.9","96.0"
"2026-02-16T10:00","-2.7","34.5","160.0"
"2026-02-16T11:00","-2.8","35.0","187.0"
"2026-02-16T12:00","-2.7","34.5","222.0"
"2026-02-16T13:00","-2.7","33.8","202.0"
"2026-02-16T14:00","-2.6","33.1","145.0"
"2026-02-16T15:00","-2.7","31.9","94.0"
"2026-02-16T16:00","-2.7","33.0","37.0"
"2026-02-16T17:00","-2.5","34.1","1.0"
"2026-02-16T18:00","-2.5","30.7","0.0"
"2026-02-16T19:00","-2.5","31.0","0.0"
"2026-02-16T20:00","-2.5","30.3","0.0"
"2026-02-16T21:00","-2.5","28.2","0.0"
"2026-02-16T22:00","-2.8","26.7","0.0"
"2026-02-16T23:00","-2.8","25.6","0.0"
"2026-02-17T00:00","-3.0","24.7","0.0"
"2026-02-17T01:00","-3.2","22.8","0.0"
"2026-02-17T02:00","-3.2","22.0","0.0"
"2026-02-17T03:00","-3.2","20.8","0.0"
"2026-02-17T04:00","-3.2","19.7","0.0"
"2026-02-17T05:00","-3.2","19.2","0.0"
"2026-02-17T06:00","-3.6","19.9","0.0"
"2026-02-17T07:00","-3.7","19.8","4.0"
"2026-02-17T08:00","-3.4","19.1","64.0"
"2026-02-17T09:00","-3.0","20.1","173.0"
"2026-02-17T10:00","-2.6","21.2","256.0"
"2026-02-17T11:00","-2.3","20.6","303.0"
"2026-02-17T12:00","-2.2","19.6","327.0"
"2026-02-17T13:00","-2.4","18.0","250.0"
"2026-02-17T14:00","-2.3","15.6","208.0"
"2026-02-17T15:00","-2.2","12.3","134.0"
"2026-02-17T16:00","-2.6","10.8","43.0"
"2026-02-17T17:00","-2.9","11.4","1.0"
"2026-02-17T18:00","-3.0","13.0","0.0"
"2026-02-17T19:00","-3.8","10.4","0.0"
"2026-02-17T20:00","-4.4","7.7","0.0"
"2026-02-17T21:00","-4.9","8.0","0.0"
"2026-02-17T22:00","-5.2","8.5","0.0"
"2026-02-17T23:00","-5.8","8.1","0.0"
"2026-02-18T00:00","-6.4","9.8","0.0"
"2026-02-18T01:00","-7.8","7.1","0.0"
"2026-02-18T02:00","-8.4","5.4","0.0"
"2026-02-18T03:00","-9.1","5.5","0.0"
"2026-02-18T04:00","-9.8","5.5","0.0"
"2026-02-18T05:00","-9.4","5.6","0.0"
"2026-02-18T06:00","-10.1","4.5","0.0"
"2026-02-18T07:00","-11.1","5.0","6.0"
"2026-02-18T08:00","-7.1","5.3","74.0"
"2026-02-18T09:00","-5.0","6.5","127.0"
"2026-02-18T10:00","-3.2","7.2","187.0"
"2026-02-18T11:00","-2.5","10.0","191.0"
"2026-02-18T12:00","-1.7","13.8","191.0"
"2026-02-18T13:00","-2.0","12.0","133.0"
"2026-02-18T14:00","-1.5","11.6","136.0"
"2026-02-18T15:00","-1.1","10.5","153.0"
"2026-02-18T16:00","-1.4","10.1","38.0"
"2026-02-18T17:00","-1.5","10.8","1.0"
"2026-02-18T18:00","-2.3","13.4","0.0"
"2026-02-18T19:00","-3.1","11.9","0.0"
"2026-02-18T20:00","-4.0","13.2","0.0"
"2026-02-18T21:00","-4.1","14.3","0.0"
"2026-02-18T22:00","-4.2","14.7","0.0"
"2026-02-18T23:00","-4.1","14.4","0.0"
"2026-02-19T00:00","-3.9","12.0","0.0"
"2026-02-19T01:00","-2.7","13.2","0.0"
"2026-02-19T02:00","-3.3","12.7","0.0"
"2026-02-19T03:00","-3.9","11.8","0.0"
"2026-02-19T04:00","-3.0","10.6","0.0"
"2026-02-19T05:00","-3.0","7.6","0.0"
"2026-02-19T06:00","-4.1","6.8","0.0"
"2026-02-19T07:00","-4.9","8.0","7.0"
"2026-02-19T08:00","-5.1","7.2","77.0"
"2026-02-19T09:00","-4.8","6.1","177.0"
"2026-02-19T10:00","-4.0","5.7","285.0"
"2026-02-19T11:00","-3.0","4.6","379.0"
"2026-02-19T12:00","-2.2","5.1","413.0"
"2026-02-19T13:00","-1.9","5.9","385.0"
"2026-02-19T14:00","-1.9","5.0","314.0"
"2026-02-19T15:00","-2.8","3.2","207.0"
"2026-02-19T16:00","-4.8","3.0","82.0"
"2026-02-19T17:00","-6.8","6.1","3.0"
"2026-02-19T18:00","-6.3","8.6","0.0"
"2026-02-19T19:00","-8.1","6.4","0.0"
"2026-02-19T20:00","-9.3","2.6","0.0"
"2026-02-19T21:00","-9.6","1.4","0.0"
"2026-02-19T22:00","-10.6","3.5","0.0"
"2026-02-19T23:00","-11.1","4.0","0.0"
"2026-02-20T00:00","-10.6","4.8","0.0"
"2026-02-20T01:00","-10.1","4.6","0.0"
"2026-02-20T02:00","-9.1","4.3","0.0"
"2026-02-20T03:00","-8.0","4.2","0.0"
"2026-02-20T04:00","-6.1","6.0","0.0"
"2026-02-20T05:00","-5.1","8.9","0.0"
"2026-02-20T06:00","-5.2","11.7","0.0"
"2026-02-20T07:00","-4.6","14.9","7.0"
"2026-02-20T08:00","-3.8","18.4","66.0"
"2026-02-20T09:00","-3.1","20.1","155.0"
"2026-02-20T10:00","-2.8","21.0","210.0"
"2026-02-20T11:00","-2.5","19.3","289.0"
"2026-02-20T12:00","-2.0","22.4","323.0"
"2026-02-20T13:00","-2.1","23.5","302.0"
"2026-02-20T14:00","-2.1","23.7","264.0"
"2026-02-20T15:00","-2.1","25.6","169.0"
"2026-02-20T16:00","-2.0","25.5","56.0"
"2026-02-20T17:00","-1.9","24.9","3.0"
"2026-02-20T18:00","-1.4","25.2","0.0"
"2026-02-20T19:00","-1.4","24.8","0.0"
"2026-02-20T20:00","-1.2","23.8","0.0"
"2026-02-20T21:00","-0.8","22.5","0.0"
"2026-02-20T22:00","-0.5","21.6","0.0"
"2026-02-20T23:00","-0.2","20.7","0.0"
"2026-02-21T00:00","0.0","19.7","0.0"
"2026-02-21T01:00","0.3","20.3","0.0"
"2026-02-21T02:00","0.9","21.4","0.0"
"2026-02-21T03:00","1.1","21.5","0.0"
"2026-02-21T04:00","1.1","20.6","0.0"
"2026-02-21T05:00","0.6","20.3","0.0"
"2026-02-21T06:00","0.8","18.0","0.0"
"2026-02-21T07:00","1.3","13.7","2.0"
"2026-02-21T08:00","1.8","15.3","28.0"
"2026-02-21T09:00","2.2","15.7","81.0"
"2026-02-21T10:00","2.6","17.8","82.0"
"2026-02-21T11:00","3.3","19.5","170.0"
"2026-02-21T12:00","3.8","20.8","195.0"
"2026-02-21T13:00","3.7","20.2","194.0"
"2026-02-21T14:00","3.5","21.5","89.0"
"2026-02-21T15:00","3.2","23.9","42.0"
"2026-02-21T16:00","3.1","25.2","17.0"
"2026-02-21T17:00","2.9","25.4","1.0"
"2026-02-21T18:00","2.8","24.9","0.0"
"2026-02-21T19:00","2.0","25.1","0.0"
"2026-02-21T20:00","1.6","23.9","0.0"
"2026-02-21T21:00","1.4","23.6","0.0"
"2026-02-21T22:00","1.4","22.0","0.0"
"2026-02-21T23:00","1.1","18.0","0.0"
"2026-02-22T00:00","0.9","15.2","0.0"
"2026-02-22T01:00","0.4","11.5","0.0"
"2026-02-22T02:00","0.1","7.4","0.0"
"2026-02-22T03:00","0.3","8.7","0.0"
"2026-02-22T04:00","0.3","4.4","0.0"
"2026-02-22T05:00","0.1","3.8","0.0"
"2026-02-22T06:00","0.4","7.7","0.0"
"2026-02-22T07:00","0.3","9.2","3.0"
"2026-02-22T08:00","0.4","13.4","15.0"
"2026-02-22T09:00","0.4","17.1","30.0"
"2026-02-22T10:00","0.6","18.2","66.0"
"2026-02-22T11:00","0.7","19.9","80.0"
"2026-02-22T12:00","0.8","20.5","136.0"
"2026-02-22T13:00","0.7","20.2","85.0"
"2026-02-22T14:00","0.9","18.3","81.0"
"2026-02-22T15:00","0.9","15.0","48.0"
"2026-02-22T16:00","0.8","12.6","18.0"
"2026-02-22T17:00","0.6","10.8","2.0"
"2026-02-22T18:00","0.7","10.0","0.0"
"2026-02-22T19:00","0.7","3.8","0.0"
"2026-02-22T20:00","1.4","7.7","0.0"
"2026-02-22T21:00","2.3","15.7","0.0"
"2026-02-22T22:00","3.1","20.9","0.0"
"2026-02-22T23:00","3.2","19.7","0.0"
"2026-02-23T00:00","2.8","17.9","0.0"
"2026-02-23T01:00","2.6","18.5","0.0"
"2026-02-23T02:00","2.5","17.3","0.0"
"2026-02-23T03:00","2.5","16.6","0.0"
"2026-02-23T04:00","2.5","14.9","0.0"
"2026-02-23T05:00","2.5","15.5","0.0"
"2026-02-23T06:00","2.7","13.7","0.0"
"2026-02-23T07:00","2.8","17.2","8.0"
"2026-02-23T08:00","3.3","17.2","28.0"
"2026-02-23T09:00","3.7","17.4","53.0"
"2026-02-23T10:00","4.8","21.4","161.0"
"2026-02-23T11:00","5.8","22.0","237.0"
"2026-02-23T12:00","5.2","22.6","198.0"
"2026-02-23T13:00","5.2","19.4","152.0"
"2026-02-23T14:00","5.2","16.1","103.0"
"2026-02-23T15:00","5.1","15.3","74.0"
"2026-02-23T16:00","4.8","14.3","41.0"
"2026-02-23T17:00","4.2","13.3","3.0"
"2026-02-23T18:00","2.7","11.7","0.0"
"2026-02-23T19:00","2.0","12.5","0.0"
"2026-02-23T20:00","2.2","13.3","0.0"
"2026-02-23T21:00","2.5","13.6","0.0"
"2026-02-23T22:00","2.5","12.7","0.0"
"2026-02-23T23:00","2.2","11.2","0.0"
"2026-02-24T00:00","3.2","11.7","0.0"
"2026-02-24T01:00","2.6","11.3","0.0"
"2026-02-24T02:00","2.0","11.2","0.0"
"2026-02-24T03:00","2.0","10.8","0.0"
"2026-02-24T04:00","2.1","8.6","0.0"
"2026-02-24T05:00","2.0","8.4","0.0"
"2026-02-24T06:00","2.0","10.7","0.0"
"2026-02-24T07:00","1.9","11.6","5.0"
"2026-02-24T08:00","1.9","10.3","27.0"
"2026-02-24T09:00","2.1","11.6","65.0"
"2026-02-24T10:00","3.0","13.1","131.0"
"2026-02-24T11:00","3.9","11.2","195.0"
"2026-02-24T12:00","3.0","11.5","262.0"
"2026-02-24T13:00","3.2","11.0","169.0"
"2026-02-24T14:00","2.7","10.8","102.0"
"2026-02-24T15:00","2.3","9.9","83.0"
"2026-02-24T16:00","1.8","9.8","35.0"
"2026-02-24T17:00","1.4","7.5","3.0"
"2026-02-24T18:00","0.8","6.1","0.0"
"2026-02-24T19:00","0.6","6.0","0.0"
"2026-02-24T20:00","0.2","4.4","0.0"
"2026-02-24T21:00","0.2","3.6","0.0"
"2026-02-24T22:00","0.1","1.4","0.0"
"2026-02-24T23:00","0.1","2.1","0.0"
"2026-02-25T00:00","-0.2","5.1","0.0"
"2026-02-25T01:00","-0.3","6.2","0.0"
"2026-02-25T02:00","-0.3","7.3","0.0"
"2026-02-25T03:00","-0.2","9.0","0.0"
"2026-02-25T04:00","-0.1","11.1","0.0"
"2026-02-25T05:00","-0.1","13.7","0.0"
"2026-02-25T06:00","0.2","16.6","0.0"
"2026-02-25T07:00","0.4","18.6","5.0"
"2026-02-25T08:00","0.9","21.0","36.0"
"2026-02-25T09:00","1.2","22.1","61.0"
"2026-02-25T10:00","1.4","21.4","64.0"
"2026-02-25T11:00","1.1","20.1","53.0"
"2026-02-25T12:00","1.0","22.7","96.0"
"2026-02-25T13:00","1.5","22.4","96.0"
"2026-02-25T14:00","1.7","21.3","82.0"
"2026-02-25T15:00","1.5","20.2","37.0"
"2026-02-25T16:00","1.6","18.7","32.0"
"2026-02-25T17:00","1.2","18.3","6.0"
"2026-02-25T18:00","1.5","19.4","0.0"
"2026-02-25T19:00","1.8","19.0","0.0"
"2026-02-25T20:00","1.6","19.1","0.0"
"2026-02-25T21:00","1.7","19.1","0.0"
"2026-02-25T22:00","1.8","19.3","0.0"
"2026-02-25T23:00","1.8","19.2","0.0"
"2026-02-26T00:00","2.2","19.0","0.0"
"2026-02-26T01:00","2.5","20.2","0.0"
"2026-02-26T02:00","2.8","19.5","0.0"
"2026-02-26T03:00","2.8","17.7","0.0"
"2026-02-26T04:00","2.9","17.4","0.0"
"2026-02-26T05:00","3.0","17.8","0.0"
"2026-02-26T06:00","2.9","17.1","0.0"
"2026-02-26T07:00","3.5","18.0","20.0"
"2026-02-26T08:00","5.2","18.6","114.0"
"2026-02-26T09:00","6.8","20.8","171.0"
"2026-02-26T10:00","8.4","20.8","263.0"
"2026-02-26T11:00","8.6","23.5","244.0"
"2026-02-26T12:00","8.6","19.6","269.0"
"2026-02-26T13:00","10.1","22.2","308.0"
"2026-02-26T14:00","10.1","18.6","260.0"
"2026-02-26T15:00","9.3","15.5","137.0"
"2026-02-26T16:00","8.9","16.4","56.0"
"2026-02-26T17:00","7.8","17.8","8.0"
"2026-02-26T18:00","7.7","19.4","0.0"
"2026-02-26T19:00","8.0","21.1","0.0"
"2026-02-26T20:00","7.9","19.8","0.0"
"2026-02-26T21:00","7.9","22.4","0.0"
"2026-02-26T22:00","7.9","19.1","0.0"
"2026-02-26T23:00","7.1","13.2","0.0"
"2026-02-27T00:00","7.3","13.6","0.0"
"2026-02-27T01:00","6.5","12.5","0.0"
"2026-02-27T02:00","7.3","18.4","0.0"
"2026-02-27T03:00","7.4","17.3","0.0"
"2026-02-27T04:00","7.2","17.7","0.0"
"2026-02-27T05:00","7.1","18.7","0.0"
"2026-02-27T06:00","7.8","19.8","0.0"
"2026-02-27T07:00","7.8","19.9","6.0"
"2026-02-27T08:00","8.4","22.0","40.0"
"2026-02-27T09:00","8.7","22.0","57.0"
"2026-02-27T10:00","10.4","22.1","228.0"
"2026-02-27T11:00","11.1","24.0","241.0"
"2026-02-27T12:00","11.2","23.1","242.0"
"2026-02-27T13:00","11.1","24.7","164.0"
"2026-02-27T14:00","10.1","19.4","48.0"
"2026-02-27T15:00","9.9","18.1","38.0"
"2026-02-27T16:00","9.6","16.2","29.0"
"2026-02-27T17:00","8.9","12.7","2.0"
"2026-02-27T18:00","8.6","10.8","0.0"
"2026-02-27T19:00","8.0","10.2","0.0"
"2026-02-27T20:00","7.7","9.8","0.0"
"2026-02-27T21:00","7.1","7.0","0.0"
"2026-02-27T22:00","6.2","7.3","0.0"
"2026-02-27T23:00","5.4","4.0","0.0"
"2026-02-28T00:00","6.3","12.4","0.0"
"2026-02-28T01:00","6.3","11.6","0.0"
"2026-02-28T02:00","5.9","11.4","0.0"
"2026-02-28T03:00","5.9","10.6","0.0"
"2026-02-28T04:00","6.4","10.5","0.0"
"2026-02-28T05:00","6.6","9.3","0.0"
"2026-02-28T06:00","7.2","9.2","0.0"
"2026-02-28T07:00","6.9","7.5","7.0"
"2026-02-28T08:00","7.6","9.0","63.0"
"2026-02-28T09:00","8.6","9.3","117.0"
"2026-02-28T10:00","8.9","9.7","157.0"
"2026-02-28T11:00","9.0","9.4","127.0"
"2026-02-28T12:00","9.6","11.0","82.0"
"2026-02-28T13:00","9.2","11.6","71.0"
"2026-02-28T14:00","10.1","15.6","120.0"
"2026-02-28T15:00","9.8","18.5","39.0"
"2026-02-28T16:00","9.1","17.6","59.0"
"2026-02-28T17:00","8.1","16.2","11.0"
"2026-02-28T18:00","7.6","11.4","0.0"
"2026-02-28T19:00","6.6","12.5","0.0"
"2026-02-28T20:00","6.4","16.6","0.0"
"2026-02-28T21:00","7.4","21.2","0.0"
"2026-02-28T22:00","7.1","21.2","0.0"
"2026-02-28T23:00","7.0","21.8","0.0"
"2026-03-01T00:00","7.7","25.4","0.0"
"2026-03-01T01:00","6.6","27.5","0.0"
"2026-03-01T02:00","5.6","26.7","0.0"
"2026-03-01T03:00","5.2","24.9","0.0"
"2026-03-01T04:00","4.3","27.3","0.0"
"2026-03-01T05:00","3.6","24.8","0.0"
"2026-03-01T06:00","3.7","24.1","0.0"
"2026-03-01T07:00","3.4","23.3","22.0"
"2026-03-01T08:00","4.0","19.6","135.0"
"2026-03-01T09:00","5.1","28.3","265.0"
"2026-03-01T10:00","5.9","25.1","276.0"
"2026-03-01T11:00","7.0","18.8","393.0"
"2026-03-01T12:00","7.8","23.3","443.0"
"2026-03-01T13:00","6.8","21.7","258.0"
"2026-03-01T14:00","6.8","20.1","250.0"
"2026-03-01T15:00","6.6","15.9","188.0"
"2026-03-01T16:00","6.1","14.8","107.0"
"2026-03-01T17:00","4.6","12.3","17.0"
"2026-03-01T18:00","4.4","12.6","0.0"
"2026-03-01T19:00","4.3","11.6","0.0"
"2026-03-01T20:00","3.8","10.3","0.0"
"2026-03-01T21:00","3.9","9.7","0.0"
"2026-03-01T22:00","4.7","10.9","0.0"
"2026-03-01T23:00","5.7","14.3","0.0"
"2026-03-02T00:00","5.8","13.9","0.0"
"2026-03-02T01:00","5.7","14.8","0.0"
"2026-03-02T02:00","5.9","13.9","0.0"
"2026-03-02T03:00","5.8","13.8","0.0"
"2026-03-02T04:00","5.8","12.9","0.0"
"2026-03-02T05:00","5.8","12.1","0.0"
"2026-03-02T06:00","5.7","11.5","0.0"
"2026-03-02T07:00","5.8","11.9","15.0"
"2026-03-02T08:00","6.8","11.1","68.0"
"2026-03-02T09:00","7.2","10.7","69.0"
"2026-03-02T10:00","8.1","10.4","106.0"
"2026-03-02T11:00","8.7","11.0","114.0"
"2026-03-02T12:00","9.7","11.4","117.0"
"2026-03-02T13:00","10.7","9.7","294.0"
"2026-03-02T14:00","11.2","9.6","278.0"
"2026-03-02T15:00","11.0","8.0","183.0"
"2026-03-02T16:00","9.7","6.5","107.0"
"2026-03-02T17:00","7.8","7.6","16.0"
"2026-03-02T18:00","7.8","9.7","0.0"
"2026-03-02T19:00","7.2","10.3","0.0"
"2026-03-02T20:00","6.7","9.5","0.0"
"2026-03-02T21:00","6.1","9.3","0.0"
"2026-03-02T22:00","5.4","10.4","0.0"
"2026-03-02T23:00","5.2","11.9","0.0"
"2026-03-03T00:00","4.4","10.3","0.0"
"2026-03-03T01:00","4.1","9.9","0.0"
"2026-03-03T02:00","4.3","10.9","0.0"
"2026-03-03T03:00","4.6","11.3","0.0"
"2026-03-03T04:00","4.3","12.2","0.0"
"2026-03-03T05:00","4.1","13.1","0.0"
"2026-03-03T06:00","4.1","13.4","0.0"
"2026-03-03T07:00","4.7","14.8","35.0"
"2026-03-03T08:00","6.2","15.6","146.0"
"2026-03-03T09:00","8.2","13.9","265.0"
"2026-03-03T10:00","10.1","14.0","351.0"
"2026-03-03T11:00","11.4","15.7","432.0"
"2026-03-03T12:00","12.3","15.5","447.0"
"2026-03-03T13:00","12.1","17.4","416.0"
"2026-03-03T14:00","11.3","17.4","340.0"
"2026-03-03T15:00","9.9","18.6","242.0"
"2026-03-03T16:00","8.6","15.8","119.0"
"2026-03-03T17:00","6.6","12.9","21.0"
"2026-03-03T18:00","5.5","13.5","0.0"
"2026-03-03T19:00","4.8","15.7","0.0"
"2026-03-03T20:00","4.1","16.4","0.0"
"2026-03-03T21:00","3.6","17.4","0.0"
"2026-03-03T22:00","3.3","16.8","0.0"
"2026-03-03T23:00","2.8","16.6","0.0"
"2026-03-04T00:00","2.5","17.7","0.0"
"2026-03-04T01:00","2.3","18.1","0.0"
"2026-03-04T02:00","2.2","18.4","0.0"
"2026-03-04T03:00","2.0","17.9","0.0"
"2026-03-04T04:00","1.8","17.5","0.0"
"2026-03-04T05:00","1.6","17.2","0.0"
"2026-03-04T06:00","1.5","16.7","0.0"
"2026-03-04T07:00","2.0","17.5","42.0"
"2026-03-04T08:00","4.0","19.2","159.0"
"2026-03-04T09:00","5.3","22.2","274.0"
"2026-03-04T10:00","6.8","22.8","348.0"
"2026-03-04T11:00","7.6","18.5","407.0"
"2026-03-04T12:00","8.3","16.4","450.0"
"2026-03-04T13:00","8.5","15.2","438.0"
"2026-03-04T14:00","8.4","13.8","367.0"
"2026-03-04T15:00","8.1","11.7","259.0"
"2026-03-04T16:00","7.1","8.7","135.0"
"2026-03-04T17:00","4.9","8.3","24.0"
"2026-03-04T18:00","4.6","9.7","0.0"
"2026-03-04T19:00","3.7","8.6","0.0"
"2026-03-04T20:00","2.8","6.8","0.0"
"2026-03-04T21:00","2.1","6.8","0.0"
"2026-03-04T22:00","1.7","7.7","0.0"
"2026-03-04T23:00","1.1","7.2","0.0"
"2026-03-05T00:00","0.2","6.0","0.0"
"2026-03-05T01:00","-0.9","5.2","0.0"
"2026-03-05T02:00","-1.1","4.8","0.0"
"2026-03-05T03:00","-1.5","5.0","0.0"
"2026-03-05T04:00","-1.6","4.4","0.0"
"2026-03-05T05:00","-1.9","3.6","0.0"
"2026-03-05T06:00","-2.1","2.3","0.0"
"2026-03-05T07:00","-1.1","5.6","43.0"
"2026-03-05T08:00","0.9","6.3","156.0"
"2026-03-05T09:00","3.7","5.4","298.0"
"2026-03-05T10:00","5.6","6.8","396.0"
"2026-03-05T11:00","6.3","8.6","449.0"
"2026-03-05T12:00","6.8","8.7","462.0"
"2026-03-05T13:00","6.6","9.4","431.0"
"2026-03-05T14:00","5.8","10.1","356.0"
"2026-03-05T15:00","4.5","9.4","246.0"
"2026-03-05T16:00","3.0","9.3","125.0"
"2026-03-05T17:00","1.1","8.5","24.0"
"2026-03-05T18:00","0.6","7.8","0.0"
"2026-03-05T19:00","0.4","7.8","0.0"
"2026-03-05T20:00","0.2","7.7","0.0"
"2026-03-05T21:00","0.2","7.0","0.0"
"2026-03-05T22:00","0.4","6.5","0.0"
"2026-03-05T23:00","0.5","6.6","0.0"
"2026-03-06T00:00","0.5","6.2","0.0"
"2026-03-06T01:00","0.1","6.1","0.0"
"2026-03-06T02:00","-0.1","6.2","0.0"
"2026-03-06T03:00","0.2","6.7","0.0"
"2026-03-06T04:00","0.3","7.3","0.0"
"2026-03-06T05:00","0.3","7.6","0.0"
"2026-03-06T06:00","0.8","9.6","0.0"
"2026-03-06T07:00","1.9","11.9","53.0"
"2026-03-06T08:00","3.5","13.7","178.0"
"2026-03-06T09:00","4.9","11.6","304.0"
"2026-03-06T10:00","6.3","11.6","403.0"
"2026-03-06T11:00","7.4","11.5","464.0"
"2026-03-06T12:00","8.6","11.3","480.0"
"2026-03-06T13:00","8.4","11.6","451.0"
"2026-03-06T14:00","7.7","11.2","379.0"
"2026-03-06T15:00","6.7","11.1","275.0"
"2026-03-06T16:00","5.2","10.3","129.0"
"2026-03-06T17:00","3.8","8.7","25.0"
"2026-03-06T18:00","3.7","8.0","0.0"
"2026-03-06T19:00","3.2","7.2","0.0"
"2026-03-06T20:00","3.4","7.4","0.0"
"2026-03-06T21:00","3.1","7.0","0.0"
"2026-03-06T22:00","2.3","6.7","0.0"
"2026-03-06T23:00","2.2","5.9","0.0"
"2026-03-07T00:00","1.4","4.7","0.0"
"2026-03-07T01:00","1.1","3.0","0.0"
"2026-03-07T02:00","1.0","1.6","0.0"
"2026-03-07T03:00","0.5","2.6","0.0"
"2026-03-07T04:00","-0.1","5.1","0.0"
"2026-03-07T05:00","-0.1","5.9","0.0"
"2026-03-07T06:00","0.0","5.6","0.0"
"2026-03-07T07:00","1.8","6.8","46.0"
"2026-03-07T08:00","3.5","5.8","142.0"
"2026-03-07T09:00","5.6","5.0","275.0"
"2026-03-07T10:00","7.1","4.9","320.0"
"2026-03-07T11:00","8.3","6.5","360.0"
"2026-03-07T12:00","7.8","4.3","174.0"
"2026-03-07T13:00","8.1","6.0","295.0"
"2026-03-07T14:00","7.7","6.9","284.0"
"2026-03-07T15:00","6.7","6.3","213.0"
"2026-03-07T16:00","5.1","6.7","102.0"
"2026-03-07T17:00","3.2","6.9","27.0"
"2026-03-07T18:00","3.2","5.2","0.0"
"2026-03-07T19:00","3.3","5.7","0.0"
"2026-03-07T20:00","2.8","5.7","0.0"
"2026-03-07T21:00","2.2","5.3","0.0"
"2026-03-07T22:00","2.0","4.8","0.0"
"2026-03-07T23:00","2.3","7.2","0.0"
"2026-03-08T00:00","3.0","9.0","0.0"
"2026-03-08T01:00","3.0","9.0","0.0"
"2026-03-08T02:00","2.9","9.6","0.0"
"2026-03-08T03:00","2.9","9.5","0.0"
"2026-03-08T04:00","2.7","8.5","0.0"
"2026-03-08T05:00","2.6","6.7","0.0"
"2026-03-08T06:00","2.8","7.2","1.0"
"2026-03-08T07:00","4.1","7.9","50.0"
"2026-03-08T08:00","5.1","7.4","134.0"
"2026-03-08T09:00","5.8","7.7","170.0"
"2026-03-08T10:00","6.8","9.0","271.0"
"2026-03-08T11:00","5.7","10.9","175.0"
"2026-03-08T12:00","5.9","10.4","144.0"
"2026-03-08T13:00","7.2","10.1","349.0"
"2026-03-08T14:00","7.9","10.5","378.0"
"2026-03-08T15:00","7.2","10.3","245.0"
"2026-03-08T16:00","5.8","9.2","102.0"
"2026-03-08T17:00","4.2","7.7","28.0"
"2026-03-08T18:00","4.1","7.5","0.0"
"2026-03-08T19:00","4.0","8.7","0.0"
"2026-03-08T20:00","4.1","8.3","0.0"
"2026-03-08T21:00","3.7","7.1","0.0"
"2026-03-08T22:00","3.7","8.1","0.0"
"2026-03-08T23:00","3.8","8.4","0.0"
"2026-03-09T00:00","3.9","6.9","0.0"
"2026-03-09T01:00","4.1","6.3","0.0"
"2026-03-09T02:00","4.3","7.1","0.0"
"2026-03-09T03:00","3.8","6.6","0.0"
"2026-03-09T04:00","3.3","6.5","0.0"
"2026-03-09T05:00","3.7","9.0","0.0"
"2026-03-09T06:00","2.8","8.7","1.0"
"2026-03-09T07:00","3.8","10.7","56.0"
"2026-03-09T08:00","5.4","10.3","183.0"
"2026-03-09T09:00","6.8","9.8","324.0"
"2026-03-09T10:00","7.6","10.9","423.0"
"2026-03-09T11:00","7.8","11.9","485.0"
"2026-03-09T12:00","7.7","12.3","502.0"
"2026-03-09T13:00","7.4","12.3","473.0"
"2026-03-09T14:00","7.0","11.9","401.0"
"2026-03-09T15:00","6.2","11.1","292.0"
"2026-03-09T16:00","4.9","11.1","162.0"
"2026-03-09T17:00","3.2","10.6","40.0"
"2026-03-09T18:00","3.2","11.0","0.0"
"2026-03-09T19:00","3.0","9.3","0.0"
"2026-03-09T20:00","2.6","7.9","0.0"
"2026-03-09T21:00","1.9","6.4","0.0"
"2026-03-09T22:00","1.8","4.7","0.0"
"2026-03-09T23:00","1.9","4.1","0.0"
"2026-03-10T00:00","1.0","5.2","0.0"
"2026-03-10T01:00","0.4","5.5","0.0"
"2026-03-10T02:00","0.2","5.0","0.0"
"2026-03-10T03:00","0.0","4.6","0.0"
"2026-03-10T04:00","-0.2","5.1","0.0"
"2026-03-10T05:00","-0.4","5.2","0.0"
"2026-03-10T06:00","-0.2","6.0","2.0"
"2026-03-10T07:00","1.6","9.0","71.0"
"2026-03-10T08:00","4.2","7.0","200.0"
"2026-03-10T09:00","6.5","5.6","326.0"
"2026-03-10T10:00","8.6","6.5","429.0"
"2026-03-10T11:00","9.7","7.0","496.0"
"2026-03-10T12:00","10.8","6.7","508.0"
"2026-03-10T13:00","10.9","9.2","472.0"
"2026-03-10T14:00","10.0","10.0","359.0"
"2026-03-10T15:00","8.9","10.6","261.0"
"2026-03-10T16:00","7.7","9.8","148.0"
"2026-03-10T17:00","6.0","6.8","33.0"
"2026-03-10T18:00","4.8","6.0","0.0"
"2026-03-10T19:00","4.7","6.8","0.0"
"2026-03-10T20:00","3.0","4.2","0.0"
"2026-03-10T21:00","3.3","6.7","0.0"
"2026-03-10T22:00","3.8","8.0","0.0"
"2026-03-10T23:00","4.7","10.3","0.0"
"2026-03-11T00:00","4.7","11.5","0.0"
"2026-03-11T01:00","5.8","15.3","0.0"
"2026-03-11T02:00","6.2","15.8","0.0"
"2026-03-11T03:00","5.3","12.4","0.0"
"2026-03-11T04:00","5.6","9.6","0.0"
"2026-03-11T05:00","5.7","8.8","0.0"
"2026-03-11T06:00","6.3","12.0","1.0"
"2026-03-11T07:00","7.1","12.8","27.0"
"2026-03-11T08:00","8.2","18.4","104.0"
"2026-03-11T09:00","9.8","21.4","190.0"
"2026-03-11T10:00","11.1","21.1","280.0"
"2026-03-11T11:00","12.1","24.2","417.0"
"2026-03-11T12:00","12.8","20.3","470.0"
"2026-03-11T13:00","11.9","18.2","345.0"
"2026-03-11T14:00","10.9","14.0","172.0"
"2026-03-11T15:00","10.5","16.3","173.0"
"2026-03-11T16:00","10.0","16.3","88.0"
"2026-03-11T17:00","9.4","17.6","16.0"
"2026-03-11T18:00","9.0","18.2","0.0"
"2026-03-11T19:00","8.9","17.8","0.0"
"2026-03-11T20:00","8.6","18.9","0.0"
"2026-03-11T21:00","8.2","19.5","0.0"
"2026-03-11T22:00","7.7","16.7","0.0"
"2026-03-11T23:00","7.2","18.5","0.0"
"2026-03-12T00:00","6.3","16.5","0.0"
"2026-03-12T01:00","5.3","16.5","0.0"
"2026-03-12T02:00","4.7","18.7","0.0"
"2026-03-12T03:00","4.1","18.2","0.0"
"2026-03-12T04:00","3.7","17.3","0.0"
"2026-03-12T05:00","3.3","16.6","0.0"
"2026-03-12T06:00","3.6","17.2","4.0"
"2026-03-12T07:00","4.5","18.0","82.0"
"2026-03-12T08:00","5.9","17.6","214.0"
"2026-03-12T09:00","6.9","18.9","258.0"
"2026-03-12T10:00","8.4","20.4","387.0"
"2026-03-12T11:00","9.2","20.8","355.0"
"2026-03-12T12:00","10.4","25.6","473.0"
"2026-03-12T13:00","10.9","26.9","483.0"
"2026-03-12T14:00","11.0","32.8","403.0"
"2026-03-12T15:00","10.4","29.7","220.0"
"2026-03-12T16:00","9.7","23.2","124.0"
"2026-03-12T17:00","9.1","20.7","35.0"
"2026-03-12T18:00","8.8","22.0","0.0"
"2026-03-12T19:00","8.9","27.4","0.0"
"2026-03-12T20:00","8.8","28.9","0.0"
"2026-03-12T21:00","8.6","29.1","0.0"
"2026-03-12T22:00","8.4","29.7","0.0"
"2026-03-12T23:00","8.0","27.0","0.0"
"2026-03-13T00:00","7.8","26.7","0.0"
"2026-03-13T01:00","7.3","25.8","0.0"
"2026-03-13T02:00","6.8","25.3","0.0"
"2026-03-13T03:00","6.7","26.1","0.0"
"2026-03-13T04:00","6.8","25.8","0.0"
"2026-03-13T05:00","6.4","26.5","0.0"
"2026-03-13T06:00","6.8","27.9","4.0"
"2026-03-13T07:00","7.5","29.4","40.0"
"2026-03-13T08:00","8.1","29.2","152.0"
"2026-03-13T09:00","8.8","28.0","252.0"
"2026-03-13T10:00","9.9","29.3","380.0"
"2026-03-13T11:00","10.5","28.0","304.0"
"2026-03-13T12:00","10.2","23.9","380.0"
"2026-03-13T13:00","9.4","22.7","89.0"
"2026-03-13T14:00","8.8","19.3","73.0"
"2026-03-13T15:00","7.7","18.9","34.0"
"2026-03-13T16:00","6.2","18.9","23.0"
"2026-03-13T17:00","5.1","14.2","8.0"
"2026-03-13T18:00","4.6","10.4","0.0"
"2026-03-13T19:00","4.3","11.4","0.0"
"2026-03-13T20:00","4.2","11.7","0.0"
"2026-03-13T21:00","4.1","11.2","0.0"
"2026-03-13T22:00","4.1","11.2","0.0"
"2026-03-13T23:00","4.0","9.2","0.0"
"2026-03-14T00:00","3.7","9.1","0.0"
"2026-03-14T01:00","3.5","9.2","0.0"
"2026-03-14T02:00","3.3","7.3","0.0"
"2026-03-14T03:00","3.1","6.0","0.0"
"2026-03-14T04:00","3.0","6.2","0.0"
"2026-03-14T05:00","2.9","4.2","0.0"
"2026-03-14T06:00","2.8","4.2","1.0"
"2026-03-14T07:00","3.0","3.6","13.0"
"2026-03-14T08:00","3.2","5.2","29.0"
"2026-03-14T09:00","3.4","8.1","55.0"
"2026-03-14T10:00","3.8","9.2","90.0"
"2026-03-14T11:00","4.4","10.5","128.0"
"2026-03-14T12:00","5.4","8.5","186.0"
"2026-03-14T13:00","6.3","8.4","242.0"
"2026-03-14T14:00","6.8","7.6","210.0"
"2026-03-14T15:00","6.9","5.5","181.0"
"2026-03-14T16:00","6.1","2.3","82.0"
"2026-03-14T17:00","4.4","2.7","28.0"
"2026-03-14T18:00","4.2","5.2","0.0"
"2026-03-14T19:00","3.8","4.4","0.0"
"2026-03-14T20:00","3.2","3.3","0.0"
"2026-03-14T21:00","3.0","3.6","0.0"
"2026-03-14T22:00","2.9","4.4","0.0"
"2026-03-14T23:00","3.1","8.5","0.0"
"2026-03-15T00:00","3.5","9.3","0.0"
"2026-03-15T01:00","3.5","8.5","0.0"
"2026-03-15T02:00","3.3","8.1","0.0"
"2026-03-15T03:00","3.2","9.0","0.0"
"2026-03-15T04:00","3.2","9.2","0.0"
"2026-03-15T05:00","3.2","9.9","0.0"
"2026-03-15T06:00","3.1","10.2","4.0"
"2026-03-15T07:00","4.1","10.9","69.0"
"2026-03-15T08:00","5.2","14.6","196.0"
"2026-03-15T09:00","6.4","14.8","312.0"
"2026-03-15T10:00","7.3","14.5","370.0"
"2026-03-15T11:00","8.0","13.7","383.0"
"2026-03-15T12:00","7.8","14.8","426.0"
"2026-03-15T13:00","7.9","14.7","341.0"
"2026-03-15T14:00","7.9","14.9","288.0"
"2026-03-15T15:00","7.4","15.3","199.0"
"2026-03-15T16:00","6.7","14.0","134.0"
"2026-03-15T17:00","5.6","9.3","48.0"
"2026-03-15T18:00","4.0","11.2","1.0"
"2026-03-15T19:00","3.8","13.0","0.0"
"2026-03-15T20:00","3.3","14.8","0.0"
"2026-03-15T21:00","3.0","16.2","0.0"
"2026-03-15T22:00","2.9","16.2","0.0"
"2026-03-15T23:00","3.0","16.4","0.0"
"2026-03-16T00:00","3.0","16.2","0.0"
"2026-03-16T01:00","3.3","17.7","0.0"
"2026-03-16T02:00","3.7","19.6","0.0"
"2026-03-16T03:00","3.5","20.5","0.0"
"2026-03-16T04:00","3.2","21.4","0.0"
"2026-03-16T05:00","3.2","22.2","0.0"
"2026-03-16T06:00","3.7","22.2","7.0"
"2026-03-16T07:00","4.2","21.6","96.0"
"2026-03-16T08:00","5.1","18.7","197.0"
"2026-03-16T09:00","5.7","17.8","221.0"
"2026-03-16T10:00","5.8","17.1","202.0"
"2026-03-16T11:00","5.3","15.1","171.0"
"2026-03-16T12:00","4.2","11.5","105.0"
"2026-03-16T13:00","3.5","9.0","68.0"
"2026-03-16T14:00","3.1","9.2","46.0"
"2026-03-16T15:00","3.0","11.2","70.0"
"2026-03-16T16:00","3.5","12.7","55.0"
"2026-03-16T17:00","3.6","9.3","29.0"
"2026-03-16T18:00","3.3","7.1","1.0"
"2026-03-16T19:00","3.1","8.6","0.0"
"2026-03-16T20:00","2.7","12.3","0.0"
"2026-03-16T21:00","2.6","16.2","0.0"
"2026-03-16T22:00","2.4","15.6","0.0"
"2026-03-16T23:00","2.3","13.8","0.0"
"2026-03-17T00:00","2.2","10.6","0.0"
"2026-03-17T01:00","1.3","8.8","0.0"
"2026-03-17T02:00","0.7","8.5","0.0"
"2026-03-17T03:00","0.2","8.5","0.0"
"2026-03-17T04:00","-0.2","7.2","0.0"
"2026-03-17T05:00","-0.9","6.4","0.0"
"2026-03-17T06:00","-0.2","7.0","11.0"
"2026-03-17T07:00","1.5","8.9","108.0"
"2026-03-17T08:00","3.8","8.3","244.0"
"2026-03-17T09:00","5.8","9.3","372.0"
"2026-03-17T10:00","7.5","13.3","463.0"
"2026-03-17T11:00","8.4","12.4","489.0"
"2026-03-17T12:00","8.6","14.2","531.0"
"2026-03-17T13:00","8.4","15.6","456.0"
"2026-03-17T14:00","7.8","15.7","364.0"
"2026-03-17T15:00","6.8","14.9","258.0"
"2026-03-17T16:00","5.2","14.9","174.0"
"2026-03-17T17:00","3.3","16.5","58.0"
"2026-03-17T18:00","2.6","15.2","1.0"
"2026-03-17T19:00","2.2","15.6","0.0"
"2026-03-17T20:00","2.2","16.5","0.0"
"2026-03-17T21:00","2.9","17.6","0.0"
"2026-03-17T22:00","3.0","16.5","0.0"
"2026-03-17T23:00","3.0","15.5","0.0"
"2026-03-18T00:00","2.6","13.4","0.0"
"2026-03-18T01:00","2.4","14.1","0.0"
"2026-03-18T02:00","2.3","14.5","0.0"
"2026-03-18T03:00","2.5","16.0","0.0"
"2026-03-18T04:00","2.8","16.2","0.0"
"2026-03-18T05:00","2.7","15.4","0.0"
"2026-03-18T06:00","2.5","13.7","13.0"
"2026-03-18T07:00","4.1","14.6","116.0"
"2026-03-18T08:00","6.2","12.8","258.0"
"2026-03-18T09:00","8.0","13.7","387.0"
"2026-03-18T10:00","9.1","14.9","485.0"
"2026-03-18T11:00","10.1","14.5","543.0"
"2026-03-18T12:00","10.6","12.5","559.0"
"2026-03-18T13:00","10.9","12.4","522.0"
"2026-03-18T14:00","10.6","12.2","455.0"
"2026-03-18T15:00","10.1","11.2","346.0"
"2026-03-18T16:00","9.1","11.1","209.0"
"2026-03-18T17:00","7.2","11.2","73.0"
"2026-03-18T18:00","6.1","9.1","2.0"
"2026-03-18T19:00","5.7","9.7","0.0"
"2026-03-18T20:00","5.4","9.7","0.0"
"2026-03-18T21:00","5.0","10.0","0.0"
"2026-03-18T22:00","4.6","9.1","0.0"
"2026-03-18T23:00","4.0","8.2","0.0"
"2026-03-19T00:00","3.4","8.0","0.0"
"2026-03-19T01:00","3.2","8.4","0.0"
"2026-03-19T02:00","3.0","8.8","0.0"
"2026-03-19T03:00","3.0","9.1","0.0"
"2026-03-19T04:00","3.0","9.4","0.0"
"2026-03-19T05:00","2.8","9.3","0.0"
"2026-03-19T06:00","3.3","10.3","14.0"
"2026-03-19T07:00","5.2","11.0","117.0"
"2026-03-19T08:00","7.5","8.6","252.0"
"2026-03-19T09:00","9.7","8.4","377.0"
"2026-03-19T10:00","11.4","9.4","479.0"
"2026-03-19T11:00","12.1","9.9","388.0"
"2026-03-19T12:00","11.9","11.6","262.0"
"2026-03-19T13:00","11.8","13.4","262.0"
"2026-03-19T14:00","10.4","14.6","123.0"
"2026-03-19T15:00","8.4","11.9","46.0"
"2026-03-19T16:00","8.1","11.5","44.0"
"2026-03-19T17:00","7.3","9.3","25.0"
"2026-03-19T18:00","7.2","7.2","1.0"
"2026-03-19T19:00","5.8","9.0","0.0"
"2026-03-19T20:00","4.8","8.9","0.0"
"2026-03-19T21:00","4.2","10.6","0.0"
"2026-03-19T22:00","3.8","11.3","0.0"
"2026-03-19T23:00","3.2","10.5","0.0"
"2026-03-20T00:00","2.3","10.6","0.0"
"2026-03-20T01:00","1.6","9.3","0.0"
"2026-03-20T02:00","1.3","10.0","0.0"
"2026-03-20T03:00","0.9","9.9","0.0"
"2026-03-20T04:00","1.2","8.6","0.0"
"2026-03-20T05:00","1.2","7.3","0.0"
"2026-03-20T06:00","1.2","4.8","10.0"
"2026-03-20T07:00","1.5","4.6","62.0"
"2026-03-20T08:00","2.1","4.4","121.0"
"2026-03-20T09:00","3.0","3.4","209.0"
"2026-03-20T10:00","4.0","4.0","272.0"
"2026-03-20T11:00","4.7","4.2","292.0"
"2026-03-20T12:00","5.5","3.8","282.0"
"2026-03-20T13:00","7.1","3.0","396.0"
"2026-03-20T14:00","8.0","3.1","370.0"
"2026-03-20T15:00","8.6","2.7","319.0"
"2026-03-20T16:00","7.6","7.0","200.0"
"2026-03-20T17:00","4.9","9.1","73.0"
"2026-03-20T18:00","4.1","6.7","3.0"
"2026-03-20T19:00","3.0","8.4","0.0"
"2026-03-20T20:00","2.5","8.5","0.0"
"2026-03-20T21:00","2.3","8.0","0.0"
"2026-03-20T22:00","2.1","7.7","0.0"
"2026-03-20T23:00","2.0","7.6","0.0"
"2026-03-21T00:00","2.0","5.6","0.0"
"2026-03-21T01:00","1.9","5.6","0.0"
"2026-03-21T02:00","1.7","5.5","0.0"
"2026-03-21T03:00","1.6","4.5","0.0"
"2026-03-21T04:00","1.5","4.4","0.0"
"2026-03-21T05:00","1.4","5.6","0.0"
"2026-03-21T06:00","1.5","6.5","9.0"
"2026-03-21T07:00","1.7","5.9","43.0"
"2026-03-21T08:00","2.2","5.8","111.0"
"2026-03-21T09:00","2.9","6.8","168.0"
"2026-03-21T10:00","4.2","8.3","346.0"
"2026-03-21T11:00","5.3","8.8","426.0"
"2026-03-21T12:00","5.1","9.0","508.0"
"2026-03-21T13:00","5.8","8.9","545.0"
"2026-03-21T14:00","6.1","8.9","476.0"
"2026-03-21T15:00","5.8","8.6","360.0"
"2026-03-21T16:00","5.2","7.7","224.0"
"2026-03-21T17:00","3.7","5.5","86.0"
"2026-03-21T18:00","2.0","5.1","4.0"
"2026-03-21T19:00","1.1","5.6","0.0"
"2026-03-21T20:00","0.9","6.3","0.0"
"2026-03-21T21:00","1.8","8.3","0.0"
"2026-03-21T22:00","2.0","10.7","0.0"
"2026-03-21T23:00","1.7","12.7","0.0"
"2026-03-22T00:00","1.4","9.8","0.0"
"2026-03-22T01:00","1.2","9.6","0.0"
"2026-03-22T02:00","1.1","10.0","0.0"
"2026-03-22T03:00","0.9","9.1","0.0"
"2026-03-22T04:00","-0.2","5.8","0.0"
"2026-03-22T05:00","-0.4","2.8","0.0"
"2026-03-22T06:00","0.4","4.0","24.0"
"2026-03-22T07:00","2.3","6.1","142.0"
"2026-03-22T08:00","4.2","4.0","285.0"
"2026-03-22T09:00","6.1","4.6","415.0"
"2026-03-22T10:00","7.6","6.6","515.0"
"2026-03-22T11:00","8.3","8.8","575.0"
"2026-03-22T12:00","9.1","10.1","588.0"
"2026-03-22T13:00","9.4","9.9","555.0"
"2026-03-22T14:00","8.9","11.0","479.0"
"2026-03-22T15:00","7.8","11.5","367.0"
"2026-03-22T16:00","6.8","9.8","230.0"
"2026-03-22T17:00","5.1","9.2","91.0"
"2026-03-22T18:00","4.0","8.3","5.0"
"2026-03-22T19:00","3.3","7.2","0.0"
"2026-03-22T20:00","2.8","7.0","0.0"
"2026-03-22T21:00","2.2","6.9","0.0"
"2026-03-22T22:00","2.3","8.1","0.0"
"2026-03-22T23:00","2.8","9.8","0.0"
"2026-03-23T00:00","1.2","6.8","0.0"
"2026-03-23T01:00","0.4","6.4","0.0"
"2026-03-23T02:00","0.1","6.4","0.0"
"2026-03-23T03:00","0.2","6.5","0.0"
"2026-03-23T04:00","0.3","7.1","0.0"
"2026-03-23T05:00","0.2","6.9","0.0"
"2026-03-23T06:00","1.4","8.0","27.0"
"2026-03-23T07:00","3.5","9.2","114.0"
"2026-03-23T08:00","5.7","5.9","245.0"
"2026-03-23T09:00","7.1","8.3","292.0"
"2026-03-23T10:00","7.2","5.5","229.0"
"2026-03-23T11:00","8.8","4.5","401.0"
"2026-03-23T12:00","10.4","8.9","439.0"
"2026-03-23T13:00","10.0","13.6","502.0"
"2026-03-23T14:00","9.1","14.2","460.0"
"2026-03-23T15:00","8.3","12.6","286.0"
"2026-03-23T16:00","7.5","9.8","155.0"
"2026-03-23T17:00","5.8","4.4","64.0"
"2026-03-23T18:00","4.4","4.6","5.0"
"2026-03-23T19:00","4.3","3.3","0.0"
"2026-03-23T20:00","3.9","4.7","0.0"
"2026-03-23T21:00","3.9","6.4","0.0"
"2026-03-23T22:00","3.8","8.6","0.0"
"2026-03-23T23:00","3.7","9.1","0.0"
"2026-03-24T00:00","4.1","11.2","0.0"
"2026-03-24T01:00","4.2","11.2","0.0"
"2026-03-24T02:00","4.2","12.4","0.0"
"2026-03-24T03:00","4.3","13.7","0.0"
"2026-03-24T04:00","4.3","13.8","0.0"
"2026-03-24T05:00","4.4","14.7","0.0"
"2026-03-24T06:00","4.4","14.0","14.0"
"2026-03-24T07:00","5.0","15.2","27.0"
"2026-03-24T08:00","6.6","14.5","151.0"
"2026-03-24T09:00","8.0","16.2","234.0"
"2026-03-24T10:00","7.8","16.8","133.0"
"2026-03-24T11:00","8.9","22.1","224.0"
"2026-03-24T12:00","10.6","23.1","339.0"
"2026-03-24T13:00","11.4","27.9","443.0"
"2026-03-24T14:00","11.1","29.1","381.0"
"2026-03-24T15:00","10.6","31.2","290.0"
"2026-03-24T16:00","9.7","27.6","136.0"
"2026-03-24T17:00","9.0","26.2","33.0"
"2026-03-24T18:00","8.8","26.0","2.0"
"2026-03-24T19:00","8.5","25.4","0.0"
"2026-03-24T20:00","8.2","25.3","0.0"
"2026-03-24T21:00","8.4","24.0","0.0"
"2026-03-24T22:00","9.1","24.6","0.0"
"2026-03-24T23:00","9.8","23.5","0.0"
"2026-03-25T00:00","10.6","26.5","0.0"
"2026-03-25T01:00","10.6","29.3","0.0"
"2026-03-25T02:00","9.6","31.4","0.0"
"2026-03-25T03:00","7.7","29.3","0.0"
"2026-03-25T04:00","7.9","26.1","0.0"
"2026-03-25T05:00","8.6","28.6","0.0"
"2026-03-25T06:00","8.4","30.6","5.0"
"2026-03-25T07:00","8.0","35.4","20.0"
"2026-03-25T08:00","7.4","30.8","44.0"
"2026-03-25T09:00","7.8","32.6","206.0"
"2026-03-25T10:00","7.7","38.0","393.0"
"2026-03-25T11:00","7.0","33.3","332.0"
"2026-03-25T12:00","5.6","29.9","212.0"
"2026-03-25T13:00","6.5","26.9","183.0"
"2026-03-25T14:00","8.1","31.7","362.0"
"2026-03-25T15:00","7.7","29.9","234.0"
"2026-03-25T16:00","6.9","27.2","157.0"
"2026-03-25T17:00","6.2","26.4","84.0"
"2026-03-25T18:00","5.2","26.6","8.0"
"2026-03-25T19:00","4.8","25.0","0.0"
"2026-03-25T20:00","4.4","27.2","0.0"
"2026-03-25T21:00","4.3","29.5","0.0"
"2026-03-25T22:00","4.1","30.4","0.0"
"2026-03-25T23:00","3.2","32.1","0.0"
"2026-03-26T00:00","3.8","29.7","0.0"
"2026-03-26T01:00","4.1","30.0","0.0"
"2026-03-26T02:00","4.1","29.0","0.0"
"2026-03-26T03:00","3.9","28.3","0.0"
"2026-03-26T04:00","3.7","27.2","0.0"
"2026-03-26T05:00","3.5","26.0","0.0"
"2026-03-26T06:00","4.2","25.4","30.0"
"2026-03-26T07:00","5.2","25.3","109.0"
"2026-03-26T08:00","5.7","30.1","271.0"
"2026-03-26T09:00","5.8","29.5","333.0"
"2026-03-26T10:00","6.2","28.6","376.0"
"2026-03-26T11:00","6.6","28.6","372.0"
"2026-03-26T12:00","6.9","26.4","472.0"
"2026-03-26T13:00","7.3","25.8","507.0"
"2026-03-26T14:00","7.3","23.6","426.0"
"2026-03-26T15:00","6.9","21.6","294.0"
"2026-03-26T16:00","6.3","21.2","223.0"
"2026-03-26T17:00","5.2","16.2","102.0"
"2026-03-26T18:00","4.2","14.6","10.0"
"2026-03-26T19:00","3.4","14.8","0.0"
"2026-03-26T20:00","2.7","12.8","0.0"
"2026-03-26T21:00","2.0","12.0","0.0"
"2026-03-26T22:00","1.5","11.5","0.0"
"2026-03-26T23:00","1.1","10.4","0.0"
"2026-03-27T00:00","1.3","10.2","0.0"
"2026-03-27T01:00","1.1","10.0","0.0"
"2026-03-27T02:00","0.8","8.5","0.0"
"2026-03-27T03:00","0.4","8.3","0.0"
"2026-03-27T04:00","0.3","9.3","0.0"
"2026-03-27T05:00","0.2","11.0","0.0"
"2026-03-27T06:00","0.9","11.7","41.0"
"2026-03-27T07:00","2.8","12.1","169.0"
"2026-03-27T08:00","4.8","15.8","296.0"
"2026-03-27T09:00","6.2","15.2","393.0"
"2026-03-27T10:00","7.1","15.3","471.0"
"2026-03-27T11:00","7.5","14.5","508.0"
"2026-03-27T12:00","7.2","14.0","508.0"
"2026-03-27T13:00","7.4","14.6","417.0"
"2026-03-27T14:00","7.3","13.8","331.0"
"2026-03-27T15:00","7.6","14.2","320.0"
"2026-03-27T16:00","7.2","13.4","217.0"
"2026-03-27T17:00","6.3","11.1","90.0"
"2026-03-27T18:00","5.2","12.3","9.0"
"2026-03-27T19:00","4.7","13.9","0.0"
"2026-03-27T20:00","4.3","15.2","0.0"
"2026-03-27T21:00","4.0","15.1","0.0"
"2026-03-27T22:00","3.5","15.4","0.0"
"2026-03-27T23:00","4.1","17.4","0.0"
"2026-03-28T00:00","4.4","18.8","0.0"
"2026-03-28T01:00","4.8","19.8","0.0"
"2026-03-28T02:00","4.8","20.1","0.0"
"2026-03-28T03:00","4.4","20.1","0.0"
"2026-03-28T04:00","4.1","20.3","0.0"
"2026-03-28T05:00","4.0","21.2","0.0"
"2026-03-28T06:00","4.1","18.4","9.0"
"2026-03-28T07:00","4.6","17.8","55.0"
"2026-03-28T08:00","4.7","15.9","47.0"
"2026-03-28T09:00","4.8","17.4","50.0"
"2026-03-28T10:00","4.7","17.4","77.0"
"2026-03-28T11:00","5.5","13.4","91.0"
"2026-03-28T12:00","6.2","8.9","82.0"
"2026-03-28T13:00","6.9","6.5","168.0"
"2026-03-28T14:00","8.4","8.2","333.0"
"2026-03-28T15:00","8.5","7.6","216.0"
"2026-03-28T16:00","8.1","7.0","150.0"
"2026-03-28T17:00","7.1","7.4","58.0"
"2026-03-28T18:00","5.7","3.5","7.0"
"2026-03-28T19:00","4.9","5.3","0.0"
"2026-03-28T20:00","4.2","5.7","0.0"
"2026-03-28T21:00","4.2","9.2","0.0"
"2026-03-28T22:00","3.3","11.7","0.0"
"2026-03-28T23:00","2.7","13.0","0.0"
"2026-03-29T00:00","2.5","12.7","0.0"
"2026-03-29T01:00","1.8","10.1","0.0"
"2026-03-29T02:00","1.0","8.8","0.0"
"2026-03-29T03:00","0.6","8.3","0.0"
"2026-03-29T04:00","0.4","7.8","0.0"
"2026-03-29T05:00","0.3","6.8","0.0"
"2026-03-29T06:00","1.8","9.4","49.0"
"2026-03-29T07:00","3.8","8.8","148.0"
"2026-03-29T08:00","5.1","11.6","196.0"
"2026-03-29T09:00","6.1","13.6","237.0"
"2026-03-29T10:00","7.5","14.4","418.0"
"2026-03-29T11:00","8.6","16.1","549.0"
"2026-03-29T12:00","8.9","20.3","560.0"
"2026-03-29T13:00","8.6","21.5","449.0"
"2026-03-29T14:00","8.4","23.3","380.0"
"2026-03-29T15:00","7.9","21.5","261.0"
"2026-03-29T16:00","7.7","20.1","215.0"
"2026-03-29T17:00","6.6","20.2","86.0"
"2026-03-29T18:00","6.3","19.6","7.0"
"2026-03-29T19:00","6.1","19.7","0.0"
"2026-03-29T20:00","5.8","20.2","0.0"
"2026-03-29T21:00","5.4","22.8","0.0"
"2026-03-29T22:00","5.0","24.8","0.0"
"2026-03-29T23:00","4.3","26.1","0.0"
"2026-03-30T00:00","4.4","28.5","0.0"
"2026-03-30T01:00","4.4","28.2","0.0"
"2026-03-30T02:00","4.2","27.1","0.0"
"2026-03-30T03:00","3.9","25.5","0.0"
"2026-03-30T04:00","3.5","23.9","0.0"
"2026-03-30T05:00","3.0","18.8","0.0"
"2026-03-30T06:00","2.8","12.3","5.0"
"2026-03-30T07:00","4.2","13.3","63.0"
"2026-03-30T08:00","5.6","17.1","168.0"
"2026-03-30T09:00","5.9","19.7","289.0"
"2026-03-30T10:00","7.6","17.7","498.0"
"2026-03-30T11:00","8.3","16.1","560.0"
"2026-03-30T12:00","8.3","16.8","571.0"
"2026-03-30T13:00","8.4","16.7","474.0"
"2026-03-30T14:00","8.6","16.6","450.0"
"2026-03-30T15:00","8.4","17.6","358.0"
"2026-03-30T16:00","6.9","16.2","211.0"
"2026-03-30T17:00","6.2","16.6","87.0"
"2026-03-30T18:00","5.2","13.9","13.0"
"2026-03-30T19:00","4.7","14.0","0.0"
"2026-03-30T20:00","4.2","15.3","0.0"
"2026-03-30T21:00","4.0","16.4","0.0"
"2026-03-30T22:00","3.7","16.6","0.0"
"2026-03-30T23:00","3.4","17.5","0.0"
"2026-03-31T00:00","4.1","17.1","0.0"
"2026-03-31T01:00","4.2","16.7","0.0"
"2026-03-31T02:00","4.1","17.4","0.0"
"2026-03-31T03:00","4.0","18.4","0.0"
"2026-03-31T04:00","3.9","19.4","0.0"
"2026-03-31T05:00","4.9","20.0","0.0"
"2026-03-31T06:00","5.2","20.3","30.0"
"2026-03-31T07:00","6.3","19.5","164.0"
"2026-03-31T08:00","7.2","26.9","286.0"
"2026-03-31T09:00","7.9","24.1","389.0"
"2026-03-31T10:00","8.8","22.2","517.0"
"2026-03-31T11:00","9.4","20.0","566.0"
"2026-03-31T12:00","9.2","18.7","597.0"
"2026-03-31T13:00","9.2","19.6","560.0"
"2026-03-31T14:00","9.0","21.0","514.0"
"2026-03-31T15:00","8.6","20.6","412.0"
"2026-03-31T16:00","7.9","16.8","274.0"
"2026-03-31T17:00","6.8","14.7","129.0"
"2026-03-31T18:00","5.8","12.5","18.0"
"2026-03-31T19:00","4.7","11.0","0.0"
"2026-03-31T20:00","3.9","9.9","0.0"
"2026-03-31T21:00","3.5","9.6","0.0"
"2026-03-31T22:00","3.2","9.4","0.0"
"2026-03-31T23:00","3.1","10.3","0.0"
"2026-04-01T00:00","2.2","11.1","0.0"
"2026-04-01T01:00","1.8","9.3","0.0"
"2026-04-01T02:00","1.0","6.0","0.0"
"2026-04-01T03:00","0.3","3.9","0.0"
"2026-04-01T04:00","-0.1","3.4","0.0"
"2026-04-01T05:00","-0.4","4.9","1.0"
"2026-04-01T06:00","1.6","7.5","65.0"
"2026-04-01T07:00","4.1","4.7","202.0"
"2026-04-01T08:00","6.3","3.2","347.0"
"2026-04-01T09:00","8.2","3.6","475.0"
"2026-04-01T10:00","9.5","4.9","572.0"
"2026-04-01T11:00","10.4","6.4","628.0"
"2026-04-01T12:00","11.4","8.1","640.0"
"2026-04-01T13:00","11.8","9.4","604.0"
"2026-04-01T14:00","11.6","12.1","527.0"
"2026-04-01T15:00","10.8","14.3","413.0"
"2026-04-01T16:00","9.9","13.7","277.0"
"2026-04-01T17:00","8.4","11.0","134.0"
"2026-04-01T18:00","6.8","10.8","21.0"
"2026-04-01T19:00","5.8","9.9","0.0"
"2026-04-01T20:00","4.9","10.3","0.0"
"2026-04-01T21:00","4.5","10.8","0.0"
"2026-04-01T22:00","4.2","11.5","0.0"
"2026-04-01T23:00","3.9","10.9","0.0"
"2026-04-02T00:00","3.0","9.2","0.0"
"2026-04-02T01:00","2.5","9.2","0.0"
"2026-04-02T02:00","2.5","10.1","0.0"
"2026-04-02T03:00","2.5","10.2","0.0"
"2026-04-02T04:00","2.3","9.8","0.0"
"2026-04-02T05:00","2.3","10.3","2.0"
"2026-04-02T06:00","3.2","10.7","69.0"
"2026-04-02T07:00","5.2","9.5","205.0"
"2026-04-02T08:00","7.2","9.5","333.0"
"2026-04-02T09:00","9.2","10.6","426.0"
"2026-04-02T10:00","10.4","15.6","486.0"
"2026-04-02T11:00","10.9","16.5","441.0"
"2026-04-02T12:00","11.4","17.1","437.0"
"2026-04-02T13:00","10.6","16.2","331.0"
"2026-04-02T14:00","9.4","16.3","123.0"
"2026-04-02T15:00","9.1","16.9","243.0"
"2026-04-02T16:00","9.0","15.1","179.0"
"2026-04-02T17:00","8.1","15.0","69.0"
"2026-04-02T18:00","7.8","15.8","8.0"
"2026-04-02T19:00","7.1","15.7","0.0"
"2026-04-02T20:00","6.4","14.1","0.0"
"2026-04-02T21:00","4.9","17.4","0.0"
"2026-04-02T22:00","3.2","18.1","0.0"
"2026-04-02T23:00","2.3","16.2","0.0"
"2026-04-03T00:00","2.0","15.7","0.0"
"2026-04-03T01:00","2.2","15.0","0.0"
"2026-04-03T02:00","2.8","16.9","0.0"
"2026-04-03T03:00","3.5","18.7","0.0"
"2026-04-03T04:00","4.0","19.7","0.0"
"2026-04-03T05:00","4.0","19.5","1.0"
"2026-04-03T06:00","4.0","20.7","16.0"
"2026-04-03T07:00","4.4","20.7","80.0"
"2026-04-03T08:00","5.3","26.1","201.0"
"2026-04-03T09:00","5.8","22.8","219.0"
"2026-04-03T10:00","5.9","21.3","260.0"
"2026-04-03T11:00","5.9","19.8","300.0"
"2026-04-03T12:00","6.5","19.1","401.0"
"2026-04-03T13:00","6.8","17.3","346.0"
"2026-04-03T14:00","7.4","17.9","342.0"
"2026-04-03T15:00","7.7","14.7","209.0"
"2026-04-03T16:00","7.8","16.9","197.0"
"2026-04-03T17:00","7.2","13.4","62.0"
"2026-04-03T18:00","6.4","11.6","16.0"
"2026-04-03T19:00","6.5","15.1","0.0"
"2026-04-03T20:00","6.4","18.1","0.0"
"2026-04-03T21:00","7.2","20.3","0.0"
"2026-04-03T22:00","6.9","22.8","0.0"
"2026-04-03T23:00","6.3","24.6","0.0"
"2026-04-04T00:00","6.9","26.5","0.0"
"2026-04-04T01:00","7.5","26.1","0.0"
"2026-04-04T02:00","8.2","28.5","0.0"
"2026-04-04T03:00","8.1","30.0","0.0"
"2026-04-04T04:00","6.7","26.4","0.0"
"2026-04-04T05:00","6.1","25.2","3.0"
"2026-04-04T06:00","6.3","29.1","62.0"
"2026-04-04T07:00","6.7","28.0","164.0"
"2026-04-04T08:00","7.4","30.7","322.0"
"2026-04-04T09:00","7.8","32.7","463.0"
"2026-04-04T10:00","8.4","33.4","540.0"
"2026-04-04T11:00","9.1","34.0","575.0"
"2026-04-04T12:00","9.8","30.8","587.0"
"2026-04-04T13:00","9.9","31.8","593.0"
"2026-04-04T14:00","9.8","30.7","418.0"
"2026-04-04T15:00","9.4","30.0","317.0"
"2026-04-04T16:00","9.1","26.0","214.0"
"2026-04-04T17:00","8.2","21.6","121.0"
"2026-04-04T18:00","7.2","19.4","26.0"
"2026-04-04T19:00","6.3","16.6","0.0"
"2026-04-04T20:00","5.4","15.9","0.0"
"2026-04-04T21:00","5.0","14.6","0.0"
"2026-04-04T22:00","3.8","8.3","0.0"
"2026-04-04T23:00","3.6","10.1","0.0"
"2026-04-05T00:00","5.8","14.4","0.0"
"2026-04-05T01:00","5.8","19.7","0.0"
"2026-04-05T02:00","6.4","21.7","0.0"
"2026-04-05T03:00","7.2","24.2","0.0"
"2026-04-05T04:00","7.5","26.3","0.0"
"2026-04-05T05:00","8.4","26.4","2.0"
"2026-04-05T06:00","9.7","27.0","60.0"
"2026-04-05T07:00","11.4","31.8","152.0"
"2026-04-05T08:00","11.2","36.2","77.0"
"2026-04-05T09:00","11.5","34.7","219.0"
"2026-04-05T10:00","11.7","39.7","538.0"
"2026-04-05T11:00","11.4","36.8","643.0"
"2026-04-05T12:00","11.3","35.5","603.0"
"2026-04-05T13:00","11.1","36.1","613.0"
"2026-04-05T14:00","10.7","36.0","547.0"
"2026-04-05T15:00","10.1","36.2","437.0"
"2026-04-05T16:00","9.0","36.3","298.0"
"2026-04-05T17:00","8.1","32.8","137.0"
"2026-04-05T18:00","7.2","31.4","29.0"
"2026-04-05T19:00","6.7","30.6","0.0"
"2026-04-05T20:00","6.1","28.0","0.0"
"2026-04-05T21:00","5.7","27.0","0.0"
"2026-04-05T22:00","5.3","28.4","0.0"
"2026-04-05T23:00","5.1","27.6","0.0"
"2026-04-06T00:00","5.4","29.7","0.0"
"2026-04-06T01:00","4.8","29.4","0.0"
"2026-04-06T02:00","4.5","29.9","0.0"
"2026-04-06T03:00","4.4","30.1","0.0"
"2026-04-06T04:00","4.5","30.7","0.0"
"2026-04-06T05:00","4.7","29.9","5.0"
"2026-04-06T06:00","5.4","29.8","83.0"
"2026-04-06T07:00","6.3","34.4","217.0"
"2026-04-06T08:00","6.8","42.1","269.0"
"2026-04-06T09:00","7.4","41.7","276.0"
"2026-04-06T10:00","8.3","39.2","397.0"
"2026-04-06T11:00","8.6","40.5","498.0"
"2026-04-06T12:00","9.2","36.4","410.0"
"2026-04-06T13:00","9.4","40.7","535.0"
"2026-04-06T14:00","9.5","41.7","466.0"
"2026-04-06T15:00","9.4","37.2","351.0"
"2026-04-06T16:00","9.1","38.2","273.0"
"2026-04-06T17:00","8.3","30.3","145.0"
"2026-04-06T18:00","7.4","26.8","31.0"
"2026-04-06T19:00","6.9","25.2","0.0"
"2026-04-06T20:00","6.4","24.4","0.0"
"2026-04-06T21:00","5.8","24.0","0.0"
"2026-04-06T22:00","5.4","23.2","0.0"
"2026-04-06T23:00","5.1","22.4","0.0"
"2026-04-07T00:00","4.8","20.7","0.0"
"2026-04-07T01:00","4.4","20.0","0.0"
"2026-04-07T02:00","4.1","19.5","0.0"
"2026-04-07T03:00","3.8","18.4","0.0"
"2026-04-07T04:00","3.5","18.1","0.0"
"2026-04-07T05:00","3.7","17.3","7.0"
"2026-04-07T06:00","4.8","15.4","93.0"
"2026-04-07T07:00","6.7","14.9","238.0"
"2026-04-07T08:00","7.7","16.0","386.0"
"2026-04-07T09:00","8.4","16.8","516.0"
"2026-04-07T10:00","8.8","17.3","614.0"
"2026-04-07T11:00","9.2","17.8","672.0"
"2026-04-07T12:00","9.5","19.7","684.0"
"2026-04-07T13:00","9.4","20.6","651.0"
"2026-04-07T14:00","8.9","20.9","572.0"
"2026-04-07T15:00","8.4","20.9","458.0"
"2026-04-07T16:00","7.6","19.2","316.0"
"2026-04-07T17:00","6.5","15.8","164.0"
"2026-04-07T18:00","5.4","12.9","36.0"
"2026-04-07T19:00","4.7","12.4","0.0"
"2026-04-07T20:00","4.1","12.4","0.0"
"2026-04-07T21:00","3.8","12.4","0.0"
"2026-04-07T22:00","3.5","11.4","0.0"
"2026-04-07T23:00","2.8","8.3","0.0"
"2026-04-08T00:00","2.0","6.1","0.0"
"2026-04-08T01:00","1.3","6.5","0.0"
"2026-04-08T02:00","0.9","6.2","0.0"
"2026-04-08T03:00","0.6","5.8","0.0"
"2026-04-08T04:00","0.6","4.8","0.0"
"2026-04-08T05:00","0.8","4.8","8.0"
"2026-04-08T06:00","3.3","7.3","99.0"
"2026-04-08T07:00","5.2","4.3","243.0"
"2026-04-08T08:00","7.0","3.1","389.0"
"2026-04-08T09:00","8.5","4.4","517.0"
"2026-04-08T10:00","9.4","5.6","612.0"
"2026-04-08T11:00","10.3","6.3","667.0"
"2026-04-08T12:00","11.2","6.1","678.0"
"2026-04-08T13:00","11.6","6.4","644.0"
"2026-04-08T14:00","11.5","6.4","566.0"
"2026-04-08T15:00","11.6","4.3","448.0"
"2026-04-08T16:00","9.1","16.3","309.0"
"2026-04-08T17:00","6.7","14.0","161.0"
"2026-04-08T18:00","5.9","9.7","37.0"
"2026-04-08T19:00","5.1","7.1","0.0"
"2026-04-08T20:00","4.3","7.4","0.0"
"2026-04-08T21:00","4.0","7.8","0.0"
"2026-04-08T22:00","3.4","7.3","0.0"
"2026-04-08T23:00","3.0","7.8","0.0"
"2026-04-09T00:00","2.8","8.8","0.0"
"2026-04-09T01:00","2.6","8.1","0.0"
"2026-04-09T02:00","2.4","6.5","0.0"
"2026-04-09T03:00","2.3","6.5","0.0"
"2026-04-09T04:00","2.5","6.8","0.0"
"2026-04-09T05:00","2.6","6.4","9.0"
"2026-04-09T06:00","4.0","8.3","90.0"
"2026-04-09T07:00","5.0","9.0","226.0"
"2026-04-09T08:00","5.8","11.4","379.0"
"2026-04-09T09:00","6.2","12.7","518.0"
"2026-04-09T10:00","6.6","12.9","623.0"
"2026-04-09T11:00","6.6","14.5","680.0"
"2026-04-09T12:00","7.0","18.2","695.0"
"2026-04-09T13:00","6.8","20.5","661.0"
"2026-04-09T14:00","6.2","22.6","582.0"
"2026-04-09T15:00","5.5","23.5","468.0"
"2026-04-09T16:00","4.8","23.3","328.0"
"2026-04-09T17:00","4.0","21.1","176.0"
"2026-04-09T18:00","3.6","19.0","43.0"
"2026-04-09T19:00","3.2","19.1","0.0"
"2026-04-09T20:00","2.9","21.3","0.0"
"2026-04-09T21:00","2.7","24.4","0.0"
"2026-04-09T22:00","2.5","25.0","0.0"
"2026-04-09T23:00","2.2","24.8","0.0"
"2026-04-10T00:00","2.1","25.0","0.0"
"2026-04-10T01:00","2.1","28.3","0.0"
"2026-04-10T02:00","2.5","29.8","0.0"
"2026-04-10T03:00","2.7","29.8","0.0"
"2026-04-10T04:00","2.8","29.4","0.0"
"2026-04-10T05:00","2.8","27.2","9.0"
"2026-04-10T06:00","3.6","24.7","67.0"
"2026-04-10T07:00","4.1","25.0","165.0"
"2026-04-10T08:00","4.4","25.3","233.0"
"2026-04-10T09:00","5.0","25.7","343.0"
"2026-04-10T10:00","5.4","23.5","401.0"
"2026-04-10T11:00","4.4","21.0","257.0"
"2026-04-10T12:00","4.2","21.4","186.0"
"2026-04-10T13:00","4.3","21.1","141.0"
"2026-04-10T14:00","4.6","20.4","124.0"
"2026-04-10T15:00","5.1","20.3","146.0"
"2026-04-10T16:00","5.5","18.1","139.0"
"2026-04-10T17:00","5.4","14.5","72.0"
"2026-04-10T18:00","4.7","12.4","31.0"
"2026-04-10T19:00","4.7","12.0","0.0"
"2026-04-10T20:00","4.2","9.8","0.0"
"2026-04-10T21:00","3.4","6.7","0.0"
"2026-04-10T22:00","1.9","4.7","0.0"
"2026-04-10T23:00","2.0","1.3","0.0"
"2026-04-11T00:00","1.8","0.4","0.0"
"2026-04-11T01:00","1.1","1.5","0.0"
"2026-04-11T02:00","0.2","2.2","0.0"
"2026-04-11T03:00","-0.1","0.9","0.0"
"2026-04-11T04:00","-0.2","0.3","0.0"
"2026-04-11T05:00","0.3","4.9","10.0"
"2026-04-11T06:00","2.7","8.4","87.0"
"2026-04-11T07:00","4.7","12.0","198.0"
"2026-04-11T08:00","6.0","13.0","370.0"
"2026-04-11T09:00","6.8","14.9","520.0"
"2026-04-11T10:00","7.2","17.8","617.0"
"2026-04-11T11:00","7.2","21.2","683.0"
"2026-04-11T12:00","7.3","22.7","697.0"
"2026-04-11T13:00","6.9","23.6","665.0"
"2026-04-11T14:00","6.7","23.7","582.0"
"2026-04-11T15:00","6.3","22.1","466.0"
"2026-04-11T16:00","6.0","21.6","327.0"
"2026-04-11T17:00","5.4","20.7","177.0"
"2026-04-11T18:00","5.5","22.7","46.0"
"2026-04-11T19:00","5.3","22.9","0.0"
"2026-04-11T20:00","4.6","23.8","0.0"
"2026-04-11T21:00","4.0","26.0","0.0"
"2026-04-11T22:00","4.1","27.2","0.0"
"2026-04-11T23:00","4.5","27.1","0.0"
"2026-04-12T00:00","4.8","26.3","0.0"
"2026-04-12T01:00","5.4","24.8","0.0"
"2026-04-12T02:00","5.8","22.7","0.0"
"2026-04-12T03:00","6.3","21.7","0.0"
"2026-04-12T04:00","6.4","21.8","0.0"
"2026-04-12T05:00","6.4","21.3","3.0"
"2026-04-12T06:00","6.7","19.2","20.0"
"2026-04-12T07:00","6.7","19.5","41.0"
"2026-04-12T08:00","7.1","18.1","97.0"
"2026-04-12T09:00","6.9","17.8","97.0"
"2026-04-12T10:00","7.5","16.9","167.0"
"2026-04-12T11:00","7.4","16.5","166.0"
"2026-04-12T12:00","7.4","15.2","192.0"
"2026-04-12T13:00","7.0","14.5","141.0"
"2026-04-12T14:00","6.9","13.7","141.0"
"2026-04-12T15:00","7.1","11.8","153.0"
"2026-04-12T16:00","6.8","10.9","181.0"
"2026-04-12T17:00","6.2","9.9","107.0"
"2026-04-12T18:00","5.7","9.1","27.0"
"2026-04-12T19:00","5.2","8.5","0.0"
"2026-04-12T20:00","5.2","9.1","0.0"
"2026-04-12T21:00","5.3","7.6","0.0"
"2026-04-12T22:00","5.7","7.1","0.0"
"2026-04-12T23:00","5.6","6.5","0.0"
"2026-04-13T00:00","5.8","6.8","0.0"
"2026-04-13T01:00","6.2","8.9","0.0"
"2026-04-13T02:00","6.4","10.2","0.0"
"2026-04-13T03:00","6.3","12.1","0.0"
"2026-04-13T04:00","6.2","12.7","0.0"
"2026-04-13T05:00","6.6","14.7","8.0"
"2026-04-13T06:00","6.7","16.1","57.0"
"2026-04-13T07:00","7.0","16.9","87.0"
"2026-04-13T08:00","7.7","17.6","189.0"
"2026-04-13T09:00","8.2","20.4","306.0"
"2026-04-13T10:00","8.4","23.2","377.0"
"2026-04-13T11:00","8.4","23.4","423.0"
"2026-04-13T12:00","8.8","23.5","503.0"
"2026-04-13T13:00","8.4","21.7","247.0"
"2026-04-13T14:00","9.4","23.6","313.0"
"2026-04-13T15:00","8.9","24.4","87.0"
"2026-04-13T16:00","8.8","26.7","76.0"
"2026-04-13T17:00","7.9","26.7","42.0"
"2026-04-13T18:00","7.1","25.9","20.0"
"2026-04-13T19:00","6.8","25.7","0.0"
"2026-04-13T20:00","7.2","26.7","0.0"
"2026-04-13T21:00","7.3","25.9","0.0"
"2026-04-13T22:00","7.3","25.6","0.0"
"2026-04-13T23:00","7.4","25.7","0.0"
"2026-04-14T00:00","7.2","23.2","0.0"
"2026-04-14T01:00","7.2","23.4","0.0"
"2026-04-14T02:00","7.1","23.5","0.0"
"2026-04-14T03:00","7.1","22.9","0.0"
"2026-04-14T04:00","7.0","23.3","0.0"
"2026-04-14T05:00","6.8","24.6","4.0"
"2026-04-14T06:00","6.8","23.1","23.0"
"2026-04-14T07:00","7.0","19.4","67.0"
"2026-04-14T08:00","7.1","20.6","105.0"
"2026-04-14T09:00","7.2","22.1","150.0"
"2026-04-14T10:00","7.6","22.2","260.0"
"2026-04-14T11:00","7.5","18.1","247.0"
"2026-04-14T12:00","6.7","13.5","198.0"
"2026-04-14T13:00","6.3","9.7","81.0"
"2026-04-14T14:00","6.5","7.9","96.0"
"2026-04-14T15:00","6.7","5.0","94.0"
"2026-04-14T16:00","7.0","2.6","100.0"
"2026-04-14T17:00","7.1","1.3","147.0"
"2026-04-14T18:00","6.7","0.4","53.0"
"2026-04-14T19:00","5.1","0.5","1.0"
"2026-04-14T20:00","3.6","4.3","0.0"
"2026-04-14T21:00","3.8","6.4","0.0"
"2026-04-14T22:00","4.0","8.0","0.0"
"2026-04-14T23:00","4.1","9.7","0.0"
"2026-04-15T00:00","3.7","10.0","0.0"
"2026-04-15T01:00","3.2","9.1","0.0"
"2026-04-15T02:00","2.8","7.7","0.0"
"2026-04-15T03:00","2.1","6.6","0.0"
"2026-04-15T04:00","1.7","6.3","0.0"
"2026-04-15T05:00","2.3","6.6","23.0"
"2026-04-15T06:00","3.7","7.3","134.0"
"2026-04-15T07:00","6.0","4.3","282.0"
"2026-04-15T08:00","8.1","4.6","431.0"
"2026-04-15T09:00","9.9","9.0","555.0"
"2026-04-15T10:00","10.9","9.3","595.0"
"2026-04-15T11:00","11.4","9.4","630.0"
"2026-04-15T12:00","12.1","10.6","566.0"
"2026-04-15T13:00","12.4","10.7","514.0"
"2026-04-15T14:00","10.9","13.1","460.0"
"2026-04-15T15:00","9.7","12.4","434.0"
"2026-04-15T16:00","9.8","9.3","296.0"
"2026-04-15T17:00","9.6","7.5","172.0"
"2026-04-15T18:00","7.7","5.0","57.0"
"2026-04-15T19:00","5.8","4.2","1.0"
"2026-04-15T20:00","4.6","5.0","0.0"
"2026-04-15T21:00","3.8","4.9","0.0"
"2026-04-15T22:00","3.3","3.7","0.0"
"2026-04-15T23:00","3.0","2.7","0.0"
"2026-04-16T00:00","2.0","4.9","0.0"
"2026-04-16T01:00","1.6","4.3","0.0"
"2026-04-16T02:00","1.6","3.7","0.0"
"2026-04-16T03:00","1.8","6.4","0.0"
"2026-04-16T04:00","2.2","6.7","0.0"
"2026-04-16T05:00","3.0","6.4","14.0"
"2026-04-16T06:00","4.3","8.8","67.0"
"2026-04-16T07:00","4.9","8.6","94.0"
"2026-04-16T08:00","5.4","9.1","129.0"
"2026-04-16T09:00","5.8","10.9","144.0"
"2026-04-16T10:00","6.1","9.9","154.0"
"2026-04-16T11:00","6.1","8.0","145.0"
"2026-04-16T12:00","6.6","10.3","121.0"
"2026-04-16T13:00","6.7","10.6","152.0"
"2026-04-16T14:00","8.1","11.2","384.0"
"2026-04-16T15:00","8.0","9.4","386.0"
"2026-04-16T16:00","7.7","8.2","294.0"
"2026-04-16T17:00","7.1","6.6","173.0"
"2026-04-16T18:00","6.1","7.4","56.0"
"2026-04-16T19:00","5.2","7.1","1.0"
"2026-04-16T20:00","4.4","5.8","0.0"
"2026-04-16T21:00","3.9","5.7","0.0"
"2026-04-16T22:00","3.2","5.4","0.0"
"2026-04-16T23:00","2.9","5.1","0.0"
"2026-04-17T00:00","3.2","4.4","0.0"
"2026-04-17T01:00","3.0","3.6","0.0"
"2026-04-17T02:00","2.8","3.0","0.0"
"2026-04-17T03:00","2.6","2.5","0.0"
"2026-04-17T04:00","2.2","1.8","0.0"
"2026-04-17T05:00","3.0","1.9","27.0"
"2026-04-17T06:00","5.3","5.6","138.0"
"2026-04-17T07:00","7.2","3.7","283.0"
"2026-04-17T08:00","8.8","5.4","427.0"
"2026-04-17T09:00","9.7","7.1","551.0"
"2026-04-17T10:00","10.6","8.3","644.0"
"2026-04-17T11:00","11.4","9.4","697.0"
"2026-04-17T12:00","11.8","9.8","595.0"
"2026-04-17T13:00","12.1","9.4","657.0"
"2026-04-17T14:00","12.1","9.4","547.0"
"2026-04-17T15:00","12.0","9.4","400.0"
"2026-04-17T16:00","11.4","9.2","256.0"
"2026-04-17T17:00","10.5","7.6","157.0"
"2026-04-17T18:00","9.2","5.7","53.0"
"2026-04-17T19:00","7.3","5.6","2.0"
"2026-04-17T20:00","6.8","6.1","0.0"
"2026-04-17T21:00","5.9","5.8","0.0"
"2026-04-17T22:00","5.0","5.6","0.0"
"2026-04-17T23:00","4.9","5.7","0.0"
"2026-04-18T00:00","4.8","7.3","0.0"
"2026-04-18T01:00","4.7","7.5","0.0"
"2026-04-18T02:00","4.8","8.3","0.0"
"2026-04-18T03:00","4.9","8.9","0.0"
"2026-04-18T04:00","4.8","9.0","0.0"
"2026-04-18T05:00","5.2","9.8","23.0"
"2026-04-18T06:00","5.9","10.4","116.0"
"2026-04-18T07:00","6.6","11.0","261.0"
"2026-04-18T08:00","6.4","11.2","232.0"
"2026-04-18T09:00","6.8","11.8","269.0"
"2026-04-18T10:00","7.8","12.2","377.0"
"2026-04-18T11:00","8.6","12.5","446.0"
"2026-04-18T12:00","8.8","13.7","369.0"
"2026-04-18T13:00","9.4","13.4","443.0"
"2026-04-18T14:00","8.6","12.0","262.0"
"2026-04-18T15:00","7.8","13.2","108.0"
"2026-04-18T16:00","8.2","11.8","172.0"
"2026-04-18T17:00","7.3","11.5","64.0"
"2026-04-18T18:00","6.8","11.2","16.0"
"2026-04-18T19:00","6.6","11.1","1.0"
"2026-04-18T20:00","6.5","11.1","0.0"
"2026-04-18T21:00","6.4","11.6","0.0"
"2026-04-18T22:00","6.3","10.5","0.0"
"2026-04-18T23:00","6.2","8.8","0.0"
"2026-04-19T00:00","5.8","8.9","0.0"
"2026-04-19T01:00","5.8","6.4","0.0"
"2026-04-19T02:00","5.9","3.8","0.0"
"2026-04-19T03:00","6.0","0.8","0.0"
"2026-04-19T04:00","6.1","2.9","0.0"
"2026-04-19T05:00","6.8","4.7","11.0"
"2026-04-19T06:00","7.4","7.3","44.0"
"2026-04-19T07:00","8.1","10.4","81.0"
"2026-04-19T08:00","8.6","12.7","120.0"
"2026-04-19T09:00","9.1","12.4","196.0"
"2026-04-19T10:00","9.1","11.3","184.0"
"2026-04-19T11:00","9.6","11.4","253.0"
"2026-04-19T12:00","8.2","11.4","228.0"
"2026-04-19T13:00","8.6","8.9","133.0"
"2026-04-19T14:00","8.9","7.1","104.0"
"2026-04-19T15:00","9.1","10.3","98.0"
"2026-04-19T16:00","8.9","12.0","84.0"
"2026-04-19T17:00","8.4","9.2","43.0"
"2026-04-19T18:00","7.3","11.4","13.0"
"2026-04-19T19:00","7.1","13.2","0.0"
"2026-04-19T20:00","6.7","15.7","0.0"
"2026-04-19T21:00","6.8","17.1","0.0"
"2026-04-19T22:00","6.7","17.9","0.0"
"2026-04-19T23:00","6.2","18.7","0.0"
"2026-04-20T00:00","4.9","16.1","0.0"
"2026-04-20T01:00","4.2","15.3","0.0"
"2026-04-20T02:00","3.5","15.9","0.0"
"2026-04-20T03:00","2.9","16.1","0.0"
"2026-04-20T04:00","2.8","16.9","0.0"
"2026-04-20T05:00","3.5","19.0","36.0"
"2026-04-20T06:00","4.8","17.2","141.0"
"2026-04-20T07:00","5.9","22.0","303.0"
"2026-04-20T08:00","7.3","22.3","457.0"
"2026-04-20T09:00","8.3","22.4","576.0"
"2026-04-20T10:00","9.1","25.0","681.0"
"2026-04-20T11:00","9.6","25.3","734.0"
"2026-04-20T12:00","9.8","23.9","742.0"
"2026-04-20T13:00","10.0","22.2","704.0"
"2026-04-20T14:00","10.1","20.6","627.0"
"2026-04-20T15:00","10.2","16.4","512.0"
"2026-04-20T16:00","10.1","11.2","369.0"
"2026-04-20T17:00","9.4","6.6","214.0"
"2026-04-20T18:00","7.6","8.2","77.0"
"2026-04-20T19:00","6.9","11.4","4.0"
"2026-04-20T20:00","5.8","8.3","0.0"
"2026-04-20T21:00","3.9","4.3","0.0"
"2026-04-20T22:00","3.2","4.1","0.0"
"2026-04-20T23:00","2.5","6.0","0.0"
"2026-04-21T00:00","2.3","9.0","0.0"
"2026-04-21T01:00","2.2","9.8","0.0"
"2026-04-21T02:00","2.0","9.5","0.0"
"2026-04-21T03:00","1.5","8.6","0.0"
"2026-04-21T04:00","1.0","8.5","0.0"
"2026-04-21T05:00","1.6","9.1","44.0"
"2026-04-21T06:00","3.6","9.3","171.0"
"2026-04-21T07:00","5.3","8.0","324.0"
"2026-04-21T08:00","7.2","7.3","472.0"
"2026-04-21T09:00","8.8","7.3","598.0"
"2026-04-21T10:00","10.1","6.8","691.0"
"2026-04-21T11:00","11.1","5.5","743.0"
"2026-04-21T12:00","11.8","4.8","750.0"
"2026-04-21T13:00","12.3","3.9","711.0"
"2026-04-21T14:00","12.6","1.5","630.0"
"2026-04-21T15:00","12.4","6.2","513.0"
"2026-04-21T16:00","11.2","12.9","372.0"
"2026-04-21T17:00","9.6","13.1","221.0"
"2026-04-21T18:00","8.1","11.4","82.0"
"2026-04-21T19:00","7.1","10.3","4.0"
"2026-04-21T20:00","5.9","8.9","0.0"
"2026-04-21T21:00","5.3","10.8","0.0"
"2026-04-21T22:00","5.2","13.5","0.0"
"2026-04-21T23:00","5.3","15.2","0.0"
"2026-04-22T00:00","5.2","16.7","0.0"
"2026-04-22T01:00","5.1","16.8","0.0"
"2026-04-22T02:00","4.9","16.1","0.0"
"2026-04-22T03:00","4.5","15.2","0.0"
"2026-04-22T04:00","4.4","16.0","0.0"
"2026-04-22T05:00","5.6","17.5","47.0"
"2026-04-22T06:00","7.6","18.4","175.0"
"2026-04-22T07:00","9.8","16.1","326.0"
"2026-04-22T08:00","11.6","16.0","473.0"
"2026-04-22T09:00","12.9","17.8","597.0"
"2026-04-22T10:00","13.9","18.6","688.0"
"2026-04-22T11:00","14.6","19.1","740.0"
"2026-04-22T12:00","15.6","21.0","748.0"
"2026-04-22T13:00","15.4","21.4","711.0"
"2026-04-22T14:00","15.3","22.2","632.0"
"2026-04-22T15:00","14.9","21.9","518.0"
"2026-04-22T16:00","14.4","18.6","379.0"
"2026-04-22T17:00","13.7","16.8","226.0"
"2026-04-22T18:00","13.1","19.1","85.0"
"2026-04-22T19:00","11.7","20.3","5.0"
"2026-04-22T20:00","10.2","21.3","0.0"
"2026-04-22T21:00","8.9","21.0","0.0"
"2026-04-22T22:00","7.7","19.6","0.0"
"2026-04-22T23:00","6.6","17.5","0.0"
"2026-04-23T00:00","6.1","16.7","0.0"
"2026-04-23T01:00","5.6","16.8","0.0"
"2026-04-23T02:00","5.2","16.2","0.0"
"2026-04-23T03:00","4.9","15.4","0.0"
"2026-04-23T04:00","4.9","15.2","0.0"
"2026-04-23T05:00","5.8","14.8","49.0"
"2026-04-23T06:00","7.7","13.7","175.0"
"2026-04-23T07:00","9.9","13.0","323.0"
"2026-04-23T08:00","11.6","14.8","467.0"
"2026-04-23T09:00","12.8","17.6","590.0"
"2026-04-23T10:00","13.5","19.8","682.0"
"2026-04-23T11:00","13.9","21.0","734.0"
"2026-04-23T12:00","14.8","20.4","742.0"
"2026-04-23T13:00","14.5","20.8","706.0"
"2026-04-23T14:00","14.6","19.4","627.0"
"2026-04-23T15:00","14.4","17.8","513.0"
"2026-04-23T16:00","14.3","15.0","375.0"
"2026-04-23T17:00","13.9","11.0","226.0"
"2026-04-23T18:00","12.5","4.7","87.0"
"2026-04-23T19:00","10.6","5.6","6.0"
"2026-04-23T20:00","10.6","10.9","0.0"
"2026-04-23T21:00","9.8","14.8","0.0"
"2026-04-23T22:00","9.1","14.8","0.0"
"2026-04-23T23:00","8.1","13.6","0.0"
"2026-04-24T00:00","6.8","13.6","0.0"
"2026-04-24T01:00","6.2","13.4","0.0"
"2026-04-24T02:00","5.8","12.8","0.0"
"2026-04-24T03:00","5.6","12.2","0.0"
"2026-04-24T04:00","5.5","11.6","0.0"
"2026-04-24T05:00","6.4","11.7","53.0"
"2026-04-24T06:00","8.3","11.7","181.0"
"2026-04-24T07:00","10.4","10.8","329.0"
"2026-04-24T08:00","12.3","12.1","472.0"
"2026-04-24T09:00","13.9","14.2","594.0"
"2026-04-24T10:00","14.6","16.4","685.0"
"2026-04-24T11:00","15.1","16.9","737.0"
"2026-04-24T12:00","15.9","19.7","747.0"
"2026-04-24T13:00","15.1","19.7","710.0"
"2026-04-24T14:00","14.9","19.6","632.0"
"2026-04-24T15:00","14.6","19.2","518.0"
"2026-04-24T16:00","14.2","17.5","380.0"
"2026-04-24T17:00","13.9","11.7","230.0"
"2026-04-24T18:00","13.2","6.1","88.0"
"2026-04-24T19:00","12.4","15.5","7.0"
"2026-04-24T20:00","10.8","18.0","0.0"
"2026-04-24T21:00","9.3","17.7","0.0"
"2026-04-24T22:00","8.1","18.4","0.0"
"2026-04-24T23:00","7.0","19.6","0.0"
"2026-04-25T00:00","6.6","21.0","0.0"
"2026-04-25T01:00","6.2","22.6","0.0"
"2026-04-25T02:00","6.1","24.3","0.0"
"2026-04-25T03:00","5.9","25.2","0.0"
"2026-04-25T04:00","5.9","25.8","1.0"
"2026-04-25T05:00","6.5","25.8","57.0"
"2026-04-25T06:00","7.7","30.0","187.0"
"2026-04-25T07:00","8.7","33.9","296.0"
"2026-04-25T08:00","9.3","34.0","357.0"
"2026-04-25T09:00","9.6","33.3","392.0"
"2026-04-25T10:00","9.5","32.3","309.0"
"2026-04-25T11:00","9.9","34.4","297.0"
"2026-04-25T12:00","10.8","35.7","323.0"
"2026-04-25T13:00","10.4","36.5","307.0"
"2026-04-25T14:00","11.1","35.3","472.0"
"2026-04-25T15:00","10.4","35.4","293.0"
"2026-04-25T16:00","9.4","34.5","259.0"
"2026-04-25T17:00","8.4","26.2","150.0"
"2026-04-25T18:00","7.5","25.0","62.0"
"2026-04-25T19:00","7.7","23.7","7.0"
"2026-04-25T20:00","7.0","18.8","0.0"
"2026-04-25T21:00","6.6","20.4","0.0"
"2026-04-25T22:00","6.2","17.1","0.0"
"2026-04-25T23:00","6.4","17.6","0.0"
"2026-04-26T00:00","5.5","15.5","0.0"
"2026-04-26T01:00","4.9","15.3","0.0"
"2026-04-26T02:00","4.4","13.3","0.0"
"2026-04-26T03:00","3.8","11.6","0.0"
"2026-04-26T04:00","3.2","10.3","1.0"
"2026-04-26T05:00","4.0","10.4","64.0"
"2026-04-26T06:00","5.5","9.1","199.0"
"2026-04-26T07:00","7.0","13.7","352.0"
"2026-04-26T08:00","7.9","15.2","498.0"
"2026-04-26T09:00","8.8","14.5","621.0"
"2026-04-26T10:00","9.4","15.2","712.0"
"2026-04-26T11:00","10.1","15.5","760.0"
"2026-04-26T12:00","11.2","16.4","761.0"
"2026-04-26T13:00","10.9","15.4","662.0"
"2026-04-26T14:00","10.9","14.8","589.0"
"2026-04-26T15:00","10.6","13.6","436.0"
"2026-04-26T16:00","10.4","12.7","276.0"
"2026-04-26T17:00","10.2","10.1","184.0"
"2026-04-26T18:00","9.7","7.9","92.0"
"2026-04-26T19:00","8.3","5.9","8.0"
"2026-04-26T20:00","8.1","9.2","0.0"
"2026-04-26T21:00","7.6","12.8","0.0"
"2026-04-26T22:00","6.6","10.8","0.0"
"2026-04-26T23:00","5.4","9.4","0.0"
"2026-04-27T00:00","3.5","4.6","0.0"
"2026-04-27T01:00","2.3","4.9","0.0"
"2026-04-27T02:00","1.9","4.7","0.0"
"2026-04-27T03:00","1.4","4.9","0.0"
"2026-04-27T04:00","1.4","5.3","2.0"
"2026-04-27T05:00","3.2","7.2","64.0"
"2026-04-27T06:00","5.6","5.8","195.0"
"2026-04-27T07:00","7.2","7.6","347.0"
"2026-04-27T08:00","8.6","6.5","491.0"
"2026-04-27T09:00","9.8","5.3","615.0"
"2026-04-27T10:00","10.8","4.3","705.0"
"2026-04-27T11:00","11.6","3.5","750.0"
"2026-04-27T12:00","12.1","2.3","744.0"
"2026-04-27T13:00","12.4","3.7","709.0"
"2026-04-27T14:00","12.2","5.8","618.0"
"2026-04-27T15:00","11.9","7.7","514.0"
"2026-04-27T16:00","11.1","11.3","378.0"
"2026-04-27T17:00","10.0","14.6","233.0"
"2026-04-27T18:00","9.2","15.0","100.0"
"2026-04-27T19:00","7.9","12.1","11.0"
"2026-04-27T20:00","6.9","10.2","0.0"
"2026-04-27T21:00","6.2","9.7","0.0"
"2026-04-27T22:00","5.6","9.2","0.0"
"2026-04-27T23:00","5.2","8.3","0.0"
"2026-04-28T00:00","4.5","8.7","0.0"
"2026-04-28T01:00","4.1","9.4","0.0"
"2026-04-28T02:00","3.3","10.5","0.0"
"2026-04-28T03:00","2.7","8.3","0.0"
"2026-04-28T04:00","2.1","7.2","2.0"
"2026-04-28T05:00","2.8","9.1","70.0"
"2026-04-28T06:00","5.2","8.5","204.0"
"2026-04-28T07:00","7.8","7.1","352.0"
"2026-04-28T08:00","9.9","10.2","489.0"
"2026-04-28T09:00","11.6","14.9","618.0"
"2026-04-28T10:00","12.2","19.4","707.0"
"2026-04-28T11:00","12.1","20.3","761.0"
"2026-04-28T12:00","12.6","18.3","774.0"
"2026-04-28T13:00","12.4","17.9","738.0"
"2026-04-28T14:00","12.4","16.0","658.0"
"2026-04-28T15:00","11.9","16.2","542.0"
"2026-04-28T16:00","11.1","17.4","403.0"
"2026-04-28T17:00","10.4","17.7","250.0"
"2026-04-28T18:00","9.6","15.0","107.0"
"2026-04-28T19:00","8.4","13.7","12.0"
"2026-04-28T20:00","7.8","14.1","0.0"
"2026-04-28T21:00","7.5","14.1","0.0"
"2026-04-28T22:00","6.9","13.7","0.0"
"2026-04-28T23:00","6.2","11.7","0.0"
"2026-04-29T00:00","4.9","10.2","0.0"
"2026-04-29T01:00","4.0","9.3","0.0"
"2026-04-29T02:00","3.1","7.6","0.0"
"2026-04-29T03:00","2.2","6.1","0.0"
"2026-04-29T04:00","1.8","5.2","3.0"
"2026-04-29T05:00","3.8","5.7","70.0"
"2026-04-29T06:00","5.8","3.2","203.0"
"2026-04-29T07:00","8.0","1.7","353.0"
"2026-04-29T08:00","9.9","1.8","496.0"
"2026-04-29T09:00","11.4","1.4","617.0"
"2026-04-29T10:00","12.8","0.6","706.0"
"2026-04-29T11:00","13.7","3.0","755.0"
"2026-04-29T12:00","14.8","8.5","761.0"
"2026-04-29T13:00","14.9","12.9","721.0"
"2026-04-29T14:00","14.9","15.6","643.0"
"2026-04-29T15:00","14.4","15.9","530.0"
"2026-04-29T16:00","13.7","15.4","393.0"
"2026-04-29T17:00","13.0","13.9","245.0"
"2026-04-29T18:00","12.4","9.8","106.0"
"2026-04-29T19:00","10.9","6.2","13.0"
"2026-04-29T20:00","9.9","7.4","0.0"
"2026-04-29T21:00","9.2","8.3","0.0"
"2026-04-29T22:00","8.6","10.1","0.0"
"2026-04-29T23:00","8.1","10.2","0.0"
"2026-04-30T00:00","7.2","9.8","0.0"
"2026-04-30T01:00","6.4","9.1","0.0"
"2026-04-30T02:00","5.8","8.9","0.0"
"2026-04-30T03:00","5.2","8.1","0.0"
"2026-04-30T04:00","5.2","9.3","4.0"
"2026-04-30T05:00","6.4","10.6","74.0"
"2026-04-30T06:00","8.8","11.5","206.0"
"2026-04-30T07:00","11.2","12.1","359.0"
"2026-04-30T08:00","13.4","14.8","504.0"
"2026-04-30T09:00","14.8","17.5","627.0"
"2026-04-30T10:00","15.6","18.0","716.0"
"2026-04-30T11:00","16.4","17.6","765.0"
"2026-04-30T12:00","18.0","17.3","769.0"
"2026-04-30T13:00","17.7","17.0","729.0"
"2026-04-30T14:00","17.5","16.8","653.0"
"2026-04-30T15:00","17.2","16.8","540.0"
"2026-04-30T16:00","16.8","16.2","403.0"
"2026-04-30T17:00","16.2","15.2","253.0"
"2026-04-30T18:00","15.6","10.7","112.0"
"2026-04-30T19:00","13.8","8.6","15.0"
"2026-04-30T20:00","12.4","7.5","0.0"
"2026-04-30T21:00","11.0","6.9","0.0"
"2026-04-30T22:00","10.1","7.9","0.0"
"2026-04-30T23:00","9.2","8.9","0.0"
"2026-05-01T00:00","7.7","10.2","0.0"
"2026-05-01T01:00","6.6","7.9","0.0"
"2026-05-01T02:00","5.7","6.2","0.0"
"2026-05-01T03:00","5.0","6.4","0.0"
"2026-05-01T04:00","4.9","7.8","5.0"
"2026-05-01T05:00","6.3","9.1","81.0"
"2026-05-01T06:00","9.5","8.1","218.0"
"2026-05-01T07:00","12.4","7.1","370.0"
"2026-05-01T08:00","15.1","7.6","515.0"
"2026-05-01T09:00","17.4","9.7","637.0"
"2026-05-01T10:00","18.8","11.1","727.0"
"2026-05-01T11:00","19.6","10.6","777.0"
"2026-05-01T12:00","20.9","10.0","782.0"
"2026-05-01T13:00","20.9","9.1","743.0"
"2026-05-01T14:00","21.0","8.2","662.0"
"2026-05-01T15:00","20.8","6.3","548.0"
"2026-05-01T16:00","20.3","4.7","409.0"
"2026-05-01T17:00","19.2","3.6","259.0"
"2026-05-01T18:00","18.0","3.4","117.0"
"2026-05-01T19:00","15.6","6.5","17.0"
"2026-05-01T20:00","15.2","8.1","0.0"
"2026-05-01T21:00","13.7","7.0","0.0"
"2026-05-01T22:00","12.8","7.1","0.0"
"2026-05-01T23:00","12.6","10.2","0.0"
"2026-05-02T00:00","11.4","10.1","0.0"
"2026-05-02T01:00","10.7","10.5","0.0"
"2026-05-02T02:00","10.5","11.3","0.0"
"2026-05-02T03:00","10.5","12.2","0.0"
"2026-05-02T04:00","10.6","13.0","6.0"
"2026-05-02T05:00","11.8","13.8","84.0"
"2026-05-02T06:00","14.6","13.9","218.0"
"2026-05-02T07:00","16.5","13.5","368.0"
"2026-05-02T08:00","18.4","13.8","509.0"
"2026-05-02T09:00","20.1","14.1","630.0"
"2026-05-02T10:00","21.4","15.6","720.0"
"2026-05-02T11:00","22.3","16.7","771.0"
"2026-05-02T12:00","23.6","18.0","778.0"
"2026-05-02T13:00","23.3","17.8","740.0"
"2026-05-02T14:00","23.2","18.5","662.0"
"2026-05-02T15:00","23.1","20.1","547.0"
"2026-05-02T16:00","22.8","19.2","411.0"
"2026-05-02T17:00","22.3","13.6","260.0"
"2026-05-02T18:00","21.0","9.3","112.0"
"2026-05-02T19:00","19.5","8.9","15.0"
"2026-05-02T20:00","18.0","7.9","0.0"
"2026-05-02T21:00","16.8","7.0","0.0"
"2026-05-02T22:00","16.5","11.2","0.0"
"2026-05-02T23:00","14.8","7.6","0.0"
"2026-05-03T00:00","13.7","9.1","0.0"
"2026-05-03T01:00","13.1","10.7","0.0"
"2026-05-03T02:00","12.4","12.5","0.0"
"2026-05-03T03:00","11.6","12.5","0.0"
"2026-05-03T04:00","10.9","12.0","6.0"
"2026-05-03T05:00","11.2","11.3","66.0"
"2026-05-03T06:00","12.1","10.9","165.0"
"2026-05-03T07:00","13.2","8.2","327.0"
"2026-05-03T08:00","14.6","4.3","475.0"
"2026-05-03T09:00","16.0","5.2","558.0"
"2026-05-03T10:00","17.0","6.9","609.0"
"2026-05-03T11:00","17.7","8.7","669.0"
"2026-05-03T12:00","17.5","11.1","335.0"
"2026-05-03T13:00","18.0","7.8","539.0"
"2026-05-03T14:00","18.4","6.5","583.0"
"2026-05-03T15:00","18.5","6.3","480.0"
"2026-05-03T16:00","17.9","8.4","355.0"
"2026-05-03T17:00","16.9","7.3","195.0"
"2026-05-03T18:00","15.7","8.0","78.0"
"2026-05-03T19:00","14.4","8.0","8.0"
"2026-05-03T20:00","13.4","5.8","0.0"
"2026-05-03T21:00","12.8","4.7","0.0"
"2026-05-03T22:00","12.6","5.7","0.0"
"2026-05-03T23:00","12.4","3.7","0.0"
"2026-05-04T00:00","12.9","3.6","0.0"
"2026-05-04T01:00","13.1","9.4","0.0"
"2026-05-04T02:00","13.1","16.8","0.0"
"2026-05-04T03:00","12.4","18.5","0.0"
"2026-05-04T04:00","12.2","17.0","6.0"
"2026-05-04T05:00","12.4","17.9","39.0"
"2026-05-04T06:00","12.4","16.5","43.0"
"2026-05-04T07:00","12.1","17.3","92.0"
"2026-05-04T08:00","11.6","17.8","103.0"
"2026-05-04T09:00","12.9","16.4","398.0"
"2026-05-04T10:00","14.4","17.3","700.0"
"2026-05-04T11:00","15.0","19.3","764.0"
"2026-05-04T12:00","15.6","19.4","770.0"
"2026-05-04T13:00","15.4","18.5","735.0"
"2026-05-04T14:00","15.4","17.6","661.0"
"2026-05-04T15:00","15.0","16.8","548.0"
"2026-05-04T16:00","14.2","16.7","412.0"
"2026-05-04T17:00","13.4","14.6","263.0"
"2026-05-04T18:00","12.9","11.9","123.0"
"2026-05-04T19:00","11.6","8.3","21.0"
"2026-05-04T20:00","10.7","8.1","0.0"
"2026-05-04T21:00","10.1","10.4","0.0"
"2026-05-04T22:00","9.1","11.1","0.0"
"2026-05-04T23:00","8.4","11.6","0.0"
"2026-05-05T00:00","7.6","10.7","0.0"
"2026-05-05T01:00","6.8","10.2","0.0"
"2026-05-05T02:00","6.3","9.3","0.0"
"2026-05-05T03:00","5.8","7.7","0.0"
"2026-05-05T04:00","5.8","8.3","8.0"
"2026-05-05T05:00","7.2","10.8","79.0"
"2026-05-05T06:00","8.9","14.5","158.0"
"2026-05-05T07:00","9.6","12.9","244.0"
"2026-05-05T08:00","10.8","12.5","371.0"
"2026-05-05T09:00","11.6","12.2","430.0"
"2026-05-05T10:00","12.1","12.5","498.0"
"2026-05-05T11:00","12.8","12.7","576.0"
"2026-05-05T12:00","13.4","12.2","654.0"
"2026-05-05T13:00","13.9","11.0","741.0"
"2026-05-05T14:00","14.3","10.3","682.0"
"2026-05-05T15:00","14.1","10.6","568.0"
"2026-05-05T16:00","13.1","14.1","430.0"
"2026-05-05T17:00","12.0","15.5","279.0"
"2026-05-05T18:00","11.2","12.2","133.0"
"2026-05-05T19:00","9.6","9.2","24.0"
"2026-05-05T20:00","8.8","10.7","0.0"
"2026-05-05T21:00","7.8","10.8","0.0"
"2026-05-05T22:00","7.2","10.6","0.0"
"2026-05-05T23:00","6.8","10.1","0.0"
"2026-05-06T00:00","6.2","11.7","0.0"
"2026-05-06T01:00","5.7","10.2","0.0"
"2026-05-06T02:00","5.4","11.6","0.0"
"2026-05-06T03:00","5.1","12.9","0.0"
"2026-05-06T04:00","4.8","11.1","10.0"
"2026-05-06T05:00","5.4","9.3","90.0"
"2026-05-06T06:00","7.5","10.1","226.0"
"2026-05-06T07:00","9.2","9.9","363.0"
"2026-05-06T08:00","10.9","9.1","496.0"
"2026-05-06T09:00","12.7","10.4","600.0"
"2026-05-06T10:00","13.5","11.8","653.0"
"2026-05-06T11:00","13.8","13.3","678.0"
"2026-05-06T12:00","13.9","15.0","668.0"
"2026-05-06T13:00","13.4","14.9","628.0"
"2026-05-06T14:00","12.4","16.8","478.0"
"2026-05-06T15:00","11.6","17.1","378.0"
"2026-05-06T16:00","11.1","17.4","304.0"
"2026-05-06T17:00","10.1","16.8","204.0"
"2026-05-06T18:00","9.4","15.8","88.0"
"2026-05-06T19:00","8.5","14.1","17.0"
"2026-05-06T20:00","8.1","12.2","0.0"
"2026-05-06T21:00","7.8","9.5","0.0"
"2026-05-06T22:00","7.2","7.1","0.0"
"2026-05-06T23:00","6.3","3.4","0.0"
"2026-05-07T00:00","5.5","0.7","0.0"
"2026-05-07T01:00","4.8","1.0","0.0"
"2026-05-07T02:00","3.8","2.9","0.0"
"2026-05-07T03:00","3.1","4.0","0.0"
"2026-05-07T04:00","3.1","5.4","11.0"
"2026-05-07T05:00","4.9","6.4","99.0"
"2026-05-07T06:00","7.2","3.6","241.0"
"2026-05-07T07:00","9.1","1.8","395.0"
"2026-05-07T08:00","10.8","2.4","536.0"
"2026-05-07T09:00","12.2","4.0","653.0"
"2026-05-07T10:00","13.4","4.9","743.0"
"2026-05-07T11:00","14.3","5.8","780.0"
"2026-05-07T12:00","14.4","8.6","693.0"
"2026-05-07T13:00","13.8","8.1","520.0"
"2026-05-07T14:00","13.9","5.7","441.0"
"2026-05-07T15:00","14.1","8.0","402.0"
"2026-05-07T16:00","13.7","9.6","362.0"
"2026-05-07T17:00","13.1","8.2","253.0"
"2026-05-07T18:00","12.6","3.5","132.0"
"2026-05-07T19:00","10.6","0.4","28.0"
"2026-05-07T20:00","9.3","3.5","0.0"
"2026-05-07T21:00","8.4","5.9","0.0"
"2026-05-07T22:00","7.6","6.1","0.0"
"2026-05-07T23:00","6.7","5.5","0.0"
"2026-05-08T00:00","6.2","3.7","0.0"
"2026-05-08T01:00","5.6","1.4","0.0"
"2026-05-08T02:00","4.7","1.8","0.0"
"2026-05-08T03:00","3.5","2.9","0.0"
"2026-05-08T04:00","3.2","4.0","13.0"
"2026-05-08T05:00","5.8","7.2","107.0"
"2026-05-08T06:00","8.8","7.5","246.0"
"2026-05-08T07:00","10.4","10.2","396.0"
"2026-05-08T08:00","11.0","12.8","537.0"
"2026-05-08T09:00","11.7","15.1","657.0"
"2026-05-08T10:00","12.1","16.3","748.0"
"2026-05-08T11:00","12.6","16.2","805.0"
"2026-05-08T12:00","13.4","14.7","813.0"
"2026-05-08T13:00","13.1","14.5","773.0"
"2026-05-08T14:00","13.1","14.0","691.0"
"2026-05-08T15:00","12.8","14.3","577.0"
"2026-05-08T16:00","12.2","14.0","439.0"
"2026-05-08T17:00","11.6","11.7","287.0"
"2026-05-08T18:00","10.9","9.7","142.0"
"2026-05-08T19:00","9.6","8.3","31.0"
"2026-05-08T20:00","9.2","9.6","0.0"
"2026-05-08T21:00","8.7","8.5","0.0"
"2026-05-08T22:00","7.6","6.5","0.0"
"2026-05-08T23:00","6.3","5.8","0.0"
"2026-05-09T00:00","5.9","6.2","0.0"
"2026-05-09T01:00","5.1","7.3","0.0"
"2026-05-09T02:00","5.0","8.1","0.0"
"2026-05-09T03:00","4.6","7.7","0.0"
"2026-05-09T04:00","4.7","8.0","15.0"
"2026-05-09T05:00","6.1","9.3","114.0"
"2026-05-09T06:00","8.1","7.7","258.0"
"2026-05-09T07:00","9.6","7.6","412.0"
"2026-05-09T08:00","11.1","8.5","555.0"
"2026-05-09T09:00","12.3","8.9","673.0"
"2026-05-09T10:00","13.2","9.2","759.0"
"2026-05-09T11:00","13.9","9.6","806.0"
"2026-05-09T12:00","14.2","11.4","807.0"
"2026-05-09T13:00","13.9","13.4","770.0"
"2026-05-09T14:00","13.4","14.7","686.0"
"2026-05-09T15:00","12.9","14.3","556.0"
"2026-05-09T16:00","12.7","13.2","432.0"
"2026-05-09T17:00","12.2","11.3","278.0"
"2026-05-09T18:00","11.6","9.8","142.0"
"2026-05-09T19:00","10.2","9.3","32.0"
"2026-05-09T20:00","9.4","8.1","0.0"
"2026-05-09T21:00","8.6","6.7","0.0"
"2026-05-09T22:00","8.1","6.6","0.0"
"2026-05-09T23:00","7.6","5.8","0.0"
"2026-05-10T00:00","6.8","5.8","0.0"
"2026-05-10T01:00","6.7","8.2","0.0"
"2026-05-10T02:00","7.1","8.2","0.0"
"2026-05-10T03:00","7.5","7.1","0.0"
"2026-05-10T04:00","8.1","7.3","10.0"
"2026-05-10T05:00","8.8","5.9","41.0"
"2026-05-10T06:00","9.7","6.2","82.0"
"2026-05-10T07:00","10.2","6.2","133.0"
"2026-05-10T08:00","11.1","4.0","189.0"
"2026-05-10T09:00","12.2","2.9","237.0"
"2026-05-10T10:00","13.4","4.3","359.0"
"2026-05-10T11:00","14.4","7.4","590.0"
"2026-05-10T12:00","14.8","4.5","587.0"
"2026-05-10T13:00","14.4","8.2","300.0"
"2026-05-10T14:00","13.8","7.1","343.0"
"2026-05-10T15:00","14.1","7.3","379.0"
"2026-05-10T16:00","13.9","9.0","306.0"
"2026-05-10T17:00","13.3","10.9","246.0"
"2026-05-10T18:00","12.6","11.0","124.0"
"2026-05-10T19:00","11.2","9.1","29.0"
"2026-05-10T20:00","9.6","5.0","0.0"
"2026-05-10T21:00","8.9","4.7","0.0"
"2026-05-10T22:00","9.1","4.7","0.0"
"2026-05-10T23:00","8.6","7.0","0.0"
"2026-05-11T00:00","7.4","9.6","0.0"
"2026-05-11T01:00","6.4","10.2","0.0"
"2026-05-11T02:00","5.8","10.3","0.0"
"2026-05-11T03:00","5.3","10.3","0.0"
"2026-05-11T04:00","5.4","10.7","15.0"
"2026-05-11T05:00","6.4","10.0","77.0"
"2026-05-11T06:00","8.2","10.7","109.0"
"2026-05-11T07:00","8.4","11.7","113.0"
"2026-05-11T08:00","8.3","10.7","80.0"
"2026-05-11T09:00","8.5","10.2","113.0"
"2026-05-11T10:00","8.6","10.6","119.0"
"2026-05-11T11:00","8.6","11.0","113.0"
"2026-05-11T12:00","9.2","16.0","94.0"
"2026-05-11T13:00","9.4","17.2","174.0"
"2026-05-11T14:00","9.2","14.3","85.0"
"2026-05-11T15:00","9.3","13.3","119.0"
"2026-05-11T16:00","9.3","11.4","128.0"
"2026-05-11T17:00","9.3","10.7","164.0"
"2026-05-11T18:00","8.8","8.4","60.0"
"2026-05-11T19:00","8.4","9.7","11.0"
"2026-05-11T20:00","8.1","11.8","0.0"
"2026-05-11T21:00","7.5","12.6","0.0"
"2026-05-11T22:00","6.9","10.7","0.0"
"2026-05-11T23:00","7.1","11.1","0.0"
"2026-05-12T00:00","6.7","11.2","0.0"
"2026-05-12T01:00","6.7","9.8","0.0"
"2026-05-12T02:00","6.8","10.9","0.0"
"2026-05-12T03:00","6.8","10.7","0.0"
"2026-05-12T04:00","7.7","10.9","12.0"
"2026-05-12T05:00","8.6","11.6","75.0"
"2026-05-12T06:00","8.6","14.3","172.0"
"2026-05-12T07:00","9.2","18.1","201.0"
"2026-05-12T08:00","9.6","20.2","275.0"
"2026-05-12T09:00","10.1","20.4","308.0"
"2026-05-12T10:00","10.8","22.1","375.0"
"2026-05-12T11:00","11.5","21.9","494.0"
"2026-05-12T12:00","12.1","21.5","560.0"
"2026-05-12T13:00","12.4","21.6","452.0"
"2026-05-12T14:00","12.6","20.0","444.0"
"2026-05-12T15:00","12.6","18.9","404.0"
"2026-05-12T16:00","12.4","16.0","274.0"
"2026-05-12T17:00","12.0","13.7","223.0"
"2026-05-12T18:00","11.0","9.6","141.0"
"2026-05-12T19:00","9.6","7.3","37.0"
"2026-05-12T20:00","8.4","10.0","0.0"
"2026-05-12T21:00","8.1","12.5","0.0"
"2026-05-12T22:00","7.8","12.8","0.0"
"2026-05-12T23:00","7.7","13.2","0.0"
"2026-05-13T00:00","7.1","14.5","0.0"
"2026-05-13T01:00","6.7","13.6","0.0"
"2026-05-13T02:00","6.4","12.1","0.0"
"2026-05-13T03:00","6.3","10.6","0.0"
"2026-05-13T04:00","6.4","9.4","8.0"
"2026-05-13T05:00","6.8","6.4","36.0"
"2026-05-13T06:00","7.7","6.3","119.0"
"2026-05-13T07:00","8.2","5.4","238.0"
"2026-05-13T08:00","8.4","2.8","224.0"
"2026-05-13T09:00","7.7","4.4","118.0"
"2026-05-13T10:00","8.0","6.2","246.0"
"2026-05-13T11:00","7.9","7.8","234.0"
"2026-05-13T12:00","8.3","8.6","336.0"
"2026-05-13T13:00","8.4","7.0","307.0"
"2026-05-13T14:00","9.1","5.7","438.0"
"2026-05-13T15:00","9.3","3.8","358.0"
"2026-05-13T16:00","9.3","0.6","276.0"
"2026-05-13T17:00","9.3","3.9","206.0"
"2026-05-13T18:00","8.6","6.6","95.0"
"2026-05-13T19:00","7.5","2.5","37.0"
"2026-05-13T20:00","6.9","1.2","0.0"
"2026-05-13T21:00","6.3","4.3","0.0"
"2026-05-13T22:00","5.9","7.3","0.0"
"2026-05-13T23:00","5.3","9.0","0.0"
"2026-05-14T00:00","5.1","10.7","0.0"
"2026-05-14T01:00","4.9","11.5","0.0"
"2026-05-14T02:00","4.8","11.8","0.0"
"2026-05-14T03:00","4.6","11.4","0.0"
"2026-05-14T04:00","4.6","11.1","24.0"
"2026-05-14T05:00","5.8","12.5","130.0"
"2026-05-14T06:00","7.6","13.4","272.0"
"2026-05-14T07:00","8.9","14.5","425.0"
"2026-05-14T08:00","9.9","15.8","543.0"
"2026-05-14T09:00","10.8","15.4","627.0"
"2026-05-14T10:00","11.4","16.7","693.0"
"2026-05-14T11:00","11.9","17.0","720.0"
"2026-05-14T12:00","12.4","17.3","709.0"
"2026-05-14T13:00","12.5","16.9","728.0"
"2026-05-14T14:00","12.4","16.4","631.0"
"2026-05-14T15:00","12.3","16.6","549.0"
"2026-05-14T16:00","11.9","16.0","410.0"
"2026-05-14T17:00","11.4","14.1","287.0"
"2026-05-14T18:00","10.7","12.4","153.0"
"2026-05-14T19:00","9.4","9.7","42.0"
"2026-05-14T20:00","8.1","10.0","0.0"
"2026-05-14T21:00","7.6","14.5","0.0"
"2026-05-14T22:00","7.2","14.5","0.0"
"2026-05-14T23:00","6.6","11.4","0.0"
